  0
SECTION
  2
HEADER
  9
$ACADVER
  1
AC1009
  0
ENDSEC
  0
SECTION
  2
TABLES
  0
TABLE
  2
LAYER
  70
1
  0
LAYER
  2
Layer_4
  70
0
  62
52
  6
CONTINUOUS
  0
ENDTAB
  0
ENDSEC
  0
SECTION
  2
ENTITIES
  0
POLYLINE
  5
90
  8
Layer_4
  62
52
  66
1
  10
0
  20
0
  30
0
  0
VERTEX
  5
90
  8
Layer_4
  10
43.939575
  20
78.000244
  0
VERTEX
  5
91
  8
Layer_4
  10
38.465576
  20
311.01807
  0
VERTEX
  5
92
  8
Layer_4
  10
38.414307
  20
313.19629
  0
VERTEX
  5
93
  8
Layer_4
  10
38.363403
  20
315.36694
  0
VERTEX
  5
94
  8
Layer_4
  10
38.312866
  20
317.52954
  0
VERTEX
  5
95
  8
Layer_4
  10
38.262329
  20
319.68433
  0
VERTEX
  5
96
  8
Layer_4
  10
38.212158
  20
321.8313
  0
VERTEX
  5
97
  8
Layer_4
  10
38.162231
  20
323.9707
  0
VERTEX
  5
98
  8
Layer_4
  10
38.112549
  20
326.10229
  0
VERTEX
  5
99
  8
Layer_4
  10
38.062988
  20
328.22632
  0
VERTEX
  5
9a
  8
Layer_4
  10
38.013794
  20
330.34302
  0
VERTEX
  5
9b
  8
Layer_4
  10
37.964844
  20
332.45215
  0
VERTEX
  5
9c
  8
Layer_4
  10
37.916138
  20
334.55371
  0
VERTEX
  5
9d
  8
Layer_4
  10
37.867676
  20
336.64819
  0
VERTEX
  5
9e
  8
Layer_4
  10
37.819336
  20
338.7356
  0
VERTEX
  5
9f
  8
Layer_4
  10
37.771362
  20
340.81543
  0
VERTEX
  5
a0
  8
Layer_4
  10
37.723511
  20
342.88818
  0
VERTEX
  5
a1
  8
Layer_4
  10
37.675903
  20
344.9541
  0
VERTEX
  5
a2
  8
Layer_4
  10
37.628662
  20
347.0127
  0
VERTEX
  5
a3
  8
Layer_4
  10
37.581665
  20
349.0647
  0
VERTEX
  5
a4
  8
Layer_4
  10
37.53479
  20
351.10962
  0
VERTEX
  5
a5
  8
Layer_4
  10
37.488281
  20
353.14771
  0
VERTEX
  5
a6
  8
Layer_4
  10
37.441895
  20
355.1792
  0
VERTEX
  5
a7
  8
Layer_4
  10
37.395752
  20
357.20361
  0
VERTEX
  5
a8
  8
Layer_4
  10
37.349976
  20
359.22168
  0
VERTEX
  5
a9
  8
Layer_4
  10
37.304321
  20
361.23315
  0
VERTEX
  5
aa
  8
Layer_4
  10
37.258911
  20
363.23828
  0
VERTEX
  5
ab
  8
Layer_4
  10
37.213745
  20
365.23682
  0
VERTEX
  5
ac
  8
Layer_4
  10
37.168823
  20
367.229
  0
VERTEX
  5
ad
  8
Layer_4
  10
37.124268
  20
369.2146
  0
VERTEX
  5
ae
  8
Layer_4
  10
37.079834
  20
371.19409
  0
VERTEX
  5
af
  8
Layer_4
  10
37.035645
  20
373.16748
  0
VERTEX
  5
b0
  8
Layer_4
  10
36.991699
  20
375.13477
  0
VERTEX
  5
b1
  8
Layer_4
  10
36.947998
  20
377.09595
  0
VERTEX
  5
b2
  8
Layer_4
  10
36.904541
  20
379.05127
  0
VERTEX
  5
b3
  8
Layer_4
  10
36.861328
  20
381.00049
  0
VERTEX
  5
b4
  8
Layer_4
  10
36.818359
  20
382.9436
  0
VERTEX
  5
b5
  8
Layer_4
  10
36.775635
  20
384.8811
  0
VERTEX
  5
b6
  8
Layer_4
  10
36.733154
  20
386.81299
  0
VERTEX
  5
b7
  8
Layer_4
  10
36.690796
  20
388.73901
  0
VERTEX
  5
b8
  8
Layer_4
  10
36.648804
  20
390.65942
  0
VERTEX
  5
b9
  8
Layer_4
  10
36.607056
  20
392.57446
  0
VERTEX
  5
ba
  8
Layer_4
  10
36.565552
  20
394.48389
  0
VERTEX
  5
bb
  8
Layer_4
  10
36.524292
  20
396.3877
  0
VERTEX
  5
bc
  8
Layer_4
  10
36.483276
  20
398.28638
  0
VERTEX
  5
bd
  8
Layer_4
  10
36.442383
  20
400.17944
  0
VERTEX
  5
be
  8
Layer_4
  10
36.401855
  20
402.06738
  0
VERTEX
  5
bf
  8
Layer_4
  10
36.361572
  20
403.9502
  0
VERTEX
  5
c0
  8
Layer_4
  10
36.321411
  20
405.82788
  0
VERTEX
  5
c1
  8
Layer_4
  10
36.281494
  20
407.70068
  0
VERTEX
  5
c2
  8
Layer_4
  10
36.241943
  20
409.56812
  0
VERTEX
  5
c3
  8
Layer_4
  10
36.202515
  20
411.43091
  0
VERTEX
  5
c4
  8
Layer_4
  10
36.163452
  20
413.28882
  0
VERTEX
  5
c5
  8
Layer_4
  10
36.124512
  20
415.1416
  0
VERTEX
  5
c6
  8
Layer_4
  10
36.085938
  20
416.98999
  0
VERTEX
  5
c7
  8
Layer_4
  10
36.047485
  20
418.8335
  0
VERTEX
  5
c8
  8
Layer_4
  10
36.009277
  20
420.67236
  0
VERTEX
  5
c9
  8
Layer_4
  10
35.971436
  20
422.50659
  0
VERTEX
  5
ca
  8
Layer_4
  10
35.933716
  20
424.33667
  0
VERTEX
  5
cb
  8
Layer_4
  10
35.89624
  20
426.16211
  0
VERTEX
  5
cc
  8
Layer_4
  10
35.859009
  20
427.98291
  0
VERTEX
  5
cd
  8
Layer_4
  10
35.822144
  20
429.7998
  0
VERTEX
  5
ce
  8
Layer_4
  10
35.7854
  20
431.6123
  0
VERTEX
  5
cf
  8
Layer_4
  10
35.748901
  20
433.42041
  0
VERTEX
  5
d0
  8
Layer_4
  10
35.712646
  20
435.22461
  0
VERTEX
  5
d1
  8
Layer_4
  10
35.676636
  20
437.0249
  0
VERTEX
  5
d2
  8
Layer_4
  10
35.640991
  20
438.8208
  0
VERTEX
  5
d3
  8
Layer_4
  10
35.605347
  20
440.61304
  0
VERTEX
  5
d4
  8
Layer_4
  10
35.57019
  20
442.40137
  0
VERTEX
  5
d5
  8
Layer_4
  10
35.535034
  20
444.18579
  0
VERTEX
  5
d6
  8
Layer_4
  10
35.500244
  20
445.9668
  0
VERTEX
  5
d7
  8
Layer_4
  10
35.465698
  20
447.74365
  0
VERTEX
  5
d8
  8
Layer_4
  10
35.431396
  20
449.51709
  0
VERTEX
  5
d9
  8
Layer_4
  10
35.397339
  20
451.28711
  0
VERTEX
  5
da
  8
Layer_4
  10
35.363403
  20
453.05347
  0
VERTEX
  5
db
  8
Layer_4
  10
35.329834
  20
454.81641
  0
VERTEX
  5
dc
  8
Layer_4
  10
35.296509
  20
456.57593
  0
VERTEX
  5
dd
  8
Layer_4
  10
35.263428
  20
458.33228
  0
VERTEX
  5
de
  8
Layer_4
  10
35.230591
  20
460.08521
  0
VERTEX
  5
df
  8
Layer_4
  10
35.197876
  20
461.83521
  0
VERTEX
  5
e0
  8
Layer_4
  10
35.165527
  20
463.58179
  0
VERTEX
  5
e1
  8
Layer_4
  10
35.133301
  20
465.32544
  0
VERTEX
  5
e2
  8
Layer_4
  10
35.10144
  20
467.06616
  0
VERTEX
  5
e3
  8
Layer_4
  10
35.069702
  20
468.80396
  0
VERTEX
  5
e4
  8
Layer_4
  10
35.03833
  20
470.53882
  0
VERTEX
  5
e5
  8
Layer_4
  10
35.00708
  20
472.27075
  0
VERTEX
  5
e6
  8
Layer_4
  10
34.976196
  20
474
  0
VERTEX
  5
e7
  8
Layer_4
  10
34.945435
  20
475.72681
  0
VERTEX
  5
e8
  8
Layer_4
  10
34.914917
  20
477.45068
  0
VERTEX
  5
e9
  8
Layer_4
  10
34.884766
  20
479.17212
  0
VERTEX
  5
ea
  8
Layer_4
  10
34.825073
  20
482.60767
  0
VERTEX
  5
eb
  8
Layer_4
  10
34.766235
  20
486.03369
  0
VERTEX
  5
ec
  8
Layer_4
  10
34.708496
  20
489.45068
  0
VERTEX
  5
ed
  8
Layer_4
  10
34.651489
  20
492.85938
  0
VERTEX
  5
ee
  8
Layer_4
  10
34.595581
  20
496.26001
  0
VERTEX
  5
ef
  8
Layer_4
  10
34.540771
  20
499.65332
  0
VERTEX
  5
f0
  8
Layer_4
  10
34.486694
  20
503.03931
  0
VERTEX
  5
f1
  8
Layer_4
  10
34.433716
  20
506.41919
  0
VERTEX
  5
f2
  8
Layer_4
  10
34.381714
  20
509.79297
  0
VERTEX
  5
f3
  8
Layer_4
  10
34.330688
  20
513.16113
  0
VERTEX
  5
f4
  8
Layer_4
  10
34.280518
  20
516.52466
  0
VERTEX
  5
f5
  8
Layer_4
  10
34.231323
  20
519.88354
  0
VERTEX
  5
f6
  8
Layer_4
  10
34.183105
  20
523.23853
  0
VERTEX
  5
f7
  8
Layer_4
  10
34.135986
  20
526.59009
  0
VERTEX
  5
f8
  8
Layer_4
  10
34.0896
  20
529.93848
  0
VERTEX
  5
f9
  8
Layer_4
  10
34.044312
  20
533.28467
  0
VERTEX
  5
fa
  8
Layer_4
  10
33.956665
  20
539.97144
  0
VERTEX
  5
fb
  8
Layer_4
  10
33.872681
  20
546.65454
  0
VERTEX
  5
fc
  8
Layer_4
  10
33.792603
  20
553.33789
  0
VERTEX
  5
fd
  8
Layer_4
  10
33.716553
  20
560.02563
  0
VERTEX
  5
fe
  8
Layer_4
  10
33.67981
  20
563.37231
  0
VERTEX
  5
ff
  8
Layer_4
  10
33.644165
  20
566.72144
  0
VERTEX
  5
100
  8
Layer_4
  10
33.609497
  20
570.07373
  0
VERTEX
  5
101
  8
Layer_4
  10
33.575684
  20
573.42969
  0
VERTEX
  5
102
  8
Layer_4
  10
33.542847
  20
576.78955
  0
VERTEX
  5
103
  8
Layer_4
  10
33.510986
  20
580.15405
  0
VERTEX
  5
104
  8
Layer_4
  10
33.480103
  20
583.52368
  0
VERTEX
  5
105
  8
Layer_4
  10
33.450195
  20
586.89893
  0
VERTEX
  5
106
  8
Layer_4
  10
33.421265
  20
590.28027
  0
VERTEX
  5
107
  8
Layer_4
  10
33.393188
  20
593.66797
  0
VERTEX
  5
108
  8
Layer_4
  10
33.366211
  20
597.06299
  0
VERTEX
  5
109
  8
Layer_4
  10
33.340088
  20
600.46533
  0
VERTEX
  5
10a
  8
Layer_4
  10
33.315063
  20
603.87598
  0
VERTEX
  5
10b
  8
Layer_4
  10
33.290894
  20
607.29517
  0
VERTEX
  5
10c
  8
Layer_4
  10
33.2677
  20
610.72339
  0
VERTEX
  5
10d
  8
Layer_4
  10
33.245483
  20
614.16138
  0
VERTEX
  5
10e
  8
Layer_4
  10
33.234741
  20
615.88403
  0
VERTEX
  5
10f
  8
Layer_4
  10
33.224243
  20
617.60938
  0
VERTEX
  5
110
  8
Layer_4
  10
33.213989
  20
619.3374
  0
VERTEX
  5
111
  8
Layer_4
  10
33.203979
  20
621.06787
  0
VERTEX
  5
112
  8
Layer_4
  10
33.194092
  20
622.80127
  0
VERTEX
  5
113
  8
Layer_4
  10
33.184692
  20
624.5376
  0
VERTEX
  5
114
  8
Layer_4
  10
33.175293
  20
626.27661
  0
VERTEX
  5
115
  8
Layer_4
  10
33.16626
  20
628.0188
  0
VERTEX
  5
116
  8
Layer_4
  10
33.157471
  20
629.76392
  0
VERTEX
  5
117
  8
Layer_4
  10
33.148804
  20
631.51221
  0
VERTEX
  5
118
  8
Layer_4
  10
33.140503
  20
633.26367
  0
VERTEX
  5
119
  8
Layer_4
  10
33.132446
  20
635.01807
  0
VERTEX
  5
11a
  8
Layer_4
  10
33.124512
  20
636.77588
  0
VERTEX
  5
11b
  8
Layer_4
  10
33.116943
  20
638.53711
  0
VERTEX
  5
11c
  8
Layer_4
  10
33.109497
  20
640.30176
  0
VERTEX
  5
11d
  8
Layer_4
  10
33.102417
  20
642.06982
  0
VERTEX
  5
11e
  8
Layer_4
  10
33.095581
  20
643.84155
  0
VERTEX
  5
11f
  8
Layer_4
  10
33.088867
  20
645.6167
  0
VERTEX
  5
120
  8
Layer_4
  10
33.082397
  20
647.39551
  0
VERTEX
  5
121
  8
Layer_4
  10
33.076294
  20
649.17798
  0
VERTEX
  5
122
  8
Layer_4
  10
33.070313
  20
650.96436
  0
VERTEX
  5
123
  8
Layer_4
  10
33.064697
  20
652.75464
  0
VERTEX
  5
124
  8
Layer_4
  10
33.059082
  20
654.54858
  0
VERTEX
  5
125
  8
Layer_4
  10
33.053955
  20
656.34668
  0
VERTEX
  5
126
  8
Layer_4
  10
33.04895
  20
658.14868
  0
VERTEX
  5
127
  8
Layer_4
  10
33.044189
  20
659.95483
  0
VERTEX
  5
128
  8
Layer_4
  10
33.039795
  20
661.76514
  0
VERTEX
  5
129
  8
Layer_4
  10
33.0354
  20
663.57983
  0
VERTEX
  5
12a
  8
Layer_4
  10
33.031494
  20
665.39868
  0
VERTEX
  5
12b
  8
Layer_4
  10
33.02771
  20
667.22168
  0
VERTEX
  5
12c
  8
Layer_4
  10
33.02417
  20
669.04932
  0
VERTEX
  5
12d
  8
Layer_4
  10
33.020874
  20
670.88135
  0
VERTEX
  5
12e
  8
Layer_4
  10
33.017822
  20
672.71802
  0
VERTEX
  5
12f
  8
Layer_4
  10
33.015015
  20
674.55908
  0
VERTEX
  5
130
  8
Layer_4
  10
33.012451
  20
676.40479
  0
VERTEX
  5
131
  8
Layer_4
  10
33.010132
  20
678.25537
  0
VERTEX
  5
132
  8
Layer_4
  10
33.008057
  20
680.1106
  0
VERTEX
  5
133
  8
Layer_4
  10
33.006104
  20
681.9707
  0
VERTEX
  5
134
  8
Layer_4
  10
33.004517
  20
683.83594
  0
VERTEX
  5
135
  8
Layer_4
  10
33.003296
  20
685.70581
  0
VERTEX
  5
136
  8
Layer_4
  10
33.002075
  20
687.58105
  0
VERTEX
  5
137
  8
Layer_4
  10
33.001221
  20
689.46118
  0
VERTEX
  5
138
  8
Layer_4
  10
33.000488
  20
691.34644
  0
VERTEX
  5
139
  8
Layer_4
  10
33.000122
  20
693.23706
  0
VERTEX
  5
13a
  8
Layer_4
  10
33
  20
695.13281
  0
VERTEX
  5
13b
  8
Layer_4
  10
33
  20
697.03394
  0
VERTEX
  5
13c
  8
Layer_4
  10
33.000366
  20
698.94043
  0
VERTEX
  5
13d
  8
Layer_4
  10
33.000977
  20
700.85254
  0
VERTEX
  5
13e
  8
Layer_4
  10
33.001709
  20
702.77002
  0
VERTEX
  5
13f
  8
Layer_4
  10
33.002686
  20
704.69336
  0
VERTEX
  5
140
  8
Layer_4
  10
33.004028
  20
706.62207
  0
VERTEX
  5
141
  8
Layer_4
  10
33.005493
  20
708.55664
  0
VERTEX
  5
142
  8
Layer_4
  10
33.007324
  20
710.49707
  0
VERTEX
  5
143
  8
Layer_4
  10
33.009277
  20
712.44312
  0
VERTEX
  5
144
  8
Layer_4
  10
33.011597
  20
714.39526
  0
VERTEX
  5
145
  8
Layer_4
  10
33.014038
  20
716.35327
  0
VERTEX
  5
146
  8
Layer_4
  10
33.016846
  20
718.31738
  0
VERTEX
  5
147
  8
Layer_4
  10
33.019775
  20
720.2876
  0
VERTEX
  5
148
  8
Layer_4
  10
33.022949
  20
722.26392
  0
VERTEX
  5
149
  8
Layer_4
  10
33.026489
  20
724.24658
  0
VERTEX
  5
14a
  8
Layer_4
  10
33.030151
  20
726.23535
  0
VERTEX
  5
14b
  8
Layer_4
  10
33.034058
  20
728.23071
  0
VERTEX
  5
14c
  8
Layer_4
  10
33.038208
  20
730.23242
  0
VERTEX
  5
14d
  8
Layer_4
  10
33.042603
  20
732.24048
  0
VERTEX
  5
14e
  8
Layer_4
  10
33.047241
  20
734.25488
  0
VERTEX
  5
14f
  8
Layer_4
  10
33.052124
  20
736.27637
  0
VERTEX
  5
150
  8
Layer_4
  10
33.057251
  20
738.3042
  0
VERTEX
  5
151
  8
Layer_4
  10
33.062622
  20
740.33887
  0
VERTEX
  5
152
  8
Layer_4
  10
33.068237
  20
742.38013
  0
VERTEX
  5
153
  8
Layer_4
  10
33.074097
  20
744.42847
  0
VERTEX
  5
154
  8
Layer_4
  10
33.0802
  20
746.48364
  0
VERTEX
  5
155
  8
Layer_4
  10
33.086548
  20
748.5459
  0
VERTEX
  5
156
  8
Layer_4
  10
33.09314
  20
750.61499
  0
VERTEX
  5
157
  8
Layer_4
  10
33.099976
  20
752.69141
  0
VERTEX
  5
158
  8
Layer_4
  10
33.106934
  20
754.7749
  0
VERTEX
  5
159
  8
Layer_4
  10
33.114258
  20
756.86548
  0
VERTEX
  5
15a
  8
Layer_4
  10
33.121826
  20
758.96338
  0
VERTEX
  5
15b
  8
Layer_4
  10
33.129517
  20
761.06885
  0
VERTEX
  5
15c
  8
Layer_4
  10
33.137695
  20
763.1814
  0
VERTEX
  5
15d
  8
Layer_4
  10
33.145874
  20
765.30176
  0
VERTEX
  5
15e
  8
Layer_4
  10
33.154297
  20
767.42944
  0
VERTEX
  5
15f
  8
Layer_4
  10
33.163086
  20
769.56494
  0
VERTEX
  5
160
  8
Layer_4
  10
33.171997
  20
771.70801
  0
VERTEX
  5
161
  8
Layer_4
  10
33.181396
  20
773.85864
  0
VERTEX
  5
162
  8
Layer_4
  10
33.190796
  20
776.01709
  0
VERTEX
  5
163
  8
Layer_4
  10
33.200439
  20
778.18359
  0
VERTEX
  5
164
  8
Layer_4
  10
33.210449
  20
780.35791
  0
VERTEX
  5
165
  8
Layer_4
  10
33.220581
  20
782.54028
  0
VERTEX
  5
166
  8
Layer_4
  10
33.222778
  20
782.97388
  0
VERTEX
  5
167
  8
Layer_4
  10
33.225098
  20
783.4104
  0
VERTEX
  5
168
  8
Layer_4
  10
33.227661
  20
783.84961
  0
VERTEX
  5
169
  8
Layer_4
  10
33.230347
  20
784.29175
  0
VERTEX
  5
16a
  8
Layer_4
  10
33.233276
  20
784.73682
  0
VERTEX
  5
16b
  8
Layer_4
  10
33.23645
  20
785.18481
  0
VERTEX
  5
16c
  8
Layer_4
  10
33.239746
  20
785.6355
  0
VERTEX
  5
16d
  8
Layer_4
  10
33.243286
  20
786.08887
  0
VERTEX
  5
16e
  8
Layer_4
  10
33.246948
  20
786.54517
  0
VERTEX
  5
16f
  8
Layer_4
  10
33.250977
  20
787.00439
  0
VERTEX
  5
170
  8
Layer_4
  10
33.255005
  20
787.46631
  0
VERTEX
  5
171
  8
Layer_4
  10
33.259277
  20
787.93091
  0
VERTEX
  5
172
  8
Layer_4
  10
33.263794
  20
788.39819
  0
VERTEX
  5
173
  8
Layer_4
  10
33.268555
  20
788.86841
  0
VERTEX
  5
174
  8
Layer_4
  10
33.273438
  20
789.34131
  0
VERTEX
  5
175
  8
Layer_4
  10
33.278442
  20
789.81689
  0
VERTEX
  5
176
  8
Layer_4
  10
33.283691
  20
790.29541
  0
VERTEX
  5
177
  8
Layer_4
  10
33.289185
  20
790.77637
  0
VERTEX
  5
178
  8
Layer_4
  10
33.2948
  20
791.26025
  0
VERTEX
  5
179
  8
Layer_4
  10
33.300659
  20
791.74658
  0
VERTEX
  5
17a
  8
Layer_4
  10
33.306763
  20
792.2356
  0
VERTEX
  5
17b
  8
Layer_4
  10
33.312988
  20
792.72729
  0
VERTEX
  5
17c
  8
Layer_4
  10
33.319336
  20
793.22168
  0
VERTEX
  5
17d
  8
Layer_4
  10
33.325806
  20
793.71875
  0
VERTEX
  5
17e
  8
Layer_4
  10
33.332642
  20
794.21851
  0
VERTEX
  5
17f
  8
Layer_4
  10
33.3396
  20
794.7207
  0
VERTEX
  5
180
  8
Layer_4
  10
33.34668
  20
795.22559
  0
VERTEX
  5
181
  8
Layer_4
  10
33.354004
  20
795.73315
  0
VERTEX
  5
182
  8
Layer_4
  10
33.361572
  20
796.24316
  0
VERTEX
  5
183
  8
Layer_4
  10
33.369263
  20
796.75562
  0
VERTEX
  5
184
  8
Layer_4
  10
33.377075
  20
797.27075
  0
VERTEX
  5
185
  8
Layer_4
  10
33.385132
  20
797.78857
  0
VERTEX
  5
186
  8
Layer_4
  10
33.393311
  20
798.30859
  0
VERTEX
  5
187
  8
Layer_4
  10
33.401733
  20
798.83154
  0
VERTEX
  5
188
  8
Layer_4
  10
33.410278
  20
799.35669
  0
VERTEX
  5
189
  8
Layer_4
  10
33.419067
  20
799.88452
  0
VERTEX
  5
18a
  8
Layer_4
  10
33.437134
  20
800.94751
  0
VERTEX
  5
18b
  8
Layer_4
  10
33.455811
  20
802.02026
  0
VERTEX
  5
18c
  8
Layer_4
  10
33.47522
  20
803.10278
  0
VERTEX
  5
18d
  8
Layer_4
  10
33.495361
  20
804.19507
  0
VERTEX
  5
18e
  8
Layer_4
  10
33.516113
  20
805.29712
  0
VERTEX
  5
18f
  8
Layer_4
  10
33.537598
  20
806.4082
  0
VERTEX
  5
190
  8
Layer_4
  10
33.559814
  20
807.52905
  0
VERTEX
  5
191
  8
Layer_4
  10
33.582642
  20
808.65918
  0
VERTEX
  5
192
  8
Layer_4
  10
33.606079
  20
809.79834
  0
VERTEX
  5
193
  8
Layer_4
  10
33.630249
  20
810.94678
  0
VERTEX
  5
194
  8
Layer_4
  10
33.655029
  20
812.10425
  0
VERTEX
  5
195
  8
Layer_4
  10
33.680542
  20
813.27075
  0
VERTEX
  5
196
  8
Layer_4
  10
33.706543
  20
814.44604
  0
VERTEX
  5
197
  8
Layer_4
  10
33.733398
  20
815.62988
  0
VERTEX
  5
198
  8
Layer_4
  10
33.76062
  20
816.82275
  0
VERTEX
  5
199
  8
Layer_4
  10
33.788696
  20
818.02417
  0
VERTEX
  5
19a
  8
Layer_4
  10
33.817261
  20
819.23389
  0
VERTEX
  5
19b
  8
Layer_4
  10
33.846313
  20
820.45215
  0
VERTEX
  5
19c
  8
Layer_4
  10
33.876221
  20
821.67871
  0
VERTEX
  5
19d
  8
Layer_4
  10
33.906616
  20
822.91333
  0
VERTEX
  5
19e
  8
Layer_4
  10
33.937622
  20
824.15649
  0
VERTEX
  5
19f
  8
Layer_4
  10
33.969116
  20
825.40723
  0
VERTEX
  5
1a0
  8
Layer_4
  10
34.001343
  20
826.66626
  0
VERTEX
  5
1a1
  8
Layer_4
  10
34.03418
  20
827.93311
  0
VERTEX
  5
1a2
  8
Layer_4
  10
34.067383
  20
829.20752
  0
VERTEX
  5
1a3
  8
Layer_4
  10
34.101318
  20
830.48975
  0
VERTEX
  5
1a4
  8
Layer_4
  10
34.135864
  20
831.77954
  0
VERTEX
  5
1a5
  8
Layer_4
  10
34.170898
  20
833.0769
  0
VERTEX
  5
1a6
  8
Layer_4
  10
34.206421
  20
834.38159
  0
VERTEX
  5
1a7
  8
Layer_4
  10
34.242554
  20
835.69385
  0
VERTEX
  5
1a8
  8
Layer_4
  10
34.279175
  20
837.01318
  0
VERTEX
  5
1a9
  8
Layer_4
  10
34.316284
  20
838.3396
  0
VERTEX
  5
1aa
  8
Layer_4
  10
34.354004
  20
839.6731
  0
VERTEX
  5
1ab
  8
Layer_4
  10
34.392334
  20
841.01343
  0
VERTEX
  5
1ac
  8
Layer_4
  10
34.431152
  20
842.36084
  0
VERTEX
  5
1ad
  8
Layer_4
  10
34.470337
  20
843.71484
  0
VERTEX
  5
1ae
  8
Layer_4
  10
34.510132
  20
845.07568
  0
VERTEX
  5
1af
  8
Layer_4
  10
34.550415
  20
846.44312
  0
VERTEX
  5
1b0
  8
Layer_4
  10
34.591187
  20
847.81689
  0
VERTEX
  5
1b1
  8
Layer_4
  10
34.632568
  20
849.19727
  0
VERTEX
  5
1b2
  8
Layer_4
  10
34.674194
  20
850.58398
  0
VERTEX
  5
1b3
  8
Layer_4
  10
34.716553
  20
851.97681
  0
VERTEX
  5
1b4
  8
Layer_4
  10
34.759277
  20
853.37573
  0
VERTEX
  5
1b5
  8
Layer_4
  10
34.80249
  20
854.78101
  0
VERTEX
  5
1b6
  8
Layer_4
  10
34.846069
  20
856.19189
  0
VERTEX
  5
1b7
  8
Layer_4
  10
34.890137
  20
857.60889
  0
VERTEX
  5
1b8
  8
Layer_4
  10
34.934692
  20
859.03149
  0
VERTEX
  5
1b9
  8
Layer_4
  10
34.979736
  20
860.45996
  0
VERTEX
  5
1ba
  8
Layer_4
  10
35.025146
  20
861.8938
  0
VERTEX
  5
1bb
  8
Layer_4
  10
35.071045
  20
863.3335
  0
VERTEX
  5
1bc
  8
Layer_4
  10
35.11731
  20
864.77832
  0
VERTEX
  5
1bd
  8
Layer_4
  10
35.164185
  20
866.22852
  0
VERTEX
  5
1be
  8
Layer_4
  10
35.211182
  20
867.68408
  0
VERTEX
  5
1bf
  8
Layer_4
  10
35.258789
  20
869.14453
  0
VERTEX
  5
1c0
  8
Layer_4
  10
35.306885
  20
870.61035
  0
VERTEX
  5
1c1
  8
Layer_4
  10
35.355103
  20
872.08105
  0
VERTEX
  5
1c2
  8
Layer_4
  10
35.403931
  20
873.5564
  0
VERTEX
  5
1c3
  8
Layer_4
  10
35.453125
  20
875.03687
  0
VERTEX
  5
1c4
  8
Layer_4
  10
35.502686
  20
876.52173
  0
VERTEX
  5
1c5
  8
Layer_4
  10
35.552612
  20
878.01147
  0
VERTEX
  5
1c6
  8
Layer_4
  10
35.602905
  20
879.50562
  0
VERTEX
  5
1c7
  8
Layer_4
  10
35.653687
  20
881.00415
  0
VERTEX
  5
1c8
  8
Layer_4
  10
35.70459
  20
882.50708
  0
VERTEX
  5
1c9
  8
Layer_4
  10
35.755981
  20
884.01416
  0
VERTEX
  5
1ca
  8
Layer_4
  10
35.807861
  20
885.52539
  0
VERTEX
  5
1cb
  8
Layer_4
  10
35.859985
  20
887.04077
  0
VERTEX
  5
1cc
  8
Layer_4
  10
35.912354
  20
888.56006
  0
VERTEX
  5
1cd
  8
Layer_4
  10
35.965088
  20
890.08325
  0
VERTEX
  5
1ce
  8
Layer_4
  10
36.018188
  20
891.61035
  0
VERTEX
  5
1cf
  8
Layer_4
  10
36.071777
  20
893.14111
  0
VERTEX
  5
1d0
  8
Layer_4
  10
36.125488
  20
894.67529
  0
VERTEX
  5
1d1
  8
Layer_4
  10
36.179565
  20
896.21313
  0
VERTEX
  5
1d2
  8
Layer_4
  10
36.233887
  20
897.75439
  0
VERTEX
  5
1d3
  8
Layer_4
  10
36.288696
  20
899.29883
  0
VERTEX
  5
1d4
  8
Layer_4
  10
36.343506
  20
900.84668
  0
VERTEX
  5
1d5
  8
Layer_4
  10
36.398804
  20
902.39771
  0
VERTEX
  5
1d6
  8
Layer_4
  10
36.454468
  20
903.9519
  0
VERTEX
  5
1d7
  8
Layer_4
  10
36.510254
  20
905.50879
  0
VERTEX
  5
1d8
  8
Layer_4
  10
36.566284
  20
907.0686
  0
VERTEX
  5
1d9
  8
Layer_4
  10
36.622681
  20
908.63135
  0
VERTEX
  5
1da
  8
Layer_4
  10
36.679443
  20
910.19678
  0
VERTEX
  5
1db
  8
Layer_4
  10
36.736328
  20
911.76489
  0
VERTEX
  5
1dc
  8
Layer_4
  10
36.850952
  20
914.9082
  0
VERTEX
  5
1dd
  8
Layer_4
  10
36.966431
  20
918.06128
  0
VERTEX
  5
1de
  8
Layer_4
  10
37.082886
  20
921.22266
  0
VERTEX
  5
1df
  8
Layer_4
  10
37.200317
  20
924.39209
  0
VERTEX
  5
1e0
  8
Layer_4
  10
37.318481
  20
927.5686
  0
VERTEX
  5
1e1
  8
Layer_4
  10
37.4375
  20
930.75171
  0
VERTEX
  5
1e2
  8
Layer_4
  10
37.557251
  20
933.94067
  0
VERTEX
  5
1e3
  8
Layer_4
  10
37.677612
  20
937.13452
  0
VERTEX
  5
1e4
  8
Layer_4
  10
37.798828
  20
940.33252
  0
VERTEX
  5
1e5
  8
Layer_4
  10
37.920532
  20
943.53418
  0
VERTEX
  5
1e6
  8
Layer_4
  10
38.165649
  20
949.94531
  0
VERTEX
  5
1e7
  8
Layer_4
  10
38.41272
  20
956.36206
  0
VERTEX
  5
1e8
  8
Layer_4
  10
38.661377
  20
962.77881
  0
VERTEX
  5
1e9
  8
Layer_4
  10
38.911255
  20
969.18896
  0
VERTEX
  5
1ea
  8
Layer_4
  10
39.036499
  20
972.39014
  0
VERTEX
  5
1eb
  8
Layer_4
  10
39.161987
  20
975.58789
  0
VERTEX
  5
1ec
  8
Layer_4
  10
39.287598
  20
978.78076
  0
VERTEX
  5
1ed
  8
Layer_4
  10
39.413208
  20
981.96875
  0
VERTEX
  5
1ee
  8
Layer_4
  10
39.539063
  20
985.15088
  0
VERTEX
  5
1ef
  8
Layer_4
  10
39.664795
  20
988.32666
  0
VERTEX
  5
1f0
  8
Layer_4
  10
39.790405
  20
991.49463
  0
VERTEX
  5
1f1
  8
Layer_4
  10
39.916016
  20
994.65479
  0
VERTEX
  5
1f2
  8
Layer_4
  10
40.041382
  20
997.80664
  0
VERTEX
  5
1f3
  8
Layer_4
  10
40.166748
  20
1000.9482
  0
VERTEX
  5
1f4
  8
Layer_4
  10
40.22937
  20
1002.5156
  0
VERTEX
  5
1f5
  8
Layer_4
  10
40.29187
  20
1004.0801
  0
VERTEX
  5
1f6
  8
Layer_4
  10
40.354248
  20
1005.6421
  0
VERTEX
  5
1f7
  8
Layer_4
  10
40.416626
  20
1007.2012
  0
VERTEX
  5
1f8
  8
Layer_4
  10
40.478882
  20
1008.7573
  0
VERTEX
  5
1f9
  8
Layer_4
  10
40.541138
  20
1010.3101
  0
VERTEX
  5
1fa
  8
Layer_4
  10
40.603271
  20
1011.8604
  0
VERTEX
  5
1fb
  8
Layer_4
  10
40.665283
  20
1013.4072
  0
VERTEX
  5
1fc
  8
Layer_4
  10
40.727173
  20
1014.9507
  0
VERTEX
  5
1fd
  8
Layer_4
  10
40.78894
  20
1016.4907
  0
VERTEX
  5
1fe
  8
Layer_4
  10
40.850586
  20
1018.0273
  0
VERTEX
  5
1ff
  8
Layer_4
  10
40.912231
  20
1019.5605
  0
VERTEX
  5
200
  8
Layer_4
  10
40.973755
  20
1021.0903
  0
VERTEX
  5
201
  8
Layer_4
  10
41.035034
  20
1022.6162
  0
VERTEX
  5
202
  8
Layer_4
  10
41.096191
  20
1024.1382
  0
VERTEX
  5
203
  8
Layer_4
  10
41.157349
  20
1025.6563
  0
VERTEX
  5
204
  8
Layer_4
  10
41.218262
  20
1027.1704
  0
VERTEX
  5
205
  8
Layer_4
  10
41.279053
  20
1028.6802
  0
VERTEX
  5
206
  8
Layer_4
  10
41.3396
  20
1030.186
  0
VERTEX
  5
207
  8
Layer_4
  10
41.400024
  20
1031.6875
  0
VERTEX
  5
208
  8
Layer_4
  10
41.460327
  20
1033.1846
  0
VERTEX
  5
209
  8
Layer_4
  10
41.520386
  20
1034.6777
  0
VERTEX
  5
20a
  8
Layer_4
  10
41.580444
  20
1036.166
  0
VERTEX
  5
20b
  8
Layer_4
  10
41.640137
  20
1037.6494
  0
VERTEX
  5
20c
  8
Layer_4
  10
41.699707
  20
1039.1284
  0
VERTEX
  5
20d
  8
Layer_4
  10
41.759155
  20
1040.6021
  0
VERTEX
  5
20e
  8
Layer_4
  10
41.818359
  20
1042.0713
  0
VERTEX
  5
20f
  8
Layer_4
  10
41.877197
  20
1043.5352
  0
VERTEX
  5
210
  8
Layer_4
  10
41.936035
  20
1044.9946
  0
VERTEX
  5
211
  8
Layer_4
  10
41.994629
  20
1046.4482
  0
VERTEX
  5
212
  8
Layer_4
  10
42.052979
  20
1047.897
  0
VERTEX
  5
213
  8
Layer_4
  10
42.111084
  20
1049.3403
  0
VERTEX
  5
214
  8
Layer_4
  10
42.168945
  20
1050.7778
  0
VERTEX
  5
215
  8
Layer_4
  10
42.226563
  20
1052.21
  0
VERTEX
  5
216
  8
Layer_4
  10
42.283936
  20
1053.6367
  0
VERTEX
  5
217
  8
Layer_4
  10
42.341064
  20
1055.0576
  0
VERTEX
  5
218
  8
Layer_4
  10
42.397949
  20
1056.4727
  0
VERTEX
  5
219
  8
Layer_4
  10
42.45459
  20
1057.8818
  0
VERTEX
  5
21a
  8
Layer_4
  10
42.510986
  20
1059.2852
  0
VERTEX
  5
21b
  8
Layer_4
  10
42.567017
  20
1060.6821
  0
VERTEX
  5
21c
  8
Layer_4
  10
42.622803
  20
1062.0732
  0
VERTEX
  5
21d
  8
Layer_4
  10
42.678345
  20
1063.458
  0
VERTEX
  5
21e
  8
Layer_4
  10
42.733643
  20
1064.8364
  0
VERTEX
  5
21f
  8
Layer_4
  10
42.788574
  20
1066.208
  0
VERTEX
  5
220
  8
Layer_4
  10
42.843262
  20
1067.5732
  0
VERTEX
  5
221
  8
Layer_4
  10
42.897583
  20
1068.9321
  0
VERTEX
  5
222
  8
Layer_4
  10
42.95166
  20
1070.2842
  0
VERTEX
  5
223
  8
Layer_4
  10
43.005371
  20
1071.6294
  0
VERTEX
  5
224
  8
Layer_4
  10
43.058716
  20
1072.9678
  0
VERTEX
  5
225
  8
Layer_4
  10
43.111816
  20
1074.2988
  0
VERTEX
  5
226
  8
Layer_4
  10
43.164551
  20
1075.623
  0
VERTEX
  5
227
  8
Layer_4
  10
43.216919
  20
1076.9404
  0
VERTEX
  5
228
  8
Layer_4
  10
43.269043
  20
1078.25
  0
VERTEX
  5
229
  8
Layer_4
  10
43.320679
  20
1079.5527
  0
VERTEX
  5
22a
  8
Layer_4
  10
43.372192
  20
1080.8477
  0
VERTEX
  5
22b
  8
Layer_4
  10
43.423096
  20
1082.1348
  0
VERTEX
  5
22c
  8
Layer_4
  10
43.473755
  20
1083.415
  0
VERTEX
  5
22d
  8
Layer_4
  10
43.524048
  20
1084.687
  0
VERTEX
  5
22e
  8
Layer_4
  10
43.573975
  20
1085.9512
  0
VERTEX
  5
22f
  8
Layer_4
  10
43.623413
  20
1087.2075
  0
VERTEX
  5
230
  8
Layer_4
  10
43.672485
  20
1088.4561
  0
VERTEX
  5
231
  8
Layer_4
  10
43.721313
  20
1089.6968
  0
VERTEX
  5
232
  8
Layer_4
  10
43.769653
  20
1090.9287
  0
VERTEX
  5
233
  8
Layer_4
  10
43.817505
  20
1092.1528
  0
VERTEX
  5
234
  8
Layer_4
  10
43.865112
  20
1093.3682
  0
VERTEX
  5
235
  8
Layer_4
  10
43.912231
  20
1094.5757
  0
VERTEX
  5
236
  8
Layer_4
  10
43.958984
  20
1095.7744
  0
VERTEX
  5
237
  8
Layer_4
  10
44.005127
  20
1096.9644
  0
VERTEX
  5
238
  8
Layer_4
  10
44.051025
  20
1098.1455
  0
VERTEX
  5
239
  8
Layer_4
  10
44.096436
  20
1099.3179
  0
VERTEX
  5
23a
  8
Layer_4
  10
44.141357
  20
1100.4819
  0
VERTEX
  5
23b
  8
Layer_4
  10
44.185791
  20
1101.6362
  0
VERTEX
  5
23c
  8
Layer_4
  10
44.22998
  20
1102.7822
  0
VERTEX
  5
23d
  8
Layer_4
  10
44.27356
  20
1103.9185
  0
VERTEX
  5
23e
  8
Layer_4
  10
44.31665
  20
1105.0454
  0
VERTEX
  5
23f
  8
Layer_4
  10
44.359375
  20
1106.1636
  0
VERTEX
  5
240
  8
Layer_4
  10
44.401489
  20
1107.272
  0
VERTEX
  5
241
  8
Layer_4
  10
44.443237
  20
1108.3706
  0
VERTEX
  5
242
  8
Layer_4
  10
44.484497
  20
1109.46
  0
VERTEX
  5
243
  8
Layer_4
  10
44.525146
  20
1110.5396
  0
VERTEX
  5
244
  8
Layer_4
  10
44.56543
  20
1111.6094
  0
VERTEX
  5
245
  8
Layer_4
  10
44.605103
  20
1112.6689
  0
VERTEX
  5
246
  8
Layer_4
  10
44.624878
  20
1113.1953
  0
VERTEX
  5
247
  8
Layer_4
  10
44.644287
  20
1113.7192
  0
VERTEX
  5
248
  8
Layer_4
  10
44.663696
  20
1114.2402
  0
VERTEX
  5
249
  8
Layer_4
  10
44.682983
  20
1114.7588
  0
VERTEX
  5
24a
  8
Layer_4
  10
44.702271
  20
1115.2749
  0
VERTEX
  5
24b
  8
Layer_4
  10
44.721191
  20
1115.7886
  0
VERTEX
  5
24c
  8
Layer_4
  10
44.740112
  20
1116.2993
  0
VERTEX
  5
24d
  8
Layer_4
  10
44.758911
  20
1116.8081
  0
VERTEX
  5
24e
  8
Layer_4
  10
44.777588
  20
1117.314
  0
VERTEX
  5
24f
  8
Layer_4
  10
44.796021
  20
1117.8169
  0
VERTEX
  5
250
  8
Layer_4
  10
44.814453
  20
1118.3174
  0
VERTEX
  5
251
  8
Layer_4
  10
44.832642
  20
1118.8159
  0
VERTEX
  5
252
  8
Layer_4
  10
44.850708
  20
1119.311
  0
VERTEX
  5
253
  8
Layer_4
  10
44.868774
  20
1119.8037
  0
VERTEX
  5
254
  8
Layer_4
  10
44.886597
  20
1120.2939
  0
VERTEX
  5
255
  8
Layer_4
  10
44.904297
  20
1120.7813
  0
VERTEX
  5
256
  8
Layer_4
  10
44.921753
  20
1121.2661
  0
VERTEX
  5
257
  8
Layer_4
  10
44.939087
  20
1121.748
  0
VERTEX
  5
258
  8
Layer_4
  10
44.956421
  20
1122.2275
  0
VERTEX
  5
259
  8
Layer_4
  10
44.973511
  20
1122.7041
  0
VERTEX
  5
25a
  8
Layer_4
  10
44.990479
  20
1123.1782
  0
VERTEX
  5
25b
  8
Layer_4
  10
45.007446
  20
1123.6494
  0
VERTEX
  5
25c
  8
Layer_4
  10
45.02417
  20
1124.1177
  0
VERTEX
  5
25d
  8
Layer_4
  10
45.040649
  20
1124.5835
  0
VERTEX
  5
25e
  8
Layer_4
  10
45.057007
  20
1125.0464
  0
VERTEX
  5
25f
  8
Layer_4
  10
45.073364
  20
1125.5068
  0
VERTEX
  5
260
  8
Layer_4
  10
45.089478
  20
1125.9639
  0
VERTEX
  5
261
  8
Layer_4
  10
45.105469
  20
1126.4185
  0
VERTEX
  5
262
  8
Layer_4
  10
45.121338
  20
1126.8701
  0
VERTEX
  5
263
  8
Layer_4
  10
45.137085
  20
1127.3193
  0
VERTEX
  5
264
  8
Layer_4
  10
45.152588
  20
1127.7651
  0
VERTEX
  5
265
  8
Layer_4
  10
45.167969
  20
1128.2085
  0
VERTEX
  5
266
  8
Layer_4
  10
45.183105
  20
1128.6489
  0
VERTEX
  5
267
  8
Layer_4
  10
45.198242
  20
1129.0864
  0
VERTEX
  5
268
  8
Layer_4
  10
45.213257
  20
1129.521
  0
VERTEX
  5
269
  8
Layer_4
  10
45.228027
  20
1129.9531
  0
VERTEX
  5
26a
  8
Layer_4
  10
60.706177
  20
1560.8462
  0
VERTEX
  5
26b
  8
Layer_4
  10
60.840454
  20
1564.7954
  0
VERTEX
  5
26c
  8
Layer_4
  10
60.972778
  20
1568.7368
  0
VERTEX
  5
26d
  8
Layer_4
  10
61.103394
  20
1572.6694
  0
VERTEX
  5
26e
  8
Layer_4
  10
61.232056
  20
1576.5947
  0
VERTEX
  5
26f
  8
Layer_4
  10
61.358887
  20
1580.5117
  0
VERTEX
  5
270
  8
Layer_4
  10
61.483887
  20
1584.4209
  0
VERTEX
  5
271
  8
Layer_4
  10
61.607178
  20
1588.3223
  0
VERTEX
  5
272
  8
Layer_4
  10
61.728394
  20
1592.2158
  0
VERTEX
  5
273
  8
Layer_4
  10
61.848022
  20
1596.1016
  0
VERTEX
  5
274
  8
Layer_4
  10
61.965698
  20
1599.98
  0
VERTEX
  5
275
  8
Layer_4
  10
62.081665
  20
1603.8511
  0
VERTEX
  5
276
  8
Layer_4
  10
62.195801
  20
1607.7144
  0
VERTEX
  5
277
  8
Layer_4
  10
62.308105
  20
1611.5703
  0
VERTEX
  5
278
  8
Layer_4
  10
62.418701
  20
1615.4189
  0
VERTEX
  5
279
  8
Layer_4
  10
62.527588
  20
1619.2603
  0
VERTEX
  5
27a
  8
Layer_4
  10
62.634521
  20
1623.0942
  0
VERTEX
  5
27b
  8
Layer_4
  10
62.739868
  20
1626.9214
  0
VERTEX
  5
27c
  8
Layer_4
  10
62.843384
  20
1630.7412
  0
VERTEX
  5
27d
  8
Layer_4
  10
62.94519
  20
1634.5537
  0
VERTEX
  5
27e
  8
Layer_4
  10
63.045166
  20
1638.3599
  0
VERTEX
  5
27f
  8
Layer_4
  10
63.143433
  20
1642.1587
  0
VERTEX
  5
280
  8
Layer_4
  10
63.23999
  20
1645.9507
  0
VERTEX
  5
281
  8
Layer_4
  10
63.334961
  20
1649.7363
  0
VERTEX
  5
282
  8
Layer_4
  10
63.428101
  20
1653.5146
  0
VERTEX
  5
283
  8
Layer_4
  10
63.519531
  20
1657.2866
  0
VERTEX
  5
284
  8
Layer_4
  10
63.609375
  20
1661.0522
  0
VERTEX
  5
285
  8
Layer_4
  10
63.697388
  20
1664.811
  0
VERTEX
  5
286
  8
Layer_4
  10
63.783813
  20
1668.5635
  0
VERTEX
  5
287
  8
Layer_4
  10
63.868652
  20
1672.3096
  0
VERTEX
  5
288
  8
Layer_4
  10
63.951782
  20
1676.0493
  0
VERTEX
  5
289
  8
Layer_4
  10
64.033081
  20
1679.7827
  0
VERTEX
  5
28a
  8
Layer_4
  10
64.112915
  20
1683.5098
  0
VERTEX
  5
28b
  8
Layer_4
  10
64.19104
  20
1687.231
  0
VERTEX
  5
28c
  8
Layer_4
  10
64.267578
  20
1690.9463
  0
VERTEX
  5
28d
  8
Layer_4
  10
64.342407
  20
1694.6553
  0
VERTEX
  5
28e
  8
Layer_4
  10
64.415649
  20
1698.3584
  0
VERTEX
  5
28f
  8
Layer_4
  10
64.487305
  20
1702.0557
  0
VERTEX
  5
290
  8
Layer_4
  10
64.557373
  20
1705.7471
  0
VERTEX
  5
291
  8
Layer_4
  10
64.625732
  20
1709.4326
  0
VERTEX
  5
292
  8
Layer_4
  10
64.692627
  20
1713.1128
  0
VERTEX
  5
293
  8
Layer_4
  10
64.757813
  20
1716.7871
  0
VERTEX
  5
294
  8
Layer_4
  10
64.821533
  20
1720.4556
  0
VERTEX
  5
295
  8
Layer_4
  10
64.883667
  20
1724.1191
  0
VERTEX
  5
296
  8
Layer_4
  10
64.944214
  20
1727.7769
  0
VERTEX
  5
297
  8
Layer_4
  10
65.003296
  20
1731.4297
  0
VERTEX
  5
298
  8
Layer_4
  10
65.060791
  20
1735.0767
  0
VERTEX
  5
299
  8
Layer_4
  10
65.116577
  20
1738.7188
  0
VERTEX
  5
29a
  8
Layer_4
  10
65.171021
  20
1742.3555
  0
VERTEX
  5
29b
  8
Layer_4
  10
65.223877
  20
1745.9873
  0
VERTEX
  5
29c
  8
Layer_4
  10
65.275269
  20
1749.6143
  0
VERTEX
  5
29d
  8
Layer_4
  10
65.325073
  20
1753.2358
  0
VERTEX
  5
29e
  8
Layer_4
  10
65.373291
  20
1756.8525
  0
VERTEX
  5
29f
  8
Layer_4
  10
65.420166
  20
1760.4648
  0
VERTEX
  5
2a0
  8
Layer_4
  10
65.465576
  20
1764.0718
  0
VERTEX
  5
2a1
  8
Layer_4
  10
65.509277
  20
1767.6743
  0
VERTEX
  5
2a2
  8
Layer_4
  10
65.551758
  20
1771.272
  0
VERTEX
  5
2a3
  8
Layer_4
  10
65.592773
  20
1774.8652
  0
VERTEX
  5
2a4
  8
Layer_4
  10
65.63208
  20
1778.4541
  0
VERTEX
  5
2a5
  8
Layer_4
  10
65.670166
  20
1782.0381
  0
VERTEX
  5
2a6
  8
Layer_4
  10
65.706787
  20
1785.6177
  0
VERTEX
  5
2a7
  8
Layer_4
  10
65.741821
  20
1789.1934
  0
VERTEX
  5
2a8
  8
Layer_4
  10
65.775513
  20
1792.7646
  0
VERTEX
  5
2a9
  8
Layer_4
  10
65.807861
  20
1796.3315
  0
VERTEX
  5
2aa
  8
Layer_4
  10
65.838623
  20
1799.8945
  0
VERTEX
  5
2ab
  8
Layer_4
  10
65.868164
  20
1803.4531
  0
VERTEX
  5
2ac
  8
Layer_4
  10
65.896118
  20
1807.0078
  0
VERTEX
  5
2ad
  8
Layer_4
  10
65.922852
  20
1810.5586
  0
VERTEX
  5
2ae
  8
Layer_4
  10
65.947998
  20
1814.1055
  0
VERTEX
  5
2af
  8
Layer_4
  10
65.971924
  20
1817.6489
  0
VERTEX
  5
2b0
  8
Layer_4
  10
65.994385
  20
1821.188
  0
VERTEX
  5
2b1
  8
Layer_4
  10
66.015625
  20
1824.7236
  0
VERTEX
  5
2b2
  8
Layer_4
  10
66.0354
  20
1828.2559
  0
VERTEX
  5
2b3
  8
Layer_4
  10
66.053833
  20
1831.7842
  0
VERTEX
  5
2b4
  8
Layer_4
  10
66.070923
  20
1835.3091
  0
VERTEX
  5
2b5
  8
Layer_4
  10
66.08667
  20
1838.8306
  0
VERTEX
  5
2b6
  8
Layer_4
  10
66.101196
  20
1842.3486
  0
VERTEX
  5
2b7
  8
Layer_4
  10
66.114258
  20
1845.8638
  0
VERTEX
  5
2b8
  8
Layer_4
  10
66.126099
  20
1849.375
  0
VERTEX
  5
2b9
  8
Layer_4
  10
66.136597
  20
1852.8833
  0
VERTEX
  5
2ba
  8
Layer_4
  10
66.14563
  20
1856.3887
  0
VERTEX
  5
2bb
  8
Layer_4
  10
66.153564
  20
1859.8911
  0
VERTEX
  5
2bc
  8
Layer_4
  10
66.160278
  20
1863.3901
  0
VERTEX
  5
2bd
  8
Layer_4
  10
66.165527
  20
1866.8867
  0
VERTEX
  5
2be
  8
Layer_4
  10
66.169556
  20
1870.3799
  0
VERTEX
  5
2bf
  8
Layer_4
  10
66.172363
  20
1873.8706
  0
VERTEX
  5
2c0
  8
Layer_4
  10
66.17395
  20
1877.3584
  0
VERTEX
  5
2c1
  8
Layer_4
  10
66.174194
  20
1880.8438
  0
VERTEX
  5
2c2
  8
Layer_4
  10
66.173218
  20
1884.3267
  0
VERTEX
  5
2c3
  8
Layer_4
  10
66.171021
  20
1887.8066
  0
VERTEX
  5
2c4
  8
Layer_4
  10
66.167603
  20
1891.2842
  0
VERTEX
  5
2c5
  8
Layer_4
  10
66.163086
  20
1894.7593
  0
VERTEX
  5
2c6
  8
Layer_4
  10
66.157227
  20
1898.2324
  0
VERTEX
  5
2c7
  8
Layer_4
  10
66.141968
  20
1905.1714
  0
VERTEX
  5
2c8
  8
Layer_4
  10
66.121826
  20
1912.1016
  0
VERTEX
  5
2c9
  8
Layer_4
  10
66.097168
  20
1919.0239
  0
VERTEX
  5
2ca
  8
Layer_4
  10
66.067749
  20
1925.9385
  0
VERTEX
  5
2cb
  8
Layer_4
  10
66.033691
  20
1932.8457
  0
VERTEX
  5
2cc
  8
Layer_4
  10
65.995239
  20
1939.7471
  0
VERTEX
  5
2cd
  8
Layer_4
  10
65.952271
  20
1946.6416
  0
VERTEX
  5
2ce
  8
Layer_4
  10
65.904785
  20
1953.5313
  0
VERTEX
  5
2cf
  8
Layer_4
  10
65.853027
  20
1960.4155
  0
VERTEX
  5
2d0
  8
Layer_4
  10
65.796997
  20
1967.2954
  0
VERTEX
  5
2d1
  8
Layer_4
  10
65.736694
  20
1974.1714
  0
VERTEX
  5
2d2
  8
Layer_4
  10
65.672241
  20
1981.0435
  0
VERTEX
  5
2d3
  8
Layer_4
  10
65.603638
  20
1987.9131
  0
VERTEX
  5
2d4
  8
Layer_4
  10
65.530884
  20
1994.7798
  0
VERTEX
  5
2d5
  8
Layer_4
  10
65.454346
  20
2001.6445
  0
VERTEX
  5
2d6
  8
Layer_4
  10
65.373657
  20
2008.5083
  0
VERTEX
  5
2d7
  8
Layer_4
  10
65.289185
  20
2015.3706
  0
VERTEX
  5
2d8
  8
Layer_4
  10
65.200806
  20
2022.2329
  0
VERTEX
  5
2d9
  8
Layer_4
  10
65.108765
  20
2029.0952
  0
VERTEX
  5
2da
  8
Layer_4
  10
65.012939
  20
2035.958
  0
VERTEX
  5
2db
  8
Layer_4
  10
64.913452
  20
2042.8223
  0
VERTEX
  5
2dc
  8
Layer_4
  10
64.810303
  20
2049.688
  0
VERTEX
  5
2dd
  8
Layer_4
  10
64.703735
  20
2056.5557
  0
VERTEX
  5
2de
  8
Layer_4
  10
64.593628
  20
2063.4258
  0
VERTEX
  5
2df
  8
Layer_4
  10
64.480103
  20
2070.2998
  0
VERTEX
  5
2e0
  8
Layer_4
  10
64.363281
  20
2077.1768
  0
VERTEX
  5
2e1
  8
Layer_4
  10
64.243042
  20
2084.0586
  0
VERTEX
  5
2e2
  8
Layer_4
  10
64.119629
  20
2090.9448
  0
VERTEX
  5
2e3
  8
Layer_4
  10
63.993042
  20
2097.8364
  0
VERTEX
  5
2e4
  8
Layer_4
  10
63.863281
  20
2104.7334
  0
VERTEX
  5
2e5
  8
Layer_4
  10
63.730469
  20
2111.6372
  0
VERTEX
  5
2e6
  8
Layer_4
  10
63.594482
  20
2118.5474
  0
VERTEX
  5
2e7
  8
Layer_4
  10
63.455688
  20
2125.4648
  0
VERTEX
  5
2e8
  8
Layer_4
  10
63.314087
  20
2132.3901
  0
VERTEX
  5
2e9
  8
Layer_4
  10
63.169434
  20
2139.3237
  0
VERTEX
  5
2ea
  8
Layer_4
  10
63.022095
  20
2146.2666
  0
VERTEX
  5
2eb
  8
Layer_4
  10
62.947388
  20
2149.7412
  0
VERTEX
  5
2ec
  8
Layer_4
  10
62.87207
  20
2153.2183
  0
VERTEX
  5
2ed
  8
Layer_4
  10
62.796021
  20
2156.6978
  0
VERTEX
  5
2ee
  8
Layer_4
  10
62.71936
  20
2160.1797
  0
VERTEX
  5
2ef
  8
Layer_4
  10
62.64209
  20
2163.6646
  0
VERTEX
  5
2f0
  8
Layer_4
  10
62.564087
  20
2167.1519
  0
VERTEX
  5
2f1
  8
Layer_4
  10
62.485352
  20
2170.6421
  0
VERTEX
  5
2f2
  8
Layer_4
  10
62.406128
  20
2174.1348
  0
VERTEX
  5
2f3
  8
Layer_4
  10
62.326294
  20
2177.6304
  0
VERTEX
  5
2f4
  8
Layer_4
  10
62.245728
  20
2181.1294
  0
VERTEX
  5
2f5
  8
Layer_4
  10
62.164673
  20
2184.6309
  0
VERTEX
  5
2f6
  8
Layer_4
  10
62.082886
  20
2188.1353
  0
VERTEX
  5
2f7
  8
Layer_4
  10
62.00061
  20
2191.6431
  0
VERTEX
  5
2f8
  8
Layer_4
  10
61.917725
  20
2195.1538
  0
VERTEX
  5
2f9
  8
Layer_4
  10
61.834229
  20
2198.668
  0
VERTEX
  5
2fa
  8
Layer_4
  10
61.750244
  20
2202.1855
  0
VERTEX
  5
2fb
  8
Layer_4
  10
61.665649
  20
2205.7065
  0
VERTEX
  5
2fc
  8
Layer_4
  10
61.580444
  20
2209.2305
  0
VERTEX
  5
2fd
  8
Layer_4
  10
61.494751
  20
2212.7583
  0
VERTEX
  5
2fe
  8
Layer_4
  10
61.408447
  20
2216.2896
  0
VERTEX
  5
2ff
  8
Layer_4
  10
61.321655
  20
2219.8242
  0
VERTEX
  5
300
  8
Layer_4
  10
61.234375
  20
2223.3628
  0
VERTEX
  5
301
  8
Layer_4
  10
61.146484
  20
2226.9053
  0
VERTEX
  5
302
  8
Layer_4
  10
61.058105
  20
2230.4512
  0
VERTEX
  5
303
  8
Layer_4
  10
60.96936
  20
2234.0015
  0
VERTEX
  5
304
  8
Layer_4
  10
60.879883
  20
2237.5552
  0
VERTEX
  5
305
  8
Layer_4
  10
60.790039
  20
2241.1133
  0
VERTEX
  5
306
  8
Layer_4
  10
60.699707
  20
2244.6753
  0
VERTEX
  5
307
  8
Layer_4
  10
60.608887
  20
2248.2412
  0
VERTEX
  5
308
  8
Layer_4
  10
60.517578
  20
2251.8115
  0
VERTEX
  5
309
  8
Layer_4
  10
60.425781
  20
2255.3862
  0
VERTEX
  5
30a
  8
Layer_4
  10
60.333618
  20
2258.9648
  0
VERTEX
  5
30b
  8
Layer_4
  10
60.241089
  20
2262.5483
  0
VERTEX
  5
30c
  8
Layer_4
  10
60.147949
  20
2266.1362
  0
VERTEX
  5
30d
  8
Layer_4
  10
60.054443
  20
2269.728
  0
VERTEX
  5
30e
  8
Layer_4
  10
59.960449
  20
2273.3252
  0
VERTEX
  5
30f
  8
Layer_4
  10
59.866089
  20
2276.9263
  0
VERTEX
  5
310
  8
Layer_4
  10
59.77124
  20
2280.5327
  0
VERTEX
  5
311
  8
Layer_4
  10
59.676025
  20
2284.1436
  0
VERTEX
  5
312
  8
Layer_4
  10
59.580566
  20
2287.7593
  0
VERTEX
  5
313
  8
Layer_4
  10
59.484497
  20
2291.3799
  0
VERTEX
  5
314
  8
Layer_4
  10
59.388184
  20
2295.0059
  0
VERTEX
  5
315
  8
Layer_4
  10
59.291382
  20
2298.6362
  0
VERTEX
  5
316
  8
Layer_4
  10
59.194336
  20
2302.272
  0
VERTEX
  5
317
  8
Layer_4
  10
59.096802
  20
2305.9131
  0
VERTEX
  5
318
  8
Layer_4
  10
58.999023
  20
2309.5591
  0
VERTEX
  5
319
  8
Layer_4
  10
58.900879
  20
2313.2104
  0
VERTEX
  5
31a
  8
Layer_4
  10
58.802368
  20
2316.8672
  0
VERTEX
  5
31b
  8
Layer_4
  10
58.703491
  20
2320.5293
  0
VERTEX
  5
31c
  8
Layer_4
  10
58.60437
  20
2324.1973
  0
VERTEX
  5
31d
  8
Layer_4
  10
58.504883
  20
2327.8706
  0
VERTEX
  5
31e
  8
Layer_4
  10
58.405029
  20
2331.5493
  0
VERTEX
  5
31f
  8
Layer_4
  10
58.304932
  20
2335.2339
  0
VERTEX
  5
320
  8
Layer_4
  10
58.20459
  20
2338.9238
  0
VERTEX
  5
321
  8
Layer_4
  10
58.103882
  20
2342.6201
  0
VERTEX
  5
322
  8
Layer_4
  10
58.00293
  20
2346.3218
  0
VERTEX
  5
323
  8
Layer_4
  10
57.901611
  20
2350.0293
  0
VERTEX
  5
324
  8
Layer_4
  10
57.800171
  20
2353.7432
  0
VERTEX
  5
325
  8
Layer_4
  10
57.698486
  20
2357.4634
  0
VERTEX
  5
326
  8
Layer_4
  10
57.596313
  20
2361.189
  0
VERTEX
  5
327
  8
Layer_4
  10
57.494141
  20
2364.9214
  0
VERTEX
  5
328
  8
Layer_4
  10
57.391602
  20
2368.6597
  0
VERTEX
  5
329
  8
Layer_4
  10
57.28894
  20
2372.4043
  0
VERTEX
  5
32a
  8
Layer_4
  10
57.185913
  20
2376.1553
  0
VERTEX
  5
32b
  8
Layer_4
  10
57.082764
  20
2379.9131
  0
VERTEX
  5
32c
  8
Layer_4
  10
56.979492
  20
2383.6768
  0
VERTEX
  5
32d
  8
Layer_4
  10
56.875854
  20
2387.4473
  0
VERTEX
  5
32e
  8
Layer_4
  10
56.772095
  20
2391.2246
  0
VERTEX
  5
32f
  8
Layer_4
  10
56.668091
  20
2395.0088
  0
VERTEX
  5
330
  8
Layer_4
  10
56.563965
  20
2398.7993
  0
VERTEX
  5
331
  8
Layer_4
  10
56.459595
  20
2402.5967
  0
VERTEX
  5
332
  8
Layer_4
  10
56.355103
  20
2406.4009
  0
VERTEX
  5
333
  8
Layer_4
  10
56.250488
  20
2410.2124
  0
VERTEX
  5
334
  8
Layer_4
  10
56.145752
  20
2414.0308
  0
VERTEX
  5
335
  8
Layer_4
  10
56.040894
  20
2417.856
  0
VERTEX
  5
336
  8
Layer_4
  10
55.935791
  20
2421.689
  0
VERTEX
  5
337
  8
Layer_4
  10
55.830688
  20
2425.5288
  0
VERTEX
  5
338
  8
Layer_4
  10
55.725342
  20
2429.3755
  0
VERTEX
  5
339
  8
Layer_4
  10
55.619873
  20
2433.23
  0
VERTEX
  5
33a
  8
Layer_4
  10
55.514282
  20
2437.0918
  0
VERTEX
  5
33b
  8
Layer_4
  10
55.408691
  20
2440.9609
  0
VERTEX
  5
33c
  8
Layer_4
  10
55.302979
  20
2444.8379
  0
VERTEX
  5
33d
  8
Layer_4
  10
55.197144
  20
2448.7222
  0
VERTEX
  5
33e
  8
Layer_4
  10
55.091309
  20
2452.6143
  0
VERTEX
  5
33f
  8
Layer_4
  10
54.985352
  20
2456.5142
  0
VERTEX
  5
340
  8
Layer_4
  10
54.879395
  20
2460.4214
  0
VERTEX
  5
341
  8
Layer_4
  10
54.773193
  20
2464.3369
  0
VERTEX
  5
342
  8
Layer_4
  10
54.667114
  20
2468.2603
  0
VERTEX
  5
343
  8
Layer_4
  10
54.560913
  20
2472.1914
  0
VERTEX
  5
344
  8
Layer_4
  10
54.454712
  20
2476.1309
  0
VERTEX
  5
345
  8
Layer_4
  10
54.348511
  20
2480.0781
  0
VERTEX
  5
346
  8
Layer_4
  10
54.24231
  20
2484.0337
  0
VERTEX
  5
347
  8
Layer_4
  10
43.939575
  20
2868
  0
SEQEND
  0
POLYLINE
  5
349
  8
Layer_4
  62
52
  66
1
  10
0
  20
0
  30
0
  0
VERTEX
  5
349
  8
Layer_4
  10
98.695679
  20
78.000488
  0
VERTEX
  5
34a
  8
Layer_4
  10
84.753052
  20
311.01831
  42
-0.01794574
  0
VERTEX
  5
34b
  8
Layer_4
  10
71.393799
  20
870.41992
  0
VERTEX
  5
34c
  8
Layer_4
  10
71.437378
  20
873.87695
  0
VERTEX
  5
34d
  8
Layer_4
  10
71.485596
  20
877.33374
  0
VERTEX
  5
34e
  8
Layer_4
  10
71.537842
  20
880.79053
  0
VERTEX
  5
34f
  8
Layer_4
  10
71.594482
  20
884.24707
  0
VERTEX
  5
350
  8
Layer_4
  10
71.655518
  20
887.70361
  0
VERTEX
  5
351
  8
Layer_4
  10
71.720825
  20
891.15991
  0
VERTEX
  5
352
  8
Layer_4
  10
71.790405
  20
894.61621
  0
VERTEX
  5
353
  8
Layer_4
  10
71.86438
  20
898.07227
  0
VERTEX
  5
354
  8
Layer_4
  10
71.942505
  20
901.52808
  0
VERTEX
  5
355
  8
Layer_4
  10
72.024902
  20
904.98389
  0
VERTEX
  5
356
  8
Layer_4
  10
72.111694
  20
908.4397
  0
VERTEX
  5
357
  8
Layer_4
  10
72.202637
  20
911.89502
  0
VERTEX
  5
358
  8
Layer_4
  10
72.297852
  20
915.35059
  0
VERTEX
  5
359
  8
Layer_4
  10
72.397217
  20
918.80566
  0
VERTEX
  5
35a
  8
Layer_4
  10
72.500854
  20
922.26074
  0
VERTEX
  5
35b
  8
Layer_4
  10
72.608643
  20
925.71558
  0
VERTEX
  5
35c
  8
Layer_4
  10
72.720581
  20
929.17041
  0
VERTEX
  5
35d
  8
Layer_4
  10
72.836914
  20
932.625
  0
VERTEX
  5
35e
  8
Layer_4
  10
72.957397
  20
936.07935
  0
VERTEX
  5
35f
  8
Layer_4
  10
73.081787
  20
939.53345
  0
VERTEX
  5
360
  8
Layer_4
  10
73.210571
  20
942.98755
  0
VERTEX
  5
361
  8
Layer_4
  10
73.343384
  20
946.44141
  0
VERTEX
  5
362
  8
Layer_4
  10
73.480469
  20
949.89502
  0
VERTEX
  5
363
  8
Layer_4
  10
73.621582
  20
953.34839
  0
VERTEX
  5
364
  8
Layer_4
  10
73.766846
  20
956.80151
  0
VERTEX
  5
365
  8
Layer_4
  10
73.916138
  20
960.25464
  0
VERTEX
  5
366
  8
Layer_4
  10
74.06958
  20
963.70752
  0
VERTEX
  5
367
  8
Layer_4
  10
74.227173
  20
967.16016
  0
VERTEX
  5
368
  8
Layer_4
  10
74.388794
  20
970.61279
  0
VERTEX
  5
369
  8
Layer_4
  10
74.554443
  20
974.06494
  0
VERTEX
  5
36a
  8
Layer_4
  10
74.724243
  20
977.5166
  0
VERTEX
  5
36b
  8
Layer_4
  10
74.898071
  20
980.96875
  0
VERTEX
  5
36c
  8
Layer_4
  10
75.075806
  20
984.41992
  0
VERTEX
  5
36d
  8
Layer_4
  10
75.25769
  20
987.87158
  0
VERTEX
  5
36e
  8
Layer_4
  10
75.443481
  20
991.32227
  0
VERTEX
  5
36f
  8
Layer_4
  10
75.633423
  20
994.77344
  0
VERTEX
  5
370
  8
Layer_4
  10
75.827393
  20
998.22412
  0
VERTEX
  5
371
  8
Layer_4
  10
76.025146
  20
1001.6743
  0
VERTEX
  5
372
  8
Layer_4
  10
76.227051
  20
1005.1245
  0
VERTEX
  5
373
  8
Layer_4
  10
76.432861
  20
1008.5742
  0
VERTEX
  5
374
  8
Layer_4
  10
76.642578
  20
1012.0239
  0
VERTEX
  5
375
  8
Layer_4
  10
76.856323
  20
1015.4731
  0
VERTEX
  5
376
  8
Layer_4
  10
77.073975
  20
1018.9224
  0
VERTEX
  5
377
  8
Layer_4
  10
77.295532
  20
1022.3711
  0
VERTEX
  5
378
  8
Layer_4
  10
77.520996
  20
1025.8198
  0
VERTEX
  5
379
  8
Layer_4
  10
77.750488
  20
1029.2681
  0
VERTEX
  5
37a
  8
Layer_4
  10
77.983765
  20
1032.7163
  0
VERTEX
  5
37b
  8
Layer_4
  10
78.220947
  20
1036.1636
  0
VERTEX
  5
37c
  8
Layer_4
  10
78.462036
  20
1039.6113
  0
VERTEX
  5
37d
  8
Layer_4
  10
78.706909
  20
1043.0586
  0
VERTEX
  5
37e
  8
Layer_4
  10
78.955688
  20
1046.5054
  0
VERTEX
  5
37f
  8
Layer_4
  10
79.208496
  20
1049.9517
  0
VERTEX
  5
380
  8
Layer_4
  10
79.464844
  20
1053.3979
  0
VERTEX
  5
381
  8
Layer_4
  10
79.725098
  20
1056.8442
  0
VERTEX
  5
382
  8
Layer_4
  10
79.98938
  20
1060.2896
  0
VERTEX
  5
383
  8
Layer_4
  10
80.257202
  20
1063.7349
  0
VERTEX
  5
384
  8
Layer_4
  10
80.528931
  20
1067.1802
  0
VERTEX
  5
385
  8
Layer_4
  10
80.804443
  20
1070.625
  0
VERTEX
  5
386
  8
Layer_4
  10
81.08374
  20
1074.0693
  0
VERTEX
  5
387
  8
Layer_4
  10
81.366821
  20
1077.5132
  0
VERTEX
  5
388
  8
Layer_4
  10
81.653687
  20
1080.957
  0
VERTEX
  5
389
  8
Layer_4
  10
81.944214
  20
1084.4004
  0
VERTEX
  5
38a
  8
Layer_4
  10
82.238525
  20
1087.8433
  0
VERTEX
  5
38b
  8
Layer_4
  10
82.536621
  20
1091.2861
  0
VERTEX
  5
38c
  8
Layer_4
  10
115.48022
  20
1469.4521
  42
0.038803813
  0
VERTEX
  5
38d
  8
Layer_4
  10
124.93762
  20
2484.0342
  0
VERTEX
  5
38e
  8
Layer_4
  10
98.695679
  20
2868
  0
SEQEND
  0
POLYLINE
  5
390
  8
Layer_4
  62
52
  66
1
  10
0
  20
0
  30
0
  0
VERTEX
  5
390
  8
Layer_4
  10
171.84338
  20
78.000488
  0
VERTEX
  5
391
  8
Layer_4
  10
131.48108
  20
1004.0815
  0
VERTEX
  5
392
  8
Layer_4
  10
131.27258
  20
1008.9648
  0
VERTEX
  5
393
  8
Layer_4
  10
131.07275
  20
1013.8486
  0
VERTEX
  5
394
  8
Layer_4
  10
130.88159
  20
1018.7319
  0
VERTEX
  5
395
  8
Layer_4
  10
130.6991
  20
1023.6157
  0
VERTEX
  5
396
  8
Layer_4
  10
130.52515
  20
1028.5
  0
VERTEX
  5
397
  8
Layer_4
  10
130.35999
  20
1033.3838
  0
VERTEX
  5
398
  8
Layer_4
  10
130.20337
  20
1038.2681
  0
VERTEX
  5
399
  8
Layer_4
  10
130.05542
  20
1043.1523
  0
VERTEX
  5
39a
  8
Layer_4
  10
129.91626
  20
1048.0366
  0
VERTEX
  5
39b
  8
Layer_4
  10
129.78564
  20
1052.9209
  0
VERTEX
  5
39c
  8
Layer_4
  10
129.6637
  20
1057.8052
  0
VERTEX
  5
39d
  8
Layer_4
  10
129.55042
  20
1062.6895
  0
VERTEX
  5
39e
  8
Layer_4
  10
129.44568
  20
1067.5737
  0
VERTEX
  5
39f
  8
Layer_4
  10
129.34973
  20
1072.458
  0
VERTEX
  5
3a0
  8
Layer_4
  10
129.26245
  20
1077.3423
  0
VERTEX
  5
3a1
  8
Layer_4
  10
129.18372
  20
1082.2266
  0
VERTEX
  5
3a2
  8
Layer_4
  10
129.11365
  20
1087.1108
  0
VERTEX
  5
3a3
  8
Layer_4
  10
129.05225
  20
1091.9946
  0
VERTEX
  5
3a4
  8
Layer_4
  10
128.99939
  20
1096.8789
  0
VERTEX
  5
3a5
  8
Layer_4
  10
128.95532
  20
1101.7627
  0
VERTEX
  5
3a6
  8
Layer_4
  10
128.9198
  20
1106.646
  0
VERTEX
  5
3a7
  8
Layer_4
  10
128.89294
  20
1111.5298
  0
VERTEX
  5
3a8
  8
Layer_4
  10
128.87476
  20
1116.4131
  0
VERTEX
  5
3a9
  8
Layer_4
  10
128.86511
  20
1121.2964
  0
VERTEX
  5
3aa
  8
Layer_4
  10
128.86426
  20
1126.1792
  0
VERTEX
  5
3ab
  8
Layer_4
  10
128.87183
  20
1131.062
  0
VERTEX
  5
3ac
  8
Layer_4
  10
128.88818
  20
1135.9443
  0
VERTEX
  5
3ad
  8
Layer_4
  10
128.91309
  20
1140.8267
  0
VERTEX
  5
3ae
  8
Layer_4
  10
128.94678
  20
1145.7085
  0
VERTEX
  5
3af
  8
Layer_4
  10
128.98889
  20
1150.5903
  0
VERTEX
  5
3b0
  8
Layer_4
  10
129.03979
  20
1155.4717
  0
VERTEX
  5
3b1
  8
Layer_4
  10
129.09924
  20
1160.3525
  0
VERTEX
  5
3b2
  8
Layer_4
  10
129.16736
  20
1165.2334
  0
VERTEX
  5
3b3
  8
Layer_4
  10
129.24402
  20
1170.1138
  0
VERTEX
  5
3b4
  8
Layer_4
  10
129.32935
  20
1174.9937
  0
VERTEX
  5
3b5
  8
Layer_4
  10
129.42334
  20
1179.8735
  0
VERTEX
  5
3b6
  8
Layer_4
  10
129.52588
  20
1184.7524
  0
VERTEX
  5
3b7
  8
Layer_4
  10
129.63708
  20
1189.6313
  0
VERTEX
  5
3b8
  8
Layer_4
  10
129.75696
  20
1194.5098
  0
VERTEX
  5
3b9
  8
Layer_4
  10
129.88538
  20
1199.3877
  0
VERTEX
  5
3ba
  8
Layer_4
  10
130.02234
  20
1204.2651
  0
VERTEX
  5
3bb
  8
Layer_4
  10
130.16809
  20
1209.1421
  0
VERTEX
  5
3bc
  8
Layer_4
  10
130.32239
  20
1214.0186
  0
VERTEX
  5
3bd
  8
Layer_4
  10
130.48523
  20
1218.8945
  0
VERTEX
  5
3be
  8
Layer_4
  10
130.65674
  20
1223.77
  0
VERTEX
  5
3bf
  8
Layer_4
  10
130.83679
  20
1228.6445
  0
VERTEX
  5
3c0
  8
Layer_4
  10
131.02551
  20
1233.519
  0
VERTEX
  5
3c1
  8
Layer_4
  10
131.22278
  20
1238.3926
  0
VERTEX
  5
3c2
  8
Layer_4
  10
131.42883
  20
1243.2656
  0
VERTEX
  5
3c3
  8
Layer_4
  10
131.64331
  20
1248.1382
  0
VERTEX
  5
3c4
  8
Layer_4
  10
131.86658
  20
1253.0103
  0
VERTEX
  5
3c5
  8
Layer_4
  10
132.09827
  20
1257.8813
  0
VERTEX
  5
3c6
  8
Layer_4
  10
132.33862
  20
1262.752
  0
VERTEX
  5
3c7
  8
Layer_4
  10
132.58765
  20
1267.6216
  0
VERTEX
  5
3c8
  8
Layer_4
  10
132.84509
  20
1272.4912
  0
VERTEX
  5
3c9
  8
Layer_4
  10
133.11133
  20
1277.3594
  0
VERTEX
  5
3ca
  8
Layer_4
  10
133.38599
  20
1282.2271
  0
VERTEX
  5
3cb
  8
Layer_4
  10
133.66943
  20
1287.0942
  0
VERTEX
  5
3cc
  8
Layer_4
  10
133.9613
  20
1291.9604
  0
VERTEX
  5
3cd
  8
Layer_4
  10
134.26196
  20
1296.8257
  0
VERTEX
  5
3ce
  8
Layer_4
  10
134.57104
  20
1301.6904
  0
VERTEX
  5
3cf
  8
Layer_4
  10
134.88879
  20
1306.5542
  0
VERTEX
  5
3d0
  8
Layer_4
  10
135.21509
  20
1311.4175
  0
VERTEX
  5
3d1
  8
Layer_4
  10
135.55005
  20
1316.2793
  0
VERTEX
  5
3d2
  8
Layer_4
  10
135.89355
  20
1321.1406
  0
VERTEX
  5
3d3
  8
Layer_4
  10
136.24561
  20
1326.001
  0
VERTEX
  5
3d4
  8
Layer_4
  10
136.60632
  20
1330.8608
  0
VERTEX
  5
3d5
  8
Layer_4
  10
136.97559
  20
1335.7192
  0
VERTEX
  5
3d6
  8
Layer_4
  10
137.35339
  20
1340.5771
  0
VERTEX
  5
3d7
  8
Layer_4
  10
137.73987
  20
1345.4341
  0
VERTEX
  5
3d8
  8
Layer_4
  10
138.13489
  20
1350.2896
  0
VERTEX
  5
3d9
  8
Layer_4
  10
138.53845
  20
1355.1445
  0
VERTEX
  5
3da
  8
Layer_4
  10
138.95068
  20
1359.9985
  0
VERTEX
  5
3db
  8
Layer_4
  10
139.37134
  20
1364.8511
  0
VERTEX
  5
3dc
  8
Layer_4
  10
139.80078
  20
1369.7031
  0
VERTEX
  5
3dd
  8
Layer_4
  10
140.23865
  20
1374.5537
  0
VERTEX
  5
3de
  8
Layer_4
  10
140.68506
  20
1379.4033
  0
VERTEX
  5
3df
  8
Layer_4
  10
141.14014
  20
1384.252
  0
VERTEX
  5
3e0
  8
Layer_4
  10
141.60376
  20
1389.0996
  0
VERTEX
  5
3e1
  8
Layer_4
  10
142.07593
  20
1393.9458
  0
VERTEX
  5
3e2
  8
Layer_4
  10
142.55676
  20
1398.7915
  0
VERTEX
  5
3e3
  8
Layer_4
  10
143.04602
  20
1403.6357
  0
VERTEX
  5
3e4
  8
Layer_4
  10
143.54407
  20
1408.4785
  0
VERTEX
  5
3e5
  8
Layer_4
  10
144.05042
  20
1413.3203
  0
VERTEX
  5
3e6
  8
Layer_4
  10
144.56555
  20
1418.1611
  0
VERTEX
  5
3e7
  8
Layer_4
  10
145.08911
  20
1423.0005
  0
VERTEX
  5
3e8
  8
Layer_4
  10
145.62134
  20
1427.8389
  0
VERTEX
  5
3e9
  8
Layer_4
  10
146.16199
  20
1432.6758
  0
VERTEX
  5
3ea
  8
Layer_4
  10
146.7113
  20
1437.5112
  0
VERTEX
  5
3eb
  8
Layer_4
  10
147.26917
  20
1442.3457
  0
VERTEX
  5
3ec
  8
Layer_4
  10
147.83569
  20
1447.1792
  0
VERTEX
  5
3ed
  8
Layer_4
  10
148.41052
  20
1452.0107
  0
VERTEX
  5
3ee
  8
Layer_4
  10
148.99414
  20
1456.8413
  0
VERTEX
  5
3ef
  8
Layer_4
  10
149.58618
  20
1461.6709
  0
VERTEX
  5
3f0
  8
Layer_4
  10
150.18689
  20
1466.4985
  0
VERTEX
  5
3f1
  8
Layer_4
  10
150.79602
  20
1471.3252
  0
VERTEX
  5
3f2
  8
Layer_4
  10
151.4137
  20
1476.1504
  0
VERTEX
  5
3f3
  8
Layer_4
  10
152.04004
  20
1480.9741
  0
VERTEX
  5
3f4
  8
Layer_4
  10
152.67493
  20
1485.7964
  0
VERTEX
  5
3f5
  8
Layer_4
  10
153.31836
  20
1490.6172
  0
VERTEX
  5
3f6
  8
Layer_4
  10
153.97021
  20
1495.4365
  0
VERTEX
  5
3f7
  8
Layer_4
  10
154.63074
  20
1500.2544
  0
VERTEX
  5
3f8
  8
Layer_4
  10
155.2998
  20
1505.0708
  0
VERTEX
  5
3f9
  8
Layer_4
  10
155.97729
  20
1509.8857
  0
VERTEX
  5
3fa
  8
Layer_4
  10
156.66357
  20
1514.6992
  0
VERTEX
  5
3fb
  8
Layer_4
  10
157.35815
  20
1519.5112
  0
VERTEX
  5
3fc
  8
Layer_4
  10
158.06128
  20
1524.3218
  0
VERTEX
  5
3fd
  8
Layer_4
  10
158.77319
  20
1529.1304
  0
VERTEX
  5
3fe
  8
Layer_4
  10
159.49341
  20
1533.9375
  0
VERTEX
  5
3ff
  8
Layer_4
  10
160.22229
  20
1538.7432
  0
VERTEX
  5
400
  8
Layer_4
  10
160.95959
  20
1543.5474
  0
VERTEX
  5
401
  8
Layer_4
  10
161.70557
  20
1548.3496
  0
VERTEX
  5
402
  8
Layer_4
  10
162.45996
  20
1553.1504
  0
VERTEX
  5
403
  8
Layer_4
  10
163.2229
  20
1557.9492
  0
VERTEX
  5
404
  8
Layer_4
  10
163.99438
  20
1562.7466
  0
VERTEX
  5
405
  8
Layer_4
  10
164.77441
  20
1567.5425
  0
VERTEX
  5
406
  8
Layer_4
  10
165.56299
  20
1572.3364
  0
VERTEX
  5
407
  8
Layer_4
  10
166.35999
  20
1577.1289
  0
VERTEX
  5
408
  8
Layer_4
  10
167.16577
  20
1581.9194
  0
VERTEX
  5
409
  8
Layer_4
  10
167.97986
  20
1586.708
  0
VERTEX
  5
40a
  8
Layer_4
  10
168.80249
  20
1591.4951
  0
VERTEX
  5
40b
  8
Layer_4
  10
169.63367
  20
1596.2803
  0
VERTEX
  5
40c
  8
Layer_4
  10
170.47339
  20
1601.0635
  0
VERTEX
  5
40d
  8
Layer_4
  10
171.32166
  20
1605.8452
  0
VERTEX
  5
40e
  8
Layer_4
  10
172.17834
  20
1610.6245
  0
VERTEX
  5
40f
  8
Layer_4
  10
173.04358
  20
1615.4023
  0
VERTEX
  5
410
  8
Layer_4
  10
173.91748
  20
1620.1787
  0
VERTEX
  5
411
  8
Layer_4
  10
174.79968
  20
1624.9526
  0
VERTEX
  5
412
  8
Layer_4
  10
175.58997
  20
1629.2295
  0
VERTEX
  5
413
  8
Layer_4
  10
176.37207
  20
1633.5078
  0
VERTEX
  5
414
  8
Layer_4
  10
177.14612
  20
1637.7881
  0
VERTEX
  5
415
  8
Layer_4
  10
177.91211
  20
1642.0698
  0
VERTEX
  5
416
  8
Layer_4
  10
178.67017
  20
1646.3535
  0
VERTEX
  5
417
  8
Layer_4
  10
179.42004
  20
1650.6392
  0
VERTEX
  5
418
  8
Layer_4
  10
180.16199
  20
1654.9263
  0
VERTEX
  5
419
  8
Layer_4
  10
180.89587
  20
1659.2148
  0
VERTEX
  5
41a
  8
Layer_4
  10
181.62158
  20
1663.5054
  0
VERTEX
  5
41b
  8
Layer_4
  10
182.33936
  20
1667.7974
  0
VERTEX
  5
41c
  8
Layer_4
  10
183.04895
  20
1672.0908
  0
VERTEX
  5
41d
  8
Layer_4
  10
183.75061
  20
1676.3862
  0
VERTEX
  5
41e
  8
Layer_4
  10
184.44409
  20
1680.6831
  0
VERTEX
  5
41f
  8
Layer_4
  10
185.12964
  20
1684.9814
  0
VERTEX
  5
420
  8
Layer_4
  10
185.80701
  20
1689.2813
  0
VERTEX
  5
421
  8
Layer_4
  10
186.47644
  20
1693.583
  0
VERTEX
  5
422
  8
Layer_4
  10
187.1377
  20
1697.8857
  0
VERTEX
  5
423
  8
Layer_4
  10
187.79102
  20
1702.1904
  0
VERTEX
  5
424
  8
Layer_4
  10
188.43628
  20
1706.4966
  0
VERTEX
  5
425
  8
Layer_4
  10
189.07336
  20
1710.8042
  0
VERTEX
  5
426
  8
Layer_4
  10
189.70239
  20
1715.1128
  0
VERTEX
  5
427
  8
Layer_4
  10
190.32349
  20
1719.4233
  0
VERTEX
  5
428
  8
Layer_4
  10
190.93628
  20
1723.7354
  0
VERTEX
  5
429
  8
Layer_4
  10
191.54126
  20
1728.0483
  0
VERTEX
  5
42a
  8
Layer_4
  10
192.13794
  20
1732.3633
  0
VERTEX
  5
42b
  8
Layer_4
  10
192.72668
  20
1736.6792
  0
VERTEX
  5
42c
  8
Layer_4
  10
193.30737
  20
1740.9966
  0
VERTEX
  5
42d
  8
Layer_4
  10
193.87988
  20
1745.3154
  0
VERTEX
  5
42e
  8
Layer_4
  10
194.44446
  20
1749.6353
  0
VERTEX
  5
42f
  8
Layer_4
  10
195.00085
  20
1753.9565
  0
VERTEX
  5
430
  8
Layer_4
  10
195.54919
  20
1758.2793
  0
VERTEX
  5
431
  8
Layer_4
  10
196.08948
  20
1762.6035
  0
VERTEX
  5
432
  8
Layer_4
  10
196.62158
  20
1766.9287
  0
VERTEX
  5
433
  8
Layer_4
  10
197.14575
  20
1771.2549
  0
VERTEX
  5
434
  8
Layer_4
  10
197.66187
  20
1775.5825
  0
VERTEX
  5
435
  8
Layer_4
  10
198.16968
  20
1779.9116
  0
VERTEX
  5
436
  8
Layer_4
  10
198.66968
  20
1784.2417
  0
VERTEX
  5
437
  8
Layer_4
  10
199.16138
  20
1788.5728
  0
VERTEX
  5
438
  8
Layer_4
  10
199.64514
  20
1792.9053
  0
VERTEX
  5
439
  8
Layer_4
  10
200.12073
  20
1797.2388
  0
VERTEX
  5
43a
  8
Layer_4
  10
200.58826
  20
1801.5737
  0
VERTEX
  5
43b
  8
Layer_4
  10
201.04773
  20
1805.9097
  0
VERTEX
  5
43c
  8
Layer_4
  10
201.49902
  20
1810.2466
  0
VERTEX
  5
43d
  8
Layer_4
  10
201.94238
  20
1814.5845
  0
VERTEX
  5
43e
  8
Layer_4
  10
202.37756
  20
1818.9233
  0
VERTEX
  5
43f
  8
Layer_4
  10
202.80469
  20
1823.2637
  0
VERTEX
  5
440
  8
Layer_4
  10
203.22363
  20
1827.605
  0
VERTEX
  5
441
  8
Layer_4
  10
203.63452
  20
1831.9468
  0
VERTEX
  5
442
  8
Layer_4
  10
204.03735
  20
1836.29
  0
VERTEX
  5
443
  8
Layer_4
  10
204.43201
  20
1840.6343
  0
VERTEX
  5
444
  8
Layer_4
  10
204.8186
  20
1844.9795
  0
VERTEX
  5
445
  8
Layer_4
  10
205.19714
  20
1849.3257
  0
VERTEX
  5
446
  8
Layer_4
  10
205.5675
  20
1853.6724
  0
VERTEX
  5
447
  8
Layer_4
  10
205.92981
  20
1858.0205
  0
VERTEX
  5
448
  8
Layer_4
  10
206.28418
  20
1862.3696
  0
VERTEX
  5
449
  8
Layer_4
  10
206.63025
  20
1866.7192
  0
VERTEX
  5
44a
  8
Layer_4
  10
206.96826
  20
1871.0698
  0
VERTEX
  5
44b
  8
Layer_4
  10
207.2981
  20
1875.4214
  0
VERTEX
  5
44c
  8
Layer_4
  10
207.62
  20
1879.7734
  0
VERTEX
  5
44d
  8
Layer_4
  10
207.93359
  20
1884.127
  0
VERTEX
  5
44e
  8
Layer_4
  10
208.23926
  20
1888.4805
  0
VERTEX
  5
44f
  8
Layer_4
  10
208.53674
  20
1892.8354
  0
VERTEX
  5
450
  8
Layer_4
  10
208.82605
  20
1897.1909
  0
VERTEX
  5
451
  8
Layer_4
  10
209.1073
  20
1901.5474
  0
VERTEX
  5
452
  8
Layer_4
  10
209.38049
  20
1905.9043
  0
VERTEX
  5
453
  8
Layer_4
  10
209.64551
  20
1910.2617
  0
VERTEX
  5
454
  8
Layer_4
  10
209.90247
  20
1914.6206
  0
VERTEX
  5
455
  8
Layer_4
  10
210.15125
  20
1918.9795
  0
VERTEX
  5
456
  8
Layer_4
  10
210.39197
  20
1923.3394
  0
VERTEX
  5
457
  8
Layer_4
  10
210.62451
  20
1927.6997
  0
VERTEX
  5
458
  8
Layer_4
  10
210.84888
  20
1932.061
  0
VERTEX
  5
459
  8
Layer_4
  10
211.06531
  20
1936.4224
  0
VERTEX
  5
45a
  8
Layer_4
  10
211.27356
  20
1940.7852
  0
VERTEX
  5
45b
  8
Layer_4
  10
211.47363
  20
1945.1479
  0
VERTEX
  5
45c
  8
Layer_4
  10
211.66565
  20
1949.5112
  0
VERTEX
  5
45d
  8
Layer_4
  10
211.84949
  20
1953.8755
  0
VERTEX
  5
45e
  8
Layer_4
  10
212.02527
  20
1958.2402
  0
VERTEX
  5
45f
  8
Layer_4
  10
212.19287
  20
1962.6055
  0
VERTEX
  5
460
  8
Layer_4
  10
212.35229
  20
1966.9707
  0
VERTEX
  5
461
  8
Layer_4
  10
212.50378
  20
1971.3369
  0
VERTEX
  5
462
  8
Layer_4
  10
212.64697
  20
1975.7036
  0
VERTEX
  5
463
  8
Layer_4
  10
212.78198
  20
1980.0708
  0
VERTEX
  5
464
  8
Layer_4
  10
212.90906
  20
1984.4385
  0
VERTEX
  5
465
  8
Layer_4
  10
213.02783
  20
1988.8066
  0
VERTEX
  5
466
  8
Layer_4
  10
213.13855
  20
1993.1748
  0
VERTEX
  5
467
  8
Layer_4
  10
213.24109
  20
1997.5435
  0
VERTEX
  5
468
  8
Layer_4
  10
213.33557
  20
2001.9126
  0
VERTEX
  5
469
  8
Layer_4
  10
213.42188
  20
2006.2822
  0
VERTEX
  5
46a
  8
Layer_4
  10
213.5
  20
2010.6523
  0
VERTEX
  5
46b
  8
Layer_4
  10
213.57007
  20
2015.0225
  0
VERTEX
  5
46c
  8
Layer_4
  10
213.63196
  20
2019.3931
  0
VERTEX
  5
46d
  8
Layer_4
  10
213.68579
  20
2023.7637
  0
VERTEX
  5
46e
  8
Layer_4
  10
213.73132
  20
2028.1348
  0
VERTEX
  5
46f
  8
Layer_4
  10
213.7688
  20
2032.5063
  0
VERTEX
  5
470
  8
Layer_4
  10
213.7981
  20
2036.8779
  0
VERTEX
  5
471
  8
Layer_4
  10
213.81934
  20
2041.25
  0
VERTEX
  5
472
  8
Layer_4
  10
213.8324
  20
2045.6221
  0
VERTEX
  5
473
  8
Layer_4
  10
213.83728
  20
2049.9946
  0
VERTEX
  5
474
  8
Layer_4
  10
213.83398
  20
2054.3667
  0
VERTEX
  5
475
  8
Layer_4
  10
213.82263
  20
2058.7393
  0
VERTEX
  5
476
  8
Layer_4
  10
213.8031
  20
2063.1123
  0
VERTEX
  5
477
  8
Layer_4
  10
213.77539
  20
2067.4854
  0
VERTEX
  5
478
  8
Layer_4
  10
213.7395
  20
2071.8584
  0
VERTEX
  5
479
  8
Layer_4
  10
213.69568
  20
2076.2314
  0
VERTEX
  5
47a
  8
Layer_4
  10
213.64343
  20
2080.605
  0
VERTEX
  5
47b
  8
Layer_4
  10
213.58313
  20
2084.978
  0
VERTEX
  5
47c
  8
Layer_4
  10
213.51477
  20
2089.3516
  0
VERTEX
  5
47d
  8
Layer_4
  10
213.43799
  20
2093.7251
  0
VERTEX
  5
47e
  8
Layer_4
  10
213.35339
  20
2098.0986
  0
VERTEX
  5
47f
  8
Layer_4
  10
213.26038
  20
2102.4722
  0
VERTEX
  5
480
  8
Layer_4
  10
213.1593
  20
2106.8457
  0
VERTEX
  5
481
  8
Layer_4
  10
213.05005
  20
2111.2188
  0
VERTEX
  5
482
  8
Layer_4
  10
212.93262
  20
2115.5923
  0
VERTEX
  5
483
  8
Layer_4
  10
212.80701
  20
2119.9658
  0
VERTEX
  5
484
  8
Layer_4
  10
212.67334
  20
2124.3389
  0
VERTEX
  5
485
  8
Layer_4
  10
212.53149
  20
2128.7119
  0
VERTEX
  5
486
  8
Layer_4
  10
212.38147
  20
2133.085
  0
VERTEX
  5
487
  8
Layer_4
  10
212.22314
  20
2137.458
  0
VERTEX
  5
488
  8
Layer_4
  10
212.05676
  20
2141.8311
  0
VERTEX
  5
489
  8
Layer_4
  10
211.8822
  20
2146.2036
  0
VERTEX
  5
48a
  8
Layer_4
  10
211.69958
  20
2150.5762
  0
VERTEX
  5
48b
  8
Layer_4
  10
211.50867
  20
2154.9482
  0
VERTEX
  5
48c
  8
Layer_4
  10
211.30957
  20
2159.3203
  0
VERTEX
  5
48d
  8
Layer_4
  10
211.10229
  20
2163.6924
  0
VERTEX
  5
48e
  8
Layer_4
  10
210.88684
  20
2168.064
  0
VERTEX
  5
48f
  8
Layer_4
  10
210.66321
  20
2172.4351
  0
VERTEX
  5
490
  8
Layer_4
  10
210.43152
  20
2176.8066
  0
VERTEX
  5
491
  8
Layer_4
  10
210.19153
  20
2181.1772
  0
VERTEX
  5
492
  8
Layer_4
  10
171.84338
  20
2868
  0
SEQEND
  0
POLYLINE
  5
494
  8
Layer_4
  62
52
  66
1
  10
0
  20
0
  30
0
  0
VERTEX
  5
494
  8
Layer_4
  10
228.55029
  20
2868
  0
VERTEX
  5
495
  8
Layer_4
  10
263.7074
  20
1941.9189
  0
VERTEX
  5
496
  8
Layer_4
  10
263.88892
  20
1937.0352
  0
VERTEX
  5
497
  8
Layer_4
  10
264.06299
  20
1932.1519
  0
VERTEX
  5
498
  8
Layer_4
  10
264.22949
  20
1927.2681
  0
VERTEX
  5
499
  8
Layer_4
  10
264.38855
  20
1922.3843
  0
VERTEX
  5
49a
  8
Layer_4
  10
264.53992
  20
1917.5005
  0
VERTEX
  5
49b
  8
Layer_4
  10
264.68384
  20
1912.6162
  0
VERTEX
  5
49c
  8
Layer_4
  10
264.82019
  20
1907.7324
  0
VERTEX
  5
49d
  8
Layer_4
  10
264.9491
  20
1902.8481
  0
VERTEX
  5
49e
  8
Layer_4
  10
265.07031
  20
1897.9639
  0
VERTEX
  5
49f
  8
Layer_4
  10
265.18408
  20
1893.0796
  0
VERTEX
  5
4a0
  8
Layer_4
  10
265.29028
  20
1888.1953
  0
VERTEX
  5
4a1
  8
Layer_4
  10
265.38892
  20
1883.311
  0
VERTEX
  5
4a2
  8
Layer_4
  10
265.4801
  20
1878.4263
  0
VERTEX
  5
4a3
  8
Layer_4
  10
265.56372
  20
1873.542
  0
VERTEX
  5
4a4
  8
Layer_4
  10
265.63989
  20
1868.6577
  0
VERTEX
  5
4a5
  8
Layer_4
  10
265.70837
  20
1863.7739
  0
VERTEX
  5
4a6
  8
Layer_4
  10
265.76941
  20
1858.8896
  0
VERTEX
  5
4a7
  8
Layer_4
  10
265.823
  20
1854.0054
  0
VERTEX
  5
4a8
  8
Layer_4
  10
265.8689
  20
1849.1216
  0
VERTEX
  5
4a9
  8
Layer_4
  10
265.90735
  20
1844.2378
  0
VERTEX
  5
4aa
  8
Layer_4
  10
265.93823
  20
1839.354
  0
VERTEX
  5
4ab
  8
Layer_4
  10
265.96167
  20
1834.4707
  0
VERTEX
  5
4ac
  8
Layer_4
  10
265.97754
  20
1829.5874
  0
VERTEX
  5
4ad
  8
Layer_4
  10
265.98584
  20
1824.7041
  0
VERTEX
  5
4ae
  8
Layer_4
  10
265.98669
  20
1819.8213
  0
VERTEX
  5
4af
  8
Layer_4
  10
265.97998
  20
1814.9385
  0
VERTEX
  5
4b0
  8
Layer_4
  10
265.9657
  20
1810.0557
  0
VERTEX
  5
4b1
  8
Layer_4
  10
265.94409
  20
1805.1738
  0
VERTEX
  5
4b2
  8
Layer_4
  10
265.91479
  20
1800.2915
  0
VERTEX
  5
4b3
  8
Layer_4
  10
265.87805
  20
1795.4102
  0
VERTEX
  5
4b4
  8
Layer_4
  10
265.83374
  20
1790.5288
  0
VERTEX
  5
4b5
  8
Layer_4
  10
265.78198
  20
1785.6475
  0
VERTEX
  5
4b6
  8
Layer_4
  10
265.72266
  20
1780.7666
  0
VERTEX
  5
4b7
  8
Layer_4
  10
265.65588
  20
1775.8862
  0
VERTEX
  5
4b8
  8
Layer_4
  10
265.58154
  20
1771.0063
  0
VERTEX
  5
4b9
  8
Layer_4
  10
265.49963
  20
1766.127
  0
VERTEX
  5
4ba
  8
Layer_4
  10
265.41028
  20
1761.2476
  0
VERTEX
  5
4bb
  8
Layer_4
  10
265.31348
  20
1756.3687
  0
VERTEX
  5
4bc
  8
Layer_4
  10
265.20911
  20
1751.4907
  0
VERTEX
  5
4bd
  8
Layer_4
  10
265.09729
  20
1746.6128
  0
VERTEX
  5
4be
  8
Layer_4
  10
264.97778
  20
1741.7349
  0
VERTEX
  5
4bf
  8
Layer_4
  10
264.85107
  20
1736.8584
  0
VERTEX
  5
4c0
  8
Layer_4
  10
264.71667
  20
1731.9819
  0
VERTEX
  5
4c1
  8
Layer_4
  10
264.57471
  20
1727.106
  0
VERTEX
  5
4c2
  8
Layer_4
  10
264.42529
  20
1722.2305
  0
VERTEX
  5
4c3
  8
Layer_4
  10
264.26843
  20
1717.3555
  0
VERTEX
  5
4c4
  8
Layer_4
  10
264.104
  20
1712.481
  0
VERTEX
  5
4c5
  8
Layer_4
  10
263.93225
  20
1707.6074
  0
VERTEX
  5
4c6
  8
Layer_4
  10
263.75281
  20
1702.7344
  0
VERTEX
  5
4c7
  8
Layer_4
  10
263.56592
  20
1697.8618
  0
VERTEX
  5
4c8
  8
Layer_4
  10
263.37158
  20
1692.9902
  0
VERTEX
  5
4c9
  8
Layer_4
  10
263.16968
  20
1688.1187
  0
VERTEX
  5
4ca
  8
Layer_4
  10
262.96033
  20
1683.2485
  0
VERTEX
  5
4cb
  8
Layer_4
  10
262.74341
  20
1678.3784
  0
VERTEX
  5
4cc
  8
Layer_4
  10
262.51917
  20
1673.5093
  0
VERTEX
  5
4cd
  8
Layer_4
  10
262.28735
  20
1668.6406
  0
VERTEX
  5
4ce
  8
Layer_4
  10
262.04797
  20
1663.7729
  0
VERTEX
  5
4cf
  8
Layer_4
  10
261.80115
  20
1658.9063
  0
VERTEX
  5
4d0
  8
Layer_4
  10
261.54688
  20
1654.04
  0
VERTEX
  5
4d1
  8
Layer_4
  10
261.28503
  20
1649.1743
  0
VERTEX
  5
4d2
  8
Layer_4
  10
261.01587
  20
1644.3096
  0
VERTEX
  5
4d3
  8
Layer_4
  10
260.73901
  20
1639.4458
  0
VERTEX
  5
4d4
  8
Layer_4
  10
260.45483
  20
1634.583
  0
VERTEX
  5
4d5
  8
Layer_4
  10
260.16309
  20
1629.7207
  0
VERTEX
  5
4d6
  8
Layer_4
  10
259.86389
  20
1624.8594
  0
VERTEX
  5
4d7
  8
Layer_4
  10
259.55725
  20
1619.999
  0
VERTEX
  5
4d8
  8
Layer_4
  10
259.24304
  20
1615.1392
  0
VERTEX
  5
4d9
  8
Layer_4
  10
258.92139
  20
1610.2808
  0
VERTEX
  5
4da
  8
Layer_4
  10
258.59229
  20
1605.4233
  0
VERTEX
  5
4db
  8
Layer_4
  10
258.25574
  20
1600.5664
  0
VERTEX
  5
4dc
  8
Layer_4
  10
257.91162
  20
1595.7104
  0
VERTEX
  5
4dd
  8
Layer_4
  10
257.56018
  20
1590.8555
  0
VERTEX
  5
4de
  8
Layer_4
  10
257.20105
  20
1586.002
  0
VERTEX
  5
4df
  8
Layer_4
  10
256.83459
  20
1581.1489
  0
VERTEX
  5
4e0
  8
Layer_4
  10
256.46069
  20
1576.2974
  0
VERTEX
  5
4e1
  8
Layer_4
  10
256.07922
  20
1571.4463
  0
VERTEX
  5
4e2
  8
Layer_4
  10
255.69031
  20
1566.5967
  0
VERTEX
  5
4e3
  8
Layer_4
  10
255.29395
  20
1561.748
  0
VERTEX
  5
4e4
  8
Layer_4
  10
254.89014
  20
1556.9009
  0
VERTEX
  5
4e5
  8
Layer_4
  10
254.47888
  20
1552.0542
  0
VERTEX
  5
4e6
  8
Layer_4
  10
254.06006
  20
1547.209
  0
VERTEX
  5
4e7
  8
Layer_4
  10
253.63379
  20
1542.3647
  0
VERTEX
  5
4e8
  8
Layer_4
  10
253.2002
  20
1537.5215
  0
VERTEX
  5
4e9
  8
Layer_4
  10
252.75891
  20
1532.6797
  0
VERTEX
  5
4ea
  8
Layer_4
  10
252.3103
  20
1527.8394
  0
VERTEX
  5
4eb
  8
Layer_4
  10
251.85425
  20
1523
  0
VERTEX
  5
4ec
  8
Layer_4
  10
251.39075
  20
1518.1616
  0
VERTEX
  5
4ed
  8
Layer_4
  10
250.91968
  20
1513.3247
  0
VERTEX
  5
4ee
  8
Layer_4
  10
250.44128
  20
1508.4888
  0
VERTEX
  5
4ef
  8
Layer_4
  10
249.95532
  20
1503.6543
  0
VERTEX
  5
4f0
  8
Layer_4
  10
249.46191
  20
1498.8213
  0
VERTEX
  5
4f1
  8
Layer_4
  10
248.96118
  20
1493.9893
  0
VERTEX
  5
4f2
  8
Layer_4
  10
248.45288
  20
1489.1587
  0
VERTEX
  5
4f3
  8
Layer_4
  10
247.93713
  20
1484.3296
  0
VERTEX
  5
4f4
  8
Layer_4
  10
247.41394
  20
1479.5015
  0
VERTEX
  5
4f5
  8
Layer_4
  10
246.8833
  20
1474.6753
  0
VERTEX
  5
4f6
  8
Layer_4
  10
246.34521
  20
1469.8501
  0
VERTEX
  5
4f7
  8
Layer_4
  10
245.79968
  20
1465.0264
  0
VERTEX
  5
4f8
  8
Layer_4
  10
245.2467
  20
1460.2041
  0
VERTEX
  5
4f9
  8
Layer_4
  10
244.68628
  20
1455.3833
  0
VERTEX
  5
4fa
  8
Layer_4
  10
244.11841
  20
1450.564
  0
VERTEX
  5
4fb
  8
Layer_4
  10
243.54309
  20
1445.7456
  0
VERTEX
  5
4fc
  8
Layer_4
  10
242.96045
  20
1440.9292
  0
VERTEX
  5
4fd
  8
Layer_4
  10
242.37024
  20
1436.1143
  0
VERTEX
  5
4fe
  8
Layer_4
  10
241.77258
  20
1431.3008
  0
VERTEX
  5
4ff
  8
Layer_4
  10
241.16748
  20
1426.4888
  0
VERTEX
  5
500
  8
Layer_4
  10
240.55493
  20
1421.6787
  0
VERTEX
  5
501
  8
Layer_4
  10
239.93506
  20
1416.8701
  0
VERTEX
  5
502
  8
Layer_4
  10
239.30762
  20
1412.0625
  0
VERTEX
  5
503
  8
Layer_4
  10
238.67273
  20
1407.2568
  0
VERTEX
  5
504
  8
Layer_4
  10
238.03052
  20
1402.4531
  0
VERTEX
  5
505
  8
Layer_4
  10
237.38086
  20
1397.6504
  0
VERTEX
  5
506
  8
Layer_4
  10
236.72363
  20
1392.8501
  0
VERTEX
  5
507
  8
Layer_4
  10
236.05908
  20
1388.0508
  0
VERTEX
  5
508
  8
Layer_4
  10
235.38708
  20
1383.2534
  0
VERTEX
  5
509
  8
Layer_4
  10
234.70764
  20
1378.4575
  0
VERTEX
  5
50a
  8
Layer_4
  10
234.02087
  20
1373.6636
  0
VERTEX
  5
50b
  8
Layer_4
  10
233.32654
  20
1368.8716
  0
VERTEX
  5
50c
  8
Layer_4
  10
232.62488
  20
1364.0811
  0
VERTEX
  5
50d
  8
Layer_4
  10
231.91565
  20
1359.292
  0
VERTEX
  5
50e
  8
Layer_4
  10
231.1991
  20
1354.5054
  0
VERTEX
  5
50f
  8
Layer_4
  10
230.4751
  20
1349.7202
  0
VERTEX
  5
510
  8
Layer_4
  10
229.74377
  20
1344.9365
  0
VERTEX
  5
511
  8
Layer_4
  10
229.00488
  20
1340.1553
  0
VERTEX
  5
512
  8
Layer_4
  10
228.25867
  20
1335.3755
  0
VERTEX
  5
513
  8
Layer_4
  10
227.50488
  20
1330.5977
  0
VERTEX
  5
514
  8
Layer_4
  10
226.7439
  20
1325.8218
  0
VERTEX
  5
515
  8
Layer_4
  10
225.97522
  20
1321.0479
  0
VERTEX
  5
516
  8
Layer_4
  10
225.28699
  20
1316.771
  0
VERTEX
  5
517
  8
Layer_4
  10
224.60571
  20
1312.4927
  0
VERTEX
  5
518
  8
Layer_4
  10
223.93152
  20
1308.2124
  0
VERTEX
  5
519
  8
Layer_4
  10
223.26428
  20
1303.9302
  0
VERTEX
  5
51a
  8
Layer_4
  10
222.604
  20
1299.6465
  0
VERTEX
  5
51b
  8
Layer_4
  10
221.95081
  20
1295.3613
  0
VERTEX
  5
51c
  8
Layer_4
  10
221.30469
  20
1291.0742
  0
VERTEX
  5
51d
  8
Layer_4
  10
220.66541
  20
1286.7852
  0
VERTEX
  5
51e
  8
Layer_4
  10
220.0332
  20
1282.4951
  0
VERTEX
  5
51f
  8
Layer_4
  10
219.40808
  20
1278.2031
  0
VERTEX
  5
520
  8
Layer_4
  10
218.78992
  20
1273.9092
  0
VERTEX
  5
521
  8
Layer_4
  10
218.17871
  20
1269.6143
  0
VERTEX
  5
522
  8
Layer_4
  10
217.57458
  20
1265.3174
  0
VERTEX
  5
523
  8
Layer_4
  10
216.97754
  20
1261.019
  0
VERTEX
  5
524
  8
Layer_4
  10
216.38757
  20
1256.7188
  0
VERTEX
  5
525
  8
Layer_4
  10
215.80444
  20
1252.4175
  0
VERTEX
  5
526
  8
Layer_4
  10
215.22839
  20
1248.1143
  0
VERTEX
  5
527
  8
Layer_4
  10
214.65942
  20
1243.8096
  0
VERTEX
  5
528
  8
Layer_4
  10
214.09741
  20
1239.5039
  0
VERTEX
  5
529
  8
Layer_4
  10
213.54248
  20
1235.1963
  0
VERTEX
  5
52a
  8
Layer_4
  10
212.99451
  20
1230.8872
  0
VERTEX
  5
52b
  8
Layer_4
  10
212.45361
  20
1226.5767
  0
VERTEX
  5
52c
  8
Layer_4
  10
211.91968
  20
1222.2651
  0
VERTEX
  5
52d
  8
Layer_4
  10
211.39294
  20
1217.9517
  0
VERTEX
  5
52e
  8
Layer_4
  10
210.87305
  20
1213.6372
  0
VERTEX
  5
52f
  8
Layer_4
  10
210.36023
  20
1209.3213
  0
VERTEX
  5
530
  8
Layer_4
  10
209.85449
  20
1205.0039
  0
VERTEX
  5
531
  8
Layer_4
  10
209.35571
  20
1200.6851
  0
VERTEX
  5
532
  8
Layer_4
  10
208.86401
  20
1196.3647
  0
VERTEX
  5
533
  8
Layer_4
  10
208.37939
  20
1192.0435
  0
VERTEX
  5
534
  8
Layer_4
  10
207.90173
  20
1187.7207
  0
VERTEX
  5
535
  8
Layer_4
  10
207.43115
  20
1183.397
  0
VERTEX
  5
536
  8
Layer_4
  10
206.96765
  20
1179.0718
  0
VERTEX
  5
537
  8
Layer_4
  10
206.51111
  20
1174.7451
  0
VERTEX
  5
538
  8
Layer_4
  10
206.06165
  20
1170.4175
  0
VERTEX
  5
539
  8
Layer_4
  10
205.61914
  20
1166.0889
  0
VERTEX
  5
53a
  8
Layer_4
  10
205.18372
  20
1161.7588
  0
VERTEX
  5
53b
  8
Layer_4
  10
204.75549
  20
1157.4272
  0
VERTEX
  5
53c
  8
Layer_4
  10
204.33398
  20
1153.0947
  0
VERTEX
  5
53d
  8
Layer_4
  10
203.9198
  20
1148.7612
  0
VERTEX
  5
53e
  8
Layer_4
  10
203.51257
  20
1144.4268
  0
VERTEX
  5
53f
  8
Layer_4
  10
203.1123
  20
1140.0908
  0
VERTEX
  5
540
  8
Layer_4
  10
202.71924
  20
1135.7539
  0
VERTEX
  5
541
  8
Layer_4
  10
202.33313
  20
1131.416
  0
VERTEX
  5
542
  8
Layer_4
  10
201.95398
  20
1127.0767
  0
VERTEX
  5
543
  8
Layer_4
  10
201.58203
  20
1122.7368
  0
VERTEX
  5
544
  8
Layer_4
  10
201.21716
  20
1118.3955
  0
VERTEX
  5
545
  8
Layer_4
  10
200.85913
  20
1114.0532
  0
VERTEX
  5
546
  8
Layer_4
  10
200.5083
  20
1109.71
  0
VERTEX
  5
547
  8
Layer_4
  10
200.16455
  20
1105.3657
  0
VERTEX
  5
548
  8
Layer_4
  10
199.82776
  20
1101.0205
  0
VERTEX
  5
549
  8
Layer_4
  10
199.49805
  20
1096.6748
  0
VERTEX
  5
54a
  8
Layer_4
  10
199.17542
  20
1092.3276
  0
VERTEX
  5
54b
  8
Layer_4
  10
198.85986
  20
1087.9795
  0
VERTEX
  5
54c
  8
Layer_4
  10
198.55139
  20
1083.6309
  0
VERTEX
  5
54d
  8
Layer_4
  10
198.24988
  20
1079.2808
  0
VERTEX
  5
54e
  8
Layer_4
  10
197.95544
  20
1074.9302
  0
VERTEX
  5
54f
  8
Layer_4
  10
197.66809
  20
1070.5791
  0
VERTEX
  5
550
  8
Layer_4
  10
197.3877
  20
1066.2266
  0
VERTEX
  5
551
  8
Layer_4
  10
197.1145
  20
1061.8735
  0
VERTEX
  5
552
  8
Layer_4
  10
196.84839
  20
1057.5195
  0
VERTEX
  5
553
  8
Layer_4
  10
196.58923
  20
1053.165
  0
VERTEX
  5
554
  8
Layer_4
  10
196.33716
  20
1048.8091
  0
VERTEX
  5
555
  8
Layer_4
  10
196.09216
  20
1044.4531
  0
VERTEX
  5
556
  8
Layer_4
  10
195.85425
  20
1040.0962
  0
VERTEX
  5
557
  8
Layer_4
  10
195.62329
  20
1035.7383
  0
VERTEX
  5
558
  8
Layer_4
  10
195.39966
  20
1031.3799
  0
VERTEX
  5
559
  8
Layer_4
  10
195.18286
  20
1027.021
  0
VERTEX
  5
55a
  8
Layer_4
  10
194.97327
  20
1022.6611
  0
VERTEX
  5
55b
  8
Layer_4
  10
194.77063
  20
1018.3003
  0
VERTEX
  5
55c
  8
Layer_4
  10
194.5752
  20
1013.9395
  0
VERTEX
  5
55d
  8
Layer_4
  10
194.3866
  20
1009.5776
  0
VERTEX
  5
55e
  8
Layer_4
  10
194.20532
  20
1005.2153
  0
VERTEX
  5
55f
  8
Layer_4
  10
194.03101
  20
1000.8525
  0
VERTEX
  5
560
  8
Layer_4
  10
193.86377
  20
996.48877
  0
VERTEX
  5
561
  8
Layer_4
  10
193.70361
  20
992.125
  0
VERTEX
  5
562
  8
Layer_4
  10
193.55054
  20
987.76025
  0
VERTEX
  5
563
  8
Layer_4
  10
193.40454
  20
983.39502
  0
VERTEX
  5
564
  8
Layer_4
  10
193.26563
  20
979.0293
  0
VERTEX
  5
565
  8
Layer_4
  10
193.13379
  20
974.66309
  0
VERTEX
  5
566
  8
Layer_4
  10
193.00903
  20
970.29639
  0
VERTEX
  5
567
  8
Layer_4
  10
192.89136
  20
965.9292
  0
VERTEX
  5
568
  8
Layer_4
  10
192.78076
  20
961.56201
  0
VERTEX
  5
569
  8
Layer_4
  10
192.67725
  20
957.19385
  0
VERTEX
  5
56a
  8
Layer_4
  10
192.58081
  20
952.82544
  0
VERTEX
  5
56b
  8
Layer_4
  10
192.49146
  20
948.45679
  0
VERTEX
  5
56c
  8
Layer_4
  10
192.40918
  20
944.0874
  0
VERTEX
  5
56d
  8
Layer_4
  10
192.33398
  20
939.71802
  0
VERTEX
  5
56e
  8
Layer_4
  10
192.26599
  20
935.3479
  0
VERTEX
  5
56f
  8
Layer_4
  10
192.20496
  20
930.97778
  0
VERTEX
  5
570
  8
Layer_4
  10
192.151
  20
926.60742
  0
VERTEX
  5
571
  8
Layer_4
  10
192.10425
  20
922.23633
  0
VERTEX
  5
572
  8
Layer_4
  10
192.06445
  20
917.86523
  0
VERTEX
  5
573
  8
Layer_4
  10
192.03186
  20
913.4939
  0
VERTEX
  5
574
  8
Layer_4
  10
192.00635
  20
909.12231
  0
VERTEX
  5
575
  8
Layer_4
  10
191.98779
  20
904.75024
  0
VERTEX
  5
576
  8
Layer_4
  10
191.97644
  20
900.37817
  0
VERTEX
  5
577
  8
Layer_4
  10
191.97229
  20
896.00586
  0
VERTEX
  5
578
  8
Layer_4
  10
191.9751
  20
891.6333
  0
VERTEX
  5
579
  8
Layer_4
  10
191.98499
  20
887.26074
  0
VERTEX
  5
57a
  8
Layer_4
  10
192.00195
  20
882.88794
  0
VERTEX
  5
57b
  8
Layer_4
  10
192.02612
  20
878.51489
  0
VERTEX
  5
57c
  8
Layer_4
  10
192.05737
  20
874.14185
  0
VERTEX
  5
57d
  8
Layer_4
  10
192.09558
  20
869.7688
  0
VERTEX
  5
57e
  8
Layer_4
  10
192.14099
  20
865.39551
  0
VERTEX
  5
57f
  8
Layer_4
  10
192.19348
  20
861.02222
  0
VERTEX
  5
580
  8
Layer_4
  10
192.2533
  20
856.64868
  0
VERTEX
  5
581
  8
Layer_4
  10
192.31995
  20
852.27515
  0
VERTEX
  5
582
  8
Layer_4
  10
192.3938
  20
847.90186
  0
VERTEX
  5
583
  8
Layer_4
  10
192.47473
  20
843.52832
  0
VERTEX
  5
584
  8
Layer_4
  10
192.56274
  20
839.15479
  0
VERTEX
  5
585
  8
Layer_4
  10
192.65796
  20
834.78149
  0
VERTEX
  5
586
  8
Layer_4
  10
192.76025
  20
830.40796
  0
VERTEX
  5
587
  8
Layer_4
  10
192.86951
  20
826.03467
  0
VERTEX
  5
588
  8
Layer_4
  10
192.98608
  20
821.66138
  0
VERTEX
  5
589
  8
Layer_4
  10
193.10962
  20
817.28809
  0
VERTEX
  5
58a
  8
Layer_4
  10
193.24036
  20
812.91504
  0
VERTEX
  5
58b
  8
Layer_4
  10
193.37817
  20
808.54224
  0
VERTEX
  5
58c
  8
Layer_4
  10
193.52319
  20
804.16943
  0
VERTEX
  5
58d
  8
Layer_4
  10
193.67517
  20
799.79663
  0
VERTEX
  5
58e
  8
Layer_4
  10
193.83435
  20
795.42432
  0
VERTEX
  5
58f
  8
Layer_4
  10
194.00061
  20
791.052
  0
VERTEX
  5
590
  8
Layer_4
  10
194.17407
  20
786.67993
  0
VERTEX
  5
591
  8
Layer_4
  10
194.35449
  20
782.30811
  0
VERTEX
  5
592
  8
Layer_4
  10
194.54211
  20
777.93628
  0
VERTEX
  5
593
  8
Layer_4
  10
194.73694
  20
773.56494
  0
VERTEX
  5
594
  8
Layer_4
  10
194.93884
  20
769.19385
  0
VERTEX
  5
595
  8
Layer_4
  10
195.14783
  20
764.823
  0
VERTEX
  5
596
  8
Layer_4
  10
228.55029
  20
78.000488
  0
SEQEND
  0
POLYLINE
  5
598
  8
Layer_4
  62
52
  66
1
  10
0
  20
0
  30
0
  0
VERTEX
  5
598
  8
Layer_4
  10
286.31018
  20
2868
  0
VERTEX
  5
599
  8
Layer_4
  10
321.46716
  20
1941.9189
  0
VERTEX
  5
59a
  8
Layer_4
  10
321.64868
  20
1937.0352
  0
VERTEX
  5
59b
  8
Layer_4
  10
321.82288
  20
1932.1519
  0
VERTEX
  5
59c
  8
Layer_4
  10
321.98938
  20
1927.2681
  0
VERTEX
  5
59d
  8
Layer_4
  10
322.14832
  20
1922.3843
  0
VERTEX
  5
59e
  8
Layer_4
  10
322.2998
  20
1917.5005
  0
VERTEX
  5
59f
  8
Layer_4
  10
322.44373
  20
1912.6162
  0
VERTEX
  5
5a0
  8
Layer_4
  10
322.58008
  20
1907.7324
  0
VERTEX
  5
5a1
  8
Layer_4
  10
322.70886
  20
1902.8481
  0
VERTEX
  5
5a2
  8
Layer_4
  10
322.83008
  20
1897.9639
  0
VERTEX
  5
5a3
  8
Layer_4
  10
322.94397
  20
1893.0796
  0
VERTEX
  5
5a4
  8
Layer_4
  10
323.05017
  20
1888.1953
  0
VERTEX
  5
5a5
  8
Layer_4
  10
323.1488
  20
1883.311
  0
VERTEX
  5
5a6
  8
Layer_4
  10
323.23999
  20
1878.4263
  0
VERTEX
  5
5a7
  8
Layer_4
  10
323.32349
  20
1873.542
  0
VERTEX
  5
5a8
  8
Layer_4
  10
323.39966
  20
1868.6577
  0
VERTEX
  5
5a9
  8
Layer_4
  10
323.46826
  20
1863.7739
  0
VERTEX
  5
5aa
  8
Layer_4
  10
323.5293
  20
1858.8896
  0
VERTEX
  5
5ab
  8
Layer_4
  10
323.58276
  20
1854.0054
  0
VERTEX
  5
5ac
  8
Layer_4
  10
323.62878
  20
1849.1216
  0
VERTEX
  5
5ad
  8
Layer_4
  10
323.66711
  20
1844.2378
  0
VERTEX
  5
5ae
  8
Layer_4
  10
323.698
  20
1839.354
  0
VERTEX
  5
5af
  8
Layer_4
  10
323.72144
  20
1834.4707
  0
VERTEX
  5
5b0
  8
Layer_4
  10
323.7373
  20
1829.5874
  0
VERTEX
  5
5b1
  8
Layer_4
  10
323.74573
  20
1824.7041
  0
VERTEX
  5
5b2
  8
Layer_4
  10
323.74658
  20
1819.8213
  0
VERTEX
  5
5b3
  8
Layer_4
  10
323.73987
  20
1814.9385
  0
VERTEX
  5
5b4
  8
Layer_4
  10
323.72559
  20
1810.0557
  0
VERTEX
  5
5b5
  8
Layer_4
  10
323.70386
  20
1805.1738
  0
VERTEX
  5
5b6
  8
Layer_4
  10
323.67468
  20
1800.2915
  0
VERTEX
  5
5b7
  8
Layer_4
  10
323.63782
  20
1795.4102
  0
VERTEX
  5
5b8
  8
Layer_4
  10
323.59363
  20
1790.5288
  0
VERTEX
  5
5b9
  8
Layer_4
  10
323.54187
  20
1785.6475
  0
VERTEX
  5
5ba
  8
Layer_4
  10
323.48254
  20
1780.7666
  0
VERTEX
  5
5bb
  8
Layer_4
  10
323.41565
  20
1775.8862
  0
VERTEX
  5
5bc
  8
Layer_4
  10
323.34131
  20
1771.0063
  0
VERTEX
  5
5bd
  8
Layer_4
  10
323.25952
  20
1766.127
  0
VERTEX
  5
5be
  8
Layer_4
  10
323.17017
  20
1761.2476
  0
VERTEX
  5
5bf
  8
Layer_4
  10
323.07336
  20
1756.3687
  0
VERTEX
  5
5c0
  8
Layer_4
  10
322.96899
  20
1751.4907
  0
VERTEX
  5
5c1
  8
Layer_4
  10
322.85706
  20
1746.6128
  0
VERTEX
  5
5c2
  8
Layer_4
  10
322.73779
  20
1741.7349
  0
VERTEX
  5
5c3
  8
Layer_4
  10
322.61084
  20
1736.8584
  0
VERTEX
  5
5c4
  8
Layer_4
  10
322.47644
  20
1731.9819
  0
VERTEX
  5
5c5
  8
Layer_4
  10
322.33459
  20
1727.106
  0
VERTEX
  5
5c6
  8
Layer_4
  10
322.18518
  20
1722.2305
  0
VERTEX
  5
5c7
  8
Layer_4
  10
322.02832
  20
1717.3555
  0
VERTEX
  5
5c8
  8
Layer_4
  10
321.86389
  20
1712.481
  0
VERTEX
  5
5c9
  8
Layer_4
  10
321.69202
  20
1707.6074
  0
VERTEX
  5
5ca
  8
Layer_4
  10
321.5127
  20
1702.7344
  0
VERTEX
  5
5cb
  8
Layer_4
  10
321.32568
  20
1697.8618
  0
VERTEX
  5
5cc
  8
Layer_4
  10
321.13147
  20
1692.9902
  0
VERTEX
  5
5cd
  8
Layer_4
  10
320.92957
  20
1688.1187
  0
VERTEX
  5
5ce
  8
Layer_4
  10
320.72009
  20
1683.2485
  0
VERTEX
  5
5cf
  8
Layer_4
  10
320.5033
  20
1678.3784
  0
VERTEX
  5
5d0
  8
Layer_4
  10
320.27893
  20
1673.5093
  0
VERTEX
  5
5d1
  8
Layer_4
  10
320.04712
  20
1668.6406
  0
VERTEX
  5
5d2
  8
Layer_4
  10
319.80786
  20
1663.7729
  0
VERTEX
  5
5d3
  8
Layer_4
  10
319.56104
  20
1658.9063
  0
VERTEX
  5
5d4
  8
Layer_4
  10
319.30676
  20
1654.04
  0
VERTEX
  5
5d5
  8
Layer_4
  10
319.04492
  20
1649.1743
  0
VERTEX
  5
5d6
  8
Layer_4
  10
318.77563
  20
1644.3096
  0
VERTEX
  5
5d7
  8
Layer_4
  10
318.49878
  20
1639.4458
  0
VERTEX
  5
5d8
  8
Layer_4
  10
318.2146
  20
1634.583
  0
VERTEX
  5
5d9
  8
Layer_4
  10
317.92297
  20
1629.7207
  0
VERTEX
  5
5da
  8
Layer_4
  10
317.62378
  20
1624.8594
  0
VERTEX
  5
5db
  8
Layer_4
  10
317.31702
  20
1619.999
  0
VERTEX
  5
5dc
  8
Layer_4
  10
317.00281
  20
1615.1392
  0
VERTEX
  5
5dd
  8
Layer_4
  10
316.68127
  20
1610.2808
  0
VERTEX
  5
5de
  8
Layer_4
  10
316.35217
  20
1605.4233
  0
VERTEX
  5
5df
  8
Layer_4
  10
316.0155
  20
1600.5664
  0
VERTEX
  5
5e0
  8
Layer_4
  10
315.67139
  20
1595.7104
  0
VERTEX
  5
5e1
  8
Layer_4
  10
315.31995
  20
1590.8555
  0
VERTEX
  5
5e2
  8
Layer_4
  10
314.96094
  20
1586.002
  0
VERTEX
  5
5e3
  8
Layer_4
  10
314.59448
  20
1581.1489
  0
VERTEX
  5
5e4
  8
Layer_4
  10
314.22046
  20
1576.2974
  0
VERTEX
  5
5e5
  8
Layer_4
  10
313.83899
  20
1571.4463
  0
VERTEX
  5
5e6
  8
Layer_4
  10
313.4502
  20
1566.5967
  0
VERTEX
  5
5e7
  8
Layer_4
  10
313.05371
  20
1561.748
  0
VERTEX
  5
5e8
  8
Layer_4
  10
312.6499
  20
1556.9009
  0
VERTEX
  5
5e9
  8
Layer_4
  10
312.23865
  20
1552.0542
  0
VERTEX
  5
5ea
  8
Layer_4
  10
311.81982
  20
1547.209
  0
VERTEX
  5
5eb
  8
Layer_4
  10
311.39368
  20
1542.3647
  0
VERTEX
  5
5ec
  8
Layer_4
  10
310.95996
  20
1537.5215
  0
VERTEX
  5
5ed
  8
Layer_4
  10
310.5188
  20
1532.6797
  0
VERTEX
  5
5ee
  8
Layer_4
  10
310.07019
  20
1527.8394
  0
VERTEX
  5
5ef
  8
Layer_4
  10
309.61401
  20
1523
  0
VERTEX
  5
5f0
  8
Layer_4
  10
309.15051
  20
1518.1616
  0
VERTEX
  5
5f1
  8
Layer_4
  10
308.67957
  20
1513.3247
  0
VERTEX
  5
5f2
  8
Layer_4
  10
308.20105
  20
1508.4888
  0
VERTEX
  5
5f3
  8
Layer_4
  10
307.71509
  20
1503.6543
  0
VERTEX
  5
5f4
  8
Layer_4
  10
307.22168
  20
1498.8213
  0
VERTEX
  5
5f5
  8
Layer_4
  10
306.72095
  20
1493.9893
  0
VERTEX
  5
5f6
  8
Layer_4
  10
306.21265
  20
1489.1587
  0
VERTEX
  5
5f7
  8
Layer_4
  10
305.6969
  20
1484.3296
  0
VERTEX
  5
5f8
  8
Layer_4
  10
305.17371
  20
1479.5015
  0
VERTEX
  5
5f9
  8
Layer_4
  10
304.64319
  20
1474.6753
  0
VERTEX
  5
5fa
  8
Layer_4
  10
304.10498
  20
1469.8501
  0
VERTEX
  5
5fb
  8
Layer_4
  10
303.55957
  20
1465.0264
  0
VERTEX
  5
5fc
  8
Layer_4
  10
303.00659
  20
1460.2041
  0
VERTEX
  5
5fd
  8
Layer_4
  10
302.44617
  20
1455.3833
  0
VERTEX
  5
5fe
  8
Layer_4
  10
301.8783
  20
1450.564
  0
VERTEX
  5
5ff
  8
Layer_4
  10
301.30298
  20
1445.7456
  0
VERTEX
  5
600
  8
Layer_4
  10
300.72021
  20
1440.9292
  0
VERTEX
  5
601
  8
Layer_4
  10
300.13
  20
1436.1143
  0
VERTEX
  5
602
  8
Layer_4
  10
299.53235
  20
1431.3008
  0
VERTEX
  5
603
  8
Layer_4
  10
298.92725
  20
1426.4888
  0
VERTEX
  5
604
  8
Layer_4
  10
298.3147
  20
1421.6787
  0
VERTEX
  5
605
  8
Layer_4
  10
297.69482
  20
1416.8701
  0
VERTEX
  5
606
  8
Layer_4
  10
297.06738
  20
1412.0625
  0
VERTEX
  5
607
  8
Layer_4
  10
296.4325
  20
1407.2568
  0
VERTEX
  5
608
  8
Layer_4
  10
295.79028
  20
1402.4531
  0
VERTEX
  5
609
  8
Layer_4
  10
295.14063
  20
1397.6504
  0
VERTEX
  5
60a
  8
Layer_4
  10
294.4834
  20
1392.8501
  0
VERTEX
  5
60b
  8
Layer_4
  10
293.81897
  20
1388.0508
  0
VERTEX
  5
60c
  8
Layer_4
  10
293.14697
  20
1383.2534
  0
VERTEX
  5
60d
  8
Layer_4
  10
292.46741
  20
1378.4575
  0
VERTEX
  5
60e
  8
Layer_4
  10
291.78064
  20
1373.6636
  0
VERTEX
  5
60f
  8
Layer_4
  10
291.0863
  20
1368.8716
  0
VERTEX
  5
610
  8
Layer_4
  10
290.38464
  20
1364.0811
  0
VERTEX
  5
611
  8
Layer_4
  10
289.67542
  20
1359.292
  0
VERTEX
  5
612
  8
Layer_4
  10
288.95898
  20
1354.5054
  0
VERTEX
  5
613
  8
Layer_4
  10
288.23499
  20
1349.7202
  0
VERTEX
  5
614
  8
Layer_4
  10
287.50342
  20
1344.9365
  0
VERTEX
  5
615
  8
Layer_4
  10
286.76465
  20
1340.1553
  0
VERTEX
  5
616
  8
Layer_4
  10
286.01831
  20
1335.3755
  0
VERTEX
  5
617
  8
Layer_4
  10
285.26477
  20
1330.5977
  0
VERTEX
  5
618
  8
Layer_4
  10
284.50366
  20
1325.8218
  0
VERTEX
  5
619
  8
Layer_4
  10
283.73499
  20
1321.0479
  0
VERTEX
  5
61a
  8
Layer_4
  10
283.04688
  20
1316.771
  0
VERTEX
  5
61b
  8
Layer_4
  10
282.36548
  20
1312.4927
  0
VERTEX
  5
61c
  8
Layer_4
  10
281.69128
  20
1308.2124
  0
VERTEX
  5
61d
  8
Layer_4
  10
281.02405
  20
1303.9302
  0
VERTEX
  5
61e
  8
Layer_4
  10
280.36389
  20
1299.6465
  0
VERTEX
  5
61f
  8
Layer_4
  10
279.71069
  20
1295.3613
  0
VERTEX
  5
620
  8
Layer_4
  10
279.06445
  20
1291.0742
  0
VERTEX
  5
621
  8
Layer_4
  10
278.42529
  20
1286.7852
  0
VERTEX
  5
622
  8
Layer_4
  10
277.79309
  20
1282.4951
  0
VERTEX
  5
623
  8
Layer_4
  10
277.16785
  20
1278.2031
  0
VERTEX
  5
624
  8
Layer_4
  10
276.54968
  20
1273.9092
  0
VERTEX
  5
625
  8
Layer_4
  10
275.9386
  20
1269.6143
  0
VERTEX
  5
626
  8
Layer_4
  10
275.33447
  20
1265.3174
  0
VERTEX
  5
627
  8
Layer_4
  10
274.7373
  20
1261.019
  0
VERTEX
  5
628
  8
Layer_4
  10
274.14734
  20
1256.7188
  0
VERTEX
  5
629
  8
Layer_4
  10
273.56421
  20
1252.4175
  0
VERTEX
  5
62a
  8
Layer_4
  10
272.98828
  20
1248.1143
  0
VERTEX
  5
62b
  8
Layer_4
  10
272.41919
  20
1243.8096
  0
VERTEX
  5
62c
  8
Layer_4
  10
271.85718
  20
1239.5039
  0
VERTEX
  5
62d
  8
Layer_4
  10
271.30225
  20
1235.1963
  0
VERTEX
  5
62e
  8
Layer_4
  10
270.75439
  20
1230.8872
  0
VERTEX
  5
62f
  8
Layer_4
  10
270.21338
  20
1226.5767
  0
VERTEX
  5
630
  8
Layer_4
  10
269.67957
  20
1222.2651
  0
VERTEX
  5
631
  8
Layer_4
  10
269.15271
  20
1217.9517
  0
VERTEX
  5
632
  8
Layer_4
  10
268.63281
  20
1213.6372
  0
VERTEX
  5
633
  8
Layer_4
  10
268.12012
  20
1209.3213
  0
VERTEX
  5
634
  8
Layer_4
  10
267.61438
  20
1205.0039
  0
VERTEX
  5
635
  8
Layer_4
  10
267.1156
  20
1200.6851
  0
VERTEX
  5
636
  8
Layer_4
  10
266.6239
  20
1196.3647
  0
VERTEX
  5
637
  8
Layer_4
  10
266.13928
  20
1192.0435
  0
VERTEX
  5
638
  8
Layer_4
  10
265.66162
  20
1187.7207
  0
VERTEX
  5
639
  8
Layer_4
  10
265.19104
  20
1183.397
  0
VERTEX
  5
63a
  8
Layer_4
  10
264.72742
  20
1179.0718
  0
VERTEX
  5
63b
  8
Layer_4
  10
264.271
  20
1174.7451
  0
VERTEX
  5
63c
  8
Layer_4
  10
263.82141
  20
1170.4175
  0
VERTEX
  5
63d
  8
Layer_4
  10
263.37903
  20
1166.0889
  0
VERTEX
  5
63e
  8
Layer_4
  10
262.9436
  20
1161.7588
  0
VERTEX
  5
63f
  8
Layer_4
  10
262.51526
  20
1157.4272
  0
VERTEX
  5
640
  8
Layer_4
  10
262.09399
  20
1153.0947
  0
VERTEX
  5
641
  8
Layer_4
  10
261.67969
  20
1148.7612
  0
VERTEX
  5
642
  8
Layer_4
  10
261.27234
  20
1144.4268
  0
VERTEX
  5
643
  8
Layer_4
  10
260.87219
  20
1140.0908
  0
VERTEX
  5
644
  8
Layer_4
  10
260.479
  20
1135.7539
  0
VERTEX
  5
645
  8
Layer_4
  10
260.0929
  20
1131.416
  0
VERTEX
  5
646
  8
Layer_4
  10
259.71399
  20
1127.0767
  0
VERTEX
  5
647
  8
Layer_4
  10
259.3418
  20
1122.7368
  0
VERTEX
  5
648
  8
Layer_4
  10
258.97693
  20
1118.3955
  0
VERTEX
  5
649
  8
Layer_4
  10
258.61902
  20
1114.0532
  0
VERTEX
  5
64a
  8
Layer_4
  10
258.26819
  20
1109.71
  0
VERTEX
  5
64b
  8
Layer_4
  10
257.92432
  20
1105.3657
  0
VERTEX
  5
64c
  8
Layer_4
  10
257.58765
  20
1101.0205
  0
VERTEX
  5
64d
  8
Layer_4
  10
257.25793
  20
1096.6748
  0
VERTEX
  5
64e
  8
Layer_4
  10
256.93518
  20
1092.3276
  0
VERTEX
  5
64f
  8
Layer_4
  10
256.61963
  20
1087.9795
  0
VERTEX
  5
650
  8
Layer_4
  10
256.31116
  20
1083.6309
  0
VERTEX
  5
651
  8
Layer_4
  10
256.00964
  20
1079.2808
  0
VERTEX
  5
652
  8
Layer_4
  10
255.71521
  20
1074.9302
  0
VERTEX
  5
653
  8
Layer_4
  10
255.42786
  20
1070.5791
  0
VERTEX
  5
654
  8
Layer_4
  10
255.14758
  20
1066.2266
  0
VERTEX
  5
655
  8
Layer_4
  10
254.87439
  20
1061.8735
  0
VERTEX
  5
656
  8
Layer_4
  10
254.60815
  20
1057.5195
  0
VERTEX
  5
657
  8
Layer_4
  10
254.349
  20
1053.165
  0
VERTEX
  5
658
  8
Layer_4
  10
254.09692
  20
1048.8091
  0
VERTEX
  5
659
  8
Layer_4
  10
253.85205
  20
1044.4531
  0
VERTEX
  5
65a
  8
Layer_4
  10
253.61401
  20
1040.0962
  0
VERTEX
  5
65b
  8
Layer_4
  10
253.38318
  20
1035.7383
  0
VERTEX
  5
65c
  8
Layer_4
  10
253.15942
  20
1031.3799
  0
VERTEX
  5
65d
  8
Layer_4
  10
252.94275
  20
1027.021
  0
VERTEX
  5
65e
  8
Layer_4
  10
252.73303
  20
1022.6611
  0
VERTEX
  5
65f
  8
Layer_4
  10
252.5304
  20
1018.3003
  0
VERTEX
  5
660
  8
Layer_4
  10
252.33496
  20
1013.9395
  0
VERTEX
  5
661
  8
Layer_4
  10
252.14648
  20
1009.5776
  0
VERTEX
  5
662
  8
Layer_4
  10
251.96509
  20
1005.2153
  0
VERTEX
  5
663
  8
Layer_4
  10
251.79089
  20
1000.8525
  0
VERTEX
  5
664
  8
Layer_4
  10
251.62366
  20
996.48877
  0
VERTEX
  5
665
  8
Layer_4
  10
251.46338
  20
992.125
  0
VERTEX
  5
666
  8
Layer_4
  10
251.31042
  20
987.76025
  0
VERTEX
  5
667
  8
Layer_4
  10
251.16443
  20
983.39502
  0
VERTEX
  5
668
  8
Layer_4
  10
251.02539
  20
979.0293
  0
VERTEX
  5
669
  8
Layer_4
  10
250.89368
  20
974.66309
  0
VERTEX
  5
66a
  8
Layer_4
  10
250.7688
  20
970.29639
  0
VERTEX
  5
66b
  8
Layer_4
  10
250.65125
  20
965.9292
  0
VERTEX
  5
66c
  8
Layer_4
  10
250.54065
  20
961.56201
  0
VERTEX
  5
66d
  8
Layer_4
  10
250.43713
  20
957.19385
  0
VERTEX
  5
66e
  8
Layer_4
  10
250.3407
  20
952.82544
  0
VERTEX
  5
66f
  8
Layer_4
  10
250.25134
  20
948.45679
  0
VERTEX
  5
670
  8
Layer_4
  10
250.16907
  20
944.0874
  0
VERTEX
  5
671
  8
Layer_4
  10
250.09387
  20
939.71802
  0
VERTEX
  5
672
  8
Layer_4
  10
250.02576
  20
935.3479
  0
VERTEX
  5
673
  8
Layer_4
  10
249.96472
  20
930.97778
  0
VERTEX
  5
674
  8
Layer_4
  10
249.91089
  20
926.60742
  0
VERTEX
  5
675
  8
Layer_4
  10
249.86401
  20
922.23633
  0
VERTEX
  5
676
  8
Layer_4
  10
249.82434
  20
917.86523
  0
VERTEX
  5
677
  8
Layer_4
  10
249.79163
  20
913.4939
  0
VERTEX
  5
678
  8
Layer_4
  10
249.76611
  20
909.12231
  0
VERTEX
  5
679
  8
Layer_4
  10
249.74768
  20
904.75024
  0
VERTEX
  5
67a
  8
Layer_4
  10
249.73633
  20
900.37817
  0
VERTEX
  5
67b
  8
Layer_4
  10
249.73206
  20
896.00586
  0
VERTEX
  5
67c
  8
Layer_4
  10
249.73486
  20
891.6333
  0
VERTEX
  5
67d
  8
Layer_4
  10
249.74475
  20
887.26074
  0
VERTEX
  5
67e
  8
Layer_4
  10
249.76184
  20
882.88794
  0
VERTEX
  5
67f
  8
Layer_4
  10
249.78589
  20
878.51489
  0
VERTEX
  5
680
  8
Layer_4
  10
249.81714
  20
874.14185
  0
VERTEX
  5
681
  8
Layer_4
  10
249.85547
  20
869.7688
  0
VERTEX
  5
682
  8
Layer_4
  10
249.90088
  20
865.39551
  0
VERTEX
  5
683
  8
Layer_4
  10
249.95349
  20
861.02222
  0
VERTEX
  5
684
  8
Layer_4
  10
250.01306
  20
856.64868
  0
VERTEX
  5
685
  8
Layer_4
  10
250.07971
  20
852.27515
  0
VERTEX
  5
686
  8
Layer_4
  10
250.15369
  20
847.90186
  0
VERTEX
  5
687
  8
Layer_4
  10
250.2345
  20
843.52832
  0
VERTEX
  5
688
  8
Layer_4
  10
250.32251
  20
839.15479
  0
VERTEX
  5
689
  8
Layer_4
  10
250.41772
  20
834.78149
  0
VERTEX
  5
68a
  8
Layer_4
  10
250.52002
  20
830.40796
  0
VERTEX
  5
68b
  8
Layer_4
  10
250.62939
  20
826.03467
  0
VERTEX
  5
68c
  8
Layer_4
  10
250.74585
  20
821.66138
  0
VERTEX
  5
68d
  8
Layer_4
  10
250.86938
  20
817.28809
  0
VERTEX
  5
68e
  8
Layer_4
  10
251.00012
  20
812.91504
  0
VERTEX
  5
68f
  8
Layer_4
  10
251.13794
  20
808.54224
  0
VERTEX
  5
690
  8
Layer_4
  10
251.28296
  20
804.16943
  0
VERTEX
  5
691
  8
Layer_4
  10
251.43494
  20
799.79663
  0
VERTEX
  5
692
  8
Layer_4
  10
251.59412
  20
795.42432
  0
VERTEX
  5
693
  8
Layer_4
  10
251.7605
  20
791.052
  0
VERTEX
  5
694
  8
Layer_4
  10
251.93384
  20
786.67993
  0
VERTEX
  5
695
  8
Layer_4
  10
252.11438
  20
782.30811
  0
VERTEX
  5
696
  8
Layer_4
  10
252.30188
  20
777.93628
  0
VERTEX
  5
697
  8
Layer_4
  10
252.4967
  20
773.56494
  0
VERTEX
  5
698
  8
Layer_4
  10
252.69849
  20
769.19385
  0
VERTEX
  5
699
  8
Layer_4
  10
252.90759
  20
764.823
  0
VERTEX
  5
69a
  8
Layer_4
  10
286.31018
  20
78.000488
  0
SEQEND
  0
POLYLINE
  5
69c
  8
Layer_4
  62
52
  66
1
  10
0
  20
0
  30
0
  0
VERTEX
  5
69c
  8
Layer_4
  10
373.69824
  20
78
  0
VERTEX
  5
69d
  8
Layer_4
  10
408.5741
  20
775.14648
  42
0.024191444
  0
VERTEX
  5
69e
  8
Layer_4
  10
409.31372
  20
1235.6089
  0
VERTEX
  5
69f
  8
Layer_4
  10
365.08459
  20
1756.3657
  0
VERTEX
  5
6a0
  8
Layer_4
  10
364.74939
  20
1760.3325
  0
VERTEX
  5
6a1
  8
Layer_4
  10
364.41809
  20
1764.3003
  0
VERTEX
  5
6a2
  8
Layer_4
  10
364.09058
  20
1768.2681
  0
VERTEX
  5
6a3
  8
Layer_4
  10
363.7666
  20
1772.2368
  0
VERTEX
  5
6a4
  8
Layer_4
  10
363.44653
  20
1776.2056
  0
VERTEX
  5
6a5
  8
Layer_4
  10
363.13
  20
1780.1753
  0
VERTEX
  5
6a6
  8
Layer_4
  10
362.81738
  20
1784.145
  0
VERTEX
  5
6a7
  8
Layer_4
  10
362.5083
  20
1788.1157
  0
VERTEX
  5
6a8
  8
Layer_4
  10
362.20313
  20
1792.0864
  0
VERTEX
  5
6a9
  8
Layer_4
  10
361.90149
  20
1796.0576
  0
VERTEX
  5
6aa
  8
Layer_4
  10
361.60376
  20
1800.0298
  0
VERTEX
  5
6ab
  8
Layer_4
  10
361.30969
  20
1804.002
  0
VERTEX
  5
6ac
  8
Layer_4
  10
361.01929
  20
1807.9746
  0
VERTEX
  5
6ad
  8
Layer_4
  10
360.73267
  20
1811.9478
  0
VERTEX
  5
6ae
  8
Layer_4
  10
360.44971
  20
1815.9214
  0
VERTEX
  5
6af
  8
Layer_4
  10
360.17053
  20
1819.8955
  0
VERTEX
  5
6b0
  8
Layer_4
  10
359.89514
  20
1823.8696
  0
VERTEX
  5
6b1
  8
Layer_4
  10
359.62329
  20
1827.8447
  0
VERTEX
  5
6b2
  8
Layer_4
  10
359.35535
  20
1831.8198
  0
VERTEX
  5
6b3
  8
Layer_4
  10
359.09106
  20
1835.7954
  0
VERTEX
  5
6b4
  8
Layer_4
  10
358.83044
  20
1839.7715
  0
VERTEX
  5
6b5
  8
Layer_4
  10
358.57361
  20
1843.748
  0
VERTEX
  5
6b6
  8
Layer_4
  10
358.32056
  20
1847.7251
  0
VERTEX
  5
6b7
  8
Layer_4
  10
358.07117
  20
1851.7021
  0
VERTEX
  5
6b8
  8
Layer_4
  10
357.82544
  20
1855.6797
  0
VERTEX
  5
6b9
  8
Layer_4
  10
357.5835
  20
1859.6577
  0
VERTEX
  5
6ba
  8
Layer_4
  10
357.34521
  20
1863.6362
  0
VERTEX
  5
6bb
  8
Layer_4
  10
357.11084
  20
1867.6152
  0
VERTEX
  5
6bc
  8
Layer_4
  10
356.88
  20
1871.5942
  0
VERTEX
  5
6bd
  8
Layer_4
  10
356.65308
  20
1875.5737
  0
VERTEX
  5
6be
  8
Layer_4
  10
356.42969
  20
1879.5532
  0
VERTEX
  5
6bf
  8
Layer_4
  10
356.21008
  20
1883.5337
  0
VERTEX
  5
6c0
  8
Layer_4
  10
355.99426
  20
1887.5142
  0
VERTEX
  5
6c1
  8
Layer_4
  10
355.7821
  20
1891.4951
  0
VERTEX
  5
6c2
  8
Layer_4
  10
355.57373
  20
1895.4761
  0
VERTEX
  5
6c3
  8
Layer_4
  10
355.36902
  20
1899.4575
  0
VERTEX
  5
6c4
  8
Layer_4
  10
355.16809
  20
1903.4395
  0
VERTEX
  5
6c5
  8
Layer_4
  10
354.97083
  20
1907.4219
  0
VERTEX
  5
6c6
  8
Layer_4
  10
354.77734
  20
1911.4043
  0
VERTEX
  5
6c7
  8
Layer_4
  10
354.58752
  20
1915.3872
  0
VERTEX
  5
6c8
  8
Layer_4
  10
354.40149
  20
1919.3701
  0
VERTEX
  5
6c9
  8
Layer_4
  10
354.21924
  20
1923.3535
  0
VERTEX
  5
6ca
  8
Layer_4
  10
354.04065
  20
1927.3369
  0
VERTEX
  5
6cb
  8
Layer_4
  10
353.86572
  20
1931.3213
  0
VERTEX
  5
6cc
  8
Layer_4
  10
353.69458
  20
1935.3052
  0
VERTEX
  5
6cd
  8
Layer_4
  10
353.52722
  20
1939.29
  0
VERTEX
  5
6ce
  8
Layer_4
  10
353.36353
  20
1943.2744
  0
VERTEX
  5
6cf
  8
Layer_4
  10
353.20361
  20
1947.2598
  0
VERTEX
  5
6d0
  8
Layer_4
  10
353.04749
  20
1951.2451
  0
VERTEX
  5
6d1
  8
Layer_4
  10
352.8949
  20
1955.2305
  0
VERTEX
  5
6d2
  8
Layer_4
  10
352.74609
  20
1959.2163
  0
VERTEX
  5
6d3
  8
Layer_4
  10
352.6012
  20
1963.2026
  0
VERTEX
  5
6d4
  8
Layer_4
  10
352.45984
  20
1967.1885
  0
VERTEX
  5
6d5
  8
Layer_4
  10
352.32227
  20
1971.1753
  0
VERTEX
  5
6d6
  8
Layer_4
  10
352.18848
  20
1975.1621
  0
VERTEX
  5
6d7
  8
Layer_4
  10
352.05835
  20
1979.1489
  0
VERTEX
  5
6d8
  8
Layer_4
  10
351.93188
  20
1983.1362
  0
VERTEX
  5
6d9
  8
Layer_4
  10
351.8092
  20
1987.1235
  0
VERTEX
  5
6da
  8
Layer_4
  10
351.69031
  20
1991.1113
  0
VERTEX
  5
6db
  8
Layer_4
  10
351.5752
  20
1995.0991
  0
VERTEX
  5
6dc
  8
Layer_4
  10
351.46362
  20
1999.0874
  0
VERTEX
  5
6dd
  8
Layer_4
  10
351.35596
  20
2003.0757
  0
VERTEX
  5
6de
  8
Layer_4
  10
351.25195
  20
2007.064
  0
VERTEX
  5
6df
  8
Layer_4
  10
351.15161
  20
2011.0527
  0
VERTEX
  5
6e0
  8
Layer_4
  10
351.05518
  20
2015.0415
  0
VERTEX
  5
6e1
  8
Layer_4
  10
350.96228
  20
2019.0303
  0
VERTEX
  5
6e2
  8
Layer_4
  10
350.87329
  20
2023.0195
  0
VERTEX
  5
6e3
  8
Layer_4
  10
350.78796
  20
2027.0088
  0
VERTEX
  5
6e4
  8
Layer_4
  10
350.7063
  20
2030.998
  0
VERTEX
  5
6e5
  8
Layer_4
  10
350.62842
  20
2034.9878
  0
VERTEX
  5
6e6
  8
Layer_4
  10
350.5542
  20
2038.9775
  0
VERTEX
  5
6e7
  8
Layer_4
  10
350.48389
  20
2042.9673
  0
VERTEX
  5
6e8
  8
Layer_4
  10
350.41711
  20
2046.9575
  0
VERTEX
  5
6e9
  8
Layer_4
  10
350.35413
  20
2050.9478
  0
VERTEX
  5
6ea
  8
Layer_4
  10
350.29492
  20
2054.938
  0
VERTEX
  5
6eb
  8
Layer_4
  10
350.23938
  20
2058.9287
  0
VERTEX
  5
6ec
  8
Layer_4
  10
350.18762
  20
2062.9189
  0
VERTEX
  5
6ed
  8
Layer_4
  10
350.13965
  20
2066.9097
  0
VERTEX
  5
6ee
  8
Layer_4
  10
350.09534
  20
2070.9004
  0
VERTEX
  5
6ef
  8
Layer_4
  10
350.05469
  20
2074.8916
  0
VERTEX
  5
6f0
  8
Layer_4
  10
350.01794
  20
2078.8823
  0
VERTEX
  5
6f1
  8
Layer_4
  10
349.98486
  20
2082.8735
  0
VERTEX
  5
6f2
  8
Layer_4
  10
349.95544
  20
2086.8647
  0
VERTEX
  5
6f3
  8
Layer_4
  10
349.92981
  20
2090.856
  0
VERTEX
  5
6f4
  8
Layer_4
  10
349.90796
  20
2094.8472
  0
VERTEX
  5
6f5
  8
Layer_4
  10
349.88977
  20
2098.8384
  0
VERTEX
  5
6f6
  8
Layer_4
  10
349.87537
  20
2102.8301
  0
VERTEX
  5
6f7
  8
Layer_4
  10
349.86462
  20
2106.8213
  0
VERTEX
  5
6f8
  8
Layer_4
  10
349.85767
  20
2110.813
  0
VERTEX
  5
6f9
  8
Layer_4
  10
349.85449
  20
2114.8047
  0
VERTEX
  5
6fa
  8
Layer_4
  10
349.85498
  20
2118.7964
  0
VERTEX
  5
6fb
  8
Layer_4
  10
349.85913
  20
2122.7881
  0
VERTEX
  5
6fc
  8
Layer_4
  10
349.86719
  20
2126.7798
  0
VERTEX
  5
6fd
  8
Layer_4
  10
349.87878
  20
2130.7715
  0
VERTEX
  5
6fe
  8
Layer_4
  10
349.89429
  20
2134.7632
  0
VERTEX
  5
6ff
  8
Layer_4
  10
349.91345
  20
2138.7554
  0
VERTEX
  5
700
  8
Layer_4
  10
349.93628
  20
2142.7471
  0
VERTEX
  5
701
  8
Layer_4
  10
349.96289
  20
2146.7388
  0
VERTEX
  5
702
  8
Layer_4
  10
349.99329
  20
2150.731
  0
VERTEX
  5
703
  8
Layer_4
  10
350.02747
  20
2154.7227
  0
VERTEX
  5
704
  8
Layer_4
  10
350.06519
  20
2158.7144
  0
VERTEX
  5
705
  8
Layer_4
  10
350.10681
  20
2162.7065
  0
VERTEX
  5
706
  8
Layer_4
  10
350.1521
  20
2166.6982
  0
VERTEX
  5
707
  8
Layer_4
  10
350.20129
  20
2170.6899
  0
VERTEX
  5
708
  8
Layer_4
  10
350.25403
  20
2174.6816
  0
VERTEX
  5
709
  8
Layer_4
  10
350.31055
  20
2178.6733
  0
VERTEX
  5
70a
  8
Layer_4
  10
350.37073
  20
2182.665
  0
VERTEX
  5
70b
  8
Layer_4
  10
350.43469
  20
2186.6567
  0
VERTEX
  5
70c
  8
Layer_4
  10
350.50256
  20
2190.6484
  0
VERTEX
  5
70d
  8
Layer_4
  10
350.57397
  20
2194.6401
  0
VERTEX
  5
70e
  8
Layer_4
  10
350.64917
  20
2198.6318
  0
VERTEX
  5
70f
  8
Layer_4
  10
350.72815
  20
2202.623
  0
VERTEX
  5
710
  8
Layer_4
  10
350.81079
  20
2206.6143
  0
VERTEX
  5
711
  8
Layer_4
  10
350.89722
  20
2210.606
  0
VERTEX
  5
712
  8
Layer_4
  10
350.9873
  20
2214.5972
  0
VERTEX
  5
713
  8
Layer_4
  10
351.0813
  20
2218.5884
  0
VERTEX
  5
714
  8
Layer_4
  10
351.17883
  20
2222.5796
  0
VERTEX
  5
715
  8
Layer_4
  10
351.28027
  20
2226.5703
  0
VERTEX
  5
716
  8
Layer_4
  10
351.38538
  20
2230.5615
  0
VERTEX
  5
717
  8
Layer_4
  10
351.49414
  20
2234.5522
  0
VERTEX
  5
718
  8
Layer_4
  10
351.60669
  20
2238.543
  0
VERTEX
  5
719
  8
Layer_4
  10
351.72302
  20
2242.5332
  0
VERTEX
  5
71a
  8
Layer_4
  10
351.84302
  20
2246.5239
  0
VERTEX
  5
71b
  8
Layer_4
  10
351.9668
  20
2250.5142
  0
VERTEX
  5
71c
  8
Layer_4
  10
352.09448
  20
2254.5044
  0
VERTEX
  5
71d
  8
Layer_4
  10
352.22559
  20
2258.4946
  0
VERTEX
  5
71e
  8
Layer_4
  10
352.3606
  20
2262.4844
  0
VERTEX
  5
71f
  8
Layer_4
  10
352.49939
  20
2266.4741
  0
VERTEX
  5
720
  8
Layer_4
  10
373.69885
  20
2868
  0
SEQEND
  0
POLYLINE
  5
722
  8
Layer_4
  62
52
  66
1
  10
0
  20
0
  30
0
  0
VERTEX
  5
722
  8
Layer_4
  10
436.20886
  20
78.000488
  0
VERTEX
  5
723
  8
Layer_4
  10
444.97363
  20
311.01831
  42
0.011291287
  0
VERTEX
  5
724
  8
Layer_4
  10
453.37158
  20
870.41992
  0
VERTEX
  5
725
  8
Layer_4
  10
453.34412
  20
873.87695
  0
VERTEX
  5
726
  8
Layer_4
  10
453.31396
  20
877.33374
  0
VERTEX
  5
727
  8
Layer_4
  10
453.28101
  20
880.79053
  0
VERTEX
  5
728
  8
Layer_4
  10
453.24536
  20
884.24707
  0
VERTEX
  5
729
  8
Layer_4
  10
453.20703
  20
887.70361
  0
VERTEX
  5
72a
  8
Layer_4
  10
453.16589
  20
891.15991
  0
VERTEX
  5
72b
  8
Layer_4
  10
453.12219
  20
894.61621
  0
VERTEX
  5
72c
  8
Layer_4
  10
453.07568
  20
898.07227
  0
VERTEX
  5
72d
  8
Layer_4
  10
453.02661
  20
901.52808
  0
VERTEX
  5
72e
  8
Layer_4
  10
452.97485
  20
904.98389
  0
VERTEX
  5
72f
  8
Layer_4
  10
452.92029
  20
908.4397
  0
VERTEX
  5
730
  8
Layer_4
  10
452.86316
  20
911.89502
  0
VERTEX
  5
731
  8
Layer_4
  10
452.80334
  20
915.35059
  0
VERTEX
  5
732
  8
Layer_4
  10
452.74084
  20
918.80566
  0
VERTEX
  5
733
  8
Layer_4
  10
452.67578
  20
922.26074
  0
VERTEX
  5
734
  8
Layer_4
  10
452.60791
  20
925.71558
  0
VERTEX
  5
735
  8
Layer_4
  10
452.53748
  20
929.17041
  0
VERTEX
  5
736
  8
Layer_4
  10
452.46448
  20
932.625
  0
VERTEX
  5
737
  8
Layer_4
  10
452.38879
  20
936.07935
  0
VERTEX
  5
738
  8
Layer_4
  10
452.31042
  20
939.53345
  0
VERTEX
  5
739
  8
Layer_4
  10
452.22949
  20
942.98755
  0
VERTEX
  5
73a
  8
Layer_4
  10
452.146
  20
946.44141
  0
VERTEX
  5
73b
  8
Layer_4
  10
452.05994
  20
949.89502
  0
VERTEX
  5
73c
  8
Layer_4
  10
451.97119
  20
953.34839
  0
VERTEX
  5
73d
  8
Layer_4
  10
451.87988
  20
956.80151
  0
VERTEX
  5
73e
  8
Layer_4
  10
451.78589
  20
960.25464
  0
VERTEX
  5
73f
  8
Layer_4
  10
451.68958
  20
963.70752
  0
VERTEX
  5
740
  8
Layer_4
  10
451.59058
  20
967.16016
  0
VERTEX
  5
741
  8
Layer_4
  10
451.48889
  20
970.61279
  0
VERTEX
  5
742
  8
Layer_4
  10
451.38477
  20
974.06494
  0
VERTEX
  5
743
  8
Layer_4
  10
451.27808
  20
977.5166
  0
VERTEX
  5
744
  8
Layer_4
  10
451.1687
  20
980.96875
  0
VERTEX
  5
745
  8
Layer_4
  10
451.05701
  20
984.41992
  0
VERTEX
  5
746
  8
Layer_4
  10
450.94263
  20
987.87158
  0
VERTEX
  5
747
  8
Layer_4
  10
450.82581
  20
991.32227
  0
VERTEX
  5
748
  8
Layer_4
  10
450.70642
  20
994.77344
  0
VERTEX
  5
749
  8
Layer_4
  10
450.58459
  20
998.22412
  0
VERTEX
  5
74a
  8
Layer_4
  10
450.46021
  20
1001.6743
  0
VERTEX
  5
74b
  8
Layer_4
  10
450.33337
  20
1005.1245
  0
VERTEX
  5
74c
  8
Layer_4
  10
450.20398
  20
1008.5742
  0
VERTEX
  5
74d
  8
Layer_4
  10
449.93774
  20
1015.4731
  0
VERTEX
  5
74e
  8
Layer_4
  10
449.66162
  20
1022.3711
  0
VERTEX
  5
74f
  8
Layer_4
  10
449.37561
  20
1029.2681
  0
VERTEX
  5
750
  8
Layer_4
  10
449.07996
  20
1036.1636
  0
VERTEX
  5
751
  8
Layer_4
  10
448.77429
  20
1043.0586
  0
VERTEX
  5
752
  8
Layer_4
  10
448.45911
  20
1049.9517
  0
VERTEX
  5
753
  8
Layer_4
  10
448.13428
  20
1056.8442
  0
VERTEX
  5
754
  8
Layer_4
  10
447.7998
  20
1063.7349
  0
VERTEX
  5
755
  8
Layer_4
  10
447.45581
  20
1070.625
  0
VERTEX
  5
756
  8
Layer_4
  10
447.10229
  20
1077.5132
  0
VERTEX
  5
757
  8
Layer_4
  10
446.73938
  20
1084.4004
  0
VERTEX
  5
758
  8
Layer_4
  10
446.36694
  20
1091.2861
  0
VERTEX
  5
759
  8
Layer_4
  10
425.65771
  20
1469.4521
  0
VERTEX
  5
75a
  8
Layer_4
  10
425.22778
  20
1477.3589
  0
VERTEX
  5
75b
  8
Layer_4
  10
424.80383
  20
1485.2666
  0
VERTEX
  5
75c
  8
Layer_4
  10
424.38599
  20
1493.1748
  0
VERTEX
  5
75d
  8
Layer_4
  10
423.97412
  20
1501.0835
  0
VERTEX
  5
75e
  8
Layer_4
  10
423.56836
  20
1508.9932
  0
VERTEX
  5
75f
  8
Layer_4
  10
423.16858
  20
1516.9038
  0
VERTEX
  5
760
  8
Layer_4
  10
422.77478
  20
1524.8149
  0
VERTEX
  5
761
  8
Layer_4
  10
422.38708
  20
1532.7266
  0
VERTEX
  5
762
  8
Layer_4
  10
422.00549
  20
1540.6387
  0
VERTEX
  5
763
  8
Layer_4
  10
421.62988
  20
1548.5518
  0
VERTEX
  5
764
  8
Layer_4
  10
421.26025
  20
1556.4653
  0
VERTEX
  5
765
  8
Layer_4
  10
420.89661
  20
1564.3799
  0
VERTEX
  5
766
  8
Layer_4
  10
420.53918
  20
1572.2944
  0
VERTEX
  5
767
  8
Layer_4
  10
420.18774
  20
1580.21
  0
VERTEX
  5
768
  8
Layer_4
  10
419.84229
  20
1588.126
  0
VERTEX
  5
769
  8
Layer_4
  10
419.50281
  20
1596.0425
  0
VERTEX
  5
76a
  8
Layer_4
  10
419.16956
  20
1603.96
  0
VERTEX
  5
76b
  8
Layer_4
  10
418.84216
  20
1611.8779
  0
VERTEX
  5
76c
  8
Layer_4
  10
418.521
  20
1619.7959
  0
VERTEX
  5
76d
  8
Layer_4
  10
418.20569
  20
1627.7148
  0
VERTEX
  5
76e
  8
Layer_4
  10
417.89648
  20
1635.6343
  0
VERTEX
  5
76f
  8
Layer_4
  10
417.59326
  20
1643.5542
  0
VERTEX
  5
770
  8
Layer_4
  10
417.29614
  20
1651.4746
  0
VERTEX
  5
771
  8
Layer_4
  10
417.005
  20
1659.3955
  0
VERTEX
  5
772
  8
Layer_4
  10
416.72009
  20
1667.3174
  0
VERTEX
  5
773
  8
Layer_4
  10
416.44104
  20
1675.2393
  0
VERTEX
  5
774
  8
Layer_4
  10
416.16809
  20
1683.1616
  0
VERTEX
  5
775
  8
Layer_4
  10
415.901
  20
1691.0845
  0
VERTEX
  5
776
  8
Layer_4
  10
415.64014
  20
1699.0078
  0
VERTEX
  5
777
  8
Layer_4
  10
415.38538
  20
1706.9316
  0
VERTEX
  5
778
  8
Layer_4
  10
415.1366
  20
1714.856
  0
VERTEX
  5
779
  8
Layer_4
  10
414.8938
  20
1722.7803
  0
VERTEX
  5
77a
  8
Layer_4
  10
414.65698
  20
1730.7056
  0
VERTEX
  5
77b
  8
Layer_4
  10
414.42627
  20
1738.6309
  0
VERTEX
  5
77c
  8
Layer_4
  10
414.20166
  20
1746.5571
  0
VERTEX
  5
77d
  8
Layer_4
  10
413.98291
  20
1754.4834
  0
VERTEX
  5
77e
  8
Layer_4
  10
413.77039
  20
1762.4097
  0
VERTEX
  5
77f
  8
Layer_4
  10
413.56384
  20
1770.3369
  0
VERTEX
  5
780
  8
Layer_4
  10
413.36328
  20
1778.2642
  0
VERTEX
  5
781
  8
Layer_4
  10
413.16882
  20
1786.1919
  0
VERTEX
  5
782
  8
Layer_4
  10
412.98047
  20
1794.1201
  0
VERTEX
  5
783
  8
Layer_4
  10
412.7981
  20
1802.0483
  0
VERTEX
  5
784
  8
Layer_4
  10
412.6217
  20
1809.9771
  0
VERTEX
  5
785
  8
Layer_4
  10
412.45142
  20
1817.9063
  0
VERTEX
  5
786
  8
Layer_4
  10
412.28711
  20
1825.8354
  0
VERTEX
  5
787
  8
Layer_4
  10
412.12878
  20
1833.7651
  0
VERTEX
  5
788
  8
Layer_4
  10
411.97668
  20
1841.6948
  0
VERTEX
  5
789
  8
Layer_4
  10
411.83057
  20
1849.625
  0
VERTEX
  5
78a
  8
Layer_4
  10
411.69043
  20
1857.5557
  0
VERTEX
  5
78b
  8
Layer_4
  10
411.5564
  20
1865.4863
  0
VERTEX
  5
78c
  8
Layer_4
  10
411.42834
  20
1873.417
  0
VERTEX
  5
78d
  8
Layer_4
  10
411.3064
  20
1881.3481
  0
VERTEX
  5
78e
  8
Layer_4
  10
411.19031
  20
1889.2793
  0
VERTEX
  5
78f
  8
Layer_4
  10
411.08044
  20
1897.2109
  0
VERTEX
  5
790
  8
Layer_4
  10
410.97668
  20
1905.1426
  0
VERTEX
  5
791
  8
Layer_4
  10
410.87878
  20
1913.0747
  0
VERTEX
  5
792
  8
Layer_4
  10
410.78699
  20
1921.0068
  0
VERTEX
  5
793
  8
Layer_4
  10
410.70129
  20
1928.939
  0
VERTEX
  5
794
  8
Layer_4
  10
410.62158
  20
1936.8716
  0
VERTEX
  5
795
  8
Layer_4
  10
410.54785
  20
1944.8042
  0
VERTEX
  5
796
  8
Layer_4
  10
410.48022
  20
1952.7368
  0
VERTEX
  5
797
  8
Layer_4
  10
410.41858
  20
1960.6699
  0
VERTEX
  5
798
  8
Layer_4
  10
410.36304
  20
1968.603
  0
VERTEX
  5
799
  8
Layer_4
  10
410.3136
  20
1976.5361
  0
VERTEX
  5
79a
  8
Layer_4
  10
410.27014
  20
1984.4692
  0
VERTEX
  5
79b
  8
Layer_4
  10
410.23279
  20
1992.4023
  0
VERTEX
  5
79c
  8
Layer_4
  10
410.20129
  20
2000.3359
  0
VERTEX
  5
79d
  8
Layer_4
  10
410.1759
  20
2008.2695
  0
VERTEX
  5
79e
  8
Layer_4
  10
410.15662
  20
2016.2026
  0
VERTEX
  5
79f
  8
Layer_4
  10
410.14343
  20
2024.1362
  0
VERTEX
  5
7a0
  8
Layer_4
  10
410.13611
  20
2032.0698
  0
VERTEX
  5
7a1
  8
Layer_4
  10
410.13501
  20
2040.0034
  0
VERTEX
  5
7a2
  8
Layer_4
  10
410.13989
  20
2047.9375
  0
VERTEX
  5
7a3
  8
Layer_4
  10
410.15076
  20
2055.8711
  0
VERTEX
  5
7a4
  8
Layer_4
  10
410.16772
  20
2063.8047
  0
VERTEX
  5
7a5
  8
Layer_4
  10
410.1908
  20
2071.7383
  0
VERTEX
  5
7a6
  8
Layer_4
  10
410.21973
  20
2079.6719
  0
VERTEX
  5
7a7
  8
Layer_4
  10
410.25488
  20
2087.6055
  0
VERTEX
  5
7a8
  8
Layer_4
  10
410.2959
  20
2095.5391
  0
VERTEX
  5
7a9
  8
Layer_4
  10
410.34302
  20
2103.4727
  0
VERTEX
  5
7aa
  8
Layer_4
  10
410.39624
  20
2111.4063
  0
VERTEX
  5
7ab
  8
Layer_4
  10
410.45557
  20
2119.3398
  0
VERTEX
  5
7ac
  8
Layer_4
  10
410.52075
  20
2127.2729
  0
VERTEX
  5
7ad
  8
Layer_4
  10
410.59216
  20
2135.2061
  0
VERTEX
  5
7ae
  8
Layer_4
  10
410.66943
  20
2143.1392
  0
VERTEX
  5
7af
  8
Layer_4
  10
410.75281
  20
2151.0723
  0
VERTEX
  5
7b0
  8
Layer_4
  10
410.84229
  20
2159.0054
  0
VERTEX
  5
7b1
  8
Layer_4
  10
410.93787
  20
2166.938
  0
VERTEX
  5
7b2
  8
Layer_4
  10
411.03931
  20
2174.8706
  0
VERTEX
  5
7b3
  8
Layer_4
  10
411.14697
  20
2182.8032
  0
VERTEX
  5
7b4
  8
Layer_4
  10
411.2605
  20
2190.7358
  0
VERTEX
  5
7b5
  8
Layer_4
  10
411.38013
  20
2198.668
  0
VERTEX
  5
7b6
  8
Layer_4
  10
411.50586
  20
2206.6001
  0
VERTEX
  5
7b7
  8
Layer_4
  10
411.6377
  20
2214.5317
  0
VERTEX
  5
7b8
  8
Layer_4
  10
411.77539
  20
2222.4634
  0
VERTEX
  5
7b9
  8
Layer_4
  10
411.91919
  20
2230.395
  0
VERTEX
  5
7ba
  8
Layer_4
  10
412.06909
  20
2238.3262
  0
VERTEX
  5
7bb
  8
Layer_4
  10
412.2251
  20
2246.2573
  0
VERTEX
  5
7bc
  8
Layer_4
  10
412.38696
  20
2254.188
  0
VERTEX
  5
7bd
  8
Layer_4
  10
412.55493
  20
2262.1187
  0
VERTEX
  5
7be
  8
Layer_4
  10
412.729
  20
2270.0488
  0
VERTEX
  5
7bf
  8
Layer_4
  10
412.90918
  20
2277.979
  0
VERTEX
  5
7c0
  8
Layer_4
  10
413.09521
  20
2285.9087
  0
VERTEX
  5
7c1
  8
Layer_4
  10
413.28748
  20
2293.8379
  0
VERTEX
  5
7c2
  8
Layer_4
  10
413.4856
  20
2301.7671
  0
VERTEX
  5
7c3
  8
Layer_4
  10
413.68982
  20
2309.6958
  0
VERTEX
  5
7c4
  8
Layer_4
  10
413.90015
  20
2317.6245
  0
VERTEX
  5
7c5
  8
Layer_4
  10
414.11658
  20
2325.5527
  0
VERTEX
  5
7c6
  8
Layer_4
  10
414.33899
  20
2333.4805
  0
VERTEX
  5
7c7
  8
Layer_4
  10
414.56738
  20
2341.4082
  0
VERTEX
  5
7c8
  8
Layer_4
  10
414.80188
  20
2349.3354
  0
VERTEX
  5
7c9
  8
Layer_4
  10
415.04236
  20
2357.2622
  0
VERTEX
  5
7ca
  8
Layer_4
  10
415.28882
  20
2365.1885
  0
VERTEX
  5
7cb
  8
Layer_4
  10
415.5415
  20
2373.1147
  0
VERTEX
  5
7cc
  8
Layer_4
  10
415.80017
  20
2381.0405
  0
VERTEX
  5
7cd
  8
Layer_4
  10
416.06482
  20
2388.9658
  0
VERTEX
  5
7ce
  8
Layer_4
  10
416.33557
  20
2396.8906
  0
VERTEX
  5
7cf
  8
Layer_4
  10
416.6123
  20
2404.8149
  0
VERTEX
  5
7d0
  8
Layer_4
  10
416.89514
  20
2412.7393
  0
VERTEX
  5
7d1
  8
Layer_4
  10
417.18408
  20
2420.6626
  0
VERTEX
  5
7d2
  8
Layer_4
  10
417.47888
  20
2428.5859
  0
VERTEX
  5
7d3
  8
Layer_4
  10
417.77991
  20
2436.5083
  0
VERTEX
  5
7d4
  8
Layer_4
  10
418.08691
  20
2444.4307
  0
VERTEX
  5
7d5
  8
Layer_4
  10
418.3999
  20
2452.3525
  0
VERTEX
  5
7d6
  8
Layer_4
  10
418.71899
  20
2460.2734
  0
VERTEX
  5
7d7
  8
Layer_4
  10
419.04419
  20
2468.1943
  0
VERTEX
  5
7d8
  8
Layer_4
  10
419.37537
  20
2476.1143
  0
VERTEX
  5
7d9
  8
Layer_4
  10
419.71252
  20
2484.0342
  0
VERTEX
  5
7da
  8
Layer_4
  10
436.20886
  20
2868
  0
SEQEND
  0
POLYLINE
  5
7dc
  8
Layer_4
  62
52
  66
1
  10
0
  20
0
  30
0
  0
VERTEX
  5
7dc
  8
Layer_4
  10
512.16943
  20
78.000244
  0
VERTEX
  5
7dd
  8
Layer_4
  10
488.95654
  20
714.98804
  42
-0.017993739
  0
VERTEX
  5
7de
  8
Layer_4
  10
488.72302
  20
1240.4536
  0
VERTEX
  5
7df
  8
Layer_4
  10
513.67517
  20
1610.4736
  0
VERTEX
  5
7e0
  8
Layer_4
  10
514.15942
  20
1617.7012
  0
VERTEX
  5
7e1
  8
Layer_4
  10
514.6377
  20
1624.9302
  0
VERTEX
  5
7e2
  8
Layer_4
  10
515.10962
  20
1632.1606
  0
VERTEX
  5
7e3
  8
Layer_4
  10
515.57544
  20
1639.3926
  0
VERTEX
  5
7e4
  8
Layer_4
  10
516.03528
  20
1646.625
  0
VERTEX
  5
7e5
  8
Layer_4
  10
516.48889
  20
1653.8594
  0
VERTEX
  5
7e6
  8
Layer_4
  10
516.93628
  20
1661.0947
  0
VERTEX
  5
7e7
  8
Layer_4
  10
517.37756
  20
1668.3311
  0
VERTEX
  5
7e8
  8
Layer_4
  10
517.81274
  20
1675.5684
  0
VERTEX
  5
7e9
  8
Layer_4
  10
518.2417
  20
1682.8071
  0
VERTEX
  5
7ea
  8
Layer_4
  10
518.66467
  20
1690.0469
  0
VERTEX
  5
7eb
  8
Layer_4
  10
519.0813
  20
1697.2881
  0
VERTEX
  5
7ec
  8
Layer_4
  10
519.49194
  20
1704.5298
  0
VERTEX
  5
7ed
  8
Layer_4
  10
519.89636
  20
1711.7734
  0
VERTEX
  5
7ee
  8
Layer_4
  10
520.29468
  20
1719.0176
  0
VERTEX
  5
7ef
  8
Layer_4
  10
520.68689
  20
1726.2627
  0
VERTEX
  5
7f0
  8
Layer_4
  10
521.07288
  20
1733.5088
  0
VERTEX
  5
7f1
  8
Layer_4
  10
521.45276
  20
1740.7563
  0
VERTEX
  5
7f2
  8
Layer_4
  10
521.82654
  20
1748.0049
  0
VERTEX
  5
7f3
  8
Layer_4
  10
522.19409
  20
1755.2539
  0
VERTEX
  5
7f4
  8
Layer_4
  10
522.55554
  20
1762.5044
  0
VERTEX
  5
7f5
  8
Layer_4
  10
522.91089
  20
1769.7559
  0
VERTEX
  5
7f6
  8
Layer_4
  10
523.25989
  20
1777.0078
  0
VERTEX
  5
7f7
  8
Layer_4
  10
523.60303
  20
1784.2612
  0
VERTEX
  5
7f8
  8
Layer_4
  10
523.93982
  20
1791.5151
  0
VERTEX
  5
7f9
  8
Layer_4
  10
524.27051
  20
1798.7705
  0
VERTEX
  5
7fa
  8
Layer_4
  10
524.59509
  20
1806.0264
  0
VERTEX
  5
7fb
  8
Layer_4
  10
524.9137
  20
1813.2832
  0
VERTEX
  5
7fc
  8
Layer_4
  10
525.22583
  20
1820.5405
  0
VERTEX
  5
7fd
  8
Layer_4
  10
525.53198
  20
1827.7993
  0
VERTEX
  5
7fe
  8
Layer_4
  10
525.83203
  20
1835.0586
  0
VERTEX
  5
7ff
  8
Layer_4
  10
526.12585
  20
1842.3184
  0
VERTEX
  5
800
  8
Layer_4
  10
526.41357
  20
1849.5796
  0
VERTEX
  5
801
  8
Layer_4
  10
526.69519
  20
1856.8413
  0
VERTEX
  5
802
  8
Layer_4
  10
526.97058
  20
1864.1035
  0
VERTEX
  5
803
  8
Layer_4
  10
527.23975
  20
1871.3667
  0
VERTEX
  5
804
  8
Layer_4
  10
527.50281
  20
1878.6309
  0
VERTEX
  5
805
  8
Layer_4
  10
527.75989
  20
1885.8955
  0
VERTEX
  5
806
  8
Layer_4
  10
528.01062
  20
1893.1611
  0
VERTEX
  5
807
  8
Layer_4
  10
528.25537
  20
1900.4268
  0
VERTEX
  5
808
  8
Layer_4
  10
528.4939
  20
1907.6938
  0
VERTEX
  5
809
  8
Layer_4
  10
528.7262
  20
1914.9609
  0
VERTEX
  5
80a
  8
Layer_4
  10
528.95239
  20
1922.229
  0
VERTEX
  5
80b
  8
Layer_4
  10
529.17249
  20
1929.498
  0
VERTEX
  5
80c
  8
Layer_4
  10
529.38647
  20
1936.7671
  0
VERTEX
  5
80d
  8
Layer_4
  10
529.59424
  20
1944.0371
  0
VERTEX
  5
80e
  8
Layer_4
  10
529.7959
  20
1951.3076
  0
VERTEX
  5
80f
  8
Layer_4
  10
529.99133
  20
1958.5786
  0
VERTEX
  5
810
  8
Layer_4
  10
530.18066
  20
1965.8501
  0
VERTEX
  5
811
  8
Layer_4
  10
530.36389
  20
1973.1226
  0
VERTEX
  5
812
  8
Layer_4
  10
530.54089
  20
1980.395
  0
VERTEX
  5
813
  8
Layer_4
  10
530.71179
  20
1987.6685
  0
VERTEX
  5
814
  8
Layer_4
  10
530.87659
  20
1994.9419
  0
VERTEX
  5
815
  8
Layer_4
  10
531.03503
  20
2002.2163
  0
VERTEX
  5
816
  8
Layer_4
  10
531.1875
  20
2009.4907
  0
VERTEX
  5
817
  8
Layer_4
  10
531.33374
  20
2016.7656
  0
VERTEX
  5
818
  8
Layer_4
  10
531.47388
  20
2024.0415
  0
VERTEX
  5
819
  8
Layer_4
  10
531.60779
  20
2031.3174
  0
VERTEX
  5
81a
  8
Layer_4
  10
531.73572
  20
2038.5933
  0
VERTEX
  5
81b
  8
Layer_4
  10
531.8573
  20
2045.8701
  0
VERTEX
  5
81c
  8
Layer_4
  10
531.97278
  20
2053.1475
  0
VERTEX
  5
81d
  8
Layer_4
  10
532.08228
  20
2060.4248
  0
VERTEX
  5
81e
  8
Layer_4
  10
532.18542
  20
2067.7026
  0
VERTEX
  5
81f
  8
Layer_4
  10
532.28259
  20
2074.9805
  0
VERTEX
  5
820
  8
Layer_4
  10
532.37341
  20
2082.2588
  0
VERTEX
  5
821
  8
Layer_4
  10
532.45813
  20
2089.5376
  0
VERTEX
  5
822
  8
Layer_4
  10
532.53674
  20
2096.8169
  0
VERTEX
  5
823
  8
Layer_4
  10
532.60925
  20
2104.0957
  0
VERTEX
  5
824
  8
Layer_4
  10
532.67554
  20
2111.3755
  0
VERTEX
  5
825
  8
Layer_4
  10
532.7356
  20
2118.6553
  0
VERTEX
  5
826
  8
Layer_4
  10
532.78967
  20
2125.9351
  0
VERTEX
  5
827
  8
Layer_4
  10
532.8374
  20
2133.2153
  0
VERTEX
  5
828
  8
Layer_4
  10
532.87915
  20
2140.4956
  0
VERTEX
  5
829
  8
Layer_4
  10
532.91467
  20
2147.7759
  0
VERTEX
  5
82a
  8
Layer_4
  10
532.94409
  20
2155.0566
  0
VERTEX
  5
82b
  8
Layer_4
  10
532.96729
  20
2162.3374
  0
VERTEX
  5
82c
  8
Layer_4
  10
532.98438
  20
2169.6187
  0
VERTEX
  5
82d
  8
Layer_4
  10
532.99524
  20
2176.8994
  0
VERTEX
  5
82e
  8
Layer_4
  10
532.99988
  20
2184.1807
  0
VERTEX
  5
82f
  8
Layer_4
  10
532.99854
  20
2191.4619
  0
VERTEX
  5
830
  8
Layer_4
  10
532.99109
  20
2198.7432
  0
VERTEX
  5
831
  8
Layer_4
  10
532.97729
  20
2206.0244
  0
VERTEX
  5
832
  8
Layer_4
  10
532.9574
  20
2213.3057
  0
VERTEX
  5
833
  8
Layer_4
  10
532.9314
  20
2220.5874
  0
VERTEX
  5
834
  8
Layer_4
  10
532.89917
  20
2227.8687
  0
VERTEX
  5
835
  8
Layer_4
  10
532.86084
  20
2235.1499
  0
VERTEX
  5
836
  8
Layer_4
  10
532.81628
  20
2242.4316
  0
VERTEX
  5
837
  8
Layer_4
  10
532.76563
  20
2249.7129
  0
VERTEX
  5
838
  8
Layer_4
  10
532.70886
  20
2256.9941
  0
VERTEX
  5
839
  8
Layer_4
  10
532.64587
  20
2264.2754
  0
VERTEX
  5
83a
  8
Layer_4
  10
532.57678
  20
2271.5566
  0
VERTEX
  5
83b
  8
Layer_4
  10
532.50146
  20
2278.8374
  0
VERTEX
  5
83c
  8
Layer_4
  10
532.42004
  20
2286.1182
  0
VERTEX
  5
83d
  8
Layer_4
  10
532.3324
  20
2293.3989
  0
VERTEX
  5
83e
  8
Layer_4
  10
532.23865
  20
2300.6797
  0
VERTEX
  5
83f
  8
Layer_4
  10
532.13879
  20
2307.96
  0
VERTEX
  5
840
  8
Layer_4
  10
532.03259
  20
2315.2402
  0
VERTEX
  5
841
  8
Layer_4
  10
531.92029
  20
2322.5205
  0
VERTEX
  5
842
  8
Layer_4
  10
531.80188
  20
2329.8003
  0
VERTEX
  5
843
  8
Layer_4
  10
531.67749
  20
2337.0801
  0
VERTEX
  5
844
  8
Layer_4
  10
531.54663
  20
2344.3594
  0
VERTEX
  5
845
  8
Layer_4
  10
531.40979
  20
2351.6387
  0
VERTEX
  5
846
  8
Layer_4
  10
531.26672
  20
2358.9175
  0
VERTEX
  5
847
  8
Layer_4
  10
531.11755
  20
2366.1963
  0
VERTEX
  5
848
  8
Layer_4
  10
530.96216
  20
2373.4746
  0
VERTEX
  5
849
  8
Layer_4
  10
530.80066
  20
2380.7524
  0
VERTEX
  5
84a
  8
Layer_4
  10
530.63293
  20
2388.0298
  0
VERTEX
  5
84b
  8
Layer_4
  10
530.45911
  20
2395.3076
  0
VERTEX
  5
84c
  8
Layer_4
  10
530.27917
  20
2402.5845
  0
VERTEX
  5
84d
  8
Layer_4
  10
530.0929
  20
2409.8608
  0
VERTEX
  5
84e
  8
Layer_4
  10
529.90063
  20
2417.1372
  0
VERTEX
  5
84f
  8
Layer_4
  10
529.70215
  20
2424.4131
  0
VERTEX
  5
850
  8
Layer_4
  10
529.49744
  20
2431.688
  0
VERTEX
  5
851
  8
Layer_4
  10
529.28662
  20
2438.9629
  0
VERTEX
  5
852
  8
Layer_4
  10
529.06958
  20
2446.2378
  0
VERTEX
  5
853
  8
Layer_4
  10
528.84656
  20
2453.5117
  0
VERTEX
  5
854
  8
Layer_4
  10
528.61719
  20
2460.7852
  0
VERTEX
  5
855
  8
Layer_4
  10
528.38171
  20
2468.0581
  0
VERTEX
  5
856
  8
Layer_4
  10
528.14001
  20
2475.3306
  0
VERTEX
  5
857
  8
Layer_4
  10
527.89221
  20
2482.6025
  0
VERTEX
  5
858
  8
Layer_4
  10
527.63831
  20
2489.874
  0
VERTEX
  5
859
  8
Layer_4
  10
527.37817
  20
2497.145
  0
VERTEX
  5
85a
  8
Layer_4
  10
527.11194
  20
2504.4155
  0
VERTEX
  5
85b
  8
Layer_4
  10
526.83948
  20
2511.6851
  0
VERTEX
  5
85c
  8
Layer_4
  10
526.56079
  20
2518.9541
  0
VERTEX
  5
85d
  8
Layer_4
  10
526.276
  20
2526.2227
  0
VERTEX
  5
85e
  8
Layer_4
  10
525.98499
  20
2533.4902
  0
VERTEX
  5
85f
  8
Layer_4
  10
525.68799
  20
2540.7578
  0
VERTEX
  5
860
  8
Layer_4
  10
512.16943
  20
2868
  0
SEQEND
  0
POLYLINE
  5
862
  8
Layer_4
  62
52
  66
1
  10
0
  20
0
  30
0
  0
VERTEX
  5
862
  8
Layer_4
  10
643.93958
  20
78.000244
  0
VERTEX
  5
863
  8
Layer_4
  10
638.46558
  20
311.01807
  0
VERTEX
  5
864
  8
Layer_4
  10
638.41431
  20
313.19629
  0
VERTEX
  5
865
  8
Layer_4
  10
638.3634
  20
315.36694
  0
VERTEX
  5
866
  8
Layer_4
  10
638.31287
  20
317.52954
  0
VERTEX
  5
867
  8
Layer_4
  10
638.26233
  20
319.68433
  0
VERTEX
  5
868
  8
Layer_4
  10
638.21216
  20
321.8313
  0
VERTEX
  5
869
  8
Layer_4
  10
638.16223
  20
323.9707
  0
VERTEX
  5
86a
  8
Layer_4
  10
638.11255
  20
326.10229
  0
VERTEX
  5
86b
  8
Layer_4
  10
638.06299
  20
328.22632
  0
VERTEX
  5
86c
  8
Layer_4
  10
638.01379
  20
330.34302
  0
VERTEX
  5
86d
  8
Layer_4
  10
637.96484
  20
332.45215
  0
VERTEX
  5
86e
  8
Layer_4
  10
637.91614
  20
334.55371
  0
VERTEX
  5
86f
  8
Layer_4
  10
637.86768
  20
336.64819
  0
VERTEX
  5
870
  8
Layer_4
  10
637.81934
  20
338.7356
  0
VERTEX
  5
871
  8
Layer_4
  10
637.77136
  20
340.81543
  0
VERTEX
  5
872
  8
Layer_4
  10
637.72351
  20
342.88818
  0
VERTEX
  5
873
  8
Layer_4
  10
637.6759
  20
344.9541
  0
VERTEX
  5
874
  8
Layer_4
  10
637.62866
  20
347.0127
  0
VERTEX
  5
875
  8
Layer_4
  10
637.58167
  20
349.0647
  0
VERTEX
  5
876
  8
Layer_4
  10
637.53479
  20
351.10962
  0
VERTEX
  5
877
  8
Layer_4
  10
637.48828
  20
353.14771
  0
VERTEX
  5
878
  8
Layer_4
  10
637.44189
  20
355.1792
  0
VERTEX
  5
879
  8
Layer_4
  10
637.39575
  20
357.20361
  0
VERTEX
  5
87a
  8
Layer_4
  10
637.34998
  20
359.22168
  0
VERTEX
  5
87b
  8
Layer_4
  10
637.30432
  20
361.23315
  0
VERTEX
  5
87c
  8
Layer_4
  10
637.25891
  20
363.23828
  0
VERTEX
  5
87d
  8
Layer_4
  10
637.21375
  20
365.23682
  0
VERTEX
  5
87e
  8
Layer_4
  10
637.16882
  20
367.229
  0
VERTEX
  5
87f
  8
Layer_4
  10
637.12427
  20
369.2146
  0
VERTEX
  5
880
  8
Layer_4
  10
637.07983
  20
371.19409
  0
VERTEX
  5
881
  8
Layer_4
  10
637.03564
  20
373.16748
  0
VERTEX
  5
882
  8
Layer_4
  10
636.9917
  20
375.13477
  0
VERTEX
  5
883
  8
Layer_4
  10
636.948
  20
377.09595
  0
VERTEX
  5
884
  8
Layer_4
  10
636.90454
  20
379.05127
  0
VERTEX
  5
885
  8
Layer_4
  10
636.86133
  20
381.00049
  0
VERTEX
  5
886
  8
Layer_4
  10
636.81836
  20
382.9436
  0
VERTEX
  5
887
  8
Layer_4
  10
636.77563
  20
384.8811
  0
VERTEX
  5
888
  8
Layer_4
  10
636.73315
  20
386.81299
  0
VERTEX
  5
889
  8
Layer_4
  10
636.6908
  20
388.73901
  0
VERTEX
  5
88a
  8
Layer_4
  10
636.6488
  20
390.65942
  0
VERTEX
  5
88b
  8
Layer_4
  10
636.60706
  20
392.57446
  0
VERTEX
  5
88c
  8
Layer_4
  10
636.56555
  20
394.48389
  0
VERTEX
  5
88d
  8
Layer_4
  10
636.52429
  20
396.3877
  0
VERTEX
  5
88e
  8
Layer_4
  10
636.48328
  20
398.28638
  0
VERTEX
  5
88f
  8
Layer_4
  10
636.44238
  20
400.17944
  0
VERTEX
  5
890
  8
Layer_4
  10
636.40186
  20
402.06738
  0
VERTEX
  5
891
  8
Layer_4
  10
636.36157
  20
403.9502
  0
VERTEX
  5
892
  8
Layer_4
  10
636.32141
  20
405.82788
  0
VERTEX
  5
893
  8
Layer_4
  10
636.28149
  20
407.70068
  0
VERTEX
  5
894
  8
Layer_4
  10
636.24194
  20
409.56812
  0
VERTEX
  5
895
  8
Layer_4
  10
636.20251
  20
411.43091
  0
VERTEX
  5
896
  8
Layer_4
  10
636.16345
  20
413.28882
  0
VERTEX
  5
897
  8
Layer_4
  10
636.12451
  20
415.1416
  0
VERTEX
  5
898
  8
Layer_4
  10
636.08594
  20
416.98999
  0
VERTEX
  5
899
  8
Layer_4
  10
636.04749
  20
418.8335
  0
VERTEX
  5
89a
  8
Layer_4
  10
636.00928
  20
420.67236
  0
VERTEX
  5
89b
  8
Layer_4
  10
635.97144
  20
422.50659
  0
VERTEX
  5
89c
  8
Layer_4
  10
635.93372
  20
424.33667
  0
VERTEX
  5
89d
  8
Layer_4
  10
635.89624
  20
426.16211
  0
VERTEX
  5
89e
  8
Layer_4
  10
635.85901
  20
427.98291
  0
VERTEX
  5
89f
  8
Layer_4
  10
635.82214
  20
429.7998
  0
VERTEX
  5
8a0
  8
Layer_4
  10
635.7854
  20
431.6123
  0
VERTEX
  5
8a1
  8
Layer_4
  10
635.7489
  20
433.42041
  0
VERTEX
  5
8a2
  8
Layer_4
  10
635.71265
  20
435.22461
  0
VERTEX
  5
8a3
  8
Layer_4
  10
635.67664
  20
437.0249
  0
VERTEX
  5
8a4
  8
Layer_4
  10
635.64099
  20
438.8208
  0
VERTEX
  5
8a5
  8
Layer_4
  10
635.60535
  20
440.61304
  0
VERTEX
  5
8a6
  8
Layer_4
  10
635.57019
  20
442.40137
  0
VERTEX
  5
8a7
  8
Layer_4
  10
635.53503
  20
444.18579
  0
VERTEX
  5
8a8
  8
Layer_4
  10
635.50024
  20
445.9668
  0
VERTEX
  5
8a9
  8
Layer_4
  10
635.4657
  20
447.74365
  0
VERTEX
  5
8aa
  8
Layer_4
  10
635.4314
  20
449.51709
  0
VERTEX
  5
8ab
  8
Layer_4
  10
635.39734
  20
451.28711
  0
VERTEX
  5
8ac
  8
Layer_4
  10
635.3634
  20
453.05347
  0
VERTEX
  5
8ad
  8
Layer_4
  10
635.32983
  20
454.81641
  0
VERTEX
  5
8ae
  8
Layer_4
  10
635.29651
  20
456.57593
  0
VERTEX
  5
8af
  8
Layer_4
  10
635.26343
  20
458.33228
  0
VERTEX
  5
8b0
  8
Layer_4
  10
635.23059
  20
460.08521
  0
VERTEX
  5
8b1
  8
Layer_4
  10
635.19788
  20
461.83521
  0
VERTEX
  5
8b2
  8
Layer_4
  10
635.16553
  20
463.58179
  0
VERTEX
  5
8b3
  8
Layer_4
  10
635.1333
  20
465.32544
  0
VERTEX
  5
8b4
  8
Layer_4
  10
635.10144
  20
467.06616
  0
VERTEX
  5
8b5
  8
Layer_4
  10
635.0697
  20
468.80396
  0
VERTEX
  5
8b6
  8
Layer_4
  10
635.03833
  20
470.53882
  0
VERTEX
  5
8b7
  8
Layer_4
  10
635.00708
  20
472.27075
  0
VERTEX
  5
8b8
  8
Layer_4
  10
634.9762
  20
474
  0
VERTEX
  5
8b9
  8
Layer_4
  10
634.94543
  20
475.72681
  0
VERTEX
  5
8ba
  8
Layer_4
  10
634.91492
  20
477.45068
  0
VERTEX
  5
8bb
  8
Layer_4
  10
634.88477
  20
479.17212
  0
VERTEX
  5
8bc
  8
Layer_4
  10
634.82507
  20
482.60767
  0
VERTEX
  5
8bd
  8
Layer_4
  10
634.76624
  20
486.03369
  0
VERTEX
  5
8be
  8
Layer_4
  10
634.7085
  20
489.45068
  0
VERTEX
  5
8bf
  8
Layer_4
  10
634.65149
  20
492.85938
  0
VERTEX
  5
8c0
  8
Layer_4
  10
634.59558
  20
496.26001
  0
VERTEX
  5
8c1
  8
Layer_4
  10
634.54077
  20
499.65332
  0
VERTEX
  5
8c2
  8
Layer_4
  10
634.48669
  20
503.03931
  0
VERTEX
  5
8c3
  8
Layer_4
  10
634.43372
  20
506.41919
  0
VERTEX
  5
8c4
  8
Layer_4
  10
634.38171
  20
509.79297
  0
VERTEX
  5
8c5
  8
Layer_4
  10
634.33069
  20
513.16113
  0
VERTEX
  5
8c6
  8
Layer_4
  10
634.28052
  20
516.52466
  0
VERTEX
  5
8c7
  8
Layer_4
  10
634.23132
  20
519.88354
  0
VERTEX
  5
8c8
  8
Layer_4
  10
634.18311
  20
523.23853
  0
VERTEX
  5
8c9
  8
Layer_4
  10
634.13599
  20
526.59009
  0
VERTEX
  5
8ca
  8
Layer_4
  10
634.0896
  20
529.93848
  0
VERTEX
  5
8cb
  8
Layer_4
  10
634.04431
  20
533.28467
  0
VERTEX
  5
8cc
  8
Layer_4
  10
633.95667
  20
539.97144
  0
VERTEX
  5
8cd
  8
Layer_4
  10
633.87268
  20
546.65454
  0
VERTEX
  5
8ce
  8
Layer_4
  10
633.7926
  20
553.33789
  0
VERTEX
  5
8cf
  8
Layer_4
  10
633.71655
  20
560.02563
  0
VERTEX
  5
8d0
  8
Layer_4
  10
633.67981
  20
563.37231
  0
VERTEX
  5
8d1
  8
Layer_4
  10
633.64417
  20
566.72144
  0
VERTEX
  5
8d2
  8
Layer_4
  10
633.6095
  20
570.07373
  0
VERTEX
  5
8d3
  8
Layer_4
  10
633.57568
  20
573.42969
  0
VERTEX
  5
8d4
  8
Layer_4
  10
633.54285
  20
576.78955
  0
VERTEX
  5
8d5
  8
Layer_4
  10
633.51099
  20
580.15405
  0
VERTEX
  5
8d6
  8
Layer_4
  10
633.4801
  20
583.52368
  0
VERTEX
  5
8d7
  8
Layer_4
  10
633.4502
  20
586.89893
  0
VERTEX
  5
8d8
  8
Layer_4
  10
633.42126
  20
590.28027
  0
VERTEX
  5
8d9
  8
Layer_4
  10
633.39319
  20
593.66797
  0
VERTEX
  5
8da
  8
Layer_4
  10
633.36621
  20
597.06299
  0
VERTEX
  5
8db
  8
Layer_4
  10
633.34009
  20
600.46533
  0
VERTEX
  5
8dc
  8
Layer_4
  10
633.31506
  20
603.87598
  0
VERTEX
  5
8dd
  8
Layer_4
  10
633.29089
  20
607.29517
  0
VERTEX
  5
8de
  8
Layer_4
  10
633.2677
  20
610.72339
  0
VERTEX
  5
8df
  8
Layer_4
  10
633.24548
  20
614.16138
  0
VERTEX
  5
8e0
  8
Layer_4
  10
633.23474
  20
615.88403
  0
VERTEX
  5
8e1
  8
Layer_4
  10
633.22424
  20
617.60938
  0
VERTEX
  5
8e2
  8
Layer_4
  10
633.21399
  20
619.3374
  0
VERTEX
  5
8e3
  8
Layer_4
  10
633.20398
  20
621.06787
  0
VERTEX
  5
8e4
  8
Layer_4
  10
633.19409
  20
622.80127
  0
VERTEX
  5
8e5
  8
Layer_4
  10
633.18469
  20
624.5376
  0
VERTEX
  5
8e6
  8
Layer_4
  10
633.17529
  20
626.27661
  0
VERTEX
  5
8e7
  8
Layer_4
  10
633.16626
  20
628.0188
  0
VERTEX
  5
8e8
  8
Layer_4
  10
633.15747
  20
629.76392
  0
VERTEX
  5
8e9
  8
Layer_4
  10
633.1488
  20
631.51221
  0
VERTEX
  5
8ea
  8
Layer_4
  10
633.1405
  20
633.26367
  0
VERTEX
  5
8eb
  8
Layer_4
  10
633.13245
  20
635.01807
  0
VERTEX
  5
8ec
  8
Layer_4
  10
633.12451
  20
636.77588
  0
VERTEX
  5
8ed
  8
Layer_4
  10
633.11694
  20
638.53711
  0
VERTEX
  5
8ee
  8
Layer_4
  10
633.1095
  20
640.30176
  0
VERTEX
  5
8ef
  8
Layer_4
  10
633.10242
  20
642.06982
  0
VERTEX
  5
8f0
  8
Layer_4
  10
633.09558
  20
643.84155
  0
VERTEX
  5
8f1
  8
Layer_4
  10
633.08887
  20
645.6167
  0
VERTEX
  5
8f2
  8
Layer_4
  10
633.0824
  20
647.39551
  0
VERTEX
  5
8f3
  8
Layer_4
  10
633.07629
  20
649.17798
  0
VERTEX
  5
8f4
  8
Layer_4
  10
633.07031
  20
650.96436
  0
VERTEX
  5
8f5
  8
Layer_4
  10
633.0647
  20
652.75464
  0
VERTEX
  5
8f6
  8
Layer_4
  10
633.05908
  20
654.54858
  0
VERTEX
  5
8f7
  8
Layer_4
  10
633.05396
  20
656.34668
  0
VERTEX
  5
8f8
  8
Layer_4
  10
633.04895
  20
658.14868
  0
VERTEX
  5
8f9
  8
Layer_4
  10
633.04419
  20
659.95483
  0
VERTEX
  5
8fa
  8
Layer_4
  10
633.03979
  20
661.76514
  0
VERTEX
  5
8fb
  8
Layer_4
  10
633.0354
  20
663.57983
  0
VERTEX
  5
8fc
  8
Layer_4
  10
633.03149
  20
665.39868
  0
VERTEX
  5
8fd
  8
Layer_4
  10
633.02771
  20
667.22168
  0
VERTEX
  5
8fe
  8
Layer_4
  10
633.02417
  20
669.04932
  0
VERTEX
  5
8ff
  8
Layer_4
  10
633.02087
  20
670.88135
  0
VERTEX
  5
900
  8
Layer_4
  10
633.01782
  20
672.71802
  0
VERTEX
  5
901
  8
Layer_4
  10
633.01501
  20
674.55908
  0
VERTEX
  5
902
  8
Layer_4
  10
633.01245
  20
676.40479
  0
VERTEX
  5
903
  8
Layer_4
  10
633.01013
  20
678.25537
  0
VERTEX
  5
904
  8
Layer_4
  10
633.00806
  20
680.1106
  0
VERTEX
  5
905
  8
Layer_4
  10
633.0061
  20
681.9707
  0
VERTEX
  5
906
  8
Layer_4
  10
633.00452
  20
683.83594
  0
VERTEX
  5
907
  8
Layer_4
  10
633.0033
  20
685.70581
  0
VERTEX
  5
908
  8
Layer_4
  10
633.00208
  20
687.58105
  0
VERTEX
  5
909
  8
Layer_4
  10
633.00122
  20
689.46118
  0
VERTEX
  5
90a
  8
Layer_4
  10
633.00049
  20
691.34644
  0
VERTEX
  5
90b
  8
Layer_4
  10
633.00012
  20
693.23706
  0
VERTEX
  5
90c
  8
Layer_4
  10
633
  20
695.13281
  0
VERTEX
  5
90d
  8
Layer_4
  10
633
  20
697.03394
  0
VERTEX
  5
90e
  8
Layer_4
  10
633.00037
  20
698.94043
  0
VERTEX
  5
90f
  8
Layer_4
  10
633.00098
  20
700.85254
  0
VERTEX
  5
910
  8
Layer_4
  10
633.00171
  20
702.77002
  0
VERTEX
  5
911
  8
Layer_4
  10
633.00269
  20
704.69336
  0
VERTEX
  5
912
  8
Layer_4
  10
633.00403
  20
706.62207
  0
VERTEX
  5
913
  8
Layer_4
  10
633.00549
  20
708.55664
  0
VERTEX
  5
914
  8
Layer_4
  10
633.00732
  20
710.49707
  0
VERTEX
  5
915
  8
Layer_4
  10
633.00928
  20
712.44312
  0
VERTEX
  5
916
  8
Layer_4
  10
633.0116
  20
714.39526
  0
VERTEX
  5
917
  8
Layer_4
  10
633.01404
  20
716.35327
  0
VERTEX
  5
918
  8
Layer_4
  10
633.01685
  20
718.31738
  0
VERTEX
  5
919
  8
Layer_4
  10
633.01978
  20
720.2876
  0
VERTEX
  5
91a
  8
Layer_4
  10
633.02295
  20
722.26392
  0
VERTEX
  5
91b
  8
Layer_4
  10
633.02649
  20
724.24658
  0
VERTEX
  5
91c
  8
Layer_4
  10
633.03015
  20
726.23535
  0
VERTEX
  5
91d
  8
Layer_4
  10
633.03406
  20
728.23071
  0
VERTEX
  5
91e
  8
Layer_4
  10
633.03821
  20
730.23242
  0
VERTEX
  5
91f
  8
Layer_4
  10
633.0426
  20
732.24048
  0
VERTEX
  5
920
  8
Layer_4
  10
633.04724
  20
734.25488
  0
VERTEX
  5
921
  8
Layer_4
  10
633.05212
  20
736.27637
  0
VERTEX
  5
922
  8
Layer_4
  10
633.05725
  20
738.3042
  0
VERTEX
  5
923
  8
Layer_4
  10
633.06262
  20
740.33887
  0
VERTEX
  5
924
  8
Layer_4
  10
633.06824
  20
742.38013
  0
VERTEX
  5
925
  8
Layer_4
  10
633.0741
  20
744.42847
  0
VERTEX
  5
926
  8
Layer_4
  10
633.0802
  20
746.48364
  0
VERTEX
  5
927
  8
Layer_4
  10
633.08655
  20
748.5459
  0
VERTEX
  5
928
  8
Layer_4
  10
633.09314
  20
750.61499
  0
VERTEX
  5
929
  8
Layer_4
  10
633.09998
  20
752.69141
  0
VERTEX
  5
92a
  8
Layer_4
  10
633.10693
  20
754.7749
  0
VERTEX
  5
92b
  8
Layer_4
  10
633.11426
  20
756.86548
  0
VERTEX
  5
92c
  8
Layer_4
  10
633.12183
  20
758.96338
  0
VERTEX
  5
92d
  8
Layer_4
  10
633.12952
  20
761.06885
  0
VERTEX
  5
92e
  8
Layer_4
  10
633.1377
  20
763.1814
  0
VERTEX
  5
92f
  8
Layer_4
  10
633.14587
  20
765.30176
  0
VERTEX
  5
930
  8
Layer_4
  10
633.1543
  20
767.42944
  0
VERTEX
  5
931
  8
Layer_4
  10
633.16309
  20
769.56494
  0
VERTEX
  5
932
  8
Layer_4
  10
633.172
  20
771.70801
  0
VERTEX
  5
933
  8
Layer_4
  10
633.1814
  20
773.85864
  0
VERTEX
  5
934
  8
Layer_4
  10
633.1908
  20
776.01709
  0
VERTEX
  5
935
  8
Layer_4
  10
633.20044
  20
778.18359
  0
VERTEX
  5
936
  8
Layer_4
  10
633.21045
  20
780.35791
  0
VERTEX
  5
937
  8
Layer_4
  10
633.22058
  20
782.54028
  0
VERTEX
  5
938
  8
Layer_4
  10
633.22278
  20
782.97388
  0
VERTEX
  5
939
  8
Layer_4
  10
633.2251
  20
783.4104
  0
VERTEX
  5
93a
  8
Layer_4
  10
633.22766
  20
783.84961
  0
VERTEX
  5
93b
  8
Layer_4
  10
633.23035
  20
784.29175
  0
VERTEX
  5
93c
  8
Layer_4
  10
633.23328
  20
784.73682
  0
VERTEX
  5
93d
  8
Layer_4
  10
633.23645
  20
785.18481
  0
VERTEX
  5
93e
  8
Layer_4
  10
633.23975
  20
785.6355
  0
VERTEX
  5
93f
  8
Layer_4
  10
633.24329
  20
786.08887
  0
VERTEX
  5
940
  8
Layer_4
  10
633.24695
  20
786.54517
  0
VERTEX
  5
941
  8
Layer_4
  10
633.25098
  20
787.00439
  0
VERTEX
  5
942
  8
Layer_4
  10
633.255
  20
787.46631
  0
VERTEX
  5
943
  8
Layer_4
  10
633.25928
  20
787.93091
  0
VERTEX
  5
944
  8
Layer_4
  10
633.26379
  20
788.39819
  0
VERTEX
  5
945
  8
Layer_4
  10
633.26855
  20
788.86841
  0
VERTEX
  5
946
  8
Layer_4
  10
633.27344
  20
789.34131
  0
VERTEX
  5
947
  8
Layer_4
  10
633.27844
  20
789.81689
  0
VERTEX
  5
948
  8
Layer_4
  10
633.28369
  20
790.29541
  0
VERTEX
  5
949
  8
Layer_4
  10
633.28918
  20
790.77637
  0
VERTEX
  5
94a
  8
Layer_4
  10
633.2948
  20
791.26025
  0
VERTEX
  5
94b
  8
Layer_4
  10
633.30066
  20
791.74658
  0
VERTEX
  5
94c
  8
Layer_4
  10
633.30676
  20
792.2356
  0
VERTEX
  5
94d
  8
Layer_4
  10
633.31299
  20
792.72729
  0
VERTEX
  5
94e
  8
Layer_4
  10
633.31934
  20
793.22168
  0
VERTEX
  5
94f
  8
Layer_4
  10
633.32581
  20
793.71875
  0
VERTEX
  5
950
  8
Layer_4
  10
633.33264
  20
794.21851
  0
VERTEX
  5
951
  8
Layer_4
  10
633.3396
  20
794.7207
  0
VERTEX
  5
952
  8
Layer_4
  10
633.34668
  20
795.22559
  0
VERTEX
  5
953
  8
Layer_4
  10
633.354
  20
795.73315
  0
VERTEX
  5
954
  8
Layer_4
  10
633.36157
  20
796.24316
  0
VERTEX
  5
955
  8
Layer_4
  10
633.36926
  20
796.75562
  0
VERTEX
  5
956
  8
Layer_4
  10
633.37708
  20
797.27075
  0
VERTEX
  5
957
  8
Layer_4
  10
633.38513
  20
797.78857
  0
VERTEX
  5
958
  8
Layer_4
  10
633.39331
  20
798.30859
  0
VERTEX
  5
959
  8
Layer_4
  10
633.40173
  20
798.83154
  0
VERTEX
  5
95a
  8
Layer_4
  10
633.41028
  20
799.35669
  0
VERTEX
  5
95b
  8
Layer_4
  10
633.41907
  20
799.88452
  0
VERTEX
  5
95c
  8
Layer_4
  10
633.43713
  20
800.94751
  0
VERTEX
  5
95d
  8
Layer_4
  10
633.45581
  20
802.02026
  0
VERTEX
  5
95e
  8
Layer_4
  10
633.47522
  20
803.10278
  0
VERTEX
  5
95f
  8
Layer_4
  10
633.49536
  20
804.19507
  0
VERTEX
  5
960
  8
Layer_4
  10
633.51611
  20
805.29712
  0
VERTEX
  5
961
  8
Layer_4
  10
633.5376
  20
806.4082
  0
VERTEX
  5
962
  8
Layer_4
  10
633.55981
  20
807.52905
  0
VERTEX
  5
963
  8
Layer_4
  10
633.58264
  20
808.65918
  0
VERTEX
  5
964
  8
Layer_4
  10
633.60608
  20
809.79834
  0
VERTEX
  5
965
  8
Layer_4
  10
633.63025
  20
810.94678
  0
VERTEX
  5
966
  8
Layer_4
  10
633.65503
  20
812.10425
  0
VERTEX
  5
967
  8
Layer_4
  10
633.68054
  20
813.27075
  0
VERTEX
  5
968
  8
Layer_4
  10
633.70654
  20
814.44604
  0
VERTEX
  5
969
  8
Layer_4
  10
633.7334
  20
815.62988
  0
VERTEX
  5
96a
  8
Layer_4
  10
633.76062
  20
816.82275
  0
VERTEX
  5
96b
  8
Layer_4
  10
633.7887
  20
818.02417
  0
VERTEX
  5
96c
  8
Layer_4
  10
633.81726
  20
819.23389
  0
VERTEX
  5
96d
  8
Layer_4
  10
633.84631
  20
820.45215
  0
VERTEX
  5
96e
  8
Layer_4
  10
633.87622
  20
821.67871
  0
VERTEX
  5
96f
  8
Layer_4
  10
633.90662
  20
822.91333
  0
VERTEX
  5
970
  8
Layer_4
  10
633.93762
  20
824.15649
  0
VERTEX
  5
971
  8
Layer_4
  10
633.96912
  20
825.40723
  0
VERTEX
  5
972
  8
Layer_4
  10
634.00134
  20
826.66626
  0
VERTEX
  5
973
  8
Layer_4
  10
634.03418
  20
827.93311
  0
VERTEX
  5
974
  8
Layer_4
  10
634.06738
  20
829.20752
  0
VERTEX
  5
975
  8
Layer_4
  10
634.10132
  20
830.48975
  0
VERTEX
  5
976
  8
Layer_4
  10
634.13586
  20
831.77954
  0
VERTEX
  5
977
  8
Layer_4
  10
634.1709
  20
833.0769
  0
VERTEX
  5
978
  8
Layer_4
  10
634.20642
  20
834.38159
  0
VERTEX
  5
979
  8
Layer_4
  10
634.24255
  20
835.69385
  0
VERTEX
  5
97a
  8
Layer_4
  10
634.27917
  20
837.01318
  0
VERTEX
  5
97b
  8
Layer_4
  10
634.31628
  20
838.3396
  0
VERTEX
  5
97c
  8
Layer_4
  10
634.354
  20
839.6731
  0
VERTEX
  5
97d
  8
Layer_4
  10
634.39233
  20
841.01343
  0
VERTEX
  5
97e
  8
Layer_4
  10
634.43115
  20
842.36084
  0
VERTEX
  5
97f
  8
Layer_4
  10
634.47034
  20
843.71484
  0
VERTEX
  5
980
  8
Layer_4
  10
634.51013
  20
845.07568
  0
VERTEX
  5
981
  8
Layer_4
  10
634.55042
  20
846.44312
  0
VERTEX
  5
982
  8
Layer_4
  10
634.59119
  20
847.81689
  0
VERTEX
  5
983
  8
Layer_4
  10
634.63257
  20
849.19727
  0
VERTEX
  5
984
  8
Layer_4
  10
634.67419
  20
850.58398
  0
VERTEX
  5
985
  8
Layer_4
  10
634.71655
  20
851.97681
  0
VERTEX
  5
986
  8
Layer_4
  10
634.75928
  20
853.37573
  0
VERTEX
  5
987
  8
Layer_4
  10
634.80249
  20
854.78101
  0
VERTEX
  5
988
  8
Layer_4
  10
634.84607
  20
856.19189
  0
VERTEX
  5
989
  8
Layer_4
  10
634.89014
  20
857.60889
  0
VERTEX
  5
98a
  8
Layer_4
  10
634.93469
  20
859.03149
  0
VERTEX
  5
98b
  8
Layer_4
  10
634.97974
  20
860.45996
  0
VERTEX
  5
98c
  8
Layer_4
  10
635.02515
  20
861.8938
  0
VERTEX
  5
98d
  8
Layer_4
  10
635.07104
  20
863.3335
  0
VERTEX
  5
98e
  8
Layer_4
  10
635.11731
  20
864.77832
  0
VERTEX
  5
98f
  8
Layer_4
  10
635.16418
  20
866.22852
  0
VERTEX
  5
990
  8
Layer_4
  10
635.21118
  20
867.68408
  0
VERTEX
  5
991
  8
Layer_4
  10
635.25879
  20
869.14453
  0
VERTEX
  5
992
  8
Layer_4
  10
635.30688
  20
870.61035
  0
VERTEX
  5
993
  8
Layer_4
  10
635.3551
  20
872.08105
  0
VERTEX
  5
994
  8
Layer_4
  10
635.40393
  20
873.5564
  0
VERTEX
  5
995
  8
Layer_4
  10
635.45313
  20
875.03687
  0
VERTEX
  5
996
  8
Layer_4
  10
635.50269
  20
876.52173
  0
VERTEX
  5
997
  8
Layer_4
  10
635.55261
  20
878.01147
  0
VERTEX
  5
998
  8
Layer_4
  10
635.60291
  20
879.50562
  0
VERTEX
  5
999
  8
Layer_4
  10
635.65369
  20
881.00415
  0
VERTEX
  5
99a
  8
Layer_4
  10
635.70459
  20
882.50708
  0
VERTEX
  5
99b
  8
Layer_4
  10
635.75598
  20
884.01416
  0
VERTEX
  5
99c
  8
Layer_4
  10
635.80786
  20
885.52539
  0
VERTEX
  5
99d
  8
Layer_4
  10
635.85999
  20
887.04077
  0
VERTEX
  5
99e
  8
Layer_4
  10
635.91235
  20
888.56006
  0
VERTEX
  5
99f
  8
Layer_4
  10
635.96509
  20
890.08325
  0
VERTEX
  5
9a0
  8
Layer_4
  10
636.01819
  20
891.61035
  0
VERTEX
  5
9a1
  8
Layer_4
  10
636.07178
  20
893.14111
  0
VERTEX
  5
9a2
  8
Layer_4
  10
636.12549
  20
894.67529
  0
VERTEX
  5
9a3
  8
Layer_4
  10
636.17957
  20
896.21313
  0
VERTEX
  5
9a4
  8
Layer_4
  10
636.23389
  20
897.75439
  0
VERTEX
  5
9a5
  8
Layer_4
  10
636.2887
  20
899.29883
  0
VERTEX
  5
9a6
  8
Layer_4
  10
636.34351
  20
900.84668
  0
VERTEX
  5
9a7
  8
Layer_4
  10
636.3988
  20
902.39771
  0
VERTEX
  5
9a8
  8
Layer_4
  10
636.45447
  20
903.9519
  0
VERTEX
  5
9a9
  8
Layer_4
  10
636.51025
  20
905.50879
  0
VERTEX
  5
9aa
  8
Layer_4
  10
636.56628
  20
907.0686
  0
VERTEX
  5
9ab
  8
Layer_4
  10
636.62268
  20
908.63135
  0
VERTEX
  5
9ac
  8
Layer_4
  10
636.67944
  20
910.19678
  0
VERTEX
  5
9ad
  8
Layer_4
  10
636.73633
  20
911.76489
  0
VERTEX
  5
9ae
  8
Layer_4
  10
636.85095
  20
914.9082
  0
VERTEX
  5
9af
  8
Layer_4
  10
636.96643
  20
918.06128
  0
VERTEX
  5
9b0
  8
Layer_4
  10
637.08289
  20
921.22266
  0
VERTEX
  5
9b1
  8
Layer_4
  10
637.20032
  20
924.39209
  0
VERTEX
  5
9b2
  8
Layer_4
  10
637.31848
  20
927.5686
  0
VERTEX
  5
9b3
  8
Layer_4
  10
637.4375
  20
930.75171
  0
VERTEX
  5
9b4
  8
Layer_4
  10
637.55725
  20
933.94067
  0
VERTEX
  5
9b5
  8
Layer_4
  10
637.67761
  20
937.13452
  0
VERTEX
  5
9b6
  8
Layer_4
  10
637.79883
  20
940.33252
  0
VERTEX
  5
9b7
  8
Layer_4
  10
637.92053
  20
943.53418
  0
VERTEX
  5
9b8
  8
Layer_4
  10
638.16565
  20
949.94531
  0
VERTEX
  5
9b9
  8
Layer_4
  10
638.41272
  20
956.36206
  0
VERTEX
  5
9ba
  8
Layer_4
  10
638.66138
  20
962.77881
  0
VERTEX
  5
9bb
  8
Layer_4
  10
638.91125
  20
969.18896
  0
VERTEX
  5
9bc
  8
Layer_4
  10
639.0365
  20
972.39014
  0
VERTEX
  5
9bd
  8
Layer_4
  10
639.16199
  20
975.58789
  0
VERTEX
  5
9be
  8
Layer_4
  10
639.2876
  20
978.78076
  0
VERTEX
  5
9bf
  8
Layer_4
  10
639.41321
  20
981.96875
  0
VERTEX
  5
9c0
  8
Layer_4
  10
639.53906
  20
985.15088
  0
VERTEX
  5
9c1
  8
Layer_4
  10
639.66479
  20
988.32666
  0
VERTEX
  5
9c2
  8
Layer_4
  10
639.79041
  20
991.49463
  0
VERTEX
  5
9c3
  8
Layer_4
  10
639.91602
  20
994.65479
  0
VERTEX
  5
9c4
  8
Layer_4
  10
640.04138
  20
997.80664
  0
VERTEX
  5
9c5
  8
Layer_4
  10
640.16675
  20
1000.9482
  0
VERTEX
  5
9c6
  8
Layer_4
  10
640.22937
  20
1002.5156
  0
VERTEX
  5
9c7
  8
Layer_4
  10
640.29187
  20
1004.0801
  0
VERTEX
  5
9c8
  8
Layer_4
  10
640.35425
  20
1005.6421
  0
VERTEX
  5
9c9
  8
Layer_4
  10
640.41663
  20
1007.2012
  0
VERTEX
  5
9ca
  8
Layer_4
  10
640.47888
  20
1008.7573
  0
VERTEX
  5
9cb
  8
Layer_4
  10
640.54114
  20
1010.3101
  0
VERTEX
  5
9cc
  8
Layer_4
  10
640.60327
  20
1011.8604
  0
VERTEX
  5
9cd
  8
Layer_4
  10
640.66528
  20
1013.4072
  0
VERTEX
  5
9ce
  8
Layer_4
  10
640.72717
  20
1014.9507
  0
VERTEX
  5
9cf
  8
Layer_4
  10
640.78894
  20
1016.4907
  0
VERTEX
  5
9d0
  8
Layer_4
  10
640.85059
  20
1018.0273
  0
VERTEX
  5
9d1
  8
Layer_4
  10
640.91223
  20
1019.5605
  0
VERTEX
  5
9d2
  8
Layer_4
  10
640.97375
  20
1021.0903
  0
VERTEX
  5
9d3
  8
Layer_4
  10
641.03503
  20
1022.6162
  0
VERTEX
  5
9d4
  8
Layer_4
  10
641.09619
  20
1024.1382
  0
VERTEX
  5
9d5
  8
Layer_4
  10
641.15735
  20
1025.6563
  0
VERTEX
  5
9d6
  8
Layer_4
  10
641.21826
  20
1027.1704
  0
VERTEX
  5
9d7
  8
Layer_4
  10
641.27905
  20
1028.6802
  0
VERTEX
  5
9d8
  8
Layer_4
  10
641.3396
  20
1030.186
  0
VERTEX
  5
9d9
  8
Layer_4
  10
641.40002
  20
1031.6875
  0
VERTEX
  5
9da
  8
Layer_4
  10
641.46033
  20
1033.1846
  0
VERTEX
  5
9db
  8
Layer_4
  10
641.52039
  20
1034.6777
  0
VERTEX
  5
9dc
  8
Layer_4
  10
641.58044
  20
1036.166
  0
VERTEX
  5
9dd
  8
Layer_4
  10
641.64014
  20
1037.6494
  0
VERTEX
  5
9de
  8
Layer_4
  10
641.69971
  20
1039.1284
  0
VERTEX
  5
9df
  8
Layer_4
  10
641.75916
  20
1040.6021
  0
VERTEX
  5
9e0
  8
Layer_4
  10
641.81836
  20
1042.0713
  0
VERTEX
  5
9e1
  8
Layer_4
  10
641.8772
  20
1043.5352
  0
VERTEX
  5
9e2
  8
Layer_4
  10
641.93604
  20
1044.9946
  0
VERTEX
  5
9e3
  8
Layer_4
  10
641.99463
  20
1046.4482
  0
VERTEX
  5
9e4
  8
Layer_4
  10
642.05298
  20
1047.897
  0
VERTEX
  5
9e5
  8
Layer_4
  10
642.11108
  20
1049.3403
  0
VERTEX
  5
9e6
  8
Layer_4
  10
642.16895
  20
1050.7778
  0
VERTEX
  5
9e7
  8
Layer_4
  10
642.22656
  20
1052.21
  0
VERTEX
  5
9e8
  8
Layer_4
  10
642.28394
  20
1053.6367
  0
VERTEX
  5
9e9
  8
Layer_4
  10
642.34106
  20
1055.0576
  0
VERTEX
  5
9ea
  8
Layer_4
  10
642.39795
  20
1056.4727
  0
VERTEX
  5
9eb
  8
Layer_4
  10
642.45459
  20
1057.8818
  0
VERTEX
  5
9ec
  8
Layer_4
  10
642.51099
  20
1059.2852
  0
VERTEX
  5
9ed
  8
Layer_4
  10
642.56702
  20
1060.6821
  0
VERTEX
  5
9ee
  8
Layer_4
  10
642.6228
  20
1062.0732
  0
VERTEX
  5
9ef
  8
Layer_4
  10
642.67834
  20
1063.458
  0
VERTEX
  5
9f0
  8
Layer_4
  10
642.73364
  20
1064.8364
  0
VERTEX
  5
9f1
  8
Layer_4
  10
642.78857
  20
1066.208
  0
VERTEX
  5
9f2
  8
Layer_4
  10
642.84326
  20
1067.5732
  0
VERTEX
  5
9f3
  8
Layer_4
  10
642.89758
  20
1068.9321
  0
VERTEX
  5
9f4
  8
Layer_4
  10
642.95166
  20
1070.2842
  0
VERTEX
  5
9f5
  8
Layer_4
  10
643.00537
  20
1071.6294
  0
VERTEX
  5
9f6
  8
Layer_4
  10
643.05872
  20
1072.9678
  0
VERTEX
  5
9f7
  8
Layer_4
  10
643.11182
  20
1074.2988
  0
VERTEX
  5
9f8
  8
Layer_4
  10
643.16455
  20
1075.623
  0
VERTEX
  5
9f9
  8
Layer_4
  10
643.21692
  20
1076.9404
  0
VERTEX
  5
9fa
  8
Layer_4
  10
643.26904
  20
1078.25
  0
VERTEX
  5
9fb
  8
Layer_4
  10
643.32068
  20
1079.5527
  0
VERTEX
  5
9fc
  8
Layer_4
  10
643.37219
  20
1080.8477
  0
VERTEX
  5
9fd
  8
Layer_4
  10
643.4231
  20
1082.1348
  0
VERTEX
  5
9fe
  8
Layer_4
  10
643.47375
  20
1083.415
  0
VERTEX
  5
9ff
  8
Layer_4
  10
643.52405
  20
1084.687
  0
VERTEX
  5
a00
  8
Layer_4
  10
643.57397
  20
1085.9512
  0
VERTEX
  5
a01
  8
Layer_4
  10
643.62341
  20
1087.2075
  0
VERTEX
  5
a02
  8
Layer_4
  10
643.67249
  20
1088.4561
  0
VERTEX
  5
a03
  8
Layer_4
  10
643.72131
  20
1089.6968
  0
VERTEX
  5
a04
  8
Layer_4
  10
643.76965
  20
1090.9287
  0
VERTEX
  5
a05
  8
Layer_4
  10
643.8175
  20
1092.1528
  0
VERTEX
  5
a06
  8
Layer_4
  10
643.86511
  20
1093.3682
  0
VERTEX
  5
a07
  8
Layer_4
  10
643.91223
  20
1094.5757
  0
VERTEX
  5
a08
  8
Layer_4
  10
643.95898
  20
1095.7744
  0
VERTEX
  5
a09
  8
Layer_4
  10
644.00513
  20
1096.9644
  0
VERTEX
  5
a0a
  8
Layer_4
  10
644.05103
  20
1098.1455
  0
VERTEX
  5
a0b
  8
Layer_4
  10
644.09644
  20
1099.3179
  0
VERTEX
  5
a0c
  8
Layer_4
  10
644.14136
  20
1100.4819
  0
VERTEX
  5
a0d
  8
Layer_4
  10
644.18579
  20
1101.6362
  0
VERTEX
  5
a0e
  8
Layer_4
  10
644.22998
  20
1102.7822
  0
VERTEX
  5
a0f
  8
Layer_4
  10
644.27356
  20
1103.9185
  0
VERTEX
  5
a10
  8
Layer_4
  10
644.31665
  20
1105.0454
  0
VERTEX
  5
a11
  8
Layer_4
  10
644.35938
  20
1106.1636
  0
VERTEX
  5
a12
  8
Layer_4
  10
644.40149
  20
1107.272
  0
VERTEX
  5
a13
  8
Layer_4
  10
644.44324
  20
1108.3706
  0
VERTEX
  5
a14
  8
Layer_4
  10
644.4845
  20
1109.46
  0
VERTEX
  5
a15
  8
Layer_4
  10
644.52515
  20
1110.5396
  0
VERTEX
  5
a16
  8
Layer_4
  10
644.56543
  20
1111.6094
  0
VERTEX
  5
a17
  8
Layer_4
  10
644.6051
  20
1112.6689
  0
VERTEX
  5
a18
  8
Layer_4
  10
644.62488
  20
1113.1953
  0
VERTEX
  5
a19
  8
Layer_4
  10
644.64429
  20
1113.7192
  0
VERTEX
  5
a1a
  8
Layer_4
  10
644.6637
  20
1114.2402
  0
VERTEX
  5
a1b
  8
Layer_4
  10
644.68298
  20
1114.7588
  0
VERTEX
  5
a1c
  8
Layer_4
  10
644.70227
  20
1115.2749
  0
VERTEX
  5
a1d
  8
Layer_4
  10
644.72119
  20
1115.7886
  0
VERTEX
  5
a1e
  8
Layer_4
  10
644.74011
  20
1116.2993
  0
VERTEX
  5
a1f
  8
Layer_4
  10
644.75891
  20
1116.8081
  0
VERTEX
  5
a20
  8
Layer_4
  10
644.77759
  20
1117.314
  0
VERTEX
  5
a21
  8
Layer_4
  10
644.79602
  20
1117.8169
  0
VERTEX
  5
a22
  8
Layer_4
  10
644.81445
  20
1118.3174
  0
VERTEX
  5
a23
  8
Layer_4
  10
644.83264
  20
1118.8159
  0
VERTEX
  5
a24
  8
Layer_4
  10
644.85071
  20
1119.311
  0
VERTEX
  5
a25
  8
Layer_4
  10
644.86877
  20
1119.8037
  0
VERTEX
  5
a26
  8
Layer_4
  10
644.8866
  20
1120.2939
  0
VERTEX
  5
a27
  8
Layer_4
  10
644.9043
  20
1120.7813
  0
VERTEX
  5
a28
  8
Layer_4
  10
644.92175
  20
1121.2661
  0
VERTEX
  5
a29
  8
Layer_4
  10
644.93909
  20
1121.748
  0
VERTEX
  5
a2a
  8
Layer_4
  10
644.95642
  20
1122.2275
  0
VERTEX
  5
a2b
  8
Layer_4
  10
644.97351
  20
1122.7041
  0
VERTEX
  5
a2c
  8
Layer_4
  10
644.99048
  20
1123.1782
  0
VERTEX
  5
a2d
  8
Layer_4
  10
645.00745
  20
1123.6494
  0
VERTEX
  5
a2e
  8
Layer_4
  10
645.02417
  20
1124.1177
  0
VERTEX
  5
a2f
  8
Layer_4
  10
645.04065
  20
1124.5835
  0
VERTEX
  5
a30
  8
Layer_4
  10
645.05701
  20
1125.0464
  0
VERTEX
  5
a31
  8
Layer_4
  10
645.07336
  20
1125.5068
  0
VERTEX
  5
a32
  8
Layer_4
  10
645.08948
  20
1125.9639
  0
VERTEX
  5
a33
  8
Layer_4
  10
645.10547
  20
1126.4185
  0
VERTEX
  5
a34
  8
Layer_4
  10
645.12134
  20
1126.8701
  0
VERTEX
  5
a35
  8
Layer_4
  10
645.13708
  20
1127.3193
  0
VERTEX
  5
a36
  8
Layer_4
  10
645.15259
  20
1127.7651
  0
VERTEX
  5
a37
  8
Layer_4
  10
645.16797
  20
1128.2085
  0
VERTEX
  5
a38
  8
Layer_4
  10
645.18311
  20
1128.6489
  0
VERTEX
  5
a39
  8
Layer_4
  10
645.19824
  20
1129.0864
  0
VERTEX
  5
a3a
  8
Layer_4
  10
645.21326
  20
1129.521
  0
VERTEX
  5
a3b
  8
Layer_4
  10
645.22803
  20
1129.9531
  0
VERTEX
  5
a3c
  8
Layer_4
  10
660.70618
  20
1560.8462
  0
VERTEX
  5
a3d
  8
Layer_4
  10
660.84045
  20
1564.7954
  0
VERTEX
  5
a3e
  8
Layer_4
  10
660.97278
  20
1568.7368
  0
VERTEX
  5
a3f
  8
Layer_4
  10
661.10339
  20
1572.6694
  0
VERTEX
  5
a40
  8
Layer_4
  10
661.23206
  20
1576.5947
  0
VERTEX
  5
a41
  8
Layer_4
  10
661.35889
  20
1580.5117
  0
VERTEX
  5
a42
  8
Layer_4
  10
661.48389
  20
1584.4209
  0
VERTEX
  5
a43
  8
Layer_4
  10
661.60718
  20
1588.3223
  0
VERTEX
  5
a44
  8
Layer_4
  10
661.72839
  20
1592.2158
  0
VERTEX
  5
a45
  8
Layer_4
  10
661.84802
  20
1596.1016
  0
VERTEX
  5
a46
  8
Layer_4
  10
661.9657
  20
1599.98
  0
VERTEX
  5
a47
  8
Layer_4
  10
662.08167
  20
1603.8511
  0
VERTEX
  5
a48
  8
Layer_4
  10
662.1958
  20
1607.7144
  0
VERTEX
  5
a49
  8
Layer_4
  10
662.30811
  20
1611.5703
  0
VERTEX
  5
a4a
  8
Layer_4
  10
662.4187
  20
1615.4189
  0
VERTEX
  5
a4b
  8
Layer_4
  10
662.52759
  20
1619.2603
  0
VERTEX
  5
a4c
  8
Layer_4
  10
662.63452
  20
1623.0942
  0
VERTEX
  5
a4d
  8
Layer_4
  10
662.73987
  20
1626.9214
  0
VERTEX
  5
a4e
  8
Layer_4
  10
662.84338
  20
1630.7412
  0
VERTEX
  5
a4f
  8
Layer_4
  10
662.94519
  20
1634.5537
  0
VERTEX
  5
a50
  8
Layer_4
  10
663.04517
  20
1638.3599
  0
VERTEX
  5
a51
  8
Layer_4
  10
663.14343
  20
1642.1587
  0
VERTEX
  5
a52
  8
Layer_4
  10
663.23999
  20
1645.9507
  0
VERTEX
  5
a53
  8
Layer_4
  10
663.33496
  20
1649.7363
  0
VERTEX
  5
a54
  8
Layer_4
  10
663.4281
  20
1653.5146
  0
VERTEX
  5
a55
  8
Layer_4
  10
663.51953
  20
1657.2866
  0
VERTEX
  5
a56
  8
Layer_4
  10
663.60938
  20
1661.0522
  0
VERTEX
  5
a57
  8
Layer_4
  10
663.69739
  20
1664.811
  0
VERTEX
  5
a58
  8
Layer_4
  10
663.78381
  20
1668.5635
  0
VERTEX
  5
a59
  8
Layer_4
  10
663.86865
  20
1672.3096
  0
VERTEX
  5
a5a
  8
Layer_4
  10
663.95178
  20
1676.0493
  0
VERTEX
  5
a5b
  8
Layer_4
  10
664.03308
  20
1679.7827
  0
VERTEX
  5
a5c
  8
Layer_4
  10
664.11292
  20
1683.5098
  0
VERTEX
  5
a5d
  8
Layer_4
  10
664.19104
  20
1687.231
  0
VERTEX
  5
a5e
  8
Layer_4
  10
664.26758
  20
1690.9463
  0
VERTEX
  5
a5f
  8
Layer_4
  10
664.34241
  20
1694.6553
  0
VERTEX
  5
a60
  8
Layer_4
  10
664.41565
  20
1698.3584
  0
VERTEX
  5
a61
  8
Layer_4
  10
664.4873
  20
1702.0557
  0
VERTEX
  5
a62
  8
Layer_4
  10
664.55737
  20
1705.7471
  0
VERTEX
  5
a63
  8
Layer_4
  10
664.62573
  20
1709.4326
  0
VERTEX
  5
a64
  8
Layer_4
  10
664.69263
  20
1713.1128
  0
VERTEX
  5
a65
  8
Layer_4
  10
664.75781
  20
1716.7871
  0
VERTEX
  5
a66
  8
Layer_4
  10
664.82153
  20
1720.4556
  0
VERTEX
  5
a67
  8
Layer_4
  10
664.88367
  20
1724.1191
  0
VERTEX
  5
a68
  8
Layer_4
  10
664.94421
  20
1727.7769
  0
VERTEX
  5
a69
  8
Layer_4
  10
665.0033
  20
1731.4297
  0
VERTEX
  5
a6a
  8
Layer_4
  10
665.06079
  20
1735.0767
  0
VERTEX
  5
a6b
  8
Layer_4
  10
665.11658
  20
1738.7188
  0
VERTEX
  5
a6c
  8
Layer_4
  10
665.17102
  20
1742.3555
  0
VERTEX
  5
a6d
  8
Layer_4
  10
665.22388
  20
1745.9873
  0
VERTEX
  5
a6e
  8
Layer_4
  10
665.27527
  20
1749.6143
  0
VERTEX
  5
a6f
  8
Layer_4
  10
665.32507
  20
1753.2358
  0
VERTEX
  5
a70
  8
Layer_4
  10
665.37329
  20
1756.8525
  0
VERTEX
  5
a71
  8
Layer_4
  10
665.42017
  20
1760.4648
  0
VERTEX
  5
a72
  8
Layer_4
  10
665.46558
  20
1764.0718
  0
VERTEX
  5
a73
  8
Layer_4
  10
665.50928
  20
1767.6743
  0
VERTEX
  5
a74
  8
Layer_4
  10
665.55176
  20
1771.272
  0
VERTEX
  5
a75
  8
Layer_4
  10
665.59277
  20
1774.8652
  0
VERTEX
  5
a76
  8
Layer_4
  10
665.63208
  20
1778.4541
  0
VERTEX
  5
a77
  8
Layer_4
  10
665.67017
  20
1782.0381
  0
VERTEX
  5
a78
  8
Layer_4
  10
665.70679
  20
1785.6177
  0
VERTEX
  5
a79
  8
Layer_4
  10
665.74182
  20
1789.1934
  0
VERTEX
  5
a7a
  8
Layer_4
  10
665.77551
  20
1792.7646
  0
VERTEX
  5
a7b
  8
Layer_4
  10
665.80786
  20
1796.3315
  0
VERTEX
  5
a7c
  8
Layer_4
  10
665.83862
  20
1799.8945
  0
VERTEX
  5
a7d
  8
Layer_4
  10
665.86816
  20
1803.4531
  0
VERTEX
  5
a7e
  8
Layer_4
  10
665.89612
  20
1807.0078
  0
VERTEX
  5
a7f
  8
Layer_4
  10
665.92285
  20
1810.5586
  0
VERTEX
  5
a80
  8
Layer_4
  10
665.948
  20
1814.1055
  0
VERTEX
  5
a81
  8
Layer_4
  10
665.97192
  20
1817.6489
  0
VERTEX
  5
a82
  8
Layer_4
  10
665.99438
  20
1821.188
  0
VERTEX
  5
a83
  8
Layer_4
  10
666.01563
  20
1824.7236
  0
VERTEX
  5
a84
  8
Layer_4
  10
666.0354
  20
1828.2559
  0
VERTEX
  5
a85
  8
Layer_4
  10
666.05383
  20
1831.7842
  0
VERTEX
  5
a86
  8
Layer_4
  10
666.07092
  20
1835.3091
  0
VERTEX
  5
a87
  8
Layer_4
  10
666.08667
  20
1838.8306
  0
VERTEX
  5
a88
  8
Layer_4
  10
666.1012
  20
1842.3486
  0
VERTEX
  5
a89
  8
Layer_4
  10
666.11426
  20
1845.8638
  0
VERTEX
  5
a8a
  8
Layer_4
  10
666.1261
  20
1849.375
  0
VERTEX
  5
a8b
  8
Layer_4
  10
666.1366
  20
1852.8833
  0
VERTEX
  5
a8c
  8
Layer_4
  10
666.14563
  20
1856.3887
  0
VERTEX
  5
a8d
  8
Layer_4
  10
666.15356
  20
1859.8911
  0
VERTEX
  5
a8e
  8
Layer_4
  10
666.16028
  20
1863.3901
  0
VERTEX
  5
a8f
  8
Layer_4
  10
666.16553
  20
1866.8867
  0
VERTEX
  5
a90
  8
Layer_4
  10
666.16956
  20
1870.3799
  0
VERTEX
  5
a91
  8
Layer_4
  10
666.17236
  20
1873.8706
  0
VERTEX
  5
a92
  8
Layer_4
  10
666.17395
  20
1877.3584
  0
VERTEX
  5
a93
  8
Layer_4
  10
666.17419
  20
1880.8438
  0
VERTEX
  5
a94
  8
Layer_4
  10
666.17322
  20
1884.3267
  0
VERTEX
  5
a95
  8
Layer_4
  10
666.17102
  20
1887.8066
  0
VERTEX
  5
a96
  8
Layer_4
  10
666.1676
  20
1891.2842
  0
VERTEX
  5
a97
  8
Layer_4
  10
666.16309
  20
1894.7593
  0
VERTEX
  5
a98
  8
Layer_4
  10
666.15723
  20
1898.2324
  0
VERTEX
  5
a99
  8
Layer_4
  10
666.14197
  20
1905.1714
  0
VERTEX
  5
a9a
  8
Layer_4
  10
666.12183
  20
1912.1016
  0
VERTEX
  5
a9b
  8
Layer_4
  10
666.09717
  20
1919.0239
  0
VERTEX
  5
a9c
  8
Layer_4
  10
666.06775
  20
1925.9385
  0
VERTEX
  5
a9d
  8
Layer_4
  10
666.03369
  20
1932.8457
  0
VERTEX
  5
a9e
  8
Layer_4
  10
665.99524
  20
1939.7471
  0
VERTEX
  5
a9f
  8
Layer_4
  10
665.95227
  20
1946.6416
  0
VERTEX
  5
aa0
  8
Layer_4
  10
665.90479
  20
1953.5313
  0
VERTEX
  5
aa1
  8
Layer_4
  10
665.85303
  20
1960.4155
  0
VERTEX
  5
aa2
  8
Layer_4
  10
665.797
  20
1967.2954
  0
VERTEX
  5
aa3
  8
Layer_4
  10
665.73669
  20
1974.1714
  0
VERTEX
  5
aa4
  8
Layer_4
  10
665.67224
  20
1981.0435
  0
VERTEX
  5
aa5
  8
Layer_4
  10
665.60364
  20
1987.9131
  0
VERTEX
  5
aa6
  8
Layer_4
  10
665.53088
  20
1994.7798
  0
VERTEX
  5
aa7
  8
Layer_4
  10
665.45435
  20
2001.6445
  0
VERTEX
  5
aa8
  8
Layer_4
  10
665.37366
  20
2008.5083
  0
VERTEX
  5
aa9
  8
Layer_4
  10
665.28918
  20
2015.3706
  0
VERTEX
  5
aaa
  8
Layer_4
  10
665.20081
  20
2022.2329
  0
VERTEX
  5
aab
  8
Layer_4
  10
665.10876
  20
2029.0952
  0
VERTEX
  5
aac
  8
Layer_4
  10
665.01294
  20
2035.958
  0
VERTEX
  5
aad
  8
Layer_4
  10
664.91345
  20
2042.8223
  0
VERTEX
  5
aae
  8
Layer_4
  10
664.8103
  20
2049.688
  0
VERTEX
  5
aaf
  8
Layer_4
  10
664.70374
  20
2056.5557
  0
VERTEX
  5
ab0
  8
Layer_4
  10
664.59363
  20
2063.4258
  0
VERTEX
  5
ab1
  8
Layer_4
  10
664.4801
  20
2070.2998
  0
VERTEX
  5
ab2
  8
Layer_4
  10
664.36328
  20
2077.1768
  0
VERTEX
  5
ab3
  8
Layer_4
  10
664.24304
  20
2084.0586
  0
VERTEX
  5
ab4
  8
Layer_4
  10
664.11963
  20
2090.9448
  0
VERTEX
  5
ab5
  8
Layer_4
  10
663.99304
  20
2097.8364
  0
VERTEX
  5
ab6
  8
Layer_4
  10
663.86328
  20
2104.7334
  0
VERTEX
  5
ab7
  8
Layer_4
  10
663.73047
  20
2111.6372
  0
VERTEX
  5
ab8
  8
Layer_4
  10
663.59448
  20
2118.5474
  0
VERTEX
  5
ab9
  8
Layer_4
  10
663.45569
  20
2125.4648
  0
VERTEX
  5
aba
  8
Layer_4
  10
663.31409
  20
2132.3901
  0
VERTEX
  5
abb
  8
Layer_4
  10
663.16943
  20
2139.3237
  0
VERTEX
  5
abc
  8
Layer_4
  10
663.02209
  20
2146.2666
  0
VERTEX
  5
abd
  8
Layer_4
  10
662.94739
  20
2149.7412
  0
VERTEX
  5
abe
  8
Layer_4
  10
662.87207
  20
2153.2183
  0
VERTEX
  5
abf
  8
Layer_4
  10
662.79602
  20
2156.6978
  0
VERTEX
  5
ac0
  8
Layer_4
  10
662.71936
  20
2160.1797
  0
VERTEX
  5
ac1
  8
Layer_4
  10
662.64209
  20
2163.6646
  0
VERTEX
  5
ac2
  8
Layer_4
  10
662.56409
  20
2167.1519
  0
VERTEX
  5
ac3
  8
Layer_4
  10
662.48535
  20
2170.6421
  0
VERTEX
  5
ac4
  8
Layer_4
  10
662.40613
  20
2174.1348
  0
VERTEX
  5
ac5
  8
Layer_4
  10
662.32629
  20
2177.6304
  0
VERTEX
  5
ac6
  8
Layer_4
  10
662.24573
  20
2181.1294
  0
VERTEX
  5
ac7
  8
Layer_4
  10
662.16467
  20
2184.6309
  0
VERTEX
  5
ac8
  8
Layer_4
  10
662.08289
  20
2188.1353
  0
VERTEX
  5
ac9
  8
Layer_4
  10
662.00061
  20
2191.6431
  0
VERTEX
  5
aca
  8
Layer_4
  10
661.91772
  20
2195.1538
  0
VERTEX
  5
acb
  8
Layer_4
  10
661.83423
  20
2198.668
  0
VERTEX
  5
acc
  8
Layer_4
  10
661.75024
  20
2202.1855
  0
VERTEX
  5
acd
  8
Layer_4
  10
661.66565
  20
2205.7065
  0
VERTEX
  5
ace
  8
Layer_4
  10
661.58044
  20
2209.2305
  0
VERTEX
  5
acf
  8
Layer_4
  10
661.49475
  20
2212.7583
  0
VERTEX
  5
ad0
  8
Layer_4
  10
661.40845
  20
2216.2896
  0
VERTEX
  5
ad1
  8
Layer_4
  10
661.32166
  20
2219.8242
  0
VERTEX
  5
ad2
  8
Layer_4
  10
661.23438
  20
2223.3628
  0
VERTEX
  5
ad3
  8
Layer_4
  10
661.14648
  20
2226.9053
  0
VERTEX
  5
ad4
  8
Layer_4
  10
661.05811
  20
2230.4512
  0
VERTEX
  5
ad5
  8
Layer_4
  10
660.96936
  20
2234.0015
  0
VERTEX
  5
ad6
  8
Layer_4
  10
660.87988
  20
2237.5552
  0
VERTEX
  5
ad7
  8
Layer_4
  10
660.79004
  20
2241.1133
  0
VERTEX
  5
ad8
  8
Layer_4
  10
660.69971
  20
2244.6753
  0
VERTEX
  5
ad9
  8
Layer_4
  10
660.60889
  20
2248.2412
  0
VERTEX
  5
ada
  8
Layer_4
  10
660.51758
  20
2251.8115
  0
VERTEX
  5
adb
  8
Layer_4
  10
660.42578
  20
2255.3862
  0
VERTEX
  5
adc
  8
Layer_4
  10
660.33362
  20
2258.9648
  0
VERTEX
  5
add
  8
Layer_4
  10
660.24109
  20
2262.5483
  0
VERTEX
  5
ade
  8
Layer_4
  10
660.14795
  20
2266.1362
  0
VERTEX
  5
adf
  8
Layer_4
  10
660.05444
  20
2269.728
  0
VERTEX
  5
ae0
  8
Layer_4
  10
659.96045
  20
2273.3252
  0
VERTEX
  5
ae1
  8
Layer_4
  10
659.86609
  20
2276.9263
  0
VERTEX
  5
ae2
  8
Layer_4
  10
659.77124
  20
2280.5327
  0
VERTEX
  5
ae3
  8
Layer_4
  10
659.67603
  20
2284.1436
  0
VERTEX
  5
ae4
  8
Layer_4
  10
659.58057
  20
2287.7593
  0
VERTEX
  5
ae5
  8
Layer_4
  10
659.4845
  20
2291.3799
  0
VERTEX
  5
ae6
  8
Layer_4
  10
659.38818
  20
2295.0059
  0
VERTEX
  5
ae7
  8
Layer_4
  10
659.29138
  20
2298.6362
  0
VERTEX
  5
ae8
  8
Layer_4
  10
659.19434
  20
2302.272
  0
VERTEX
  5
ae9
  8
Layer_4
  10
659.0968
  20
2305.9131
  0
VERTEX
  5
aea
  8
Layer_4
  10
658.99902
  20
2309.5591
  0
VERTEX
  5
aeb
  8
Layer_4
  10
658.90088
  20
2313.2104
  0
VERTEX
  5
aec
  8
Layer_4
  10
658.80237
  20
2316.8672
  0
VERTEX
  5
aed
  8
Layer_4
  10
658.70349
  20
2320.5293
  0
VERTEX
  5
aee
  8
Layer_4
  10
658.60437
  20
2324.1973
  0
VERTEX
  5
aef
  8
Layer_4
  10
658.50488
  20
2327.8706
  0
VERTEX
  5
af0
  8
Layer_4
  10
658.40503
  20
2331.5493
  0
VERTEX
  5
af1
  8
Layer_4
  10
658.30493
  20
2335.2339
  0
VERTEX
  5
af2
  8
Layer_4
  10
658.20459
  20
2338.9238
  0
VERTEX
  5
af3
  8
Layer_4
  10
658.10388
  20
2342.6201
  0
VERTEX
  5
af4
  8
Layer_4
  10
658.00293
  20
2346.3218
  0
VERTEX
  5
af5
  8
Layer_4
  10
657.90161
  20
2350.0293
  0
VERTEX
  5
af6
  8
Layer_4
  10
657.80017
  20
2353.7432
  0
VERTEX
  5
af7
  8
Layer_4
  10
657.69849
  20
2357.4634
  0
VERTEX
  5
af8
  8
Layer_4
  10
657.59631
  20
2361.189
  0
VERTEX
  5
af9
  8
Layer_4
  10
657.49414
  20
2364.9214
  0
VERTEX
  5
afa
  8
Layer_4
  10
657.3916
  20
2368.6597
  0
VERTEX
  5
afb
  8
Layer_4
  10
657.28894
  20
2372.4043
  0
VERTEX
  5
afc
  8
Layer_4
  10
657.18591
  20
2376.1553
  0
VERTEX
  5
afd
  8
Layer_4
  10
657.08276
  20
2379.9131
  0
VERTEX
  5
afe
  8
Layer_4
  10
656.97949
  20
2383.6768
  0
VERTEX
  5
aff
  8
Layer_4
  10
656.87585
  20
2387.4473
  0
VERTEX
  5
b00
  8
Layer_4
  10
656.77209
  20
2391.2246
  0
VERTEX
  5
b01
  8
Layer_4
  10
656.66809
  20
2395.0088
  0
VERTEX
  5
b02
  8
Layer_4
  10
656.56396
  20
2398.7993
  0
VERTEX
  5
b03
  8
Layer_4
  10
656.45959
  20
2402.5967
  0
VERTEX
  5
b04
  8
Layer_4
  10
656.3551
  20
2406.4009
  0
VERTEX
  5
b05
  8
Layer_4
  10
656.25049
  20
2410.2124
  0
VERTEX
  5
b06
  8
Layer_4
  10
656.14575
  20
2414.0308
  0
VERTEX
  5
b07
  8
Layer_4
  10
656.04089
  20
2417.856
  0
VERTEX
  5
b08
  8
Layer_4
  10
655.93579
  20
2421.689
  0
VERTEX
  5
b09
  8
Layer_4
  10
655.83069
  20
2425.5288
  0
VERTEX
  5
b0a
  8
Layer_4
  10
655.72534
  20
2429.3755
  0
VERTEX
  5
b0b
  8
Layer_4
  10
655.61987
  20
2433.23
  0
VERTEX
  5
b0c
  8
Layer_4
  10
655.51428
  20
2437.0918
  0
VERTEX
  5
b0d
  8
Layer_4
  10
655.40869
  20
2440.9609
  0
VERTEX
  5
b0e
  8
Layer_4
  10
655.30298
  20
2444.8379
  0
VERTEX
  5
b0f
  8
Layer_4
  10
655.19714
  20
2448.7222
  0
VERTEX
  5
b10
  8
Layer_4
  10
655.09131
  20
2452.6143
  0
VERTEX
  5
b11
  8
Layer_4
  10
654.98535
  20
2456.5142
  0
VERTEX
  5
b12
  8
Layer_4
  10
654.87939
  20
2460.4214
  0
VERTEX
  5
b13
  8
Layer_4
  10
654.77319
  20
2464.3369
  0
VERTEX
  5
b14
  8
Layer_4
  10
654.66711
  20
2468.2603
  0
VERTEX
  5
b15
  8
Layer_4
  10
654.56091
  20
2472.1914
  0
VERTEX
  5
b16
  8
Layer_4
  10
654.45471
  20
2476.1309
  0
VERTEX
  5
b17
  8
Layer_4
  10
654.34851
  20
2480.0781
  0
VERTEX
  5
b18
  8
Layer_4
  10
654.24231
  20
2484.0337
  0
VERTEX
  5
b19
  8
Layer_4
  10
643.93958
  20
2868
  0
SEQEND
  0
POLYLINE
  5
b1b
  8
Layer_4
  62
52
  66
1
  10
0
  20
0
  30
0
  0
VERTEX
  5
b1b
  8
Layer_4
  10
698.69568
  20
78.000488
  0
VERTEX
  5
b1c
  8
Layer_4
  10
684.75305
  20
311.01831
  42
-0.017945733
  0
VERTEX
  5
b1d
  8
Layer_4
  10
671.3938
  20
870.41992
  0
VERTEX
  5
b1e
  8
Layer_4
  10
671.43738
  20
873.87695
  0
VERTEX
  5
b1f
  8
Layer_4
  10
671.4856
  20
877.33374
  0
VERTEX
  5
b20
  8
Layer_4
  10
671.53784
  20
880.79053
  0
VERTEX
  5
b21
  8
Layer_4
  10
671.59448
  20
884.24707
  0
VERTEX
  5
b22
  8
Layer_4
  10
671.65552
  20
887.70361
  0
VERTEX
  5
b23
  8
Layer_4
  10
671.72083
  20
891.15991
  0
VERTEX
  5
b24
  8
Layer_4
  10
671.79041
  20
894.61621
  0
VERTEX
  5
b25
  8
Layer_4
  10
671.86438
  20
898.07227
  0
VERTEX
  5
b26
  8
Layer_4
  10
671.9425
  20
901.52808
  0
VERTEX
  5
b27
  8
Layer_4
  10
672.0249
  20
904.98389
  0
VERTEX
  5
b28
  8
Layer_4
  10
672.11169
  20
908.4397
  0
VERTEX
  5
b29
  8
Layer_4
  10
672.20264
  20
911.89502
  0
VERTEX
  5
b2a
  8
Layer_4
  10
672.29785
  20
915.35059
  0
VERTEX
  5
b2b
  8
Layer_4
  10
672.39722
  20
918.80566
  0
VERTEX
  5
b2c
  8
Layer_4
  10
672.50085
  20
922.26074
  0
VERTEX
  5
b2d
  8
Layer_4
  10
672.60864
  20
925.71558
  0
VERTEX
  5
b2e
  8
Layer_4
  10
672.72058
  20
929.17041
  0
VERTEX
  5
b2f
  8
Layer_4
  10
672.83691
  20
932.625
  0
VERTEX
  5
b30
  8
Layer_4
  10
672.9574
  20
936.07935
  0
VERTEX
  5
b31
  8
Layer_4
  10
673.08179
  20
939.53345
  0
VERTEX
  5
b32
  8
Layer_4
  10
673.21057
  20
942.98755
  0
VERTEX
  5
b33
  8
Layer_4
  10
673.34338
  20
946.44141
  0
VERTEX
  5
b34
  8
Layer_4
  10
673.48047
  20
949.89502
  0
VERTEX
  5
b35
  8
Layer_4
  10
673.62158
  20
953.34839
  0
VERTEX
  5
b36
  8
Layer_4
  10
673.76685
  20
956.80151
  0
VERTEX
  5
b37
  8
Layer_4
  10
673.91614
  20
960.25464
  0
VERTEX
  5
b38
  8
Layer_4
  10
674.06958
  20
963.70752
  0
VERTEX
  5
b39
  8
Layer_4
  10
674.22717
  20
967.16016
  0
VERTEX
  5
b3a
  8
Layer_4
  10
674.38879
  20
970.61279
  0
VERTEX
  5
b3b
  8
Layer_4
  10
674.55444
  20
974.06494
  0
VERTEX
  5
b3c
  8
Layer_4
  10
674.72424
  20
977.5166
  0
VERTEX
  5
b3d
  8
Layer_4
  10
674.89807
  20
980.96875
  0
VERTEX
  5
b3e
  8
Layer_4
  10
675.07581
  20
984.41992
  0
VERTEX
  5
b3f
  8
Layer_4
  10
675.25769
  20
987.87158
  0
VERTEX
  5
b40
  8
Layer_4
  10
675.44348
  20
991.32227
  0
VERTEX
  5
b41
  8
Layer_4
  10
675.63342
  20
994.77344
  0
VERTEX
  5
b42
  8
Layer_4
  10
675.82739
  20
998.22412
  0
VERTEX
  5
b43
  8
Layer_4
  10
676.02515
  20
1001.6743
  0
VERTEX
  5
b44
  8
Layer_4
  10
676.22705
  20
1005.1245
  0
VERTEX
  5
b45
  8
Layer_4
  10
676.43286
  20
1008.5742
  0
VERTEX
  5
b46
  8
Layer_4
  10
676.64258
  20
1012.0239
  0
VERTEX
  5
b47
  8
Layer_4
  10
676.85632
  20
1015.4731
  0
VERTEX
  5
b48
  8
Layer_4
  10
677.07397
  20
1018.9224
  0
VERTEX
  5
b49
  8
Layer_4
  10
677.29553
  20
1022.3711
  0
VERTEX
  5
b4a
  8
Layer_4
  10
677.521
  20
1025.8198
  0
VERTEX
  5
b4b
  8
Layer_4
  10
677.75049
  20
1029.2681
  0
VERTEX
  5
b4c
  8
Layer_4
  10
677.98376
  20
1032.7163
  0
VERTEX
  5
b4d
  8
Layer_4
  10
678.22095
  20
1036.1636
  0
VERTEX
  5
b4e
  8
Layer_4
  10
678.46204
  20
1039.6113
  0
VERTEX
  5
b4f
  8
Layer_4
  10
678.70691
  20
1043.0586
  0
VERTEX
  5
b50
  8
Layer_4
  10
678.95569
  20
1046.5054
  0
VERTEX
  5
b51
  8
Layer_4
  10
679.2085
  20
1049.9517
  0
VERTEX
  5
b52
  8
Layer_4
  10
679.46484
  20
1053.3979
  0
VERTEX
  5
b53
  8
Layer_4
  10
679.7251
  20
1056.8442
  0
VERTEX
  5
b54
  8
Layer_4
  10
679.98938
  20
1060.2896
  0
VERTEX
  5
b55
  8
Layer_4
  10
680.2572
  20
1063.7349
  0
VERTEX
  5
b56
  8
Layer_4
  10
680.52893
  20
1067.1802
  0
VERTEX
  5
b57
  8
Layer_4
  10
680.80444
  20
1070.625
  0
VERTEX
  5
b58
  8
Layer_4
  10
681.08374
  20
1074.0693
  0
VERTEX
  5
b59
  8
Layer_4
  10
681.36682
  20
1077.5132
  0
VERTEX
  5
b5a
  8
Layer_4
  10
681.65369
  20
1080.957
  0
VERTEX
  5
b5b
  8
Layer_4
  10
681.94421
  20
1084.4004
  0
VERTEX
  5
b5c
  8
Layer_4
  10
682.23853
  20
1087.8433
  0
VERTEX
  5
b5d
  8
Layer_4
  10
682.53662
  20
1091.2861
  0
VERTEX
  5
b5e
  8
Layer_4
  10
715.48022
  20
1469.4521
  42
0.038804532
  0
VERTEX
  5
b5f
  8
Layer_4
  10
724.93762
  20
2484.0342
  0
VERTEX
  5
b60
  8
Layer_4
  10
698.69568
  20
2868
  0
SEQEND
  0
POLYLINE
  5
b62
  8
Layer_4
  62
52
  66
1
  10
0
  20
0
  30
0
  0
VERTEX
  5
b62
  8
Layer_4
  10
771.84338
  20
78.000488
  0
VERTEX
  5
b63
  8
Layer_4
  10
731.48108
  20
1004.0815
  0
VERTEX
  5
b64
  8
Layer_4
  10
731.27258
  20
1008.9648
  0
VERTEX
  5
b65
  8
Layer_4
  10
731.07275
  20
1013.8486
  0
VERTEX
  5
b66
  8
Layer_4
  10
730.88159
  20
1018.7319
  0
VERTEX
  5
b67
  8
Layer_4
  10
730.6991
  20
1023.6157
  0
VERTEX
  5
b68
  8
Layer_4
  10
730.52515
  20
1028.5
  0
VERTEX
  5
b69
  8
Layer_4
  10
730.35999
  20
1033.3838
  0
VERTEX
  5
b6a
  8
Layer_4
  10
730.20337
  20
1038.2681
  0
VERTEX
  5
b6b
  8
Layer_4
  10
730.05542
  20
1043.1523
  0
VERTEX
  5
b6c
  8
Layer_4
  10
729.91626
  20
1048.0366
  0
VERTEX
  5
b6d
  8
Layer_4
  10
729.78564
  20
1052.9209
  0
VERTEX
  5
b6e
  8
Layer_4
  10
729.6637
  20
1057.8052
  0
VERTEX
  5
b6f
  8
Layer_4
  10
729.55042
  20
1062.6895
  0
VERTEX
  5
b70
  8
Layer_4
  10
729.44568
  20
1067.5737
  0
VERTEX
  5
b71
  8
Layer_4
  10
729.34973
  20
1072.458
  0
VERTEX
  5
b72
  8
Layer_4
  10
729.26245
  20
1077.3423
  0
VERTEX
  5
b73
  8
Layer_4
  10
729.18372
  20
1082.2266
  0
VERTEX
  5
b74
  8
Layer_4
  10
729.11365
  20
1087.1108
  0
VERTEX
  5
b75
  8
Layer_4
  10
729.05225
  20
1091.9946
  0
VERTEX
  5
b76
  8
Layer_4
  10
728.99939
  20
1096.8789
  0
VERTEX
  5
b77
  8
Layer_4
  10
728.95532
  20
1101.7627
  0
VERTEX
  5
b78
  8
Layer_4
  10
728.9198
  20
1106.646
  0
VERTEX
  5
b79
  8
Layer_4
  10
728.89294
  20
1111.5298
  0
VERTEX
  5
b7a
  8
Layer_4
  10
728.87476
  20
1116.4131
  0
VERTEX
  5
b7b
  8
Layer_4
  10
728.86511
  20
1121.2964
  0
VERTEX
  5
b7c
  8
Layer_4
  10
728.86426
  20
1126.1792
  0
VERTEX
  5
b7d
  8
Layer_4
  10
728.87183
  20
1131.062
  0
VERTEX
  5
b7e
  8
Layer_4
  10
728.88818
  20
1135.9443
  0
VERTEX
  5
b7f
  8
Layer_4
  10
728.91309
  20
1140.8267
  0
VERTEX
  5
b80
  8
Layer_4
  10
728.94678
  20
1145.7085
  0
VERTEX
  5
b81
  8
Layer_4
  10
728.98889
  20
1150.5903
  0
VERTEX
  5
b82
  8
Layer_4
  10
729.03979
  20
1155.4717
  0
VERTEX
  5
b83
  8
Layer_4
  10
729.09924
  20
1160.3525
  0
VERTEX
  5
b84
  8
Layer_4
  10
729.16736
  20
1165.2334
  0
VERTEX
  5
b85
  8
Layer_4
  10
729.24402
  20
1170.1138
  0
VERTEX
  5
b86
  8
Layer_4
  10
729.32935
  20
1174.9937
  0
VERTEX
  5
b87
  8
Layer_4
  10
729.42334
  20
1179.8735
  0
VERTEX
  5
b88
  8
Layer_4
  10
729.52588
  20
1184.7524
  0
VERTEX
  5
b89
  8
Layer_4
  10
729.63708
  20
1189.6313
  0
VERTEX
  5
b8a
  8
Layer_4
  10
729.75696
  20
1194.5098
  0
VERTEX
  5
b8b
  8
Layer_4
  10
729.88538
  20
1199.3877
  0
VERTEX
  5
b8c
  8
Layer_4
  10
730.02234
  20
1204.2651
  0
VERTEX
  5
b8d
  8
Layer_4
  10
730.16809
  20
1209.1421
  0
VERTEX
  5
b8e
  8
Layer_4
  10
730.32239
  20
1214.0186
  0
VERTEX
  5
b8f
  8
Layer_4
  10
730.48523
  20
1218.8945
  0
VERTEX
  5
b90
  8
Layer_4
  10
730.65674
  20
1223.77
  0
VERTEX
  5
b91
  8
Layer_4
  10
730.83679
  20
1228.6445
  0
VERTEX
  5
b92
  8
Layer_4
  10
731.02551
  20
1233.519
  0
VERTEX
  5
b93
  8
Layer_4
  10
731.22278
  20
1238.3926
  0
VERTEX
  5
b94
  8
Layer_4
  10
731.42883
  20
1243.2656
  0
VERTEX
  5
b95
  8
Layer_4
  10
731.64331
  20
1248.1382
  0
VERTEX
  5
b96
  8
Layer_4
  10
731.86658
  20
1253.0103
  0
VERTEX
  5
b97
  8
Layer_4
  10
732.09827
  20
1257.8813
  0
VERTEX
  5
b98
  8
Layer_4
  10
732.33862
  20
1262.752
  0
VERTEX
  5
b99
  8
Layer_4
  10
732.58765
  20
1267.6216
  0
VERTEX
  5
b9a
  8
Layer_4
  10
732.84509
  20
1272.4912
  0
VERTEX
  5
b9b
  8
Layer_4
  10
733.11133
  20
1277.3594
  0
VERTEX
  5
b9c
  8
Layer_4
  10
733.38599
  20
1282.2271
  0
VERTEX
  5
b9d
  8
Layer_4
  10
733.66943
  20
1287.0942
  0
VERTEX
  5
b9e
  8
Layer_4
  10
733.9613
  20
1291.9604
  0
VERTEX
  5
b9f
  8
Layer_4
  10
734.26196
  20
1296.8257
  0
VERTEX
  5
ba0
  8
Layer_4
  10
734.57104
  20
1301.6904
  0
VERTEX
  5
ba1
  8
Layer_4
  10
734.88879
  20
1306.5542
  0
VERTEX
  5
ba2
  8
Layer_4
  10
735.21509
  20
1311.4175
  0
VERTEX
  5
ba3
  8
Layer_4
  10
735.55005
  20
1316.2793
  0
VERTEX
  5
ba4
  8
Layer_4
  10
735.89355
  20
1321.1406
  0
VERTEX
  5
ba5
  8
Layer_4
  10
736.24561
  20
1326.001
  0
VERTEX
  5
ba6
  8
Layer_4
  10
736.60632
  20
1330.8608
  0
VERTEX
  5
ba7
  8
Layer_4
  10
736.97559
  20
1335.7192
  0
VERTEX
  5
ba8
  8
Layer_4
  10
737.35339
  20
1340.5771
  0
VERTEX
  5
ba9
  8
Layer_4
  10
737.73987
  20
1345.4341
  0
VERTEX
  5
baa
  8
Layer_4
  10
738.13489
  20
1350.2896
  0
VERTEX
  5
bab
  8
Layer_4
  10
738.53845
  20
1355.1445
  0
VERTEX
  5
bac
  8
Layer_4
  10
738.95068
  20
1359.9985
  0
VERTEX
  5
bad
  8
Layer_4
  10
739.37134
  20
1364.8511
  0
VERTEX
  5
bae
  8
Layer_4
  10
739.80078
  20
1369.7031
  0
VERTEX
  5
baf
  8
Layer_4
  10
740.23865
  20
1374.5537
  0
VERTEX
  5
bb0
  8
Layer_4
  10
740.68506
  20
1379.4033
  0
VERTEX
  5
bb1
  8
Layer_4
  10
741.14014
  20
1384.252
  0
VERTEX
  5
bb2
  8
Layer_4
  10
741.60376
  20
1389.0996
  0
VERTEX
  5
bb3
  8
Layer_4
  10
742.07593
  20
1393.9458
  0
VERTEX
  5
bb4
  8
Layer_4
  10
742.55676
  20
1398.7915
  0
VERTEX
  5
bb5
  8
Layer_4
  10
743.04602
  20
1403.6357
  0
VERTEX
  5
bb6
  8
Layer_4
  10
743.54407
  20
1408.4785
  0
VERTEX
  5
bb7
  8
Layer_4
  10
744.05042
  20
1413.3203
  0
VERTEX
  5
bb8
  8
Layer_4
  10
744.56555
  20
1418.1611
  0
VERTEX
  5
bb9
  8
Layer_4
  10
745.08911
  20
1423.0005
  0
VERTEX
  5
bba
  8
Layer_4
  10
745.62134
  20
1427.8389
  0
VERTEX
  5
bbb
  8
Layer_4
  10
746.16199
  20
1432.6758
  0
VERTEX
  5
bbc
  8
Layer_4
  10
746.7113
  20
1437.5112
  0
VERTEX
  5
bbd
  8
Layer_4
  10
747.26917
  20
1442.3457
  0
VERTEX
  5
bbe
  8
Layer_4
  10
747.83569
  20
1447.1792
  0
VERTEX
  5
bbf
  8
Layer_4
  10
748.41052
  20
1452.0107
  0
VERTEX
  5
bc0
  8
Layer_4
  10
748.99414
  20
1456.8413
  0
VERTEX
  5
bc1
  8
Layer_4
  10
749.58618
  20
1461.6709
  0
VERTEX
  5
bc2
  8
Layer_4
  10
750.18689
  20
1466.4985
  0
VERTEX
  5
bc3
  8
Layer_4
  10
750.79602
  20
1471.3252
  0
VERTEX
  5
bc4
  8
Layer_4
  10
751.4137
  20
1476.1504
  0
VERTEX
  5
bc5
  8
Layer_4
  10
752.04004
  20
1480.9741
  0
VERTEX
  5
bc6
  8
Layer_4
  10
752.67493
  20
1485.7964
  0
VERTEX
  5
bc7
  8
Layer_4
  10
753.31836
  20
1490.6172
  0
VERTEX
  5
bc8
  8
Layer_4
  10
753.97021
  20
1495.4365
  0
VERTEX
  5
bc9
  8
Layer_4
  10
754.63074
  20
1500.2544
  0
VERTEX
  5
bca
  8
Layer_4
  10
755.2998
  20
1505.0708
  0
VERTEX
  5
bcb
  8
Layer_4
  10
755.97729
  20
1509.8857
  0
VERTEX
  5
bcc
  8
Layer_4
  10
756.66357
  20
1514.6992
  0
VERTEX
  5
bcd
  8
Layer_4
  10
757.35815
  20
1519.5112
  0
VERTEX
  5
bce
  8
Layer_4
  10
758.06128
  20
1524.3218
  0
VERTEX
  5
bcf
  8
Layer_4
  10
758.77319
  20
1529.1304
  0
VERTEX
  5
bd0
  8
Layer_4
  10
759.49341
  20
1533.9375
  0
VERTEX
  5
bd1
  8
Layer_4
  10
760.22229
  20
1538.7432
  0
VERTEX
  5
bd2
  8
Layer_4
  10
760.95959
  20
1543.5474
  0
VERTEX
  5
bd3
  8
Layer_4
  10
761.70557
  20
1548.3496
  0
VERTEX
  5
bd4
  8
Layer_4
  10
762.45996
  20
1553.1504
  0
VERTEX
  5
bd5
  8
Layer_4
  10
763.2229
  20
1557.9492
  0
VERTEX
  5
bd6
  8
Layer_4
  10
763.99438
  20
1562.7466
  0
VERTEX
  5
bd7
  8
Layer_4
  10
764.77441
  20
1567.5425
  0
VERTEX
  5
bd8
  8
Layer_4
  10
765.56299
  20
1572.3364
  0
VERTEX
  5
bd9
  8
Layer_4
  10
766.35999
  20
1577.1289
  0
VERTEX
  5
bda
  8
Layer_4
  10
767.16577
  20
1581.9194
  0
VERTEX
  5
bdb
  8
Layer_4
  10
767.97986
  20
1586.708
  0
VERTEX
  5
bdc
  8
Layer_4
  10
768.80249
  20
1591.4951
  0
VERTEX
  5
bdd
  8
Layer_4
  10
769.63367
  20
1596.2803
  0
VERTEX
  5
bde
  8
Layer_4
  10
770.47339
  20
1601.0635
  0
VERTEX
  5
bdf
  8
Layer_4
  10
771.32166
  20
1605.8452
  0
VERTEX
  5
be0
  8
Layer_4
  10
772.17834
  20
1610.6245
  0
VERTEX
  5
be1
  8
Layer_4
  10
773.04358
  20
1615.4023
  0
VERTEX
  5
be2
  8
Layer_4
  10
773.91748
  20
1620.1787
  0
VERTEX
  5
be3
  8
Layer_4
  10
774.79968
  20
1624.9526
  0
VERTEX
  5
be4
  8
Layer_4
  10
775.58997
  20
1629.2295
  0
VERTEX
  5
be5
  8
Layer_4
  10
776.37207
  20
1633.5078
  0
VERTEX
  5
be6
  8
Layer_4
  10
777.14612
  20
1637.7881
  0
VERTEX
  5
be7
  8
Layer_4
  10
777.91211
  20
1642.0698
  0
VERTEX
  5
be8
  8
Layer_4
  10
778.67017
  20
1646.3535
  0
VERTEX
  5
be9
  8
Layer_4
  10
779.42004
  20
1650.6392
  0
VERTEX
  5
bea
  8
Layer_4
  10
780.16199
  20
1654.9263
  0
VERTEX
  5
beb
  8
Layer_4
  10
780.89587
  20
1659.2148
  0
VERTEX
  5
bec
  8
Layer_4
  10
781.62158
  20
1663.5054
  0
VERTEX
  5
bed
  8
Layer_4
  10
782.33936
  20
1667.7974
  0
VERTEX
  5
bee
  8
Layer_4
  10
783.04895
  20
1672.0908
  0
VERTEX
  5
bef
  8
Layer_4
  10
783.75061
  20
1676.3862
  0
VERTEX
  5
bf0
  8
Layer_4
  10
784.44409
  20
1680.6831
  0
VERTEX
  5
bf1
  8
Layer_4
  10
785.12964
  20
1684.9814
  0
VERTEX
  5
bf2
  8
Layer_4
  10
785.80701
  20
1689.2813
  0
VERTEX
  5
bf3
  8
Layer_4
  10
786.47644
  20
1693.583
  0
VERTEX
  5
bf4
  8
Layer_4
  10
787.1377
  20
1697.8857
  0
VERTEX
  5
bf5
  8
Layer_4
  10
787.79102
  20
1702.1904
  0
VERTEX
  5
bf6
  8
Layer_4
  10
788.43628
  20
1706.4966
  0
VERTEX
  5
bf7
  8
Layer_4
  10
789.07336
  20
1710.8042
  0
VERTEX
  5
bf8
  8
Layer_4
  10
789.70239
  20
1715.1128
  0
VERTEX
  5
bf9
  8
Layer_4
  10
790.32349
  20
1719.4233
  0
VERTEX
  5
bfa
  8
Layer_4
  10
790.93628
  20
1723.7354
  0
VERTEX
  5
bfb
  8
Layer_4
  10
791.54126
  20
1728.0483
  0
VERTEX
  5
bfc
  8
Layer_4
  10
792.13794
  20
1732.3633
  0
VERTEX
  5
bfd
  8
Layer_4
  10
792.72668
  20
1736.6792
  0
VERTEX
  5
bfe
  8
Layer_4
  10
793.30737
  20
1740.9966
  0
VERTEX
  5
bff
  8
Layer_4
  10
793.87988
  20
1745.3154
  0
VERTEX
  5
c00
  8
Layer_4
  10
794.44446
  20
1749.6353
  0
VERTEX
  5
c01
  8
Layer_4
  10
795.00085
  20
1753.9565
  0
VERTEX
  5
c02
  8
Layer_4
  10
795.54919
  20
1758.2793
  0
VERTEX
  5
c03
  8
Layer_4
  10
796.08948
  20
1762.6035
  0
VERTEX
  5
c04
  8
Layer_4
  10
796.62158
  20
1766.9287
  0
VERTEX
  5
c05
  8
Layer_4
  10
797.14575
  20
1771.2549
  0
VERTEX
  5
c06
  8
Layer_4
  10
797.66187
  20
1775.5825
  0
VERTEX
  5
c07
  8
Layer_4
  10
798.16968
  20
1779.9116
  0
VERTEX
  5
c08
  8
Layer_4
  10
798.66968
  20
1784.2417
  0
VERTEX
  5
c09
  8
Layer_4
  10
799.16138
  20
1788.5728
  0
VERTEX
  5
c0a
  8
Layer_4
  10
799.64514
  20
1792.9053
  0
VERTEX
  5
c0b
  8
Layer_4
  10
800.12073
  20
1797.2388
  0
VERTEX
  5
c0c
  8
Layer_4
  10
800.58826
  20
1801.5737
  0
VERTEX
  5
c0d
  8
Layer_4
  10
801.04773
  20
1805.9097
  0
VERTEX
  5
c0e
  8
Layer_4
  10
801.49902
  20
1810.2466
  0
VERTEX
  5
c0f
  8
Layer_4
  10
801.94238
  20
1814.5845
  0
VERTEX
  5
c10
  8
Layer_4
  10
802.37756
  20
1818.9233
  0
VERTEX
  5
c11
  8
Layer_4
  10
802.80469
  20
1823.2637
  0
VERTEX
  5
c12
  8
Layer_4
  10
803.22363
  20
1827.605
  0
VERTEX
  5
c13
  8
Layer_4
  10
803.63452
  20
1831.9468
  0
VERTEX
  5
c14
  8
Layer_4
  10
804.03735
  20
1836.29
  0
VERTEX
  5
c15
  8
Layer_4
  10
804.43201
  20
1840.6343
  0
VERTEX
  5
c16
  8
Layer_4
  10
804.8186
  20
1844.9795
  0
VERTEX
  5
c17
  8
Layer_4
  10
805.19714
  20
1849.3257
  0
VERTEX
  5
c18
  8
Layer_4
  10
805.5675
  20
1853.6724
  0
VERTEX
  5
c19
  8
Layer_4
  10
805.92981
  20
1858.0205
  0
VERTEX
  5
c1a
  8
Layer_4
  10
806.28418
  20
1862.3696
  0
VERTEX
  5
c1b
  8
Layer_4
  10
806.63025
  20
1866.7192
  0
VERTEX
  5
c1c
  8
Layer_4
  10
806.96826
  20
1871.0698
  0
VERTEX
  5
c1d
  8
Layer_4
  10
807.2981
  20
1875.4214
  0
VERTEX
  5
c1e
  8
Layer_4
  10
807.62
  20
1879.7734
  0
VERTEX
  5
c1f
  8
Layer_4
  10
807.93359
  20
1884.127
  0
VERTEX
  5
c20
  8
Layer_4
  10
808.23926
  20
1888.4805
  0
VERTEX
  5
c21
  8
Layer_4
  10
808.53674
  20
1892.8354
  0
VERTEX
  5
c22
  8
Layer_4
  10
808.82605
  20
1897.1909
  0
VERTEX
  5
c23
  8
Layer_4
  10
809.1073
  20
1901.5474
  0
VERTEX
  5
c24
  8
Layer_4
  10
809.38049
  20
1905.9043
  0
VERTEX
  5
c25
  8
Layer_4
  10
809.64551
  20
1910.2617
  0
VERTEX
  5
c26
  8
Layer_4
  10
809.90247
  20
1914.6206
  0
VERTEX
  5
c27
  8
Layer_4
  10
810.15125
  20
1918.9795
  0
VERTEX
  5
c28
  8
Layer_4
  10
810.39197
  20
1923.3394
  0
VERTEX
  5
c29
  8
Layer_4
  10
810.62451
  20
1927.6997
  0
VERTEX
  5
c2a
  8
Layer_4
  10
810.84888
  20
1932.061
  0
VERTEX
  5
c2b
  8
Layer_4
  10
811.06531
  20
1936.4224
  0
VERTEX
  5
c2c
  8
Layer_4
  10
811.27356
  20
1940.7852
  0
VERTEX
  5
c2d
  8
Layer_4
  10
811.47363
  20
1945.1479
  0
VERTEX
  5
c2e
  8
Layer_4
  10
811.66565
  20
1949.5112
  0
VERTEX
  5
c2f
  8
Layer_4
  10
811.84949
  20
1953.8755
  0
VERTEX
  5
c30
  8
Layer_4
  10
812.02527
  20
1958.2402
  0
VERTEX
  5
c31
  8
Layer_4
  10
812.19287
  20
1962.6055
  0
VERTEX
  5
c32
  8
Layer_4
  10
812.35229
  20
1966.9707
  0
VERTEX
  5
c33
  8
Layer_4
  10
812.50378
  20
1971.3369
  0
VERTEX
  5
c34
  8
Layer_4
  10
812.64697
  20
1975.7036
  0
VERTEX
  5
c35
  8
Layer_4
  10
812.78198
  20
1980.0708
  0
VERTEX
  5
c36
  8
Layer_4
  10
812.90906
  20
1984.4385
  0
VERTEX
  5
c37
  8
Layer_4
  10
813.02783
  20
1988.8066
  0
VERTEX
  5
c38
  8
Layer_4
  10
813.13855
  20
1993.1748
  0
VERTEX
  5
c39
  8
Layer_4
  10
813.24109
  20
1997.5435
  0
VERTEX
  5
c3a
  8
Layer_4
  10
813.33557
  20
2001.9126
  0
VERTEX
  5
c3b
  8
Layer_4
  10
813.42188
  20
2006.2822
  0
VERTEX
  5
c3c
  8
Layer_4
  10
813.5
  20
2010.6523
  0
VERTEX
  5
c3d
  8
Layer_4
  10
813.57007
  20
2015.0225
  0
VERTEX
  5
c3e
  8
Layer_4
  10
813.63196
  20
2019.3931
  0
VERTEX
  5
c3f
  8
Layer_4
  10
813.68579
  20
2023.7637
  0
VERTEX
  5
c40
  8
Layer_4
  10
813.73132
  20
2028.1348
  0
VERTEX
  5
c41
  8
Layer_4
  10
813.7688
  20
2032.5063
  0
VERTEX
  5
c42
  8
Layer_4
  10
813.7981
  20
2036.8779
  0
VERTEX
  5
c43
  8
Layer_4
  10
813.81934
  20
2041.25
  0
VERTEX
  5
c44
  8
Layer_4
  10
813.8324
  20
2045.6221
  0
VERTEX
  5
c45
  8
Layer_4
  10
813.83728
  20
2049.9946
  0
VERTEX
  5
c46
  8
Layer_4
  10
813.83398
  20
2054.3667
  0
VERTEX
  5
c47
  8
Layer_4
  10
813.82263
  20
2058.7393
  0
VERTEX
  5
c48
  8
Layer_4
  10
813.8031
  20
2063.1123
  0
VERTEX
  5
c49
  8
Layer_4
  10
813.77539
  20
2067.4854
  0
VERTEX
  5
c4a
  8
Layer_4
  10
813.7395
  20
2071.8584
  0
VERTEX
  5
c4b
  8
Layer_4
  10
813.69568
  20
2076.2314
  0
VERTEX
  5
c4c
  8
Layer_4
  10
813.64343
  20
2080.605
  0
VERTEX
  5
c4d
  8
Layer_4
  10
813.58313
  20
2084.978
  0
VERTEX
  5
c4e
  8
Layer_4
  10
813.51477
  20
2089.3516
  0
VERTEX
  5
c4f
  8
Layer_4
  10
813.43799
  20
2093.7251
  0
VERTEX
  5
c50
  8
Layer_4
  10
813.35339
  20
2098.0986
  0
VERTEX
  5
c51
  8
Layer_4
  10
813.26038
  20
2102.4722
  0
VERTEX
  5
c52
  8
Layer_4
  10
813.1593
  20
2106.8457
  0
VERTEX
  5
c53
  8
Layer_4
  10
813.05005
  20
2111.2188
  0
VERTEX
  5
c54
  8
Layer_4
  10
812.93262
  20
2115.5923
  0
VERTEX
  5
c55
  8
Layer_4
  10
812.80701
  20
2119.9658
  0
VERTEX
  5
c56
  8
Layer_4
  10
812.67334
  20
2124.3389
  0
VERTEX
  5
c57
  8
Layer_4
  10
812.53149
  20
2128.7119
  0
VERTEX
  5
c58
  8
Layer_4
  10
812.38147
  20
2133.085
  0
VERTEX
  5
c59
  8
Layer_4
  10
812.22314
  20
2137.458
  0
VERTEX
  5
c5a
  8
Layer_4
  10
812.05676
  20
2141.8311
  0
VERTEX
  5
c5b
  8
Layer_4
  10
811.8822
  20
2146.2036
  0
VERTEX
  5
c5c
  8
Layer_4
  10
811.69958
  20
2150.5762
  0
VERTEX
  5
c5d
  8
Layer_4
  10
811.50867
  20
2154.9482
  0
VERTEX
  5
c5e
  8
Layer_4
  10
811.30957
  20
2159.3203
  0
VERTEX
  5
c5f
  8
Layer_4
  10
811.10229
  20
2163.6924
  0
VERTEX
  5
c60
  8
Layer_4
  10
810.88684
  20
2168.064
  0
VERTEX
  5
c61
  8
Layer_4
  10
810.66321
  20
2172.4351
  0
VERTEX
  5
c62
  8
Layer_4
  10
810.43152
  20
2176.8066
  0
VERTEX
  5
c63
  8
Layer_4
  10
810.19153
  20
2181.1772
  0
VERTEX
  5
c64
  8
Layer_4
  10
771.84338
  20
2868
  0
SEQEND
  0
POLYLINE
  5
c66
  8
Layer_4
  62
52
  66
1
  10
0
  20
0
  30
0
  0
VERTEX
  5
c66
  8
Layer_4
  10
828.55029
  20
2868
  0
VERTEX
  5
c67
  8
Layer_4
  10
863.7074
  20
1941.9189
  0
VERTEX
  5
c68
  8
Layer_4
  10
863.88892
  20
1937.0352
  0
VERTEX
  5
c69
  8
Layer_4
  10
864.06299
  20
1932.1519
  0
VERTEX
  5
c6a
  8
Layer_4
  10
864.22949
  20
1927.2681
  0
VERTEX
  5
c6b
  8
Layer_4
  10
864.38855
  20
1922.3843
  0
VERTEX
  5
c6c
  8
Layer_4
  10
864.53992
  20
1917.5005
  0
VERTEX
  5
c6d
  8
Layer_4
  10
864.68384
  20
1912.6162
  0
VERTEX
  5
c6e
  8
Layer_4
  10
864.82019
  20
1907.7324
  0
VERTEX
  5
c6f
  8
Layer_4
  10
864.9491
  20
1902.8481
  0
VERTEX
  5
c70
  8
Layer_4
  10
865.07031
  20
1897.9639
  0
VERTEX
  5
c71
  8
Layer_4
  10
865.18408
  20
1893.0796
  0
VERTEX
  5
c72
  8
Layer_4
  10
865.29028
  20
1888.1953
  0
VERTEX
  5
c73
  8
Layer_4
  10
865.38892
  20
1883.311
  0
VERTEX
  5
c74
  8
Layer_4
  10
865.4801
  20
1878.4263
  0
VERTEX
  5
c75
  8
Layer_4
  10
865.56372
  20
1873.542
  0
VERTEX
  5
c76
  8
Layer_4
  10
865.63989
  20
1868.6577
  0
VERTEX
  5
c77
  8
Layer_4
  10
865.70837
  20
1863.7739
  0
VERTEX
  5
c78
  8
Layer_4
  10
865.76941
  20
1858.8896
  0
VERTEX
  5
c79
  8
Layer_4
  10
865.823
  20
1854.0054
  0
VERTEX
  5
c7a
  8
Layer_4
  10
865.8689
  20
1849.1216
  0
VERTEX
  5
c7b
  8
Layer_4
  10
865.90735
  20
1844.2378
  0
VERTEX
  5
c7c
  8
Layer_4
  10
865.93823
  20
1839.354
  0
VERTEX
  5
c7d
  8
Layer_4
  10
865.96167
  20
1834.4707
  0
VERTEX
  5
c7e
  8
Layer_4
  10
865.97754
  20
1829.5874
  0
VERTEX
  5
c7f
  8
Layer_4
  10
865.98584
  20
1824.7041
  0
VERTEX
  5
c80
  8
Layer_4
  10
865.98669
  20
1819.8213
  0
VERTEX
  5
c81
  8
Layer_4
  10
865.97998
  20
1814.9385
  0
VERTEX
  5
c82
  8
Layer_4
  10
865.9657
  20
1810.0557
  0
VERTEX
  5
c83
  8
Layer_4
  10
865.94409
  20
1805.1738
  0
VERTEX
  5
c84
  8
Layer_4
  10
865.91479
  20
1800.2915
  0
VERTEX
  5
c85
  8
Layer_4
  10
865.87805
  20
1795.4102
  0
VERTEX
  5
c86
  8
Layer_4
  10
865.83374
  20
1790.5288
  0
VERTEX
  5
c87
  8
Layer_4
  10
865.78198
  20
1785.6475
  0
VERTEX
  5
c88
  8
Layer_4
  10
865.72266
  20
1780.7666
  0
VERTEX
  5
c89
  8
Layer_4
  10
865.65588
  20
1775.8862
  0
VERTEX
  5
c8a
  8
Layer_4
  10
865.58154
  20
1771.0063
  0
VERTEX
  5
c8b
  8
Layer_4
  10
865.49963
  20
1766.127
  0
VERTEX
  5
c8c
  8
Layer_4
  10
865.41028
  20
1761.2476
  0
VERTEX
  5
c8d
  8
Layer_4
  10
865.31348
  20
1756.3687
  0
VERTEX
  5
c8e
  8
Layer_4
  10
865.20911
  20
1751.4907
  0
VERTEX
  5
c8f
  8
Layer_4
  10
865.09729
  20
1746.6128
  0
VERTEX
  5
c90
  8
Layer_4
  10
864.97778
  20
1741.7349
  0
VERTEX
  5
c91
  8
Layer_4
  10
864.85107
  20
1736.8584
  0
VERTEX
  5
c92
  8
Layer_4
  10
864.71667
  20
1731.9819
  0
VERTEX
  5
c93
  8
Layer_4
  10
864.57471
  20
1727.106
  0
VERTEX
  5
c94
  8
Layer_4
  10
864.42529
  20
1722.2305
  0
VERTEX
  5
c95
  8
Layer_4
  10
864.26843
  20
1717.3555
  0
VERTEX
  5
c96
  8
Layer_4
  10
864.104
  20
1712.481
  0
VERTEX
  5
c97
  8
Layer_4
  10
863.93225
  20
1707.6074
  0
VERTEX
  5
c98
  8
Layer_4
  10
863.75281
  20
1702.7344
  0
VERTEX
  5
c99
  8
Layer_4
  10
863.56592
  20
1697.8618
  0
VERTEX
  5
c9a
  8
Layer_4
  10
863.37158
  20
1692.9902
  0
VERTEX
  5
c9b
  8
Layer_4
  10
863.16968
  20
1688.1187
  0
VERTEX
  5
c9c
  8
Layer_4
  10
862.96033
  20
1683.2485
  0
VERTEX
  5
c9d
  8
Layer_4
  10
862.74341
  20
1678.3784
  0
VERTEX
  5
c9e
  8
Layer_4
  10
862.51917
  20
1673.5093
  0
VERTEX
  5
c9f
  8
Layer_4
  10
862.28735
  20
1668.6406
  0
VERTEX
  5
ca0
  8
Layer_4
  10
862.04797
  20
1663.7729
  0
VERTEX
  5
ca1
  8
Layer_4
  10
861.80115
  20
1658.9063
  0
VERTEX
  5
ca2
  8
Layer_4
  10
861.54688
  20
1654.04
  0
VERTEX
  5
ca3
  8
Layer_4
  10
861.28503
  20
1649.1743
  0
VERTEX
  5
ca4
  8
Layer_4
  10
861.01587
  20
1644.3096
  0
VERTEX
  5
ca5
  8
Layer_4
  10
860.73901
  20
1639.4458
  0
VERTEX
  5
ca6
  8
Layer_4
  10
860.45483
  20
1634.583
  0
VERTEX
  5
ca7
  8
Layer_4
  10
860.16309
  20
1629.7207
  0
VERTEX
  5
ca8
  8
Layer_4
  10
859.86389
  20
1624.8594
  0
VERTEX
  5
ca9
  8
Layer_4
  10
859.55725
  20
1619.999
  0
VERTEX
  5
caa
  8
Layer_4
  10
859.24304
  20
1615.1392
  0
VERTEX
  5
cab
  8
Layer_4
  10
858.92139
  20
1610.2808
  0
VERTEX
  5
cac
  8
Layer_4
  10
858.59229
  20
1605.4233
  0
VERTEX
  5
cad
  8
Layer_4
  10
858.25574
  20
1600.5664
  0
VERTEX
  5
cae
  8
Layer_4
  10
857.91162
  20
1595.7104
  0
VERTEX
  5
caf
  8
Layer_4
  10
857.56018
  20
1590.8555
  0
VERTEX
  5
cb0
  8
Layer_4
  10
857.20105
  20
1586.002
  0
VERTEX
  5
cb1
  8
Layer_4
  10
856.83459
  20
1581.1489
  0
VERTEX
  5
cb2
  8
Layer_4
  10
856.46069
  20
1576.2974
  0
VERTEX
  5
cb3
  8
Layer_4
  10
856.07922
  20
1571.4463
  0
VERTEX
  5
cb4
  8
Layer_4
  10
855.69031
  20
1566.5967
  0
VERTEX
  5
cb5
  8
Layer_4
  10
855.29395
  20
1561.748
  0
VERTEX
  5
cb6
  8
Layer_4
  10
854.89014
  20
1556.9009
  0
VERTEX
  5
cb7
  8
Layer_4
  10
854.47888
  20
1552.0542
  0
VERTEX
  5
cb8
  8
Layer_4
  10
854.06006
  20
1547.209
  0
VERTEX
  5
cb9
  8
Layer_4
  10
853.63379
  20
1542.3647
  0
VERTEX
  5
cba
  8
Layer_4
  10
853.2002
  20
1537.5215
  0
VERTEX
  5
cbb
  8
Layer_4
  10
852.75891
  20
1532.6797
  0
VERTEX
  5
cbc
  8
Layer_4
  10
852.3103
  20
1527.8394
  0
VERTEX
  5
cbd
  8
Layer_4
  10
851.85425
  20
1523
  0
VERTEX
  5
cbe
  8
Layer_4
  10
851.39075
  20
1518.1616
  0
VERTEX
  5
cbf
  8
Layer_4
  10
850.91968
  20
1513.3247
  0
VERTEX
  5
cc0
  8
Layer_4
  10
850.44128
  20
1508.4888
  0
VERTEX
  5
cc1
  8
Layer_4
  10
849.95532
  20
1503.6543
  0
VERTEX
  5
cc2
  8
Layer_4
  10
849.46191
  20
1498.8213
  0
VERTEX
  5
cc3
  8
Layer_4
  10
848.96118
  20
1493.9893
  0
VERTEX
  5
cc4
  8
Layer_4
  10
848.45288
  20
1489.1587
  0
VERTEX
  5
cc5
  8
Layer_4
  10
847.93713
  20
1484.3296
  0
VERTEX
  5
cc6
  8
Layer_4
  10
847.41394
  20
1479.5015
  0
VERTEX
  5
cc7
  8
Layer_4
  10
846.8833
  20
1474.6753
  0
VERTEX
  5
cc8
  8
Layer_4
  10
846.34521
  20
1469.8501
  0
VERTEX
  5
cc9
  8
Layer_4
  10
845.79968
  20
1465.0264
  0
VERTEX
  5
cca
  8
Layer_4
  10
845.2467
  20
1460.2041
  0
VERTEX
  5
ccb
  8
Layer_4
  10
844.68628
  20
1455.3833
  0
VERTEX
  5
ccc
  8
Layer_4
  10
844.11841
  20
1450.564
  0
VERTEX
  5
ccd
  8
Layer_4
  10
843.54309
  20
1445.7456
  0
VERTEX
  5
cce
  8
Layer_4
  10
842.96045
  20
1440.9292
  0
VERTEX
  5
ccf
  8
Layer_4
  10
842.37024
  20
1436.1143
  0
VERTEX
  5
cd0
  8
Layer_4
  10
841.77258
  20
1431.3008
  0
VERTEX
  5
cd1
  8
Layer_4
  10
841.16748
  20
1426.4888
  0
VERTEX
  5
cd2
  8
Layer_4
  10
840.55493
  20
1421.6787
  0
VERTEX
  5
cd3
  8
Layer_4
  10
839.93506
  20
1416.8701
  0
VERTEX
  5
cd4
  8
Layer_4
  10
839.30762
  20
1412.0625
  0
VERTEX
  5
cd5
  8
Layer_4
  10
838.67273
  20
1407.2568
  0
VERTEX
  5
cd6
  8
Layer_4
  10
838.03052
  20
1402.4531
  0
VERTEX
  5
cd7
  8
Layer_4
  10
837.38086
  20
1397.6504
  0
VERTEX
  5
cd8
  8
Layer_4
  10
836.72363
  20
1392.8501
  0
VERTEX
  5
cd9
  8
Layer_4
  10
836.05908
  20
1388.0508
  0
VERTEX
  5
cda
  8
Layer_4
  10
835.38708
  20
1383.2534
  0
VERTEX
  5
cdb
  8
Layer_4
  10
834.70764
  20
1378.4575
  0
VERTEX
  5
cdc
  8
Layer_4
  10
834.02087
  20
1373.6636
  0
VERTEX
  5
cdd
  8
Layer_4
  10
833.32654
  20
1368.8716
  0
VERTEX
  5
cde
  8
Layer_4
  10
832.62488
  20
1364.0811
  0
VERTEX
  5
cdf
  8
Layer_4
  10
831.91565
  20
1359.292
  0
VERTEX
  5
ce0
  8
Layer_4
  10
831.1991
  20
1354.5054
  0
VERTEX
  5
ce1
  8
Layer_4
  10
830.4751
  20
1349.7202
  0
VERTEX
  5
ce2
  8
Layer_4
  10
829.74377
  20
1344.9365
  0
VERTEX
  5
ce3
  8
Layer_4
  10
829.00488
  20
1340.1553
  0
VERTEX
  5
ce4
  8
Layer_4
  10
828.25867
  20
1335.3755
  0
VERTEX
  5
ce5
  8
Layer_4
  10
827.50488
  20
1330.5977
  0
VERTEX
  5
ce6
  8
Layer_4
  10
826.7439
  20
1325.8218
  0
VERTEX
  5
ce7
  8
Layer_4
  10
825.97522
  20
1321.0479
  0
VERTEX
  5
ce8
  8
Layer_4
  10
825.28699
  20
1316.771
  0
VERTEX
  5
ce9
  8
Layer_4
  10
824.60571
  20
1312.4927
  0
VERTEX
  5
cea
  8
Layer_4
  10
823.93152
  20
1308.2124
  0
VERTEX
  5
ceb
  8
Layer_4
  10
823.26428
  20
1303.9302
  0
VERTEX
  5
cec
  8
Layer_4
  10
822.604
  20
1299.6465
  0
VERTEX
  5
ced
  8
Layer_4
  10
821.95081
  20
1295.3613
  0
VERTEX
  5
cee
  8
Layer_4
  10
821.30469
  20
1291.0742
  0
VERTEX
  5
cef
  8
Layer_4
  10
820.66541
  20
1286.7852
  0
VERTEX
  5
cf0
  8
Layer_4
  10
820.0332
  20
1282.4951
  0
VERTEX
  5
cf1
  8
Layer_4
  10
819.40808
  20
1278.2031
  0
VERTEX
  5
cf2
  8
Layer_4
  10
818.78992
  20
1273.9092
  0
VERTEX
  5
cf3
  8
Layer_4
  10
818.17871
  20
1269.6143
  0
VERTEX
  5
cf4
  8
Layer_4
  10
817.57458
  20
1265.3174
  0
VERTEX
  5
cf5
  8
Layer_4
  10
816.97754
  20
1261.019
  0
VERTEX
  5
cf6
  8
Layer_4
  10
816.38757
  20
1256.7188
  0
VERTEX
  5
cf7
  8
Layer_4
  10
815.80444
  20
1252.4175
  0
VERTEX
  5
cf8
  8
Layer_4
  10
815.22839
  20
1248.1143
  0
VERTEX
  5
cf9
  8
Layer_4
  10
814.65942
  20
1243.8096
  0
VERTEX
  5
cfa
  8
Layer_4
  10
814.09741
  20
1239.5039
  0
VERTEX
  5
cfb
  8
Layer_4
  10
813.54248
  20
1235.1963
  0
VERTEX
  5
cfc
  8
Layer_4
  10
812.99451
  20
1230.8872
  0
VERTEX
  5
cfd
  8
Layer_4
  10
812.45361
  20
1226.5767
  0
VERTEX
  5
cfe
  8
Layer_4
  10
811.91968
  20
1222.2651
  0
VERTEX
  5
cff
  8
Layer_4
  10
811.39294
  20
1217.9517
  0
VERTEX
  5
d00
  8
Layer_4
  10
810.87305
  20
1213.6372
  0
VERTEX
  5
d01
  8
Layer_4
  10
810.36023
  20
1209.3213
  0
VERTEX
  5
d02
  8
Layer_4
  10
809.85449
  20
1205.0039
  0
VERTEX
  5
d03
  8
Layer_4
  10
809.35571
  20
1200.6851
  0
VERTEX
  5
d04
  8
Layer_4
  10
808.86401
  20
1196.3647
  0
VERTEX
  5
d05
  8
Layer_4
  10
808.37939
  20
1192.0435
  0
VERTEX
  5
d06
  8
Layer_4
  10
807.90173
  20
1187.7207
  0
VERTEX
  5
d07
  8
Layer_4
  10
807.43115
  20
1183.397
  0
VERTEX
  5
d08
  8
Layer_4
  10
806.96765
  20
1179.0718
  0
VERTEX
  5
d09
  8
Layer_4
  10
806.51111
  20
1174.7451
  0
VERTEX
  5
d0a
  8
Layer_4
  10
806.06165
  20
1170.4175
  0
VERTEX
  5
d0b
  8
Layer_4
  10
805.61914
  20
1166.0889
  0
VERTEX
  5
d0c
  8
Layer_4
  10
805.18372
  20
1161.7588
  0
VERTEX
  5
d0d
  8
Layer_4
  10
804.75549
  20
1157.4272
  0
VERTEX
  5
d0e
  8
Layer_4
  10
804.33398
  20
1153.0947
  0
VERTEX
  5
d0f
  8
Layer_4
  10
803.9198
  20
1148.7612
  0
VERTEX
  5
d10
  8
Layer_4
  10
803.51257
  20
1144.4268
  0
VERTEX
  5
d11
  8
Layer_4
  10
803.1123
  20
1140.0908
  0
VERTEX
  5
d12
  8
Layer_4
  10
802.71924
  20
1135.7539
  0
VERTEX
  5
d13
  8
Layer_4
  10
802.33313
  20
1131.416
  0
VERTEX
  5
d14
  8
Layer_4
  10
801.95398
  20
1127.0767
  0
VERTEX
  5
d15
  8
Layer_4
  10
801.58203
  20
1122.7368
  0
VERTEX
  5
d16
  8
Layer_4
  10
801.21716
  20
1118.3955
  0
VERTEX
  5
d17
  8
Layer_4
  10
800.85913
  20
1114.0532
  0
VERTEX
  5
d18
  8
Layer_4
  10
800.5083
  20
1109.71
  0
VERTEX
  5
d19
  8
Layer_4
  10
800.16455
  20
1105.3657
  0
VERTEX
  5
d1a
  8
Layer_4
  10
799.82776
  20
1101.0205
  0
VERTEX
  5
d1b
  8
Layer_4
  10
799.49805
  20
1096.6748
  0
VERTEX
  5
d1c
  8
Layer_4
  10
799.17542
  20
1092.3276
  0
VERTEX
  5
d1d
  8
Layer_4
  10
798.85986
  20
1087.9795
  0
VERTEX
  5
d1e
  8
Layer_4
  10
798.55139
  20
1083.6309
  0
VERTEX
  5
d1f
  8
Layer_4
  10
798.24988
  20
1079.2808
  0
VERTEX
  5
d20
  8
Layer_4
  10
797.95544
  20
1074.9302
  0
VERTEX
  5
d21
  8
Layer_4
  10
797.66809
  20
1070.5791
  0
VERTEX
  5
d22
  8
Layer_4
  10
797.3877
  20
1066.2266
  0
VERTEX
  5
d23
  8
Layer_4
  10
797.1145
  20
1061.8735
  0
VERTEX
  5
d24
  8
Layer_4
  10
796.84839
  20
1057.5195
  0
VERTEX
  5
d25
  8
Layer_4
  10
796.58923
  20
1053.165
  0
VERTEX
  5
d26
  8
Layer_4
  10
796.33716
  20
1048.8091
  0
VERTEX
  5
d27
  8
Layer_4
  10
796.09216
  20
1044.4531
  0
VERTEX
  5
d28
  8
Layer_4
  10
795.85425
  20
1040.0962
  0
VERTEX
  5
d29
  8
Layer_4
  10
795.62329
  20
1035.7383
  0
VERTEX
  5
d2a
  8
Layer_4
  10
795.39966
  20
1031.3799
  0
VERTEX
  5
d2b
  8
Layer_4
  10
795.18286
  20
1027.021
  0
VERTEX
  5
d2c
  8
Layer_4
  10
794.97327
  20
1022.6611
  0
VERTEX
  5
d2d
  8
Layer_4
  10
794.77063
  20
1018.3003
  0
VERTEX
  5
d2e
  8
Layer_4
  10
794.5752
  20
1013.9395
  0
VERTEX
  5
d2f
  8
Layer_4
  10
794.3866
  20
1009.5776
  0
VERTEX
  5
d30
  8
Layer_4
  10
794.20532
  20
1005.2153
  0
VERTEX
  5
d31
  8
Layer_4
  10
794.03101
  20
1000.8525
  0
VERTEX
  5
d32
  8
Layer_4
  10
793.86377
  20
996.48877
  0
VERTEX
  5
d33
  8
Layer_4
  10
793.70361
  20
992.125
  0
VERTEX
  5
d34
  8
Layer_4
  10
793.55054
  20
987.76025
  0
VERTEX
  5
d35
  8
Layer_4
  10
793.40454
  20
983.39502
  0
VERTEX
  5
d36
  8
Layer_4
  10
793.26563
  20
979.0293
  0
VERTEX
  5
d37
  8
Layer_4
  10
793.13379
  20
974.66309
  0
VERTEX
  5
d38
  8
Layer_4
  10
793.00903
  20
970.29639
  0
VERTEX
  5
d39
  8
Layer_4
  10
792.89136
  20
965.9292
  0
VERTEX
  5
d3a
  8
Layer_4
  10
792.78076
  20
961.56201
  0
VERTEX
  5
d3b
  8
Layer_4
  10
792.67725
  20
957.19385
  0
VERTEX
  5
d3c
  8
Layer_4
  10
792.58081
  20
952.82544
  0
VERTEX
  5
d3d
  8
Layer_4
  10
792.49146
  20
948.45679
  0
VERTEX
  5
d3e
  8
Layer_4
  10
792.40918
  20
944.0874
  0
VERTEX
  5
d3f
  8
Layer_4
  10
792.33398
  20
939.71802
  0
VERTEX
  5
d40
  8
Layer_4
  10
792.26599
  20
935.3479
  0
VERTEX
  5
d41
  8
Layer_4
  10
792.20496
  20
930.97778
  0
VERTEX
  5
d42
  8
Layer_4
  10
792.151
  20
926.60742
  0
VERTEX
  5
d43
  8
Layer_4
  10
792.10425
  20
922.23633
  0
VERTEX
  5
d44
  8
Layer_4
  10
792.06445
  20
917.86523
  0
VERTEX
  5
d45
  8
Layer_4
  10
792.03186
  20
913.4939
  0
VERTEX
  5
d46
  8
Layer_4
  10
792.00635
  20
909.12231
  0
VERTEX
  5
d47
  8
Layer_4
  10
791.98779
  20
904.75024
  0
VERTEX
  5
d48
  8
Layer_4
  10
791.97644
  20
900.37817
  0
VERTEX
  5
d49
  8
Layer_4
  10
791.97229
  20
896.00586
  0
VERTEX
  5
d4a
  8
Layer_4
  10
791.9751
  20
891.6333
  0
VERTEX
  5
d4b
  8
Layer_4
  10
791.98499
  20
887.26074
  0
VERTEX
  5
d4c
  8
Layer_4
  10
792.00195
  20
882.88794
  0
VERTEX
  5
d4d
  8
Layer_4
  10
792.02612
  20
878.51489
  0
VERTEX
  5
d4e
  8
Layer_4
  10
792.05737
  20
874.14185
  0
VERTEX
  5
d4f
  8
Layer_4
  10
792.09558
  20
869.7688
  0
VERTEX
  5
d50
  8
Layer_4
  10
792.14099
  20
865.39551
  0
VERTEX
  5
d51
  8
Layer_4
  10
792.19348
  20
861.02222
  0
VERTEX
  5
d52
  8
Layer_4
  10
792.2533
  20
856.64868
  0
VERTEX
  5
d53
  8
Layer_4
  10
792.31995
  20
852.27515
  0
VERTEX
  5
d54
  8
Layer_4
  10
792.3938
  20
847.90186
  0
VERTEX
  5
d55
  8
Layer_4
  10
792.47473
  20
843.52832
  0
VERTEX
  5
d56
  8
Layer_4
  10
792.56274
  20
839.15479
  0
VERTEX
  5
d57
  8
Layer_4
  10
792.65796
  20
834.78149
  0
VERTEX
  5
d58
  8
Layer_4
  10
792.76025
  20
830.40796
  0
VERTEX
  5
d59
  8
Layer_4
  10
792.86951
  20
826.03467
  0
VERTEX
  5
d5a
  8
Layer_4
  10
792.98608
  20
821.66138
  0
VERTEX
  5
d5b
  8
Layer_4
  10
793.10962
  20
817.28809
  0
VERTEX
  5
d5c
  8
Layer_4
  10
793.24036
  20
812.91504
  0
VERTEX
  5
d5d
  8
Layer_4
  10
793.37817
  20
808.54224
  0
VERTEX
  5
d5e
  8
Layer_4
  10
793.52319
  20
804.16943
  0
VERTEX
  5
d5f
  8
Layer_4
  10
793.67517
  20
799.79663
  0
VERTEX
  5
d60
  8
Layer_4
  10
793.83435
  20
795.42432
  0
VERTEX
  5
d61
  8
Layer_4
  10
794.00061
  20
791.052
  0
VERTEX
  5
d62
  8
Layer_4
  10
794.17407
  20
786.67993
  0
VERTEX
  5
d63
  8
Layer_4
  10
794.35449
  20
782.30811
  0
VERTEX
  5
d64
  8
Layer_4
  10
794.54211
  20
777.93628
  0
VERTEX
  5
d65
  8
Layer_4
  10
794.73694
  20
773.56494
  0
VERTEX
  5
d66
  8
Layer_4
  10
794.93884
  20
769.19385
  0
VERTEX
  5
d67
  8
Layer_4
  10
795.14783
  20
764.823
  0
VERTEX
  5
d68
  8
Layer_4
  10
828.55029
  20
78.000488
  0
SEQEND
  0
POLYLINE
  5
d6a
  8
Layer_4
  62
52
  66
1
  10
0
  20
0
  30
0
  0
VERTEX
  5
d6a
  8
Layer_4
  10
886.31018
  20
2868
  0
VERTEX
  5
d6b
  8
Layer_4
  10
921.46716
  20
1941.9189
  0
VERTEX
  5
d6c
  8
Layer_4
  10
921.64868
  20
1937.0352
  0
VERTEX
  5
d6d
  8
Layer_4
  10
921.82288
  20
1932.1519
  0
VERTEX
  5
d6e
  8
Layer_4
  10
921.98938
  20
1927.2681
  0
VERTEX
  5
d6f
  8
Layer_4
  10
922.14832
  20
1922.3843
  0
VERTEX
  5
d70
  8
Layer_4
  10
922.2998
  20
1917.5005
  0
VERTEX
  5
d71
  8
Layer_4
  10
922.44373
  20
1912.6162
  0
VERTEX
  5
d72
  8
Layer_4
  10
922.58008
  20
1907.7324
  0
VERTEX
  5
d73
  8
Layer_4
  10
922.70886
  20
1902.8481
  0
VERTEX
  5
d74
  8
Layer_4
  10
922.83008
  20
1897.9639
  0
VERTEX
  5
d75
  8
Layer_4
  10
922.94397
  20
1893.0796
  0
VERTEX
  5
d76
  8
Layer_4
  10
923.05017
  20
1888.1953
  0
VERTEX
  5
d77
  8
Layer_4
  10
923.1488
  20
1883.311
  0
VERTEX
  5
d78
  8
Layer_4
  10
923.23999
  20
1878.4263
  0
VERTEX
  5
d79
  8
Layer_4
  10
923.32349
  20
1873.542
  0
VERTEX
  5
d7a
  8
Layer_4
  10
923.39966
  20
1868.6577
  0
VERTEX
  5
d7b
  8
Layer_4
  10
923.46826
  20
1863.7739
  0
VERTEX
  5
d7c
  8
Layer_4
  10
923.5293
  20
1858.8896
  0
VERTEX
  5
d7d
  8
Layer_4
  10
923.58276
  20
1854.0054
  0
VERTEX
  5
d7e
  8
Layer_4
  10
923.62878
  20
1849.1216
  0
VERTEX
  5
d7f
  8
Layer_4
  10
923.66711
  20
1844.2378
  0
VERTEX
  5
d80
  8
Layer_4
  10
923.698
  20
1839.354
  0
VERTEX
  5
d81
  8
Layer_4
  10
923.72144
  20
1834.4707
  0
VERTEX
  5
d82
  8
Layer_4
  10
923.7373
  20
1829.5874
  0
VERTEX
  5
d83
  8
Layer_4
  10
923.74573
  20
1824.7041
  0
VERTEX
  5
d84
  8
Layer_4
  10
923.74658
  20
1819.8213
  0
VERTEX
  5
d85
  8
Layer_4
  10
923.73987
  20
1814.9385
  0
VERTEX
  5
d86
  8
Layer_4
  10
923.72559
  20
1810.0557
  0
VERTEX
  5
d87
  8
Layer_4
  10
923.70386
  20
1805.1738
  0
VERTEX
  5
d88
  8
Layer_4
  10
923.67468
  20
1800.2915
  0
VERTEX
  5
d89
  8
Layer_4
  10
923.63782
  20
1795.4102
  0
VERTEX
  5
d8a
  8
Layer_4
  10
923.59363
  20
1790.5288
  0
VERTEX
  5
d8b
  8
Layer_4
  10
923.54187
  20
1785.6475
  0
VERTEX
  5
d8c
  8
Layer_4
  10
923.48254
  20
1780.7666
  0
VERTEX
  5
d8d
  8
Layer_4
  10
923.41565
  20
1775.8862
  0
VERTEX
  5
d8e
  8
Layer_4
  10
923.34131
  20
1771.0063
  0
VERTEX
  5
d8f
  8
Layer_4
  10
923.25952
  20
1766.127
  0
VERTEX
  5
d90
  8
Layer_4
  10
923.17017
  20
1761.2476
  0
VERTEX
  5
d91
  8
Layer_4
  10
923.07336
  20
1756.3687
  0
VERTEX
  5
d92
  8
Layer_4
  10
922.96899
  20
1751.4907
  0
VERTEX
  5
d93
  8
Layer_4
  10
922.85706
  20
1746.6128
  0
VERTEX
  5
d94
  8
Layer_4
  10
922.73779
  20
1741.7349
  0
VERTEX
  5
d95
  8
Layer_4
  10
922.61084
  20
1736.8584
  0
VERTEX
  5
d96
  8
Layer_4
  10
922.47644
  20
1731.9819
  0
VERTEX
  5
d97
  8
Layer_4
  10
922.33459
  20
1727.106
  0
VERTEX
  5
d98
  8
Layer_4
  10
922.18518
  20
1722.2305
  0
VERTEX
  5
d99
  8
Layer_4
  10
922.02832
  20
1717.3555
  0
VERTEX
  5
d9a
  8
Layer_4
  10
921.86389
  20
1712.481
  0
VERTEX
  5
d9b
  8
Layer_4
  10
921.69202
  20
1707.6074
  0
VERTEX
  5
d9c
  8
Layer_4
  10
921.5127
  20
1702.7344
  0
VERTEX
  5
d9d
  8
Layer_4
  10
921.32568
  20
1697.8618
  0
VERTEX
  5
d9e
  8
Layer_4
  10
921.13147
  20
1692.9902
  0
VERTEX
  5
d9f
  8
Layer_4
  10
920.92957
  20
1688.1187
  0
VERTEX
  5
da0
  8
Layer_4
  10
920.72009
  20
1683.2485
  0
VERTEX
  5
da1
  8
Layer_4
  10
920.5033
  20
1678.3784
  0
VERTEX
  5
da2
  8
Layer_4
  10
920.27893
  20
1673.5093
  0
VERTEX
  5
da3
  8
Layer_4
  10
920.04712
  20
1668.6406
  0
VERTEX
  5
da4
  8
Layer_4
  10
919.80786
  20
1663.7729
  0
VERTEX
  5
da5
  8
Layer_4
  10
919.56104
  20
1658.9063
  0
VERTEX
  5
da6
  8
Layer_4
  10
919.30676
  20
1654.04
  0
VERTEX
  5
da7
  8
Layer_4
  10
919.04492
  20
1649.1743
  0
VERTEX
  5
da8
  8
Layer_4
  10
918.77563
  20
1644.3096
  0
VERTEX
  5
da9
  8
Layer_4
  10
918.49878
  20
1639.4458
  0
VERTEX
  5
daa
  8
Layer_4
  10
918.2146
  20
1634.583
  0
VERTEX
  5
dab
  8
Layer_4
  10
917.92297
  20
1629.7207
  0
VERTEX
  5
dac
  8
Layer_4
  10
917.62378
  20
1624.8594
  0
VERTEX
  5
dad
  8
Layer_4
  10
917.31702
  20
1619.999
  0
VERTEX
  5
dae
  8
Layer_4
  10
917.00281
  20
1615.1392
  0
VERTEX
  5
daf
  8
Layer_4
  10
916.68127
  20
1610.2808
  0
VERTEX
  5
db0
  8
Layer_4
  10
916.35217
  20
1605.4233
  0
VERTEX
  5
db1
  8
Layer_4
  10
916.0155
  20
1600.5664
  0
VERTEX
  5
db2
  8
Layer_4
  10
915.67139
  20
1595.7104
  0
VERTEX
  5
db3
  8
Layer_4
  10
915.31995
  20
1590.8555
  0
VERTEX
  5
db4
  8
Layer_4
  10
914.96094
  20
1586.002
  0
VERTEX
  5
db5
  8
Layer_4
  10
914.59448
  20
1581.1489
  0
VERTEX
  5
db6
  8
Layer_4
  10
914.22046
  20
1576.2974
  0
VERTEX
  5
db7
  8
Layer_4
  10
913.83899
  20
1571.4463
  0
VERTEX
  5
db8
  8
Layer_4
  10
913.4502
  20
1566.5967
  0
VERTEX
  5
db9
  8
Layer_4
  10
913.05371
  20
1561.748
  0
VERTEX
  5
dba
  8
Layer_4
  10
912.6499
  20
1556.9009
  0
VERTEX
  5
dbb
  8
Layer_4
  10
912.23865
  20
1552.0542
  0
VERTEX
  5
dbc
  8
Layer_4
  10
911.81982
  20
1547.209
  0
VERTEX
  5
dbd
  8
Layer_4
  10
911.39368
  20
1542.3647
  0
VERTEX
  5
dbe
  8
Layer_4
  10
910.95996
  20
1537.5215
  0
VERTEX
  5
dbf
  8
Layer_4
  10
910.5188
  20
1532.6797
  0
VERTEX
  5
dc0
  8
Layer_4
  10
910.07019
  20
1527.8394
  0
VERTEX
  5
dc1
  8
Layer_4
  10
909.61401
  20
1523
  0
VERTEX
  5
dc2
  8
Layer_4
  10
909.15051
  20
1518.1616
  0
VERTEX
  5
dc3
  8
Layer_4
  10
908.67957
  20
1513.3247
  0
VERTEX
  5
dc4
  8
Layer_4
  10
908.20105
  20
1508.4888
  0
VERTEX
  5
dc5
  8
Layer_4
  10
907.71509
  20
1503.6543
  0
VERTEX
  5
dc6
  8
Layer_4
  10
907.22168
  20
1498.8213
  0
VERTEX
  5
dc7
  8
Layer_4
  10
906.72095
  20
1493.9893
  0
VERTEX
  5
dc8
  8
Layer_4
  10
906.21265
  20
1489.1587
  0
VERTEX
  5
dc9
  8
Layer_4
  10
905.6969
  20
1484.3296
  0
VERTEX
  5
dca
  8
Layer_4
  10
905.17371
  20
1479.5015
  0
VERTEX
  5
dcb
  8
Layer_4
  10
904.64319
  20
1474.6753
  0
VERTEX
  5
dcc
  8
Layer_4
  10
904.10498
  20
1469.8501
  0
VERTEX
  5
dcd
  8
Layer_4
  10
903.55957
  20
1465.0264
  0
VERTEX
  5
dce
  8
Layer_4
  10
903.00659
  20
1460.2041
  0
VERTEX
  5
dcf
  8
Layer_4
  10
902.44617
  20
1455.3833
  0
VERTEX
  5
dd0
  8
Layer_4
  10
901.8783
  20
1450.564
  0
VERTEX
  5
dd1
  8
Layer_4
  10
901.30298
  20
1445.7456
  0
VERTEX
  5
dd2
  8
Layer_4
  10
900.72021
  20
1440.9292
  0
VERTEX
  5
dd3
  8
Layer_4
  10
900.13
  20
1436.1143
  0
VERTEX
  5
dd4
  8
Layer_4
  10
899.53235
  20
1431.3008
  0
VERTEX
  5
dd5
  8
Layer_4
  10
898.92725
  20
1426.4888
  0
VERTEX
  5
dd6
  8
Layer_4
  10
898.3147
  20
1421.6787
  0
VERTEX
  5
dd7
  8
Layer_4
  10
897.69482
  20
1416.8701
  0
VERTEX
  5
dd8
  8
Layer_4
  10
897.06738
  20
1412.0625
  0
VERTEX
  5
dd9
  8
Layer_4
  10
896.4325
  20
1407.2568
  0
VERTEX
  5
dda
  8
Layer_4
  10
895.79028
  20
1402.4531
  0
VERTEX
  5
ddb
  8
Layer_4
  10
895.14063
  20
1397.6504
  0
VERTEX
  5
ddc
  8
Layer_4
  10
894.4834
  20
1392.8501
  0
VERTEX
  5
ddd
  8
Layer_4
  10
893.81897
  20
1388.0508
  0
VERTEX
  5
dde
  8
Layer_4
  10
893.14697
  20
1383.2534
  0
VERTEX
  5
ddf
  8
Layer_4
  10
892.46741
  20
1378.4575
  0
VERTEX
  5
de0
  8
Layer_4
  10
891.78064
  20
1373.6636
  0
VERTEX
  5
de1
  8
Layer_4
  10
891.0863
  20
1368.8716
  0
VERTEX
  5
de2
  8
Layer_4
  10
890.38464
  20
1364.0811
  0
VERTEX
  5
de3
  8
Layer_4
  10
889.67542
  20
1359.292
  0
VERTEX
  5
de4
  8
Layer_4
  10
888.95898
  20
1354.5054
  0
VERTEX
  5
de5
  8
Layer_4
  10
888.23499
  20
1349.7202
  0
VERTEX
  5
de6
  8
Layer_4
  10
887.50342
  20
1344.9365
  0
VERTEX
  5
de7
  8
Layer_4
  10
886.76465
  20
1340.1553
  0
VERTEX
  5
de8
  8
Layer_4
  10
886.01831
  20
1335.3755
  0
VERTEX
  5
de9
  8
Layer_4
  10
885.26477
  20
1330.5977
  0
VERTEX
  5
dea
  8
Layer_4
  10
884.50366
  20
1325.8218
  0
VERTEX
  5
deb
  8
Layer_4
  10
883.73499
  20
1321.0479
  0
VERTEX
  5
dec
  8
Layer_4
  10
883.04688
  20
1316.771
  0
VERTEX
  5
ded
  8
Layer_4
  10
882.36548
  20
1312.4927
  0
VERTEX
  5
dee
  8
Layer_4
  10
881.69128
  20
1308.2124
  0
VERTEX
  5
def
  8
Layer_4
  10
881.02405
  20
1303.9302
  0
VERTEX
  5
df0
  8
Layer_4
  10
880.36389
  20
1299.6465
  0
VERTEX
  5
df1
  8
Layer_4
  10
879.71069
  20
1295.3613
  0
VERTEX
  5
df2
  8
Layer_4
  10
879.06445
  20
1291.0742
  0
VERTEX
  5
df3
  8
Layer_4
  10
878.42529
  20
1286.7852
  0
VERTEX
  5
df4
  8
Layer_4
  10
877.79309
  20
1282.4951
  0
VERTEX
  5
df5
  8
Layer_4
  10
877.16785
  20
1278.2031
  0
VERTEX
  5
df6
  8
Layer_4
  10
876.54968
  20
1273.9092
  0
VERTEX
  5
df7
  8
Layer_4
  10
875.9386
  20
1269.6143
  0
VERTEX
  5
df8
  8
Layer_4
  10
875.33447
  20
1265.3174
  0
VERTEX
  5
df9
  8
Layer_4
  10
874.7373
  20
1261.019
  0
VERTEX
  5
dfa
  8
Layer_4
  10
874.14734
  20
1256.7188
  0
VERTEX
  5
dfb
  8
Layer_4
  10
873.56421
  20
1252.4175
  0
VERTEX
  5
dfc
  8
Layer_4
  10
872.98828
  20
1248.1143
  0
VERTEX
  5
dfd
  8
Layer_4
  10
872.41919
  20
1243.8096
  0
VERTEX
  5
dfe
  8
Layer_4
  10
871.85718
  20
1239.5039
  0
VERTEX
  5
dff
  8
Layer_4
  10
871.30225
  20
1235.1963
  0
VERTEX
  5
e00
  8
Layer_4
  10
870.75439
  20
1230.8872
  0
VERTEX
  5
e01
  8
Layer_4
  10
870.21338
  20
1226.5767
  0
VERTEX
  5
e02
  8
Layer_4
  10
869.67957
  20
1222.2651
  0
VERTEX
  5
e03
  8
Layer_4
  10
869.15271
  20
1217.9517
  0
VERTEX
  5
e04
  8
Layer_4
  10
868.63281
  20
1213.6372
  0
VERTEX
  5
e05
  8
Layer_4
  10
868.12012
  20
1209.3213
  0
VERTEX
  5
e06
  8
Layer_4
  10
867.61438
  20
1205.0039
  0
VERTEX
  5
e07
  8
Layer_4
  10
867.1156
  20
1200.6851
  0
VERTEX
  5
e08
  8
Layer_4
  10
866.6239
  20
1196.3647
  0
VERTEX
  5
e09
  8
Layer_4
  10
866.13928
  20
1192.0435
  0
VERTEX
  5
e0a
  8
Layer_4
  10
865.66162
  20
1187.7207
  0
VERTEX
  5
e0b
  8
Layer_4
  10
865.19104
  20
1183.397
  0
VERTEX
  5
e0c
  8
Layer_4
  10
864.72742
  20
1179.0718
  0
VERTEX
  5
e0d
  8
Layer_4
  10
864.271
  20
1174.7451
  0
VERTEX
  5
e0e
  8
Layer_4
  10
863.82141
  20
1170.4175
  0
VERTEX
  5
e0f
  8
Layer_4
  10
863.37903
  20
1166.0889
  0
VERTEX
  5
e10
  8
Layer_4
  10
862.9436
  20
1161.7588
  0
VERTEX
  5
e11
  8
Layer_4
  10
862.51526
  20
1157.4272
  0
VERTEX
  5
e12
  8
Layer_4
  10
862.09399
  20
1153.0947
  0
VERTEX
  5
e13
  8
Layer_4
  10
861.67969
  20
1148.7612
  0
VERTEX
  5
e14
  8
Layer_4
  10
861.27234
  20
1144.4268
  0
VERTEX
  5
e15
  8
Layer_4
  10
860.87219
  20
1140.0908
  0
VERTEX
  5
e16
  8
Layer_4
  10
860.479
  20
1135.7539
  0
VERTEX
  5
e17
  8
Layer_4
  10
860.0929
  20
1131.416
  0
VERTEX
  5
e18
  8
Layer_4
  10
859.71399
  20
1127.0767
  0
VERTEX
  5
e19
  8
Layer_4
  10
859.3418
  20
1122.7368
  0
VERTEX
  5
e1a
  8
Layer_4
  10
858.97693
  20
1118.3955
  0
VERTEX
  5
e1b
  8
Layer_4
  10
858.61902
  20
1114.0532
  0
VERTEX
  5
e1c
  8
Layer_4
  10
858.26819
  20
1109.71
  0
VERTEX
  5
e1d
  8
Layer_4
  10
857.92432
  20
1105.3657
  0
VERTEX
  5
e1e
  8
Layer_4
  10
857.58765
  20
1101.0205
  0
VERTEX
  5
e1f
  8
Layer_4
  10
857.25793
  20
1096.6748
  0
VERTEX
  5
e20
  8
Layer_4
  10
856.93518
  20
1092.3276
  0
VERTEX
  5
e21
  8
Layer_4
  10
856.61963
  20
1087.9795
  0
VERTEX
  5
e22
  8
Layer_4
  10
856.31116
  20
1083.6309
  0
VERTEX
  5
e23
  8
Layer_4
  10
856.00964
  20
1079.2808
  0
VERTEX
  5
e24
  8
Layer_4
  10
855.71521
  20
1074.9302
  0
VERTEX
  5
e25
  8
Layer_4
  10
855.42786
  20
1070.5791
  0
VERTEX
  5
e26
  8
Layer_4
  10
855.14758
  20
1066.2266
  0
VERTEX
  5
e27
  8
Layer_4
  10
854.87439
  20
1061.8735
  0
VERTEX
  5
e28
  8
Layer_4
  10
854.60815
  20
1057.5195
  0
VERTEX
  5
e29
  8
Layer_4
  10
854.349
  20
1053.165
  0
VERTEX
  5
e2a
  8
Layer_4
  10
854.09692
  20
1048.8091
  0
VERTEX
  5
e2b
  8
Layer_4
  10
853.85205
  20
1044.4531
  0
VERTEX
  5
e2c
  8
Layer_4
  10
853.61401
  20
1040.0962
  0
VERTEX
  5
e2d
  8
Layer_4
  10
853.38318
  20
1035.7383
  0
VERTEX
  5
e2e
  8
Layer_4
  10
853.15942
  20
1031.3799
  0
VERTEX
  5
e2f
  8
Layer_4
  10
852.94275
  20
1027.021
  0
VERTEX
  5
e30
  8
Layer_4
  10
852.73303
  20
1022.6611
  0
VERTEX
  5
e31
  8
Layer_4
  10
852.5304
  20
1018.3003
  0
VERTEX
  5
e32
  8
Layer_4
  10
852.33496
  20
1013.9395
  0
VERTEX
  5
e33
  8
Layer_4
  10
852.14648
  20
1009.5776
  0
VERTEX
  5
e34
  8
Layer_4
  10
851.96509
  20
1005.2153
  0
VERTEX
  5
e35
  8
Layer_4
  10
851.79089
  20
1000.8525
  0
VERTEX
  5
e36
  8
Layer_4
  10
851.62366
  20
996.48877
  0
VERTEX
  5
e37
  8
Layer_4
  10
851.46338
  20
992.125
  0
VERTEX
  5
e38
  8
Layer_4
  10
851.31042
  20
987.76025
  0
VERTEX
  5
e39
  8
Layer_4
  10
851.16443
  20
983.39502
  0
VERTEX
  5
e3a
  8
Layer_4
  10
851.02539
  20
979.0293
  0
VERTEX
  5
e3b
  8
Layer_4
  10
850.89368
  20
974.66309
  0
VERTEX
  5
e3c
  8
Layer_4
  10
850.7688
  20
970.29639
  0
VERTEX
  5
e3d
  8
Layer_4
  10
850.65125
  20
965.9292
  0
VERTEX
  5
e3e
  8
Layer_4
  10
850.54065
  20
961.56201
  0
VERTEX
  5
e3f
  8
Layer_4
  10
850.43713
  20
957.19385
  0
VERTEX
  5
e40
  8
Layer_4
  10
850.3407
  20
952.82544
  0
VERTEX
  5
e41
  8
Layer_4
  10
850.25134
  20
948.45679
  0
VERTEX
  5
e42
  8
Layer_4
  10
850.16907
  20
944.0874
  0
VERTEX
  5
e43
  8
Layer_4
  10
850.09387
  20
939.71802
  0
VERTEX
  5
e44
  8
Layer_4
  10
850.02576
  20
935.3479
  0
VERTEX
  5
e45
  8
Layer_4
  10
849.96472
  20
930.97778
  0
VERTEX
  5
e46
  8
Layer_4
  10
849.91089
  20
926.60742
  0
VERTEX
  5
e47
  8
Layer_4
  10
849.86401
  20
922.23633
  0
VERTEX
  5
e48
  8
Layer_4
  10
849.82434
  20
917.86523
  0
VERTEX
  5
e49
  8
Layer_4
  10
849.79163
  20
913.4939
  0
VERTEX
  5
e4a
  8
Layer_4
  10
849.76611
  20
909.12231
  0
VERTEX
  5
e4b
  8
Layer_4
  10
849.74768
  20
904.75024
  0
VERTEX
  5
e4c
  8
Layer_4
  10
849.73633
  20
900.37817
  0
VERTEX
  5
e4d
  8
Layer_4
  10
849.73206
  20
896.00586
  0
VERTEX
  5
e4e
  8
Layer_4
  10
849.73486
  20
891.6333
  0
VERTEX
  5
e4f
  8
Layer_4
  10
849.74475
  20
887.26074
  0
VERTEX
  5
e50
  8
Layer_4
  10
849.76184
  20
882.88794
  0
VERTEX
  5
e51
  8
Layer_4
  10
849.78589
  20
878.51489
  0
VERTEX
  5
e52
  8
Layer_4
  10
849.81714
  20
874.14185
  0
VERTEX
  5
e53
  8
Layer_4
  10
849.85547
  20
869.7688
  0
VERTEX
  5
e54
  8
Layer_4
  10
849.90088
  20
865.39551
  0
VERTEX
  5
e55
  8
Layer_4
  10
849.95349
  20
861.02222
  0
VERTEX
  5
e56
  8
Layer_4
  10
850.01306
  20
856.64868
  0
VERTEX
  5
e57
  8
Layer_4
  10
850.07971
  20
852.27515
  0
VERTEX
  5
e58
  8
Layer_4
  10
850.15369
  20
847.90186
  0
VERTEX
  5
e59
  8
Layer_4
  10
850.2345
  20
843.52832
  0
VERTEX
  5
e5a
  8
Layer_4
  10
850.32251
  20
839.15479
  0
VERTEX
  5
e5b
  8
Layer_4
  10
850.41772
  20
834.78149
  0
VERTEX
  5
e5c
  8
Layer_4
  10
850.52002
  20
830.40796
  0
VERTEX
  5
e5d
  8
Layer_4
  10
850.62939
  20
826.03467
  0
VERTEX
  5
e5e
  8
Layer_4
  10
850.74585
  20
821.66138
  0
VERTEX
  5
e5f
  8
Layer_4
  10
850.86938
  20
817.28809
  0
VERTEX
  5
e60
  8
Layer_4
  10
851.00012
  20
812.91504
  0
VERTEX
  5
e61
  8
Layer_4
  10
851.13794
  20
808.54224
  0
VERTEX
  5
e62
  8
Layer_4
  10
851.28296
  20
804.16943
  0
VERTEX
  5
e63
  8
Layer_4
  10
851.43494
  20
799.79663
  0
VERTEX
  5
e64
  8
Layer_4
  10
851.59412
  20
795.42432
  0
VERTEX
  5
e65
  8
Layer_4
  10
851.7605
  20
791.052
  0
VERTEX
  5
e66
  8
Layer_4
  10
851.93384
  20
786.67993
  0
VERTEX
  5
e67
  8
Layer_4
  10
852.11438
  20
782.30811
  0
VERTEX
  5
e68
  8
Layer_4
  10
852.30188
  20
777.93628
  0
VERTEX
  5
e69
  8
Layer_4
  10
852.4967
  20
773.56494
  0
VERTEX
  5
e6a
  8
Layer_4
  10
852.69849
  20
769.19385
  0
VERTEX
  5
e6b
  8
Layer_4
  10
852.90759
  20
764.823
  0
VERTEX
  5
e6c
  8
Layer_4
  10
886.31018
  20
78.000488
  0
SEQEND
  0
POLYLINE
  5
e6e
  8
Layer_4
  62
52
  66
1
  10
0
  20
0
  30
0
  0
VERTEX
  5
e6e
  8
Layer_4
  10
973.69824
  20
78
  0
VERTEX
  5
e6f
  8
Layer_4
  10
1008.5741
  20
775.14648
  42
0.024191444
  0
VERTEX
  5
e70
  8
Layer_4
  10
1009.3137
  20
1235.6089
  0
VERTEX
  5
e71
  8
Layer_4
  10
965.08459
  20
1756.3657
  0
VERTEX
  5
e72
  8
Layer_4
  10
964.74939
  20
1760.3325
  0
VERTEX
  5
e73
  8
Layer_4
  10
964.41809
  20
1764.3003
  0
VERTEX
  5
e74
  8
Layer_4
  10
964.09058
  20
1768.2681
  0
VERTEX
  5
e75
  8
Layer_4
  10
963.7666
  20
1772.2368
  0
VERTEX
  5
e76
  8
Layer_4
  10
963.44653
  20
1776.2056
  0
VERTEX
  5
e77
  8
Layer_4
  10
963.13
  20
1780.1753
  0
VERTEX
  5
e78
  8
Layer_4
  10
962.81738
  20
1784.145
  0
VERTEX
  5
e79
  8
Layer_4
  10
962.5083
  20
1788.1157
  0
VERTEX
  5
e7a
  8
Layer_4
  10
962.20313
  20
1792.0864
  0
VERTEX
  5
e7b
  8
Layer_4
  10
961.90149
  20
1796.0576
  0
VERTEX
  5
e7c
  8
Layer_4
  10
961.60376
  20
1800.0298
  0
VERTEX
  5
e7d
  8
Layer_4
  10
961.30969
  20
1804.002
  0
VERTEX
  5
e7e
  8
Layer_4
  10
961.01929
  20
1807.9746
  0
VERTEX
  5
e7f
  8
Layer_4
  10
960.73267
  20
1811.9478
  0
VERTEX
  5
e80
  8
Layer_4
  10
960.44971
  20
1815.9214
  0
VERTEX
  5
e81
  8
Layer_4
  10
960.17053
  20
1819.8955
  0
VERTEX
  5
e82
  8
Layer_4
  10
959.89514
  20
1823.8696
  0
VERTEX
  5
e83
  8
Layer_4
  10
959.62329
  20
1827.8447
  0
VERTEX
  5
e84
  8
Layer_4
  10
959.35535
  20
1831.8198
  0
VERTEX
  5
e85
  8
Layer_4
  10
959.09106
  20
1835.7954
  0
VERTEX
  5
e86
  8
Layer_4
  10
958.83044
  20
1839.7715
  0
VERTEX
  5
e87
  8
Layer_4
  10
958.57361
  20
1843.748
  0
VERTEX
  5
e88
  8
Layer_4
  10
958.32056
  20
1847.7251
  0
VERTEX
  5
e89
  8
Layer_4
  10
958.07117
  20
1851.7021
  0
VERTEX
  5
e8a
  8
Layer_4
  10
957.82544
  20
1855.6797
  0
VERTEX
  5
e8b
  8
Layer_4
  10
957.5835
  20
1859.6577
  0
VERTEX
  5
e8c
  8
Layer_4
  10
957.34521
  20
1863.6362
  0
VERTEX
  5
e8d
  8
Layer_4
  10
957.11084
  20
1867.6152
  0
VERTEX
  5
e8e
  8
Layer_4
  10
956.88
  20
1871.5942
  0
VERTEX
  5
e8f
  8
Layer_4
  10
956.65308
  20
1875.5737
  0
VERTEX
  5
e90
  8
Layer_4
  10
956.42969
  20
1879.5532
  0
VERTEX
  5
e91
  8
Layer_4
  10
956.21008
  20
1883.5337
  0
VERTEX
  5
e92
  8
Layer_4
  10
955.99426
  20
1887.5142
  0
VERTEX
  5
e93
  8
Layer_4
  10
955.7821
  20
1891.4951
  0
VERTEX
  5
e94
  8
Layer_4
  10
955.57373
  20
1895.4761
  0
VERTEX
  5
e95
  8
Layer_4
  10
955.36902
  20
1899.4575
  0
VERTEX
  5
e96
  8
Layer_4
  10
955.16809
  20
1903.4395
  0
VERTEX
  5
e97
  8
Layer_4
  10
954.97083
  20
1907.4219
  0
VERTEX
  5
e98
  8
Layer_4
  10
954.77734
  20
1911.4043
  0
VERTEX
  5
e99
  8
Layer_4
  10
954.58752
  20
1915.3872
  0
VERTEX
  5
e9a
  8
Layer_4
  10
954.40149
  20
1919.3701
  0
VERTEX
  5
e9b
  8
Layer_4
  10
954.21924
  20
1923.3535
  0
VERTEX
  5
e9c
  8
Layer_4
  10
954.04065
  20
1927.3369
  0
VERTEX
  5
e9d
  8
Layer_4
  10
953.86572
  20
1931.3213
  0
VERTEX
  5
e9e
  8
Layer_4
  10
953.69458
  20
1935.3052
  0
VERTEX
  5
e9f
  8
Layer_4
  10
953.52722
  20
1939.29
  0
VERTEX
  5
ea0
  8
Layer_4
  10
953.36353
  20
1943.2744
  0
VERTEX
  5
ea1
  8
Layer_4
  10
953.20361
  20
1947.2598
  0
VERTEX
  5
ea2
  8
Layer_4
  10
953.04749
  20
1951.2451
  0
VERTEX
  5
ea3
  8
Layer_4
  10
952.8949
  20
1955.2305
  0
VERTEX
  5
ea4
  8
Layer_4
  10
952.74609
  20
1959.2163
  0
VERTEX
  5
ea5
  8
Layer_4
  10
952.6012
  20
1963.2026
  0
VERTEX
  5
ea6
  8
Layer_4
  10
952.45984
  20
1967.1885
  0
VERTEX
  5
ea7
  8
Layer_4
  10
952.32227
  20
1971.1753
  0
VERTEX
  5
ea8
  8
Layer_4
  10
952.18848
  20
1975.1621
  0
VERTEX
  5
ea9
  8
Layer_4
  10
952.05835
  20
1979.1489
  0
VERTEX
  5
eaa
  8
Layer_4
  10
951.93188
  20
1983.1362
  0
VERTEX
  5
eab
  8
Layer_4
  10
951.8092
  20
1987.1235
  0
VERTEX
  5
eac
  8
Layer_4
  10
951.69031
  20
1991.1113
  0
VERTEX
  5
ead
  8
Layer_4
  10
951.5752
  20
1995.0991
  0
VERTEX
  5
eae
  8
Layer_4
  10
951.46362
  20
1999.0874
  0
VERTEX
  5
eaf
  8
Layer_4
  10
951.35596
  20
2003.0757
  0
VERTEX
  5
eb0
  8
Layer_4
  10
951.25195
  20
2007.064
  0
VERTEX
  5
eb1
  8
Layer_4
  10
951.15161
  20
2011.0527
  0
VERTEX
  5
eb2
  8
Layer_4
  10
951.05518
  20
2015.0415
  0
VERTEX
  5
eb3
  8
Layer_4
  10
950.96228
  20
2019.0303
  0
VERTEX
  5
eb4
  8
Layer_4
  10
950.87329
  20
2023.0195
  0
VERTEX
  5
eb5
  8
Layer_4
  10
950.78796
  20
2027.0088
  0
VERTEX
  5
eb6
  8
Layer_4
  10
950.7063
  20
2030.998
  0
VERTEX
  5
eb7
  8
Layer_4
  10
950.62842
  20
2034.9878
  0
VERTEX
  5
eb8
  8
Layer_4
  10
950.5542
  20
2038.9775
  0
VERTEX
  5
eb9
  8
Layer_4
  10
950.48389
  20
2042.9673
  0
VERTEX
  5
eba
  8
Layer_4
  10
950.41711
  20
2046.9575
  0
VERTEX
  5
ebb
  8
Layer_4
  10
950.35413
  20
2050.9478
  0
VERTEX
  5
ebc
  8
Layer_4
  10
950.29492
  20
2054.938
  0
VERTEX
  5
ebd
  8
Layer_4
  10
950.23938
  20
2058.9287
  0
VERTEX
  5
ebe
  8
Layer_4
  10
950.18762
  20
2062.9189
  0
VERTEX
  5
ebf
  8
Layer_4
  10
950.13965
  20
2066.9097
  0
VERTEX
  5
ec0
  8
Layer_4
  10
950.09534
  20
2070.9004
  0
VERTEX
  5
ec1
  8
Layer_4
  10
950.05469
  20
2074.8916
  0
VERTEX
  5
ec2
  8
Layer_4
  10
950.01794
  20
2078.8823
  0
VERTEX
  5
ec3
  8
Layer_4
  10
949.98486
  20
2082.8735
  0
VERTEX
  5
ec4
  8
Layer_4
  10
949.95544
  20
2086.8647
  0
VERTEX
  5
ec5
  8
Layer_4
  10
949.92981
  20
2090.856
  0
VERTEX
  5
ec6
  8
Layer_4
  10
949.90796
  20
2094.8472
  0
VERTEX
  5
ec7
  8
Layer_4
  10
949.88977
  20
2098.8384
  0
VERTEX
  5
ec8
  8
Layer_4
  10
949.87537
  20
2102.8301
  0
VERTEX
  5
ec9
  8
Layer_4
  10
949.86462
  20
2106.8213
  0
VERTEX
  5
eca
  8
Layer_4
  10
949.85767
  20
2110.813
  0
VERTEX
  5
ecb
  8
Layer_4
  10
949.85449
  20
2114.8047
  0
VERTEX
  5
ecc
  8
Layer_4
  10
949.85498
  20
2118.7964
  0
VERTEX
  5
ecd
  8
Layer_4
  10
949.85913
  20
2122.7881
  0
VERTEX
  5
ece
  8
Layer_4
  10
949.86719
  20
2126.7798
  0
VERTEX
  5
ecf
  8
Layer_4
  10
949.87878
  20
2130.7715
  0
VERTEX
  5
ed0
  8
Layer_4
  10
949.89429
  20
2134.7632
  0
VERTEX
  5
ed1
  8
Layer_4
  10
949.91345
  20
2138.7554
  0
VERTEX
  5
ed2
  8
Layer_4
  10
949.93628
  20
2142.7471
  0
VERTEX
  5
ed3
  8
Layer_4
  10
949.96289
  20
2146.7388
  0
VERTEX
  5
ed4
  8
Layer_4
  10
949.99329
  20
2150.731
  0
VERTEX
  5
ed5
  8
Layer_4
  10
950.02747
  20
2154.7227
  0
VERTEX
  5
ed6
  8
Layer_4
  10
950.06519
  20
2158.7144
  0
VERTEX
  5
ed7
  8
Layer_4
  10
950.10681
  20
2162.7065
  0
VERTEX
  5
ed8
  8
Layer_4
  10
950.1521
  20
2166.6982
  0
VERTEX
  5
ed9
  8
Layer_4
  10
950.20129
  20
2170.6899
  0
VERTEX
  5
eda
  8
Layer_4
  10
950.25403
  20
2174.6816
  0
VERTEX
  5
edb
  8
Layer_4
  10
950.31055
  20
2178.6733
  0
VERTEX
  5
edc
  8
Layer_4
  10
950.37073
  20
2182.665
  0
VERTEX
  5
edd
  8
Layer_4
  10
950.43469
  20
2186.6567
  0
VERTEX
  5
ede
  8
Layer_4
  10
950.50256
  20
2190.6484
  0
VERTEX
  5
edf
  8
Layer_4
  10
950.57397
  20
2194.6401
  0
VERTEX
  5
ee0
  8
Layer_4
  10
950.64917
  20
2198.6318
  0
VERTEX
  5
ee1
  8
Layer_4
  10
950.72815
  20
2202.623
  0
VERTEX
  5
ee2
  8
Layer_4
  10
950.81079
  20
2206.6143
  0
VERTEX
  5
ee3
  8
Layer_4
  10
950.89722
  20
2210.606
  0
VERTEX
  5
ee4
  8
Layer_4
  10
950.9873
  20
2214.5972
  0
VERTEX
  5
ee5
  8
Layer_4
  10
951.0813
  20
2218.5884
  0
VERTEX
  5
ee6
  8
Layer_4
  10
951.17883
  20
2222.5796
  0
VERTEX
  5
ee7
  8
Layer_4
  10
951.28027
  20
2226.5703
  0
VERTEX
  5
ee8
  8
Layer_4
  10
951.38538
  20
2230.5615
  0
VERTEX
  5
ee9
  8
Layer_4
  10
951.49414
  20
2234.5522
  0
VERTEX
  5
eea
  8
Layer_4
  10
951.60669
  20
2238.543
  0
VERTEX
  5
eeb
  8
Layer_4
  10
951.72302
  20
2242.5332
  0
VERTEX
  5
eec
  8
Layer_4
  10
951.84302
  20
2246.5239
  0
VERTEX
  5
eed
  8
Layer_4
  10
951.9668
  20
2250.5142
  0
VERTEX
  5
eee
  8
Layer_4
  10
952.09448
  20
2254.5044
  0
VERTEX
  5
eef
  8
Layer_4
  10
952.22559
  20
2258.4946
  0
VERTEX
  5
ef0
  8
Layer_4
  10
952.3606
  20
2262.4844
  0
VERTEX
  5
ef1
  8
Layer_4
  10
952.49939
  20
2266.4741
  0
VERTEX
  5
ef2
  8
Layer_4
  10
973.69885
  20
2868
  0
SEQEND
  0
POLYLINE
  5
ef4
  8
Layer_4
  62
52
  66
1
  10
0
  20
0
  30
0
  0
VERTEX
  5
ef4
  8
Layer_4
  10
1036.2089
  20
78.000488
  0
VERTEX
  5
ef5
  8
Layer_4
  10
1044.9736
  20
311.01831
  42
0.011291287
  0
VERTEX
  5
ef6
  8
Layer_4
  10
1053.3716
  20
870.41992
  0
VERTEX
  5
ef7
  8
Layer_4
  10
1053.3441
  20
873.87695
  0
VERTEX
  5
ef8
  8
Layer_4
  10
1053.314
  20
877.33374
  0
VERTEX
  5
ef9
  8
Layer_4
  10
1053.281
  20
880.79053
  0
VERTEX
  5
efa
  8
Layer_4
  10
1053.2454
  20
884.24707
  0
VERTEX
  5
efb
  8
Layer_4
  10
1053.207
  20
887.70361
  0
VERTEX
  5
efc
  8
Layer_4
  10
1053.1659
  20
891.15991
  0
VERTEX
  5
efd
  8
Layer_4
  10
1053.1222
  20
894.61621
  0
VERTEX
  5
efe
  8
Layer_4
  10
1053.0757
  20
898.07227
  0
VERTEX
  5
eff
  8
Layer_4
  10
1053.0266
  20
901.52808
  0
VERTEX
  5
f00
  8
Layer_4
  10
1052.9749
  20
904.98389
  0
VERTEX
  5
f01
  8
Layer_4
  10
1052.9203
  20
908.4397
  0
VERTEX
  5
f02
  8
Layer_4
  10
1052.8632
  20
911.89502
  0
VERTEX
  5
f03
  8
Layer_4
  10
1052.8033
  20
915.35059
  0
VERTEX
  5
f04
  8
Layer_4
  10
1052.7408
  20
918.80566
  0
VERTEX
  5
f05
  8
Layer_4
  10
1052.6758
  20
922.26074
  0
VERTEX
  5
f06
  8
Layer_4
  10
1052.6079
  20
925.71558
  0
VERTEX
  5
f07
  8
Layer_4
  10
1052.5375
  20
929.17041
  0
VERTEX
  5
f08
  8
Layer_4
  10
1052.4645
  20
932.625
  0
VERTEX
  5
f09
  8
Layer_4
  10
1052.3888
  20
936.07935
  0
VERTEX
  5
f0a
  8
Layer_4
  10
1052.3104
  20
939.53345
  0
VERTEX
  5
f0b
  8
Layer_4
  10
1052.2295
  20
942.98755
  0
VERTEX
  5
f0c
  8
Layer_4
  10
1052.146
  20
946.44141
  0
VERTEX
  5
f0d
  8
Layer_4
  10
1052.0599
  20
949.89502
  0
VERTEX
  5
f0e
  8
Layer_4
  10
1051.9712
  20
953.34839
  0
VERTEX
  5
f0f
  8
Layer_4
  10
1051.8799
  20
956.80151
  0
VERTEX
  5
f10
  8
Layer_4
  10
1051.7859
  20
960.25464
  0
VERTEX
  5
f11
  8
Layer_4
  10
1051.6896
  20
963.70752
  0
VERTEX
  5
f12
  8
Layer_4
  10
1051.5906
  20
967.16016
  0
VERTEX
  5
f13
  8
Layer_4
  10
1051.4889
  20
970.61279
  0
VERTEX
  5
f14
  8
Layer_4
  10
1051.3848
  20
974.06494
  0
VERTEX
  5
f15
  8
Layer_4
  10
1051.2781
  20
977.5166
  0
VERTEX
  5
f16
  8
Layer_4
  10
1051.1687
  20
980.96875
  0
VERTEX
  5
f17
  8
Layer_4
  10
1051.057
  20
984.41992
  0
VERTEX
  5
f18
  8
Layer_4
  10
1050.9426
  20
987.87158
  0
VERTEX
  5
f19
  8
Layer_4
  10
1050.8258
  20
991.32227
  0
VERTEX
  5
f1a
  8
Layer_4
  10
1050.7064
  20
994.77344
  0
VERTEX
  5
f1b
  8
Layer_4
  10
1050.5846
  20
998.22412
  0
VERTEX
  5
f1c
  8
Layer_4
  10
1050.4602
  20
1001.6743
  0
VERTEX
  5
f1d
  8
Layer_4
  10
1050.3334
  20
1005.1245
  0
VERTEX
  5
f1e
  8
Layer_4
  10
1050.204
  20
1008.5742
  0
VERTEX
  5
f1f
  8
Layer_4
  10
1049.9377
  20
1015.4731
  0
VERTEX
  5
f20
  8
Layer_4
  10
1049.6616
  20
1022.3711
  0
VERTEX
  5
f21
  8
Layer_4
  10
1049.3756
  20
1029.2681
  0
VERTEX
  5
f22
  8
Layer_4
  10
1049.08
  20
1036.1636
  0
VERTEX
  5
f23
  8
Layer_4
  10
1048.7743
  20
1043.0586
  0
VERTEX
  5
f24
  8
Layer_4
  10
1048.4591
  20
1049.9517
  0
VERTEX
  5
f25
  8
Layer_4
  10
1048.1343
  20
1056.8442
  0
VERTEX
  5
f26
  8
Layer_4
  10
1047.7998
  20
1063.7349
  0
VERTEX
  5
f27
  8
Layer_4
  10
1047.4558
  20
1070.625
  0
VERTEX
  5
f28
  8
Layer_4
  10
1047.1023
  20
1077.5132
  0
VERTEX
  5
f29
  8
Layer_4
  10
1046.7394
  20
1084.4004
  0
VERTEX
  5
f2a
  8
Layer_4
  10
1046.3669
  20
1091.2861
  0
VERTEX
  5
f2b
  8
Layer_4
  10
1025.6577
  20
1469.4521
  0
VERTEX
  5
f2c
  8
Layer_4
  10
1025.2278
  20
1477.3589
  0
VERTEX
  5
f2d
  8
Layer_4
  10
1024.8038
  20
1485.2666
  0
VERTEX
  5
f2e
  8
Layer_4
  10
1024.386
  20
1493.1748
  0
VERTEX
  5
f2f
  8
Layer_4
  10
1023.9741
  20
1501.0835
  0
VERTEX
  5
f30
  8
Layer_4
  10
1023.5684
  20
1508.9932
  0
VERTEX
  5
f31
  8
Layer_4
  10
1023.1686
  20
1516.9038
  0
VERTEX
  5
f32
  8
Layer_4
  10
1022.7748
  20
1524.8149
  0
VERTEX
  5
f33
  8
Layer_4
  10
1022.3871
  20
1532.7266
  0
VERTEX
  5
f34
  8
Layer_4
  10
1022.0055
  20
1540.6387
  0
VERTEX
  5
f35
  8
Layer_4
  10
1021.6299
  20
1548.5518
  0
VERTEX
  5
f36
  8
Layer_4
  10
1021.2603
  20
1556.4653
  0
VERTEX
  5
f37
  8
Layer_4
  10
1020.8966
  20
1564.3799
  0
VERTEX
  5
f38
  8
Layer_4
  10
1020.5392
  20
1572.2944
  0
VERTEX
  5
f39
  8
Layer_4
  10
1020.1877
  20
1580.21
  0
VERTEX
  5
f3a
  8
Layer_4
  10
1019.8423
  20
1588.126
  0
VERTEX
  5
f3b
  8
Layer_4
  10
1019.5028
  20
1596.0425
  0
VERTEX
  5
f3c
  8
Layer_4
  10
1019.1696
  20
1603.96
  0
VERTEX
  5
f3d
  8
Layer_4
  10
1018.8422
  20
1611.8779
  0
VERTEX
  5
f3e
  8
Layer_4
  10
1018.521
  20
1619.7959
  0
VERTEX
  5
f3f
  8
Layer_4
  10
1018.2057
  20
1627.7148
  0
VERTEX
  5
f40
  8
Layer_4
  10
1017.8965
  20
1635.6343
  0
VERTEX
  5
f41
  8
Layer_4
  10
1017.5933
  20
1643.5542
  0
VERTEX
  5
f42
  8
Layer_4
  10
1017.2961
  20
1651.4746
  0
VERTEX
  5
f43
  8
Layer_4
  10
1017.005
  20
1659.3955
  0
VERTEX
  5
f44
  8
Layer_4
  10
1016.7201
  20
1667.3174
  0
VERTEX
  5
f45
  8
Layer_4
  10
1016.441
  20
1675.2393
  0
VERTEX
  5
f46
  8
Layer_4
  10
1016.1681
  20
1683.1616
  0
VERTEX
  5
f47
  8
Layer_4
  10
1015.901
  20
1691.0845
  0
VERTEX
  5
f48
  8
Layer_4
  10
1015.6401
  20
1699.0078
  0
VERTEX
  5
f49
  8
Layer_4
  10
1015.3854
  20
1706.9316
  0
VERTEX
  5
f4a
  8
Layer_4
  10
1015.1366
  20
1714.856
  0
VERTEX
  5
f4b
  8
Layer_4
  10
1014.8938
  20
1722.7803
  0
VERTEX
  5
f4c
  8
Layer_4
  10
1014.657
  20
1730.7056
  0
VERTEX
  5
f4d
  8
Layer_4
  10
1014.4263
  20
1738.6309
  0
VERTEX
  5
f4e
  8
Layer_4
  10
1014.2017
  20
1746.5571
  0
VERTEX
  5
f4f
  8
Layer_4
  10
1013.9829
  20
1754.4834
  0
VERTEX
  5
f50
  8
Layer_4
  10
1013.7704
  20
1762.4097
  0
VERTEX
  5
f51
  8
Layer_4
  10
1013.5638
  20
1770.3369
  0
VERTEX
  5
f52
  8
Layer_4
  10
1013.3633
  20
1778.2642
  0
VERTEX
  5
f53
  8
Layer_4
  10
1013.1688
  20
1786.1919
  0
VERTEX
  5
f54
  8
Layer_4
  10
1012.9805
  20
1794.1201
  0
VERTEX
  5
f55
  8
Layer_4
  10
1012.7981
  20
1802.0483
  0
VERTEX
  5
f56
  8
Layer_4
  10
1012.6217
  20
1809.9771
  0
VERTEX
  5
f57
  8
Layer_4
  10
1012.4514
  20
1817.9063
  0
VERTEX
  5
f58
  8
Layer_4
  10
1012.2871
  20
1825.8354
  0
VERTEX
  5
f59
  8
Layer_4
  10
1012.1288
  20
1833.7651
  0
VERTEX
  5
f5a
  8
Layer_4
  10
1011.9767
  20
1841.6948
  0
VERTEX
  5
f5b
  8
Layer_4
  10
1011.8306
  20
1849.625
  0
VERTEX
  5
f5c
  8
Layer_4
  10
1011.6904
  20
1857.5557
  0
VERTEX
  5
f5d
  8
Layer_4
  10
1011.5564
  20
1865.4863
  0
VERTEX
  5
f5e
  8
Layer_4
  10
1011.4283
  20
1873.417
  0
VERTEX
  5
f5f
  8
Layer_4
  10
1011.3064
  20
1881.3481
  0
VERTEX
  5
f60
  8
Layer_4
  10
1011.1903
  20
1889.2793
  0
VERTEX
  5
f61
  8
Layer_4
  10
1011.0804
  20
1897.2109
  0
VERTEX
  5
f62
  8
Layer_4
  10
1010.9767
  20
1905.1426
  0
VERTEX
  5
f63
  8
Layer_4
  10
1010.8788
  20
1913.0747
  0
VERTEX
  5
f64
  8
Layer_4
  10
1010.787
  20
1921.0068
  0
VERTEX
  5
f65
  8
Layer_4
  10
1010.7013
  20
1928.939
  0
VERTEX
  5
f66
  8
Layer_4
  10
1010.6216
  20
1936.8716
  0
VERTEX
  5
f67
  8
Layer_4
  10
1010.5479
  20
1944.8042
  0
VERTEX
  5
f68
  8
Layer_4
  10
1010.4802
  20
1952.7368
  0
VERTEX
  5
f69
  8
Layer_4
  10
1010.4186
  20
1960.6699
  0
VERTEX
  5
f6a
  8
Layer_4
  10
1010.363
  20
1968.603
  0
VERTEX
  5
f6b
  8
Layer_4
  10
1010.3136
  20
1976.5361
  0
VERTEX
  5
f6c
  8
Layer_4
  10
1010.2701
  20
1984.4692
  0
VERTEX
  5
f6d
  8
Layer_4
  10
1010.2328
  20
1992.4023
  0
VERTEX
  5
f6e
  8
Layer_4
  10
1010.2013
  20
2000.3359
  0
VERTEX
  5
f6f
  8
Layer_4
  10
1010.1759
  20
2008.2695
  0
VERTEX
  5
f70
  8
Layer_4
  10
1010.1566
  20
2016.2026
  0
VERTEX
  5
f71
  8
Layer_4
  10
1010.1434
  20
2024.1362
  0
VERTEX
  5
f72
  8
Layer_4
  10
1010.1361
  20
2032.0698
  0
VERTEX
  5
f73
  8
Layer_4
  10
1010.135
  20
2040.0034
  0
VERTEX
  5
f74
  8
Layer_4
  10
1010.1399
  20
2047.9375
  0
VERTEX
  5
f75
  8
Layer_4
  10
1010.1508
  20
2055.8711
  0
VERTEX
  5
f76
  8
Layer_4
  10
1010.1677
  20
2063.8047
  0
VERTEX
  5
f77
  8
Layer_4
  10
1010.1908
  20
2071.7383
  0
VERTEX
  5
f78
  8
Layer_4
  10
1010.2197
  20
2079.6719
  0
VERTEX
  5
f79
  8
Layer_4
  10
1010.2549
  20
2087.6055
  0
VERTEX
  5
f7a
  8
Layer_4
  10
1010.2959
  20
2095.5391
  0
VERTEX
  5
f7b
  8
Layer_4
  10
1010.343
  20
2103.4727
  0
VERTEX
  5
f7c
  8
Layer_4
  10
1010.3962
  20
2111.4063
  0
VERTEX
  5
f7d
  8
Layer_4
  10
1010.4556
  20
2119.3398
  0
VERTEX
  5
f7e
  8
Layer_4
  10
1010.5208
  20
2127.2729
  0
VERTEX
  5
f7f
  8
Layer_4
  10
1010.5922
  20
2135.2061
  0
VERTEX
  5
f80
  8
Layer_4
  10
1010.6694
  20
2143.1392
  0
VERTEX
  5
f81
  8
Layer_4
  10
1010.7528
  20
2151.0723
  0
VERTEX
  5
f82
  8
Layer_4
  10
1010.8423
  20
2159.0054
  0
VERTEX
  5
f83
  8
Layer_4
  10
1010.9379
  20
2166.938
  0
VERTEX
  5
f84
  8
Layer_4
  10
1011.0393
  20
2174.8706
  0
VERTEX
  5
f85
  8
Layer_4
  10
1011.147
  20
2182.8032
  0
VERTEX
  5
f86
  8
Layer_4
  10
1011.2605
  20
2190.7358
  0
VERTEX
  5
f87
  8
Layer_4
  10
1011.3801
  20
2198.668
  0
VERTEX
  5
f88
  8
Layer_4
  10
1011.5059
  20
2206.6001
  0
VERTEX
  5
f89
  8
Layer_4
  10
1011.6377
  20
2214.5317
  0
VERTEX
  5
f8a
  8
Layer_4
  10
1011.7754
  20
2222.4634
  0
VERTEX
  5
f8b
  8
Layer_4
  10
1011.9192
  20
2230.395
  0
VERTEX
  5
f8c
  8
Layer_4
  10
1012.0691
  20
2238.3262
  0
VERTEX
  5
f8d
  8
Layer_4
  10
1012.2251
  20
2246.2573
  0
VERTEX
  5
f8e
  8
Layer_4
  10
1012.387
  20
2254.188
  0
VERTEX
  5
f8f
  8
Layer_4
  10
1012.5549
  20
2262.1187
  0
VERTEX
  5
f90
  8
Layer_4
  10
1012.729
  20
2270.0488
  0
VERTEX
  5
f91
  8
Layer_4
  10
1012.9092
  20
2277.979
  0
VERTEX
  5
f92
  8
Layer_4
  10
1013.0952
  20
2285.9087
  0
VERTEX
  5
f93
  8
Layer_4
  10
1013.2875
  20
2293.8379
  0
VERTEX
  5
f94
  8
Layer_4
  10
1013.4856
  20
2301.7671
  0
VERTEX
  5
f95
  8
Layer_4
  10
1013.6898
  20
2309.6958
  0
VERTEX
  5
f96
  8
Layer_4
  10
1013.9001
  20
2317.6245
  0
VERTEX
  5
f97
  8
Layer_4
  10
1014.1166
  20
2325.5527
  0
VERTEX
  5
f98
  8
Layer_4
  10
1014.339
  20
2333.4805
  0
VERTEX
  5
f99
  8
Layer_4
  10
1014.5674
  20
2341.4082
  0
VERTEX
  5
f9a
  8
Layer_4
  10
1014.8019
  20
2349.3354
  0
VERTEX
  5
f9b
  8
Layer_4
  10
1015.0424
  20
2357.2622
  0
VERTEX
  5
f9c
  8
Layer_4
  10
1015.2888
  20
2365.1885
  0
VERTEX
  5
f9d
  8
Layer_4
  10
1015.5415
  20
2373.1147
  0
VERTEX
  5
f9e
  8
Layer_4
  10
1015.8002
  20
2381.0405
  0
VERTEX
  5
f9f
  8
Layer_4
  10
1016.0648
  20
2388.9658
  0
VERTEX
  5
fa0
  8
Layer_4
  10
1016.3356
  20
2396.8906
  0
VERTEX
  5
fa1
  8
Layer_4
  10
1016.6123
  20
2404.8149
  0
VERTEX
  5
fa2
  8
Layer_4
  10
1016.8951
  20
2412.7393
  0
VERTEX
  5
fa3
  8
Layer_4
  10
1017.1841
  20
2420.6626
  0
VERTEX
  5
fa4
  8
Layer_4
  10
1017.4789
  20
2428.5859
  0
VERTEX
  5
fa5
  8
Layer_4
  10
1017.7799
  20
2436.5083
  0
VERTEX
  5
fa6
  8
Layer_4
  10
1018.0869
  20
2444.4307
  0
VERTEX
  5
fa7
  8
Layer_4
  10
1018.3999
  20
2452.3525
  0
VERTEX
  5
fa8
  8
Layer_4
  10
1018.719
  20
2460.2734
  0
VERTEX
  5
fa9
  8
Layer_4
  10
1019.0442
  20
2468.1943
  0
VERTEX
  5
faa
  8
Layer_4
  10
1019.3754
  20
2476.1143
  0
VERTEX
  5
fab
  8
Layer_4
  10
1019.7125
  20
2484.0342
  0
VERTEX
  5
fac
  8
Layer_4
  10
1036.2089
  20
2868
  0
SEQEND
  0
POLYLINE
  5
fae
  8
Layer_4
  62
52
  66
1
  10
0
  20
0
  30
0
  0
VERTEX
  5
fae
  8
Layer_4
  10
1112.1694
  20
78.000244
  0
VERTEX
  5
faf
  8
Layer_4
  10
1088.9565
  20
714.98804
  42
-0.017993738
  0
VERTEX
  5
fb0
  8
Layer_4
  10
1088.723
  20
1240.4536
  0
VERTEX
  5
fb1
  8
Layer_4
  10
1113.6752
  20
1610.4736
  0
VERTEX
  5
fb2
  8
Layer_4
  10
1114.1594
  20
1617.7012
  0
VERTEX
  5
fb3
  8
Layer_4
  10
1114.6377
  20
1624.9302
  0
VERTEX
  5
fb4
  8
Layer_4
  10
1115.1096
  20
1632.1606
  0
VERTEX
  5
fb5
  8
Layer_4
  10
1115.5754
  20
1639.3926
  0
VERTEX
  5
fb6
  8
Layer_4
  10
1116.0353
  20
1646.625
  0
VERTEX
  5
fb7
  8
Layer_4
  10
1116.4889
  20
1653.8594
  0
VERTEX
  5
fb8
  8
Layer_4
  10
1116.9363
  20
1661.0947
  0
VERTEX
  5
fb9
  8
Layer_4
  10
1117.3776
  20
1668.3311
  0
VERTEX
  5
fba
  8
Layer_4
  10
1117.8127
  20
1675.5684
  0
VERTEX
  5
fbb
  8
Layer_4
  10
1118.2417
  20
1682.8071
  0
VERTEX
  5
fbc
  8
Layer_4
  10
1118.6647
  20
1690.0469
  0
VERTEX
  5
fbd
  8
Layer_4
  10
1119.0813
  20
1697.2881
  0
VERTEX
  5
fbe
  8
Layer_4
  10
1119.4919
  20
1704.5298
  0
VERTEX
  5
fbf
  8
Layer_4
  10
1119.8964
  20
1711.7734
  0
VERTEX
  5
fc0
  8
Layer_4
  10
1120.2947
  20
1719.0176
  0
VERTEX
  5
fc1
  8
Layer_4
  10
1120.6869
  20
1726.2627
  0
VERTEX
  5
fc2
  8
Layer_4
  10
1121.0729
  20
1733.5088
  0
VERTEX
  5
fc3
  8
Layer_4
  10
1121.4528
  20
1740.7563
  0
VERTEX
  5
fc4
  8
Layer_4
  10
1121.8265
  20
1748.0049
  0
VERTEX
  5
fc5
  8
Layer_4
  10
1122.1941
  20
1755.2539
  0
VERTEX
  5
fc6
  8
Layer_4
  10
1122.5555
  20
1762.5044
  0
VERTEX
  5
fc7
  8
Layer_4
  10
1122.9109
  20
1769.7559
  0
VERTEX
  5
fc8
  8
Layer_4
  10
1123.2599
  20
1777.0078
  0
VERTEX
  5
fc9
  8
Layer_4
  10
1123.603
  20
1784.2612
  0
VERTEX
  5
fca
  8
Layer_4
  10
1123.9398
  20
1791.5151
  0
VERTEX
  5
fcb
  8
Layer_4
  10
1124.2705
  20
1798.7705
  0
VERTEX
  5
fcc
  8
Layer_4
  10
1124.5951
  20
1806.0264
  0
VERTEX
  5
fcd
  8
Layer_4
  10
1124.9137
  20
1813.2832
  0
VERTEX
  5
fce
  8
Layer_4
  10
1125.2258
  20
1820.5405
  0
VERTEX
  5
fcf
  8
Layer_4
  10
1125.532
  20
1827.7993
  0
VERTEX
  5
fd0
  8
Layer_4
  10
1125.832
  20
1835.0586
  0
VERTEX
  5
fd1
  8
Layer_4
  10
1126.1259
  20
1842.3184
  0
VERTEX
  5
fd2
  8
Layer_4
  10
1126.4136
  20
1849.5796
  0
VERTEX
  5
fd3
  8
Layer_4
  10
1126.6952
  20
1856.8413
  0
VERTEX
  5
fd4
  8
Layer_4
  10
1126.9706
  20
1864.1035
  0
VERTEX
  5
fd5
  8
Layer_4
  10
1127.2397
  20
1871.3667
  0
VERTEX
  5
fd6
  8
Layer_4
  10
1127.5028
  20
1878.6309
  0
VERTEX
  5
fd7
  8
Layer_4
  10
1127.7599
  20
1885.8955
  0
VERTEX
  5
fd8
  8
Layer_4
  10
1128.0106
  20
1893.1611
  0
VERTEX
  5
fd9
  8
Layer_4
  10
1128.2554
  20
1900.4268
  0
VERTEX
  5
fda
  8
Layer_4
  10
1128.4939
  20
1907.6938
  0
VERTEX
  5
fdb
  8
Layer_4
  10
1128.7262
  20
1914.9609
  0
VERTEX
  5
fdc
  8
Layer_4
  10
1128.9524
  20
1922.229
  0
VERTEX
  5
fdd
  8
Layer_4
  10
1129.1725
  20
1929.498
  0
VERTEX
  5
fde
  8
Layer_4
  10
1129.3865
  20
1936.7671
  0
VERTEX
  5
fdf
  8
Layer_4
  10
1129.5942
  20
1944.0371
  0
VERTEX
  5
fe0
  8
Layer_4
  10
1129.7959
  20
1951.3076
  0
VERTEX
  5
fe1
  8
Layer_4
  10
1129.9913
  20
1958.5786
  0
VERTEX
  5
fe2
  8
Layer_4
  10
1130.1807
  20
1965.8501
  0
VERTEX
  5
fe3
  8
Layer_4
  10
1130.3639
  20
1973.1226
  0
VERTEX
  5
fe4
  8
Layer_4
  10
1130.5409
  20
1980.395
  0
VERTEX
  5
fe5
  8
Layer_4
  10
1130.7118
  20
1987.6685
  0
VERTEX
  5
fe6
  8
Layer_4
  10
1130.8766
  20
1994.9419
  0
VERTEX
  5
fe7
  8
Layer_4
  10
1131.035
  20
2002.2163
  0
VERTEX
  5
fe8
  8
Layer_4
  10
1131.1875
  20
2009.4907
  0
VERTEX
  5
fe9
  8
Layer_4
  10
1131.3337
  20
2016.7656
  0
VERTEX
  5
fea
  8
Layer_4
  10
1131.4739
  20
2024.0415
  0
VERTEX
  5
feb
  8
Layer_4
  10
1131.6078
  20
2031.3174
  0
VERTEX
  5
fec
  8
Layer_4
  10
1131.7357
  20
2038.5933
  0
VERTEX
  5
fed
  8
Layer_4
  10
1131.8573
  20
2045.8701
  0
VERTEX
  5
fee
  8
Layer_4
  10
1131.9728
  20
2053.1475
  0
VERTEX
  5
fef
  8
Layer_4
  10
1132.0823
  20
2060.4248
  0
VERTEX
  5
ff0
  8
Layer_4
  10
1132.1854
  20
2067.7026
  0
VERTEX
  5
ff1
  8
Layer_4
  10
1132.2826
  20
2074.9805
  0
VERTEX
  5
ff2
  8
Layer_4
  10
1132.3734
  20
2082.2588
  0
VERTEX
  5
ff3
  8
Layer_4
  10
1132.4581
  20
2089.5376
  0
VERTEX
  5
ff4
  8
Layer_4
  10
1132.5367
  20
2096.8169
  0
VERTEX
  5
ff5
  8
Layer_4
  10
1132.6093
  20
2104.0957
  0
VERTEX
  5
ff6
  8
Layer_4
  10
1132.6755
  20
2111.3755
  0
VERTEX
  5
ff7
  8
Layer_4
  10
1132.7356
  20
2118.6553
  0
VERTEX
  5
ff8
  8
Layer_4
  10
1132.7897
  20
2125.9351
  0
VERTEX
  5
ff9
  8
Layer_4
  10
1132.8374
  20
2133.2153
  0
VERTEX
  5
ffa
  8
Layer_4
  10
1132.8792
  20
2140.4956
  0
VERTEX
  5
ffb
  8
Layer_4
  10
1132.9147
  20
2147.7759
  0
VERTEX
  5
ffc
  8
Layer_4
  10
1132.9441
  20
2155.0566
  0
VERTEX
  5
ffd
  8
Layer_4
  10
1132.9673
  20
2162.3374
  0
VERTEX
  5
ffe
  8
Layer_4
  10
1132.9844
  20
2169.6187
  0
VERTEX
  5
fff
  8
Layer_4
  10
1132.9952
  20
2176.8994
  0
VERTEX
  5
1000
  8
Layer_4
  10
1132.9999
  20
2184.1807
  0
VERTEX
  5
1001
  8
Layer_4
  10
1132.9985
  20
2191.4619
  0
VERTEX
  5
1002
  8
Layer_4
  10
1132.9911
  20
2198.7432
  0
VERTEX
  5
1003
  8
Layer_4
  10
1132.9773
  20
2206.0244
  0
VERTEX
  5
1004
  8
Layer_4
  10
1132.9574
  20
2213.3057
  0
VERTEX
  5
1005
  8
Layer_4
  10
1132.9314
  20
2220.5874
  0
VERTEX
  5
1006
  8
Layer_4
  10
1132.8992
  20
2227.8687
  0
VERTEX
  5
1007
  8
Layer_4
  10
1132.8608
  20
2235.1499
  0
VERTEX
  5
1008
  8
Layer_4
  10
1132.8163
  20
2242.4316
  0
VERTEX
  5
1009
  8
Layer_4
  10
1132.7656
  20
2249.7129
  0
VERTEX
  5
100a
  8
Layer_4
  10
1132.7089
  20
2256.9941
  0
VERTEX
  5
100b
  8
Layer_4
  10
1132.6459
  20
2264.2754
  0
VERTEX
  5
100c
  8
Layer_4
  10
1132.5768
  20
2271.5566
  0
VERTEX
  5
100d
  8
Layer_4
  10
1132.5015
  20
2278.8374
  0
VERTEX
  5
100e
  8
Layer_4
  10
1132.42
  20
2286.1182
  0
VERTEX
  5
100f
  8
Layer_4
  10
1132.3324
  20
2293.3989
  0
VERTEX
  5
1010
  8
Layer_4
  10
1132.2386
  20
2300.6797
  0
VERTEX
  5
1011
  8
Layer_4
  10
1132.1388
  20
2307.96
  0
VERTEX
  5
1012
  8
Layer_4
  10
1132.0326
  20
2315.2402
  0
VERTEX
  5
1013
  8
Layer_4
  10
1131.9203
  20
2322.5205
  0
VERTEX
  5
1014
  8
Layer_4
  10
1131.8019
  20
2329.8003
  0
VERTEX
  5
1015
  8
Layer_4
  10
1131.6775
  20
2337.0801
  0
VERTEX
  5
1016
  8
Layer_4
  10
1131.5466
  20
2344.3594
  0
VERTEX
  5
1017
  8
Layer_4
  10
1131.4098
  20
2351.6387
  0
VERTEX
  5
1018
  8
Layer_4
  10
1131.2667
  20
2358.9175
  0
VERTEX
  5
1019
  8
Layer_4
  10
1131.1176
  20
2366.1963
  0
VERTEX
  5
101a
  8
Layer_4
  10
1130.9622
  20
2373.4746
  0
VERTEX
  5
101b
  8
Layer_4
  10
1130.8007
  20
2380.7524
  0
VERTEX
  5
101c
  8
Layer_4
  10
1130.6329
  20
2388.0298
  0
VERTEX
  5
101d
  8
Layer_4
  10
1130.4591
  20
2395.3076
  0
VERTEX
  5
101e
  8
Layer_4
  10
1130.2792
  20
2402.5845
  0
VERTEX
  5
101f
  8
Layer_4
  10
1130.0929
  20
2409.8608
  0
VERTEX
  5
1020
  8
Layer_4
  10
1129.9006
  20
2417.1372
  0
VERTEX
  5
1021
  8
Layer_4
  10
1129.7021
  20
2424.4131
  0
VERTEX
  5
1022
  8
Layer_4
  10
1129.4974
  20
2431.688
  0
VERTEX
  5
1023
  8
Layer_4
  10
1129.2866
  20
2438.9629
  0
VERTEX
  5
1024
  8
Layer_4
  10
1129.0696
  20
2446.2378
  0
VERTEX
  5
1025
  8
Layer_4
  10
1128.8466
  20
2453.5117
  0
VERTEX
  5
1026
  8
Layer_4
  10
1128.6172
  20
2460.7852
  0
VERTEX
  5
1027
  8
Layer_4
  10
1128.3817
  20
2468.0581
  0
VERTEX
  5
1028
  8
Layer_4
  10
1128.14
  20
2475.3306
  0
VERTEX
  5
1029
  8
Layer_4
  10
1127.8922
  20
2482.6025
  0
VERTEX
  5
102a
  8
Layer_4
  10
1127.6383
  20
2489.874
  0
VERTEX
  5
102b
  8
Layer_4
  10
1127.3782
  20
2497.145
  0
VERTEX
  5
102c
  8
Layer_4
  10
1127.1119
  20
2504.4155
  0
VERTEX
  5
102d
  8
Layer_4
  10
1126.8395
  20
2511.6851
  0
VERTEX
  5
102e
  8
Layer_4
  10
1126.5608
  20
2518.9541
  0
VERTEX
  5
102f
  8
Layer_4
  10
1126.276
  20
2526.2227
  0
VERTEX
  5
1030
  8
Layer_4
  10
1125.985
  20
2533.4902
  0
VERTEX
  5
1031
  8
Layer_4
  10
1125.688
  20
2540.7578
  0
VERTEX
  5
1032
  8
Layer_4
  10
1112.1694
  20
2868
  0
SEQEND
  0
ENDSEC
  0
EOF
