  0
SECTION
  2
HEADER
  9
$ACADVER
  1
AC1009
  0
ENDSEC
  0
SECTION
  2
TABLES
  0
TABLE
  2
LAYER
  70
2
  0
LAYER
  2
Layer_2
  70
0
  62
1
  6
CONTINUOUS
  0
LAYER
  2
Layer_6
  70
0
  62
4
  6
CONTINUOUS
  0
ENDTAB
  0
ENDSEC
  0
SECTION
  2
ENTITIES
  0
POLYLINE
  5
90
  8
Layer_2
  62
1
  70
1
  66
1
  10
0
  20
0
  30
0
  0
VERTEX
  5
90
  8
Layer_2
  10
430.00012
  20
3000
  0
VERTEX
  5
91
  8
Layer_2
  10
1650
  20
3000
  0
VERTEX
  5
92
  8
Layer_2
  10
1650
  20
100
  0
VERTEX
  5
93
  8
Layer_2
  10
430.00012
  20
100
  0
VERTEX
  5
94
  8
Layer_2
  10
430.00012
  20
3000
  0
SEQEND
  0
POLYLINE
  5
96
  8
Layer_6
  62
4
  70
1
  66
1
  10
0
  20
0
  30
0
  0
VERTEX
  5
96
  8
Layer_6
  10
1540
  20
2792
  0
VERTEX
  5
97
  8
Layer_6
  10
1520
  20
2792
  0
VERTEX
  5
98
  8
Layer_6
  10
1520
  20
2818
  0
VERTEX
  5
99
  8
Layer_6
  10
1532
  20
2818
  0
VERTEX
  5
9a
  8
Layer_6
  10
1532
  20
2842
  0
VERTEX
  5
9b
  8
Layer_6
  10
1520
  20
2842
  0
VERTEX
  5
9c
  8
Layer_6
  10
1520
  20
2868
  0
VERTEX
  5
9d
  8
Layer_6
  10
1540
  20
2868
  0
VERTEX
  5
9e
  8
Layer_6
  10
1540
  20
2880
  0
VERTEX
  5
9f
  8
Layer_6
  10
1564
  20
2880
  0
VERTEX
  5
a0
  8
Layer_6
  10
1564
  20
2868
  0
VERTEX
  5
a1
  8
Layer_6
  10
1596
  20
2868
  0
VERTEX
  5
a2
  8
Layer_6
  10
1596
  20
2880
  0
VERTEX
  5
a3
  8
Layer_6
  10
1620
  20
2880
  0
VERTEX
  5
a4
  8
Layer_6
  10
1620
  20
2868
  0
VERTEX
  5
a5
  8
Layer_6
  10
1640
  20
2868
  0
VERTEX
  5
a6
  8
Layer_6
  10
1640
  20
2792
  0
VERTEX
  5
a7
  8
Layer_6
  10
1620
  20
2792
  0
VERTEX
  5
a8
  8
Layer_6
  10
1620
  20
2780
  0
VERTEX
  5
a9
  8
Layer_6
  10
1596
  20
2780
  0
VERTEX
  5
aa
  8
Layer_6
  10
1596
  20
2792
  0
VERTEX
  5
ab
  8
Layer_6
  10
1564
  20
2792
  0
VERTEX
  5
ac
  8
Layer_6
  10
1564
  20
2780
  0
VERTEX
  5
ad
  8
Layer_6
  10
1540
  20
2780
  0
VERTEX
  5
ae
  8
Layer_6
  10
1540
  20
2792
  0
SEQEND
  0
POLYLINE
  5
b0
  8
Layer_6
  62
4
  70
1
  66
1
  10
0
  20
0
  30
0
  0
VERTEX
  5
b0
  8
Layer_6
  10
1498
  20
2886
  0
VERTEX
  5
b1
  8
Layer_6
  10
1510
  20
2886
  0
VERTEX
  5
b2
  8
Layer_6
  10
1510
  20
2980
  0
VERTEX
  5
b3
  8
Layer_6
  10
1490
  20
2980
  0
VERTEX
  5
b4
  8
Layer_6
  10
1490
  20
2968
  0
VERTEX
  5
b5
  8
Layer_6
  10
1466
  20
2968
  0
VERTEX
  5
b6
  8
Layer_6
  10
1466
  20
2980
  0
VERTEX
  5
b7
  8
Layer_6
  10
1434
  20
2980
  0
VERTEX
  5
b8
  8
Layer_6
  10
1434
  20
2968
  0
VERTEX
  5
b9
  8
Layer_6
  10
1410
  20
2968
  0
VERTEX
  5
ba
  8
Layer_6
  10
1410
  20
2980
  0
VERTEX
  5
bb
  8
Layer_6
  10
1390
  20
2980
  0
VERTEX
  5
bc
  8
Layer_6
  10
1390
  20
2892
  0
VERTEX
  5
bd
  8
Layer_6
  10
1402
  20
2892
  0
VERTEX
  5
be
  8
Layer_6
  10
1402
  20
2868
  0
VERTEX
  5
bf
  8
Layer_6
  10
1390
  20
2868
  0
VERTEX
  5
c0
  8
Layer_6
  10
1390
  20
2780
  0
VERTEX
  5
c1
  8
Layer_6
  10
1410
  20
2780
  0
VERTEX
  5
c2
  8
Layer_6
  10
1410
  20
2792
  0
VERTEX
  5
c3
  8
Layer_6
  10
1434
  20
2792
  0
VERTEX
  5
c4
  8
Layer_6
  10
1434
  20
2780
  0
VERTEX
  5
c5
  8
Layer_6
  10
1466
  20
2780
  0
VERTEX
  5
c6
  8
Layer_6
  10
1466
  20
2792
  0
VERTEX
  5
c7
  8
Layer_6
  10
1490
  20
2792
  0
VERTEX
  5
c8
  8
Layer_6
  10
1490
  20
2780
  0
VERTEX
  5
c9
  8
Layer_6
  10
1510
  20
2780
  0
VERTEX
  5
ca
  8
Layer_6
  10
1510
  20
2874
  0
VERTEX
  5
cb
  8
Layer_6
  10
1498
  20
2874
  0
VERTEX
  5
cc
  8
Layer_6
  10
1498
  20
2886
  0
SEQEND
  0
POLYLINE
  5
ce
  8
Layer_6
  62
4
  70
1
  66
1
  10
0
  20
0
  30
0
  0
VERTEX
  5
ce
  8
Layer_6
  10
1540
  20
2902
  0
VERTEX
  5
cf
  8
Layer_6
  10
1520
  20
2902
  0
VERTEX
  5
d0
  8
Layer_6
  10
1520
  20
2928
  0
VERTEX
  5
d1
  8
Layer_6
  10
1532
  20
2928
  0
VERTEX
  5
d2
  8
Layer_6
  10
1532
  20
2952
  0
VERTEX
  5
d3
  8
Layer_6
  10
1520
  20
2952
  0
VERTEX
  5
d4
  8
Layer_6
  10
1520
  20
2978
  0
VERTEX
  5
d5
  8
Layer_6
  10
1540
  20
2978
  0
VERTEX
  5
d6
  8
Layer_6
  10
1540
  20
2990
  0
VERTEX
  5
d7
  8
Layer_6
  10
1564
  20
2990
  0
VERTEX
  5
d8
  8
Layer_6
  10
1564
  20
2978
  0
VERTEX
  5
d9
  8
Layer_6
  10
1596
  20
2978
  0
VERTEX
  5
da
  8
Layer_6
  10
1596
  20
2990
  0
VERTEX
  5
db
  8
Layer_6
  10
1620
  20
2990
  0
VERTEX
  5
dc
  8
Layer_6
  10
1620
  20
2978
  0
VERTEX
  5
dd
  8
Layer_6
  10
1640
  20
2978
  0
VERTEX
  5
de
  8
Layer_6
  10
1640
  20
2902
  0
VERTEX
  5
df
  8
Layer_6
  10
1620
  20
2902
  0
VERTEX
  5
e0
  8
Layer_6
  10
1620
  20
2890
  0
VERTEX
  5
e1
  8
Layer_6
  10
1596
  20
2890
  0
VERTEX
  5
e2
  8
Layer_6
  10
1596
  20
2902
  0
VERTEX
  5
e3
  8
Layer_6
  10
1564
  20
2902
  0
VERTEX
  5
e4
  8
Layer_6
  10
1564
  20
2890
  0
VERTEX
  5
e5
  8
Layer_6
  10
1540
  20
2890
  0
VERTEX
  5
e6
  8
Layer_6
  10
1540
  20
2902
  0
SEQEND
  0
POLYLINE
  5
e8
  8
Layer_6
  62
4
  70
1
  66
1
  10
0
  20
0
  30
0
  0
VERTEX
  5
e8
  8
Layer_6
  10
1368
  20
2886
  0
VERTEX
  5
e9
  8
Layer_6
  10
1380
  20
2886
  0
VERTEX
  5
ea
  8
Layer_6
  10
1380
  20
2980
  0
VERTEX
  5
eb
  8
Layer_6
  10
1360
  20
2980
  0
VERTEX
  5
ec
  8
Layer_6
  10
1360
  20
2968
  0
VERTEX
  5
ed
  8
Layer_6
  10
1336
  20
2968
  0
VERTEX
  5
ee
  8
Layer_6
  10
1336
  20
2980
  0
VERTEX
  5
ef
  8
Layer_6
  10
1304
  20
2980
  0
VERTEX
  5
f0
  8
Layer_6
  10
1304
  20
2968
  0
VERTEX
  5
f1
  8
Layer_6
  10
1280
  20
2968
  0
VERTEX
  5
f2
  8
Layer_6
  10
1280
  20
2980
  0
VERTEX
  5
f3
  8
Layer_6
  10
1260
  20
2980
  0
VERTEX
  5
f4
  8
Layer_6
  10
1260
  20
2892
  0
VERTEX
  5
f5
  8
Layer_6
  10
1272
  20
2892
  0
VERTEX
  5
f6
  8
Layer_6
  10
1272
  20
2868
  0
VERTEX
  5
f7
  8
Layer_6
  10
1260
  20
2868
  0
VERTEX
  5
f8
  8
Layer_6
  10
1260
  20
2780
  0
VERTEX
  5
f9
  8
Layer_6
  10
1280
  20
2780
  0
VERTEX
  5
fa
  8
Layer_6
  10
1280
  20
2792
  0
VERTEX
  5
fb
  8
Layer_6
  10
1304
  20
2792
  0
VERTEX
  5
fc
  8
Layer_6
  10
1304
  20
2780
  0
VERTEX
  5
fd
  8
Layer_6
  10
1336
  20
2780
  0
VERTEX
  5
fe
  8
Layer_6
  10
1336
  20
2792
  0
VERTEX
  5
ff
  8
Layer_6
  10
1360
  20
2792
  0
VERTEX
  5
100
  8
Layer_6
  10
1360
  20
2780
  0
VERTEX
  5
101
  8
Layer_6
  10
1380
  20
2780
  0
VERTEX
  5
102
  8
Layer_6
  10
1380
  20
2874
  0
VERTEX
  5
103
  8
Layer_6
  10
1368
  20
2874
  0
VERTEX
  5
104
  8
Layer_6
  10
1368
  20
2886
  0
SEQEND
  0
POLYLINE
  5
106
  8
Layer_6
  62
4
  70
1
  66
1
  10
0
  20
0
  30
0
  0
VERTEX
  5
106
  8
Layer_6
  10
1058.9999
  20
2804
  0
VERTEX
  5
107
  8
Layer_6
  10
1058.9999
  20
2900
  0
VERTEX
  5
108
  8
Layer_6
  10
1084.9999
  20
2900
  0
VERTEX
  5
109
  8
Layer_6
  10
1084.9999
  20
2912
  0
VERTEX
  5
10a
  8
Layer_6
  10
1109
  20
2912
  0
VERTEX
  5
10b
  8
Layer_6
  10
1109
  20
2900
  0
VERTEX
  5
10c
  8
Layer_6
  10
1135
  20
2900
  0
VERTEX
  5
10d
  8
Layer_6
  10
1135
  20
2804
  0
VERTEX
  5
10e
  8
Layer_6
  10
1147
  20
2804
  0
VERTEX
  5
10f
  8
Layer_6
  10
1147
  20
2792
  0
VERTEX
  5
110
  8
Layer_6
  10
1046.9999
  20
2792
  0
VERTEX
  5
111
  8
Layer_6
  10
1046.9999
  20
2804
  0
VERTEX
  5
112
  8
Layer_6
  10
1058.9999
  20
2804
  0
SEQEND
  0
POLYLINE
  5
114
  8
Layer_6
  62
4
  70
1
  66
1
  10
0
  20
0
  30
0
  0
VERTEX
  5
114
  8
Layer_6
  10
1212
  20
2968
  0
VERTEX
  5
115
  8
Layer_6
  10
1212
  20
2980
  0
VERTEX
  5
116
  8
Layer_6
  10
1188
  20
2980
  0
VERTEX
  5
117
  8
Layer_6
  10
1188
  20
2968
  0
VERTEX
  5
118
  8
Layer_6
  10
1162
  20
2968
  0
VERTEX
  5
119
  8
Layer_6
  10
1162
  20
2892
  0
VERTEX
  5
11a
  8
Layer_6
  10
1150
  20
2892
  0
VERTEX
  5
11b
  8
Layer_6
  10
1150
  20
2868
  0
VERTEX
  5
11c
  8
Layer_6
  10
1162
  20
2868
  0
VERTEX
  5
11d
  8
Layer_6
  10
1162
  20
2792
  0
VERTEX
  5
11e
  8
Layer_6
  10
1188
  20
2792
  0
VERTEX
  5
11f
  8
Layer_6
  10
1188
  20
2780
  0
VERTEX
  5
120
  8
Layer_6
  10
1212
  20
2780
  0
VERTEX
  5
121
  8
Layer_6
  10
1212
  20
2792
  0
VERTEX
  5
122
  8
Layer_6
  10
1238
  20
2792
  0
VERTEX
  5
123
  8
Layer_6
  10
1238
  20
2868
  0
VERTEX
  5
124
  8
Layer_6
  10
1250
  20
2868
  0
VERTEX
  5
125
  8
Layer_6
  10
1250
  20
2892
  0
VERTEX
  5
126
  8
Layer_6
  10
1238
  20
2892
  0
VERTEX
  5
127
  8
Layer_6
  10
1238
  20
2968
  0
VERTEX
  5
128
  8
Layer_6
  10
1212
  20
2968
  0
SEQEND
  0
POLYLINE
  5
12a
  8
Layer_6
  62
4
  70
1
  66
1
  10
0
  20
0
  30
0
  0
VERTEX
  5
12a
  8
Layer_6
  10
1188
  20
2886
  0
VERTEX
  5
12b
  8
Layer_6
  10
1188
  20
2874
  0
VERTEX
  5
12c
  8
Layer_6
  10
1212
  20
2874
  0
VERTEX
  5
12d
  8
Layer_6
  10
1212
  20
2886
  0
VERTEX
  5
12e
  8
Layer_6
  10
1188
  20
2886
  0
SEQEND
  0
POLYLINE
  5
130
  8
Layer_6
  62
4
  70
1
  66
1
  10
0
  20
0
  30
0
  0
VERTEX
  5
130
  8
Layer_6
  10
941.99976
  20
2792
  0
VERTEX
  5
131
  8
Layer_6
  10
921.99976
  20
2792
  0
VERTEX
  5
132
  8
Layer_6
  10
921.99976
  20
2818
  0
VERTEX
  5
133
  8
Layer_6
  10
933.99976
  20
2818
  0
VERTEX
  5
134
  8
Layer_6
  10
933.99976
  20
2842
  0
VERTEX
  5
135
  8
Layer_6
  10
921.99976
  20
2842
  0
VERTEX
  5
136
  8
Layer_6
  10
921.99976
  20
2868
  0
VERTEX
  5
137
  8
Layer_6
  10
941.99976
  20
2868
  0
VERTEX
  5
138
  8
Layer_6
  10
941.99976
  20
2880
  0
VERTEX
  5
139
  8
Layer_6
  10
965.99976
  20
2880
  0
VERTEX
  5
13a
  8
Layer_6
  10
965.99976
  20
2868
  0
VERTEX
  5
13b
  8
Layer_6
  10
997.99976
  20
2868
  0
VERTEX
  5
13c
  8
Layer_6
  10
997.99976
  20
2880
  0
VERTEX
  5
13d
  8
Layer_6
  10
1021.9998
  20
2880
  0
VERTEX
  5
13e
  8
Layer_6
  10
1021.9998
  20
2868
  0
VERTEX
  5
13f
  8
Layer_6
  10
1041.9998
  20
2868
  0
VERTEX
  5
140
  8
Layer_6
  10
1041.9998
  20
2792
  0
VERTEX
  5
141
  8
Layer_6
  10
1021.9998
  20
2792
  0
VERTEX
  5
142
  8
Layer_6
  10
1021.9998
  20
2780
  0
VERTEX
  5
143
  8
Layer_6
  10
997.99976
  20
2780
  0
VERTEX
  5
144
  8
Layer_6
  10
997.99976
  20
2792
  0
VERTEX
  5
145
  8
Layer_6
  10
965.99976
  20
2792
  0
VERTEX
  5
146
  8
Layer_6
  10
965.99976
  20
2780
  0
VERTEX
  5
147
  8
Layer_6
  10
941.99976
  20
2780
  0
VERTEX
  5
148
  8
Layer_6
  10
941.99976
  20
2792
  0
SEQEND
  0
POLYLINE
  5
14a
  8
Layer_6
  62
4
  70
1
  66
1
  10
0
  20
0
  30
0
  0
VERTEX
  5
14a
  8
Layer_6
  10
899.99976
  20
2886
  0
VERTEX
  5
14b
  8
Layer_6
  10
911.99976
  20
2886
  0
VERTEX
  5
14c
  8
Layer_6
  10
911.99976
  20
2980
  0
VERTEX
  5
14d
  8
Layer_6
  10
891.99976
  20
2980
  0
VERTEX
  5
14e
  8
Layer_6
  10
891.99976
  20
2968
  0
VERTEX
  5
14f
  8
Layer_6
  10
867.99976
  20
2968
  0
VERTEX
  5
150
  8
Layer_6
  10
867.99976
  20
2980
  0
VERTEX
  5
151
  8
Layer_6
  10
835.99976
  20
2980
  0
VERTEX
  5
152
  8
Layer_6
  10
835.99976
  20
2968
  0
VERTEX
  5
153
  8
Layer_6
  10
811.99976
  20
2968
  0
VERTEX
  5
154
  8
Layer_6
  10
811.99976
  20
2980
  0
VERTEX
  5
155
  8
Layer_6
  10
791.99976
  20
2980
  0
VERTEX
  5
156
  8
Layer_6
  10
791.99976
  20
2892
  0
VERTEX
  5
157
  8
Layer_6
  10
803.99976
  20
2892
  0
VERTEX
  5
158
  8
Layer_6
  10
803.99976
  20
2868
  0
VERTEX
  5
159
  8
Layer_6
  10
791.99976
  20
2868
  0
VERTEX
  5
15a
  8
Layer_6
  10
791.99976
  20
2780
  0
VERTEX
  5
15b
  8
Layer_6
  10
811.99976
  20
2780
  0
VERTEX
  5
15c
  8
Layer_6
  10
811.99976
  20
2792
  0
VERTEX
  5
15d
  8
Layer_6
  10
835.99976
  20
2792
  0
VERTEX
  5
15e
  8
Layer_6
  10
835.99976
  20
2780
  0
VERTEX
  5
15f
  8
Layer_6
  10
867.99976
  20
2780
  0
VERTEX
  5
160
  8
Layer_6
  10
867.99976
  20
2792
  0
VERTEX
  5
161
  8
Layer_6
  10
891.99976
  20
2792
  0
VERTEX
  5
162
  8
Layer_6
  10
891.99976
  20
2780
  0
VERTEX
  5
163
  8
Layer_6
  10
911.99976
  20
2780
  0
VERTEX
  5
164
  8
Layer_6
  10
911.99976
  20
2874
  0
VERTEX
  5
165
  8
Layer_6
  10
899.99976
  20
2874
  0
VERTEX
  5
166
  8
Layer_6
  10
899.99976
  20
2886
  0
SEQEND
  0
POLYLINE
  5
168
  8
Layer_6
  62
4
  70
1
  66
1
  10
0
  20
0
  30
0
  0
VERTEX
  5
168
  8
Layer_6
  10
941.99976
  20
2902
  0
VERTEX
  5
169
  8
Layer_6
  10
921.99976
  20
2902
  0
VERTEX
  5
16a
  8
Layer_6
  10
921.99976
  20
2928
  0
VERTEX
  5
16b
  8
Layer_6
  10
933.99976
  20
2928
  0
VERTEX
  5
16c
  8
Layer_6
  10
933.99976
  20
2952
  0
VERTEX
  5
16d
  8
Layer_6
  10
921.99976
  20
2952
  0
VERTEX
  5
16e
  8
Layer_6
  10
921.99976
  20
2978
  0
VERTEX
  5
16f
  8
Layer_6
  10
941.99976
  20
2978
  0
VERTEX
  5
170
  8
Layer_6
  10
941.99976
  20
2990
  0
VERTEX
  5
171
  8
Layer_6
  10
965.99976
  20
2990
  0
VERTEX
  5
172
  8
Layer_6
  10
965.99976
  20
2978
  0
VERTEX
  5
173
  8
Layer_6
  10
997.99976
  20
2978
  0
VERTEX
  5
174
  8
Layer_6
  10
997.99976
  20
2990
  0
VERTEX
  5
175
  8
Layer_6
  10
1021.9998
  20
2990
  0
VERTEX
  5
176
  8
Layer_6
  10
1021.9998
  20
2978
  0
VERTEX
  5
177
  8
Layer_6
  10
1041.9998
  20
2978
  0
VERTEX
  5
178
  8
Layer_6
  10
1041.9998
  20
2902
  0
VERTEX
  5
179
  8
Layer_6
  10
1021.9998
  20
2902
  0
VERTEX
  5
17a
  8
Layer_6
  10
1021.9998
  20
2890
  0
VERTEX
  5
17b
  8
Layer_6
  10
997.99976
  20
2890
  0
VERTEX
  5
17c
  8
Layer_6
  10
997.99976
  20
2902
  0
VERTEX
  5
17d
  8
Layer_6
  10
965.99976
  20
2902
  0
VERTEX
  5
17e
  8
Layer_6
  10
965.99976
  20
2890
  0
VERTEX
  5
17f
  8
Layer_6
  10
941.99976
  20
2890
  0
VERTEX
  5
180
  8
Layer_6
  10
941.99976
  20
2902
  0
SEQEND
  0
POLYLINE
  5
182
  8
Layer_6
  62
4
  70
1
  66
1
  10
0
  20
0
  30
0
  0
VERTEX
  5
182
  8
Layer_6
  10
769.99976
  20
2886
  0
VERTEX
  5
183
  8
Layer_6
  10
781.99976
  20
2886
  0
VERTEX
  5
184
  8
Layer_6
  10
781.99976
  20
2980
  0
VERTEX
  5
185
  8
Layer_6
  10
761.99976
  20
2980
  0
VERTEX
  5
186
  8
Layer_6
  10
761.99976
  20
2968
  0
VERTEX
  5
187
  8
Layer_6
  10
737.99976
  20
2968
  0
VERTEX
  5
188
  8
Layer_6
  10
737.99976
  20
2980
  0
VERTEX
  5
189
  8
Layer_6
  10
705.99976
  20
2980
  0
VERTEX
  5
18a
  8
Layer_6
  10
705.99976
  20
2968
  0
VERTEX
  5
18b
  8
Layer_6
  10
681.99976
  20
2968
  0
VERTEX
  5
18c
  8
Layer_6
  10
681.99976
  20
2980
  0
VERTEX
  5
18d
  8
Layer_6
  10
661.99976
  20
2980
  0
VERTEX
  5
18e
  8
Layer_6
  10
661.99976
  20
2892
  0
VERTEX
  5
18f
  8
Layer_6
  10
673.99976
  20
2892
  0
VERTEX
  5
190
  8
Layer_6
  10
673.99976
  20
2868
  0
VERTEX
  5
191
  8
Layer_6
  10
661.99976
  20
2868
  0
VERTEX
  5
192
  8
Layer_6
  10
661.99976
  20
2780
  0
VERTEX
  5
193
  8
Layer_6
  10
681.99976
  20
2780
  0
VERTEX
  5
194
  8
Layer_6
  10
681.99976
  20
2792
  0
VERTEX
  5
195
  8
Layer_6
  10
705.99976
  20
2792
  0
VERTEX
  5
196
  8
Layer_6
  10
705.99976
  20
2780
  0
VERTEX
  5
197
  8
Layer_6
  10
737.99976
  20
2780
  0
VERTEX
  5
198
  8
Layer_6
  10
737.99976
  20
2792
  0
VERTEX
  5
199
  8
Layer_6
  10
761.99976
  20
2792
  0
VERTEX
  5
19a
  8
Layer_6
  10
761.99976
  20
2780
  0
VERTEX
  5
19b
  8
Layer_6
  10
781.99976
  20
2780
  0
VERTEX
  5
19c
  8
Layer_6
  10
781.99976
  20
2874
  0
VERTEX
  5
19d
  8
Layer_6
  10
769.99976
  20
2874
  0
VERTEX
  5
19e
  8
Layer_6
  10
769.99976
  20
2886
  0
SEQEND
  0
POLYLINE
  5
1a0
  8
Layer_6
  62
4
  70
1
  66
1
  10
0
  20
0
  30
0
  0
VERTEX
  5
1a0
  8
Layer_6
  10
460.99963
  20
2804
  0
VERTEX
  5
1a1
  8
Layer_6
  10
460.99963
  20
2900
  0
VERTEX
  5
1a2
  8
Layer_6
  10
486.99963
  20
2900
  0
VERTEX
  5
1a3
  8
Layer_6
  10
486.99963
  20
2912
  0
VERTEX
  5
1a4
  8
Layer_6
  10
510.99976
  20
2912
  0
VERTEX
  5
1a5
  8
Layer_6
  10
510.99976
  20
2900
  0
VERTEX
  5
1a6
  8
Layer_6
  10
536.99976
  20
2900
  0
VERTEX
  5
1a7
  8
Layer_6
  10
536.99976
  20
2804
  0
VERTEX
  5
1a8
  8
Layer_6
  10
548.99976
  20
2804
  0
VERTEX
  5
1a9
  8
Layer_6
  10
548.99976
  20
2792
  0
VERTEX
  5
1aa
  8
Layer_6
  10
448.99963
  20
2792
  0
VERTEX
  5
1ab
  8
Layer_6
  10
448.99963
  20
2804
  0
VERTEX
  5
1ac
  8
Layer_6
  10
460.99963
  20
2804
  0
SEQEND
  0
POLYLINE
  5
1ae
  8
Layer_6
  62
4
  70
1
  66
1
  10
0
  20
0
  30
0
  0
VERTEX
  5
1ae
  8
Layer_6
  10
613.99976
  20
2968
  0
VERTEX
  5
1af
  8
Layer_6
  10
613.99976
  20
2980
  0
VERTEX
  5
1b0
  8
Layer_6
  10
589.99976
  20
2980
  0
VERTEX
  5
1b1
  8
Layer_6
  10
589.99976
  20
2968
  0
VERTEX
  5
1b2
  8
Layer_6
  10
563.99976
  20
2968
  0
VERTEX
  5
1b3
  8
Layer_6
  10
563.99976
  20
2892
  0
VERTEX
  5
1b4
  8
Layer_6
  10
551.99976
  20
2892
  0
VERTEX
  5
1b5
  8
Layer_6
  10
551.99976
  20
2868
  0
VERTEX
  5
1b6
  8
Layer_6
  10
563.99976
  20
2868
  0
VERTEX
  5
1b7
  8
Layer_6
  10
563.99976
  20
2792
  0
VERTEX
  5
1b8
  8
Layer_6
  10
589.99976
  20
2792
  0
VERTEX
  5
1b9
  8
Layer_6
  10
589.99976
  20
2780
  0
VERTEX
  5
1ba
  8
Layer_6
  10
613.99976
  20
2780
  0
VERTEX
  5
1bb
  8
Layer_6
  10
613.99976
  20
2792
  0
VERTEX
  5
1bc
  8
Layer_6
  10
639.99976
  20
2792
  0
VERTEX
  5
1bd
  8
Layer_6
  10
639.99976
  20
2868
  0
VERTEX
  5
1be
  8
Layer_6
  10
651.99976
  20
2868
  0
VERTEX
  5
1bf
  8
Layer_6
  10
651.99976
  20
2892
  0
VERTEX
  5
1c0
  8
Layer_6
  10
639.99976
  20
2892
  0
VERTEX
  5
1c1
  8
Layer_6
  10
639.99976
  20
2968
  0
VERTEX
  5
1c2
  8
Layer_6
  10
613.99976
  20
2968
  0
SEQEND
  0
POLYLINE
  5
1c4
  8
Layer_6
  62
4
  70
1
  66
1
  10
0
  20
0
  30
0
  0
VERTEX
  5
1c4
  8
Layer_6
  10
589.99976
  20
2886
  0
VERTEX
  5
1c5
  8
Layer_6
  10
589.99976
  20
2874
  0
VERTEX
  5
1c6
  8
Layer_6
  10
613.99976
  20
2874
  0
VERTEX
  5
1c7
  8
Layer_6
  10
613.99976
  20
2886
  0
VERTEX
  5
1c8
  8
Layer_6
  10
589.99976
  20
2886
  0
SEQEND
  0
POLYLINE
  5
1ca
  8
Layer_6
  62
4
  70
1
  66
1
  10
0
  20
0
  30
0
  0
VERTEX
  5
1ca
  8
Layer_6
  10
1540
  20
2572
  0
VERTEX
  5
1cb
  8
Layer_6
  10
1520
  20
2572
  0
VERTEX
  5
1cc
  8
Layer_6
  10
1520
  20
2598
  0
VERTEX
  5
1cd
  8
Layer_6
  10
1532
  20
2598
  0
VERTEX
  5
1ce
  8
Layer_6
  10
1532
  20
2622
  0
VERTEX
  5
1cf
  8
Layer_6
  10
1520
  20
2622
  0
VERTEX
  5
1d0
  8
Layer_6
  10
1520
  20
2648
  0
VERTEX
  5
1d1
  8
Layer_6
  10
1540
  20
2648
  0
VERTEX
  5
1d2
  8
Layer_6
  10
1540
  20
2660
  0
VERTEX
  5
1d3
  8
Layer_6
  10
1564
  20
2660
  0
VERTEX
  5
1d4
  8
Layer_6
  10
1564
  20
2648
  0
VERTEX
  5
1d5
  8
Layer_6
  10
1596
  20
2648
  0
VERTEX
  5
1d6
  8
Layer_6
  10
1596
  20
2660
  0
VERTEX
  5
1d7
  8
Layer_6
  10
1620
  20
2660
  0
VERTEX
  5
1d8
  8
Layer_6
  10
1620
  20
2648
  0
VERTEX
  5
1d9
  8
Layer_6
  10
1640
  20
2648
  0
VERTEX
  5
1da
  8
Layer_6
  10
1640
  20
2572
  0
VERTEX
  5
1db
  8
Layer_6
  10
1620
  20
2572
  0
VERTEX
  5
1dc
  8
Layer_6
  10
1620
  20
2560
  0
VERTEX
  5
1dd
  8
Layer_6
  10
1596
  20
2560
  0
VERTEX
  5
1de
  8
Layer_6
  10
1596
  20
2572
  0
VERTEX
  5
1df
  8
Layer_6
  10
1564
  20
2572
  0
VERTEX
  5
1e0
  8
Layer_6
  10
1564
  20
2560
  0
VERTEX
  5
1e1
  8
Layer_6
  10
1540
  20
2560
  0
VERTEX
  5
1e2
  8
Layer_6
  10
1540
  20
2572
  0
SEQEND
  0
POLYLINE
  5
1e4
  8
Layer_6
  62
4
  70
1
  66
1
  10
0
  20
0
  30
0
  0
VERTEX
  5
1e4
  8
Layer_6
  10
1498
  20
2666
  0
VERTEX
  5
1e5
  8
Layer_6
  10
1510
  20
2666
  0
VERTEX
  5
1e6
  8
Layer_6
  10
1510
  20
2760
  0
VERTEX
  5
1e7
  8
Layer_6
  10
1490
  20
2760
  0
VERTEX
  5
1e8
  8
Layer_6
  10
1490
  20
2748
  0
VERTEX
  5
1e9
  8
Layer_6
  10
1466
  20
2748
  0
VERTEX
  5
1ea
  8
Layer_6
  10
1466
  20
2760
  0
VERTEX
  5
1eb
  8
Layer_6
  10
1434
  20
2760
  0
VERTEX
  5
1ec
  8
Layer_6
  10
1434
  20
2748
  0
VERTEX
  5
1ed
  8
Layer_6
  10
1410
  20
2748
  0
VERTEX
  5
1ee
  8
Layer_6
  10
1410
  20
2760
  0
VERTEX
  5
1ef
  8
Layer_6
  10
1390
  20
2760
  0
VERTEX
  5
1f0
  8
Layer_6
  10
1390
  20
2672
  0
VERTEX
  5
1f1
  8
Layer_6
  10
1402
  20
2672
  0
VERTEX
  5
1f2
  8
Layer_6
  10
1402
  20
2648
  0
VERTEX
  5
1f3
  8
Layer_6
  10
1390
  20
2648
  0
VERTEX
  5
1f4
  8
Layer_6
  10
1390
  20
2560
  0
VERTEX
  5
1f5
  8
Layer_6
  10
1410
  20
2560
  0
VERTEX
  5
1f6
  8
Layer_6
  10
1410
  20
2572
  0
VERTEX
  5
1f7
  8
Layer_6
  10
1434
  20
2572
  0
VERTEX
  5
1f8
  8
Layer_6
  10
1434
  20
2560
  0
VERTEX
  5
1f9
  8
Layer_6
  10
1466
  20
2560
  0
VERTEX
  5
1fa
  8
Layer_6
  10
1466
  20
2572
  0
VERTEX
  5
1fb
  8
Layer_6
  10
1490
  20
2572
  0
VERTEX
  5
1fc
  8
Layer_6
  10
1490
  20
2560
  0
VERTEX
  5
1fd
  8
Layer_6
  10
1510
  20
2560
  0
VERTEX
  5
1fe
  8
Layer_6
  10
1510
  20
2654
  0
VERTEX
  5
1ff
  8
Layer_6
  10
1498
  20
2654
  0
VERTEX
  5
200
  8
Layer_6
  10
1498
  20
2666
  0
SEQEND
  0
POLYLINE
  5
202
  8
Layer_6
  62
4
  70
1
  66
1
  10
0
  20
0
  30
0
  0
VERTEX
  5
202
  8
Layer_6
  10
1540
  20
2682
  0
VERTEX
  5
203
  8
Layer_6
  10
1520
  20
2682
  0
VERTEX
  5
204
  8
Layer_6
  10
1520
  20
2708
  0
VERTEX
  5
205
  8
Layer_6
  10
1532
  20
2708
  0
VERTEX
  5
206
  8
Layer_6
  10
1532
  20
2732
  0
VERTEX
  5
207
  8
Layer_6
  10
1520
  20
2732
  0
VERTEX
  5
208
  8
Layer_6
  10
1520
  20
2758
  0
VERTEX
  5
209
  8
Layer_6
  10
1540
  20
2758
  0
VERTEX
  5
20a
  8
Layer_6
  10
1540
  20
2770
  0
VERTEX
  5
20b
  8
Layer_6
  10
1564
  20
2770
  0
VERTEX
  5
20c
  8
Layer_6
  10
1564
  20
2758
  0
VERTEX
  5
20d
  8
Layer_6
  10
1596
  20
2758
  0
VERTEX
  5
20e
  8
Layer_6
  10
1596
  20
2770
  0
VERTEX
  5
20f
  8
Layer_6
  10
1620
  20
2770
  0
VERTEX
  5
210
  8
Layer_6
  10
1620
  20
2758
  0
VERTEX
  5
211
  8
Layer_6
  10
1640
  20
2758
  0
VERTEX
  5
212
  8
Layer_6
  10
1640
  20
2682
  0
VERTEX
  5
213
  8
Layer_6
  10
1620
  20
2682
  0
VERTEX
  5
214
  8
Layer_6
  10
1620
  20
2670
  0
VERTEX
  5
215
  8
Layer_6
  10
1596
  20
2670
  0
VERTEX
  5
216
  8
Layer_6
  10
1596
  20
2682
  0
VERTEX
  5
217
  8
Layer_6
  10
1564
  20
2682
  0
VERTEX
  5
218
  8
Layer_6
  10
1564
  20
2670
  0
VERTEX
  5
219
  8
Layer_6
  10
1540
  20
2670
  0
VERTEX
  5
21a
  8
Layer_6
  10
1540
  20
2682
  0
SEQEND
  0
POLYLINE
  5
21c
  8
Layer_6
  62
4
  70
1
  66
1
  10
0
  20
0
  30
0
  0
VERTEX
  5
21c
  8
Layer_6
  10
1368
  20
2666
  0
VERTEX
  5
21d
  8
Layer_6
  10
1380
  20
2666
  0
VERTEX
  5
21e
  8
Layer_6
  10
1380
  20
2760
  0
VERTEX
  5
21f
  8
Layer_6
  10
1360
  20
2760
  0
VERTEX
  5
220
  8
Layer_6
  10
1360
  20
2748
  0
VERTEX
  5
221
  8
Layer_6
  10
1336
  20
2748
  0
VERTEX
  5
222
  8
Layer_6
  10
1336
  20
2760
  0
VERTEX
  5
223
  8
Layer_6
  10
1304
  20
2760
  0
VERTEX
  5
224
  8
Layer_6
  10
1304
  20
2748
  0
VERTEX
  5
225
  8
Layer_6
  10
1280
  20
2748
  0
VERTEX
  5
226
  8
Layer_6
  10
1280
  20
2760
  0
VERTEX
  5
227
  8
Layer_6
  10
1260
  20
2760
  0
VERTEX
  5
228
  8
Layer_6
  10
1260
  20
2672
  0
VERTEX
  5
229
  8
Layer_6
  10
1272
  20
2672
  0
VERTEX
  5
22a
  8
Layer_6
  10
1272
  20
2648
  0
VERTEX
  5
22b
  8
Layer_6
  10
1260
  20
2648
  0
VERTEX
  5
22c
  8
Layer_6
  10
1260
  20
2560
  0
VERTEX
  5
22d
  8
Layer_6
  10
1280
  20
2560
  0
VERTEX
  5
22e
  8
Layer_6
  10
1280
  20
2572
  0
VERTEX
  5
22f
  8
Layer_6
  10
1304
  20
2572
  0
VERTEX
  5
230
  8
Layer_6
  10
1304
  20
2560
  0
VERTEX
  5
231
  8
Layer_6
  10
1336
  20
2560
  0
VERTEX
  5
232
  8
Layer_6
  10
1336
  20
2572
  0
VERTEX
  5
233
  8
Layer_6
  10
1360
  20
2572
  0
VERTEX
  5
234
  8
Layer_6
  10
1360
  20
2560
  0
VERTEX
  5
235
  8
Layer_6
  10
1380
  20
2560
  0
VERTEX
  5
236
  8
Layer_6
  10
1380
  20
2654
  0
VERTEX
  5
237
  8
Layer_6
  10
1368
  20
2654
  0
VERTEX
  5
238
  8
Layer_6
  10
1368
  20
2666
  0
SEQEND
  0
POLYLINE
  5
23a
  8
Layer_6
  62
4
  70
1
  66
1
  10
0
  20
0
  30
0
  0
VERTEX
  5
23a
  8
Layer_6
  10
1058.9999
  20
2584
  0
VERTEX
  5
23b
  8
Layer_6
  10
1058.9999
  20
2680
  0
VERTEX
  5
23c
  8
Layer_6
  10
1084.9999
  20
2680
  0
VERTEX
  5
23d
  8
Layer_6
  10
1084.9999
  20
2692
  0
VERTEX
  5
23e
  8
Layer_6
  10
1109
  20
2692
  0
VERTEX
  5
23f
  8
Layer_6
  10
1109
  20
2680
  0
VERTEX
  5
240
  8
Layer_6
  10
1135
  20
2680
  0
VERTEX
  5
241
  8
Layer_6
  10
1135
  20
2584
  0
VERTEX
  5
242
  8
Layer_6
  10
1147
  20
2584
  0
VERTEX
  5
243
  8
Layer_6
  10
1147
  20
2572
  0
VERTEX
  5
244
  8
Layer_6
  10
1046.9999
  20
2572
  0
VERTEX
  5
245
  8
Layer_6
  10
1046.9999
  20
2584
  0
VERTEX
  5
246
  8
Layer_6
  10
1058.9999
  20
2584
  0
SEQEND
  0
POLYLINE
  5
248
  8
Layer_6
  62
4
  70
1
  66
1
  10
0
  20
0
  30
0
  0
VERTEX
  5
248
  8
Layer_6
  10
1212
  20
2748
  0
VERTEX
  5
249
  8
Layer_6
  10
1212
  20
2760
  0
VERTEX
  5
24a
  8
Layer_6
  10
1188
  20
2760
  0
VERTEX
  5
24b
  8
Layer_6
  10
1188
  20
2748
  0
VERTEX
  5
24c
  8
Layer_6
  10
1162
  20
2748
  0
VERTEX
  5
24d
  8
Layer_6
  10
1162
  20
2672
  0
VERTEX
  5
24e
  8
Layer_6
  10
1150
  20
2672
  0
VERTEX
  5
24f
  8
Layer_6
  10
1150
  20
2648
  0
VERTEX
  5
250
  8
Layer_6
  10
1162
  20
2648
  0
VERTEX
  5
251
  8
Layer_6
  10
1162
  20
2572
  0
VERTEX
  5
252
  8
Layer_6
  10
1188
  20
2572
  0
VERTEX
  5
253
  8
Layer_6
  10
1188
  20
2560
  0
VERTEX
  5
254
  8
Layer_6
  10
1212
  20
2560
  0
VERTEX
  5
255
  8
Layer_6
  10
1212
  20
2572
  0
VERTEX
  5
256
  8
Layer_6
  10
1238
  20
2572
  0
VERTEX
  5
257
  8
Layer_6
  10
1238
  20
2648
  0
VERTEX
  5
258
  8
Layer_6
  10
1250
  20
2648
  0
VERTEX
  5
259
  8
Layer_6
  10
1250
  20
2672
  0
VERTEX
  5
25a
  8
Layer_6
  10
1238
  20
2672
  0
VERTEX
  5
25b
  8
Layer_6
  10
1238
  20
2748
  0
VERTEX
  5
25c
  8
Layer_6
  10
1212
  20
2748
  0
SEQEND
  0
POLYLINE
  5
25e
  8
Layer_6
  62
4
  70
1
  66
1
  10
0
  20
0
  30
0
  0
VERTEX
  5
25e
  8
Layer_6
  10
1188
  20
2666
  0
VERTEX
  5
25f
  8
Layer_6
  10
1188
  20
2654
  0
VERTEX
  5
260
  8
Layer_6
  10
1212
  20
2654
  0
VERTEX
  5
261
  8
Layer_6
  10
1212
  20
2666
  0
VERTEX
  5
262
  8
Layer_6
  10
1188
  20
2666
  0
SEQEND
  0
POLYLINE
  5
264
  8
Layer_6
  62
4
  70
1
  66
1
  10
0
  20
0
  30
0
  0
VERTEX
  5
264
  8
Layer_6
  10
941.99976
  20
2572
  0
VERTEX
  5
265
  8
Layer_6
  10
921.99976
  20
2572
  0
VERTEX
  5
266
  8
Layer_6
  10
921.99976
  20
2598
  0
VERTEX
  5
267
  8
Layer_6
  10
933.99976
  20
2598
  0
VERTEX
  5
268
  8
Layer_6
  10
933.99976
  20
2622
  0
VERTEX
  5
269
  8
Layer_6
  10
921.99976
  20
2622
  0
VERTEX
  5
26a
  8
Layer_6
  10
921.99976
  20
2648
  0
VERTEX
  5
26b
  8
Layer_6
  10
941.99976
  20
2648
  0
VERTEX
  5
26c
  8
Layer_6
  10
941.99976
  20
2660
  0
VERTEX
  5
26d
  8
Layer_6
  10
965.99976
  20
2660
  0
VERTEX
  5
26e
  8
Layer_6
  10
965.99976
  20
2648
  0
VERTEX
  5
26f
  8
Layer_6
  10
997.99976
  20
2648
  0
VERTEX
  5
270
  8
Layer_6
  10
997.99976
  20
2660
  0
VERTEX
  5
271
  8
Layer_6
  10
1021.9998
  20
2660
  0
VERTEX
  5
272
  8
Layer_6
  10
1021.9998
  20
2648
  0
VERTEX
  5
273
  8
Layer_6
  10
1041.9998
  20
2648
  0
VERTEX
  5
274
  8
Layer_6
  10
1041.9998
  20
2572
  0
VERTEX
  5
275
  8
Layer_6
  10
1021.9998
  20
2572
  0
VERTEX
  5
276
  8
Layer_6
  10
1021.9998
  20
2560
  0
VERTEX
  5
277
  8
Layer_6
  10
997.99976
  20
2560
  0
VERTEX
  5
278
  8
Layer_6
  10
997.99976
  20
2572
  0
VERTEX
  5
279
  8
Layer_6
  10
965.99976
  20
2572
  0
VERTEX
  5
27a
  8
Layer_6
  10
965.99976
  20
2560
  0
VERTEX
  5
27b
  8
Layer_6
  10
941.99976
  20
2560
  0
VERTEX
  5
27c
  8
Layer_6
  10
941.99976
  20
2572
  0
SEQEND
  0
POLYLINE
  5
27e
  8
Layer_6
  62
4
  70
1
  66
1
  10
0
  20
0
  30
0
  0
VERTEX
  5
27e
  8
Layer_6
  10
899.99976
  20
2666
  0
VERTEX
  5
27f
  8
Layer_6
  10
911.99976
  20
2666
  0
VERTEX
  5
280
  8
Layer_6
  10
911.99976
  20
2760
  0
VERTEX
  5
281
  8
Layer_6
  10
891.99976
  20
2760
  0
VERTEX
  5
282
  8
Layer_6
  10
891.99976
  20
2748
  0
VERTEX
  5
283
  8
Layer_6
  10
867.99976
  20
2748
  0
VERTEX
  5
284
  8
Layer_6
  10
867.99976
  20
2760
  0
VERTEX
  5
285
  8
Layer_6
  10
835.99976
  20
2760
  0
VERTEX
  5
286
  8
Layer_6
  10
835.99976
  20
2748
  0
VERTEX
  5
287
  8
Layer_6
  10
811.99976
  20
2748
  0
VERTEX
  5
288
  8
Layer_6
  10
811.99976
  20
2760
  0
VERTEX
  5
289
  8
Layer_6
  10
791.99976
  20
2760
  0
VERTEX
  5
28a
  8
Layer_6
  10
791.99976
  20
2672
  0
VERTEX
  5
28b
  8
Layer_6
  10
803.99976
  20
2672
  0
VERTEX
  5
28c
  8
Layer_6
  10
803.99976
  20
2648
  0
VERTEX
  5
28d
  8
Layer_6
  10
791.99976
  20
2648
  0
VERTEX
  5
28e
  8
Layer_6
  10
791.99976
  20
2560
  0
VERTEX
  5
28f
  8
Layer_6
  10
811.99976
  20
2560
  0
VERTEX
  5
290
  8
Layer_6
  10
811.99976
  20
2572
  0
VERTEX
  5
291
  8
Layer_6
  10
835.99976
  20
2572
  0
VERTEX
  5
292
  8
Layer_6
  10
835.99976
  20
2560
  0
VERTEX
  5
293
  8
Layer_6
  10
867.99976
  20
2560
  0
VERTEX
  5
294
  8
Layer_6
  10
867.99976
  20
2572
  0
VERTEX
  5
295
  8
Layer_6
  10
891.99976
  20
2572
  0
VERTEX
  5
296
  8
Layer_6
  10
891.99976
  20
2560
  0
VERTEX
  5
297
  8
Layer_6
  10
911.99976
  20
2560
  0
VERTEX
  5
298
  8
Layer_6
  10
911.99976
  20
2654
  0
VERTEX
  5
299
  8
Layer_6
  10
899.99976
  20
2654
  0
VERTEX
  5
29a
  8
Layer_6
  10
899.99976
  20
2666
  0
SEQEND
  0
POLYLINE
  5
29c
  8
Layer_6
  62
4
  70
1
  66
1
  10
0
  20
0
  30
0
  0
VERTEX
  5
29c
  8
Layer_6
  10
941.99976
  20
2682
  0
VERTEX
  5
29d
  8
Layer_6
  10
921.99976
  20
2682
  0
VERTEX
  5
29e
  8
Layer_6
  10
921.99976
  20
2708
  0
VERTEX
  5
29f
  8
Layer_6
  10
933.99976
  20
2708
  0
VERTEX
  5
2a0
  8
Layer_6
  10
933.99976
  20
2732
  0
VERTEX
  5
2a1
  8
Layer_6
  10
921.99976
  20
2732
  0
VERTEX
  5
2a2
  8
Layer_6
  10
921.99976
  20
2758
  0
VERTEX
  5
2a3
  8
Layer_6
  10
941.99976
  20
2758
  0
VERTEX
  5
2a4
  8
Layer_6
  10
941.99976
  20
2770
  0
VERTEX
  5
2a5
  8
Layer_6
  10
965.99976
  20
2770
  0
VERTEX
  5
2a6
  8
Layer_6
  10
965.99976
  20
2758
  0
VERTEX
  5
2a7
  8
Layer_6
  10
997.99976
  20
2758
  0
VERTEX
  5
2a8
  8
Layer_6
  10
997.99976
  20
2770
  0
VERTEX
  5
2a9
  8
Layer_6
  10
1021.9998
  20
2770
  0
VERTEX
  5
2aa
  8
Layer_6
  10
1021.9998
  20
2758
  0
VERTEX
  5
2ab
  8
Layer_6
  10
1041.9998
  20
2758
  0
VERTEX
  5
2ac
  8
Layer_6
  10
1041.9998
  20
2682
  0
VERTEX
  5
2ad
  8
Layer_6
  10
1021.9998
  20
2682
  0
VERTEX
  5
2ae
  8
Layer_6
  10
1021.9998
  20
2670
  0
VERTEX
  5
2af
  8
Layer_6
  10
997.99976
  20
2670
  0
VERTEX
  5
2b0
  8
Layer_6
  10
997.99976
  20
2682
  0
VERTEX
  5
2b1
  8
Layer_6
  10
965.99976
  20
2682
  0
VERTEX
  5
2b2
  8
Layer_6
  10
965.99976
  20
2670
  0
VERTEX
  5
2b3
  8
Layer_6
  10
941.99976
  20
2670
  0
VERTEX
  5
2b4
  8
Layer_6
  10
941.99976
  20
2682
  0
SEQEND
  0
POLYLINE
  5
2b6
  8
Layer_6
  62
4
  70
1
  66
1
  10
0
  20
0
  30
0
  0
VERTEX
  5
2b6
  8
Layer_6
  10
769.99976
  20
2666
  0
VERTEX
  5
2b7
  8
Layer_6
  10
781.99976
  20
2666
  0
VERTEX
  5
2b8
  8
Layer_6
  10
781.99976
  20
2760
  0
VERTEX
  5
2b9
  8
Layer_6
  10
761.99976
  20
2760
  0
VERTEX
  5
2ba
  8
Layer_6
  10
761.99976
  20
2748
  0
VERTEX
  5
2bb
  8
Layer_6
  10
737.99976
  20
2748
  0
VERTEX
  5
2bc
  8
Layer_6
  10
737.99976
  20
2760
  0
VERTEX
  5
2bd
  8
Layer_6
  10
705.99976
  20
2760
  0
VERTEX
  5
2be
  8
Layer_6
  10
705.99976
  20
2748
  0
VERTEX
  5
2bf
  8
Layer_6
  10
681.99976
  20
2748
  0
VERTEX
  5
2c0
  8
Layer_6
  10
681.99976
  20
2760
  0
VERTEX
  5
2c1
  8
Layer_6
  10
661.99976
  20
2760
  0
VERTEX
  5
2c2
  8
Layer_6
  10
661.99976
  20
2672
  0
VERTEX
  5
2c3
  8
Layer_6
  10
673.99976
  20
2672
  0
VERTEX
  5
2c4
  8
Layer_6
  10
673.99976
  20
2648
  0
VERTEX
  5
2c5
  8
Layer_6
  10
661.99976
  20
2648
  0
VERTEX
  5
2c6
  8
Layer_6
  10
661.99976
  20
2560
  0
VERTEX
  5
2c7
  8
Layer_6
  10
681.99976
  20
2560
  0
VERTEX
  5
2c8
  8
Layer_6
  10
681.99976
  20
2572
  0
VERTEX
  5
2c9
  8
Layer_6
  10
705.99976
  20
2572
  0
VERTEX
  5
2ca
  8
Layer_6
  10
705.99976
  20
2560
  0
VERTEX
  5
2cb
  8
Layer_6
  10
737.99976
  20
2560
  0
VERTEX
  5
2cc
  8
Layer_6
  10
737.99976
  20
2572
  0
VERTEX
  5
2cd
  8
Layer_6
  10
761.99976
  20
2572
  0
VERTEX
  5
2ce
  8
Layer_6
  10
761.99976
  20
2560
  0
VERTEX
  5
2cf
  8
Layer_6
  10
781.99976
  20
2560
  0
VERTEX
  5
2d0
  8
Layer_6
  10
781.99976
  20
2654
  0
VERTEX
  5
2d1
  8
Layer_6
  10
769.99976
  20
2654
  0
VERTEX
  5
2d2
  8
Layer_6
  10
769.99976
  20
2666
  0
SEQEND
  0
POLYLINE
  5
2d4
  8
Layer_6
  62
4
  70
1
  66
1
  10
0
  20
0
  30
0
  0
VERTEX
  5
2d4
  8
Layer_6
  10
460.99963
  20
2584
  0
VERTEX
  5
2d5
  8
Layer_6
  10
460.99963
  20
2680
  0
VERTEX
  5
2d6
  8
Layer_6
  10
486.99963
  20
2680
  0
VERTEX
  5
2d7
  8
Layer_6
  10
486.99963
  20
2692
  0
VERTEX
  5
2d8
  8
Layer_6
  10
510.99976
  20
2692
  0
VERTEX
  5
2d9
  8
Layer_6
  10
510.99976
  20
2680
  0
VERTEX
  5
2da
  8
Layer_6
  10
536.99976
  20
2680
  0
VERTEX
  5
2db
  8
Layer_6
  10
536.99976
  20
2584
  0
VERTEX
  5
2dc
  8
Layer_6
  10
548.99976
  20
2584
  0
VERTEX
  5
2dd
  8
Layer_6
  10
548.99976
  20
2572
  0
VERTEX
  5
2de
  8
Layer_6
  10
448.99963
  20
2572
  0
VERTEX
  5
2df
  8
Layer_6
  10
448.99963
  20
2584
  0
VERTEX
  5
2e0
  8
Layer_6
  10
460.99963
  20
2584
  0
SEQEND
  0
POLYLINE
  5
2e2
  8
Layer_6
  62
4
  70
1
  66
1
  10
0
  20
0
  30
0
  0
VERTEX
  5
2e2
  8
Layer_6
  10
613.99976
  20
2748
  0
VERTEX
  5
2e3
  8
Layer_6
  10
613.99976
  20
2760
  0
VERTEX
  5
2e4
  8
Layer_6
  10
589.99976
  20
2760
  0
VERTEX
  5
2e5
  8
Layer_6
  10
589.99976
  20
2748
  0
VERTEX
  5
2e6
  8
Layer_6
  10
563.99976
  20
2748
  0
VERTEX
  5
2e7
  8
Layer_6
  10
563.99976
  20
2672
  0
VERTEX
  5
2e8
  8
Layer_6
  10
551.99976
  20
2672
  0
VERTEX
  5
2e9
  8
Layer_6
  10
551.99976
  20
2648
  0
VERTEX
  5
2ea
  8
Layer_6
  10
563.99976
  20
2648
  0
VERTEX
  5
2eb
  8
Layer_6
  10
563.99976
  20
2572
  0
VERTEX
  5
2ec
  8
Layer_6
  10
589.99976
  20
2572
  0
VERTEX
  5
2ed
  8
Layer_6
  10
589.99976
  20
2560
  0
VERTEX
  5
2ee
  8
Layer_6
  10
613.99976
  20
2560
  0
VERTEX
  5
2ef
  8
Layer_6
  10
613.99976
  20
2572
  0
VERTEX
  5
2f0
  8
Layer_6
  10
639.99976
  20
2572
  0
VERTEX
  5
2f1
  8
Layer_6
  10
639.99976
  20
2648
  0
VERTEX
  5
2f2
  8
Layer_6
  10
651.99976
  20
2648
  0
VERTEX
  5
2f3
  8
Layer_6
  10
651.99976
  20
2672
  0
VERTEX
  5
2f4
  8
Layer_6
  10
639.99976
  20
2672
  0
VERTEX
  5
2f5
  8
Layer_6
  10
639.99976
  20
2748
  0
VERTEX
  5
2f6
  8
Layer_6
  10
613.99976
  20
2748
  0
SEQEND
  0
POLYLINE
  5
2f8
  8
Layer_6
  62
4
  70
1
  66
1
  10
0
  20
0
  30
0
  0
VERTEX
  5
2f8
  8
Layer_6
  10
589.99976
  20
2666
  0
VERTEX
  5
2f9
  8
Layer_6
  10
589.99976
  20
2654
  0
VERTEX
  5
2fa
  8
Layer_6
  10
613.99976
  20
2654
  0
VERTEX
  5
2fb
  8
Layer_6
  10
613.99976
  20
2666
  0
VERTEX
  5
2fc
  8
Layer_6
  10
589.99976
  20
2666
  0
SEQEND
  0
POLYLINE
  5
2fe
  8
Layer_6
  62
4
  70
1
  66
1
  10
0
  20
0
  30
0
  0
VERTEX
  5
2fe
  8
Layer_6
  10
1540
  20
2352
  0
VERTEX
  5
2ff
  8
Layer_6
  10
1520
  20
2352
  0
VERTEX
  5
300
  8
Layer_6
  10
1520
  20
2378
  0
VERTEX
  5
301
  8
Layer_6
  10
1532
  20
2378
  0
VERTEX
  5
302
  8
Layer_6
  10
1532
  20
2402
  0
VERTEX
  5
303
  8
Layer_6
  10
1520
  20
2402
  0
VERTEX
  5
304
  8
Layer_6
  10
1520
  20
2428
  0
VERTEX
  5
305
  8
Layer_6
  10
1540
  20
2428
  0
VERTEX
  5
306
  8
Layer_6
  10
1540
  20
2440
  0
VERTEX
  5
307
  8
Layer_6
  10
1564
  20
2440
  0
VERTEX
  5
308
  8
Layer_6
  10
1564
  20
2428
  0
VERTEX
  5
309
  8
Layer_6
  10
1596
  20
2428
  0
VERTEX
  5
30a
  8
Layer_6
  10
1596
  20
2440
  0
VERTEX
  5
30b
  8
Layer_6
  10
1620
  20
2440
  0
VERTEX
  5
30c
  8
Layer_6
  10
1620
  20
2428
  0
VERTEX
  5
30d
  8
Layer_6
  10
1640
  20
2428
  0
VERTEX
  5
30e
  8
Layer_6
  10
1640
  20
2352
  0
VERTEX
  5
30f
  8
Layer_6
  10
1620
  20
2352
  0
VERTEX
  5
310
  8
Layer_6
  10
1620
  20
2340
  0
VERTEX
  5
311
  8
Layer_6
  10
1596
  20
2340
  0
VERTEX
  5
312
  8
Layer_6
  10
1596
  20
2352
  0
VERTEX
  5
313
  8
Layer_6
  10
1564
  20
2352
  0
VERTEX
  5
314
  8
Layer_6
  10
1564
  20
2340
  0
VERTEX
  5
315
  8
Layer_6
  10
1540
  20
2340
  0
VERTEX
  5
316
  8
Layer_6
  10
1540
  20
2352
  0
SEQEND
  0
POLYLINE
  5
318
  8
Layer_6
  62
4
  70
1
  66
1
  10
0
  20
0
  30
0
  0
VERTEX
  5
318
  8
Layer_6
  10
1498
  20
2446
  0
VERTEX
  5
319
  8
Layer_6
  10
1510
  20
2446
  0
VERTEX
  5
31a
  8
Layer_6
  10
1510
  20
2540
  0
VERTEX
  5
31b
  8
Layer_6
  10
1490
  20
2540
  0
VERTEX
  5
31c
  8
Layer_6
  10
1490
  20
2528
  0
VERTEX
  5
31d
  8
Layer_6
  10
1466
  20
2528
  0
VERTEX
  5
31e
  8
Layer_6
  10
1466
  20
2540
  0
VERTEX
  5
31f
  8
Layer_6
  10
1434
  20
2540
  0
VERTEX
  5
320
  8
Layer_6
  10
1434
  20
2528
  0
VERTEX
  5
321
  8
Layer_6
  10
1410
  20
2528
  0
VERTEX
  5
322
  8
Layer_6
  10
1410
  20
2540
  0
VERTEX
  5
323
  8
Layer_6
  10
1390
  20
2540
  0
VERTEX
  5
324
  8
Layer_6
  10
1390
  20
2452
  0
VERTEX
  5
325
  8
Layer_6
  10
1402
  20
2452
  0
VERTEX
  5
326
  8
Layer_6
  10
1402
  20
2428
  0
VERTEX
  5
327
  8
Layer_6
  10
1390
  20
2428
  0
VERTEX
  5
328
  8
Layer_6
  10
1390
  20
2340
  0
VERTEX
  5
329
  8
Layer_6
  10
1410
  20
2340
  0
VERTEX
  5
32a
  8
Layer_6
  10
1410
  20
2352
  0
VERTEX
  5
32b
  8
Layer_6
  10
1434
  20
2352
  0
VERTEX
  5
32c
  8
Layer_6
  10
1434
  20
2340
  0
VERTEX
  5
32d
  8
Layer_6
  10
1466
  20
2340
  0
VERTEX
  5
32e
  8
Layer_6
  10
1466
  20
2352
  0
VERTEX
  5
32f
  8
Layer_6
  10
1490
  20
2352
  0
VERTEX
  5
330
  8
Layer_6
  10
1490
  20
2340
  0
VERTEX
  5
331
  8
Layer_6
  10
1510
  20
2340
  0
VERTEX
  5
332
  8
Layer_6
  10
1510
  20
2434
  0
VERTEX
  5
333
  8
Layer_6
  10
1498
  20
2434
  0
VERTEX
  5
334
  8
Layer_6
  10
1498
  20
2446
  0
SEQEND
  0
POLYLINE
  5
336
  8
Layer_6
  62
4
  70
1
  66
1
  10
0
  20
0
  30
0
  0
VERTEX
  5
336
  8
Layer_6
  10
1540
  20
2462
  0
VERTEX
  5
337
  8
Layer_6
  10
1520
  20
2462
  0
VERTEX
  5
338
  8
Layer_6
  10
1520
  20
2488
  0
VERTEX
  5
339
  8
Layer_6
  10
1532
  20
2488
  0
VERTEX
  5
33a
  8
Layer_6
  10
1532
  20
2512
  0
VERTEX
  5
33b
  8
Layer_6
  10
1520
  20
2512
  0
VERTEX
  5
33c
  8
Layer_6
  10
1520
  20
2538
  0
VERTEX
  5
33d
  8
Layer_6
  10
1540
  20
2538
  0
VERTEX
  5
33e
  8
Layer_6
  10
1540
  20
2550
  0
VERTEX
  5
33f
  8
Layer_6
  10
1564
  20
2550
  0
VERTEX
  5
340
  8
Layer_6
  10
1564
  20
2538
  0
VERTEX
  5
341
  8
Layer_6
  10
1596
  20
2538
  0
VERTEX
  5
342
  8
Layer_6
  10
1596
  20
2550
  0
VERTEX
  5
343
  8
Layer_6
  10
1620
  20
2550
  0
VERTEX
  5
344
  8
Layer_6
  10
1620
  20
2538
  0
VERTEX
  5
345
  8
Layer_6
  10
1640
  20
2538
  0
VERTEX
  5
346
  8
Layer_6
  10
1640
  20
2462
  0
VERTEX
  5
347
  8
Layer_6
  10
1620
  20
2462
  0
VERTEX
  5
348
  8
Layer_6
  10
1620
  20
2450
  0
VERTEX
  5
349
  8
Layer_6
  10
1596
  20
2450
  0
VERTEX
  5
34a
  8
Layer_6
  10
1596
  20
2462
  0
VERTEX
  5
34b
  8
Layer_6
  10
1564
  20
2462
  0
VERTEX
  5
34c
  8
Layer_6
  10
1564
  20
2450
  0
VERTEX
  5
34d
  8
Layer_6
  10
1540
  20
2450
  0
VERTEX
  5
34e
  8
Layer_6
  10
1540
  20
2462
  0
SEQEND
  0
POLYLINE
  5
350
  8
Layer_6
  62
4
  70
1
  66
1
  10
0
  20
0
  30
0
  0
VERTEX
  5
350
  8
Layer_6
  10
1368
  20
2446
  0
VERTEX
  5
351
  8
Layer_6
  10
1380
  20
2446
  0
VERTEX
  5
352
  8
Layer_6
  10
1380
  20
2540
  0
VERTEX
  5
353
  8
Layer_6
  10
1360
  20
2540
  0
VERTEX
  5
354
  8
Layer_6
  10
1360
  20
2528
  0
VERTEX
  5
355
  8
Layer_6
  10
1336
  20
2528
  0
VERTEX
  5
356
  8
Layer_6
  10
1336
  20
2540
  0
VERTEX
  5
357
  8
Layer_6
  10
1304
  20
2540
  0
VERTEX
  5
358
  8
Layer_6
  10
1304
  20
2528
  0
VERTEX
  5
359
  8
Layer_6
  10
1280
  20
2528
  0
VERTEX
  5
35a
  8
Layer_6
  10
1280
  20
2540
  0
VERTEX
  5
35b
  8
Layer_6
  10
1260
  20
2540
  0
VERTEX
  5
35c
  8
Layer_6
  10
1260
  20
2452
  0
VERTEX
  5
35d
  8
Layer_6
  10
1272
  20
2452
  0
VERTEX
  5
35e
  8
Layer_6
  10
1272
  20
2428
  0
VERTEX
  5
35f
  8
Layer_6
  10
1260
  20
2428
  0
VERTEX
  5
360
  8
Layer_6
  10
1260
  20
2340
  0
VERTEX
  5
361
  8
Layer_6
  10
1280
  20
2340
  0
VERTEX
  5
362
  8
Layer_6
  10
1280
  20
2352
  0
VERTEX
  5
363
  8
Layer_6
  10
1304
  20
2352
  0
VERTEX
  5
364
  8
Layer_6
  10
1304
  20
2340
  0
VERTEX
  5
365
  8
Layer_6
  10
1336
  20
2340
  0
VERTEX
  5
366
  8
Layer_6
  10
1336
  20
2352
  0
VERTEX
  5
367
  8
Layer_6
  10
1360
  20
2352
  0
VERTEX
  5
368
  8
Layer_6
  10
1360
  20
2340
  0
VERTEX
  5
369
  8
Layer_6
  10
1380
  20
2340
  0
VERTEX
  5
36a
  8
Layer_6
  10
1380
  20
2434
  0
VERTEX
  5
36b
  8
Layer_6
  10
1368
  20
2434
  0
VERTEX
  5
36c
  8
Layer_6
  10
1368
  20
2446
  0
SEQEND
  0
POLYLINE
  5
36e
  8
Layer_6
  62
4
  70
1
  66
1
  10
0
  20
0
  30
0
  0
VERTEX
  5
36e
  8
Layer_6
  10
1058.9999
  20
2364
  0
VERTEX
  5
36f
  8
Layer_6
  10
1058.9999
  20
2460
  0
VERTEX
  5
370
  8
Layer_6
  10
1084.9999
  20
2460
  0
VERTEX
  5
371
  8
Layer_6
  10
1084.9999
  20
2472
  0
VERTEX
  5
372
  8
Layer_6
  10
1109
  20
2472
  0
VERTEX
  5
373
  8
Layer_6
  10
1109
  20
2460
  0
VERTEX
  5
374
  8
Layer_6
  10
1135
  20
2460
  0
VERTEX
  5
375
  8
Layer_6
  10
1135
  20
2364
  0
VERTEX
  5
376
  8
Layer_6
  10
1147
  20
2364
  0
VERTEX
  5
377
  8
Layer_6
  10
1147
  20
2352
  0
VERTEX
  5
378
  8
Layer_6
  10
1046.9999
  20
2352
  0
VERTEX
  5
379
  8
Layer_6
  10
1046.9999
  20
2364
  0
VERTEX
  5
37a
  8
Layer_6
  10
1058.9999
  20
2364
  0
SEQEND
  0
POLYLINE
  5
37c
  8
Layer_6
  62
4
  70
1
  66
1
  10
0
  20
0
  30
0
  0
VERTEX
  5
37c
  8
Layer_6
  10
1212
  20
2528
  0
VERTEX
  5
37d
  8
Layer_6
  10
1212
  20
2540
  0
VERTEX
  5
37e
  8
Layer_6
  10
1188
  20
2540
  0
VERTEX
  5
37f
  8
Layer_6
  10
1188
  20
2528
  0
VERTEX
  5
380
  8
Layer_6
  10
1162
  20
2528
  0
VERTEX
  5
381
  8
Layer_6
  10
1162
  20
2452
  0
VERTEX
  5
382
  8
Layer_6
  10
1150
  20
2452
  0
VERTEX
  5
383
  8
Layer_6
  10
1150
  20
2428
  0
VERTEX
  5
384
  8
Layer_6
  10
1162
  20
2428
  0
VERTEX
  5
385
  8
Layer_6
  10
1162
  20
2352
  0
VERTEX
  5
386
  8
Layer_6
  10
1188
  20
2352
  0
VERTEX
  5
387
  8
Layer_6
  10
1188
  20
2340
  0
VERTEX
  5
388
  8
Layer_6
  10
1212
  20
2340
  0
VERTEX
  5
389
  8
Layer_6
  10
1212
  20
2352
  0
VERTEX
  5
38a
  8
Layer_6
  10
1238
  20
2352
  0
VERTEX
  5
38b
  8
Layer_6
  10
1238
  20
2428
  0
VERTEX
  5
38c
  8
Layer_6
  10
1250
  20
2428
  0
VERTEX
  5
38d
  8
Layer_6
  10
1250
  20
2452
  0
VERTEX
  5
38e
  8
Layer_6
  10
1238
  20
2452
  0
VERTEX
  5
38f
  8
Layer_6
  10
1238
  20
2528
  0
VERTEX
  5
390
  8
Layer_6
  10
1212
  20
2528
  0
SEQEND
  0
POLYLINE
  5
392
  8
Layer_6
  62
4
  70
1
  66
1
  10
0
  20
0
  30
0
  0
VERTEX
  5
392
  8
Layer_6
  10
1188
  20
2446
  0
VERTEX
  5
393
  8
Layer_6
  10
1188
  20
2434
  0
VERTEX
  5
394
  8
Layer_6
  10
1212
  20
2434
  0
VERTEX
  5
395
  8
Layer_6
  10
1212
  20
2446
  0
VERTEX
  5
396
  8
Layer_6
  10
1188
  20
2446
  0
SEQEND
  0
POLYLINE
  5
398
  8
Layer_6
  62
4
  70
1
  66
1
  10
0
  20
0
  30
0
  0
VERTEX
  5
398
  8
Layer_6
  10
941.99976
  20
2352
  0
VERTEX
  5
399
  8
Layer_6
  10
921.99976
  20
2352
  0
VERTEX
  5
39a
  8
Layer_6
  10
921.99976
  20
2378
  0
VERTEX
  5
39b
  8
Layer_6
  10
933.99976
  20
2378
  0
VERTEX
  5
39c
  8
Layer_6
  10
933.99976
  20
2402
  0
VERTEX
  5
39d
  8
Layer_6
  10
921.99976
  20
2402
  0
VERTEX
  5
39e
  8
Layer_6
  10
921.99976
  20
2428
  0
VERTEX
  5
39f
  8
Layer_6
  10
941.99976
  20
2428
  0
VERTEX
  5
3a0
  8
Layer_6
  10
941.99976
  20
2440
  0
VERTEX
  5
3a1
  8
Layer_6
  10
965.99976
  20
2440
  0
VERTEX
  5
3a2
  8
Layer_6
  10
965.99976
  20
2428
  0
VERTEX
  5
3a3
  8
Layer_6
  10
997.99976
  20
2428
  0
VERTEX
  5
3a4
  8
Layer_6
  10
997.99976
  20
2440
  0
VERTEX
  5
3a5
  8
Layer_6
  10
1021.9998
  20
2440
  0
VERTEX
  5
3a6
  8
Layer_6
  10
1021.9998
  20
2428
  0
VERTEX
  5
3a7
  8
Layer_6
  10
1041.9998
  20
2428
  0
VERTEX
  5
3a8
  8
Layer_6
  10
1041.9998
  20
2352
  0
VERTEX
  5
3a9
  8
Layer_6
  10
1021.9998
  20
2352
  0
VERTEX
  5
3aa
  8
Layer_6
  10
1021.9998
  20
2340
  0
VERTEX
  5
3ab
  8
Layer_6
  10
997.99976
  20
2340
  0
VERTEX
  5
3ac
  8
Layer_6
  10
997.99976
  20
2352
  0
VERTEX
  5
3ad
  8
Layer_6
  10
965.99976
  20
2352
  0
VERTEX
  5
3ae
  8
Layer_6
  10
965.99976
  20
2340
  0
VERTEX
  5
3af
  8
Layer_6
  10
941.99976
  20
2340
  0
VERTEX
  5
3b0
  8
Layer_6
  10
941.99976
  20
2352
  0
SEQEND
  0
POLYLINE
  5
3b2
  8
Layer_6
  62
4
  70
1
  66
1
  10
0
  20
0
  30
0
  0
VERTEX
  5
3b2
  8
Layer_6
  10
899.99976
  20
2446
  0
VERTEX
  5
3b3
  8
Layer_6
  10
911.99976
  20
2446
  0
VERTEX
  5
3b4
  8
Layer_6
  10
911.99976
  20
2540
  0
VERTEX
  5
3b5
  8
Layer_6
  10
891.99976
  20
2540
  0
VERTEX
  5
3b6
  8
Layer_6
  10
891.99976
  20
2528
  0
VERTEX
  5
3b7
  8
Layer_6
  10
867.99976
  20
2528
  0
VERTEX
  5
3b8
  8
Layer_6
  10
867.99976
  20
2540
  0
VERTEX
  5
3b9
  8
Layer_6
  10
835.99976
  20
2540
  0
VERTEX
  5
3ba
  8
Layer_6
  10
835.99976
  20
2528
  0
VERTEX
  5
3bb
  8
Layer_6
  10
811.99976
  20
2528
  0
VERTEX
  5
3bc
  8
Layer_6
  10
811.99976
  20
2540
  0
VERTEX
  5
3bd
  8
Layer_6
  10
791.99976
  20
2540
  0
VERTEX
  5
3be
  8
Layer_6
  10
791.99976
  20
2452
  0
VERTEX
  5
3bf
  8
Layer_6
  10
803.99976
  20
2452
  0
VERTEX
  5
3c0
  8
Layer_6
  10
803.99976
  20
2428
  0
VERTEX
  5
3c1
  8
Layer_6
  10
791.99976
  20
2428
  0
VERTEX
  5
3c2
  8
Layer_6
  10
791.99976
  20
2340
  0
VERTEX
  5
3c3
  8
Layer_6
  10
811.99976
  20
2340
  0
VERTEX
  5
3c4
  8
Layer_6
  10
811.99976
  20
2352
  0
VERTEX
  5
3c5
  8
Layer_6
  10
835.99976
  20
2352
  0
VERTEX
  5
3c6
  8
Layer_6
  10
835.99976
  20
2340
  0
VERTEX
  5
3c7
  8
Layer_6
  10
867.99976
  20
2340
  0
VERTEX
  5
3c8
  8
Layer_6
  10
867.99976
  20
2352
  0
VERTEX
  5
3c9
  8
Layer_6
  10
891.99976
  20
2352
  0
VERTEX
  5
3ca
  8
Layer_6
  10
891.99976
  20
2340
  0
VERTEX
  5
3cb
  8
Layer_6
  10
911.99976
  20
2340
  0
VERTEX
  5
3cc
  8
Layer_6
  10
911.99976
  20
2434
  0
VERTEX
  5
3cd
  8
Layer_6
  10
899.99976
  20
2434
  0
VERTEX
  5
3ce
  8
Layer_6
  10
899.99976
  20
2446
  0
SEQEND
  0
POLYLINE
  5
3d0
  8
Layer_6
  62
4
  70
1
  66
1
  10
0
  20
0
  30
0
  0
VERTEX
  5
3d0
  8
Layer_6
  10
941.99976
  20
2462
  0
VERTEX
  5
3d1
  8
Layer_6
  10
921.99976
  20
2462
  0
VERTEX
  5
3d2
  8
Layer_6
  10
921.99976
  20
2488
  0
VERTEX
  5
3d3
  8
Layer_6
  10
933.99976
  20
2488
  0
VERTEX
  5
3d4
  8
Layer_6
  10
933.99976
  20
2512
  0
VERTEX
  5
3d5
  8
Layer_6
  10
921.99976
  20
2512
  0
VERTEX
  5
3d6
  8
Layer_6
  10
921.99976
  20
2538
  0
VERTEX
  5
3d7
  8
Layer_6
  10
941.99976
  20
2538
  0
VERTEX
  5
3d8
  8
Layer_6
  10
941.99976
  20
2550
  0
VERTEX
  5
3d9
  8
Layer_6
  10
965.99976
  20
2550
  0
VERTEX
  5
3da
  8
Layer_6
  10
965.99976
  20
2538
  0
VERTEX
  5
3db
  8
Layer_6
  10
997.99976
  20
2538
  0
VERTEX
  5
3dc
  8
Layer_6
  10
997.99976
  20
2550
  0
VERTEX
  5
3dd
  8
Layer_6
  10
1021.9998
  20
2550
  0
VERTEX
  5
3de
  8
Layer_6
  10
1021.9998
  20
2538
  0
VERTEX
  5
3df
  8
Layer_6
  10
1041.9998
  20
2538
  0
VERTEX
  5
3e0
  8
Layer_6
  10
1041.9998
  20
2462
  0
VERTEX
  5
3e1
  8
Layer_6
  10
1021.9998
  20
2462
  0
VERTEX
  5
3e2
  8
Layer_6
  10
1021.9998
  20
2450
  0
VERTEX
  5
3e3
  8
Layer_6
  10
997.99976
  20
2450
  0
VERTEX
  5
3e4
  8
Layer_6
  10
997.99976
  20
2462
  0
VERTEX
  5
3e5
  8
Layer_6
  10
965.99976
  20
2462
  0
VERTEX
  5
3e6
  8
Layer_6
  10
965.99976
  20
2450
  0
VERTEX
  5
3e7
  8
Layer_6
  10
941.99976
  20
2450
  0
VERTEX
  5
3e8
  8
Layer_6
  10
941.99976
  20
2462
  0
SEQEND
  0
POLYLINE
  5
3ea
  8
Layer_6
  62
4
  70
1
  66
1
  10
0
  20
0
  30
0
  0
VERTEX
  5
3ea
  8
Layer_6
  10
769.99976
  20
2446
  0
VERTEX
  5
3eb
  8
Layer_6
  10
781.99976
  20
2446
  0
VERTEX
  5
3ec
  8
Layer_6
  10
781.99976
  20
2540
  0
VERTEX
  5
3ed
  8
Layer_6
  10
761.99976
  20
2540
  0
VERTEX
  5
3ee
  8
Layer_6
  10
761.99976
  20
2528
  0
VERTEX
  5
3ef
  8
Layer_6
  10
737.99976
  20
2528
  0
VERTEX
  5
3f0
  8
Layer_6
  10
737.99976
  20
2540
  0
VERTEX
  5
3f1
  8
Layer_6
  10
705.99976
  20
2540
  0
VERTEX
  5
3f2
  8
Layer_6
  10
705.99976
  20
2528
  0
VERTEX
  5
3f3
  8
Layer_6
  10
681.99976
  20
2528
  0
VERTEX
  5
3f4
  8
Layer_6
  10
681.99976
  20
2540
  0
VERTEX
  5
3f5
  8
Layer_6
  10
661.99976
  20
2540
  0
VERTEX
  5
3f6
  8
Layer_6
  10
661.99976
  20
2452
  0
VERTEX
  5
3f7
  8
Layer_6
  10
673.99976
  20
2452
  0
VERTEX
  5
3f8
  8
Layer_6
  10
673.99976
  20
2428
  0
VERTEX
  5
3f9
  8
Layer_6
  10
661.99976
  20
2428
  0
VERTEX
  5
3fa
  8
Layer_6
  10
661.99976
  20
2340
  0
VERTEX
  5
3fb
  8
Layer_6
  10
681.99976
  20
2340
  0
VERTEX
  5
3fc
  8
Layer_6
  10
681.99976
  20
2352
  0
VERTEX
  5
3fd
  8
Layer_6
  10
705.99976
  20
2352
  0
VERTEX
  5
3fe
  8
Layer_6
  10
705.99976
  20
2340
  0
VERTEX
  5
3ff
  8
Layer_6
  10
737.99976
  20
2340
  0
VERTEX
  5
400
  8
Layer_6
  10
737.99976
  20
2352
  0
VERTEX
  5
401
  8
Layer_6
  10
761.99976
  20
2352
  0
VERTEX
  5
402
  8
Layer_6
  10
761.99976
  20
2340
  0
VERTEX
  5
403
  8
Layer_6
  10
781.99976
  20
2340
  0
VERTEX
  5
404
  8
Layer_6
  10
781.99976
  20
2434
  0
VERTEX
  5
405
  8
Layer_6
  10
769.99976
  20
2434
  0
VERTEX
  5
406
  8
Layer_6
  10
769.99976
  20
2446
  0
SEQEND
  0
POLYLINE
  5
408
  8
Layer_6
  62
4
  70
1
  66
1
  10
0
  20
0
  30
0
  0
VERTEX
  5
408
  8
Layer_6
  10
460.99963
  20
2364
  0
VERTEX
  5
409
  8
Layer_6
  10
460.99963
  20
2460
  0
VERTEX
  5
40a
  8
Layer_6
  10
486.99963
  20
2460
  0
VERTEX
  5
40b
  8
Layer_6
  10
486.99963
  20
2472
  0
VERTEX
  5
40c
  8
Layer_6
  10
510.99976
  20
2472
  0
VERTEX
  5
40d
  8
Layer_6
  10
510.99976
  20
2460
  0
VERTEX
  5
40e
  8
Layer_6
  10
536.99976
  20
2460
  0
VERTEX
  5
40f
  8
Layer_6
  10
536.99976
  20
2364
  0
VERTEX
  5
410
  8
Layer_6
  10
548.99976
  20
2364
  0
VERTEX
  5
411
  8
Layer_6
  10
548.99976
  20
2352
  0
VERTEX
  5
412
  8
Layer_6
  10
448.99963
  20
2352
  0
VERTEX
  5
413
  8
Layer_6
  10
448.99963
  20
2364
  0
VERTEX
  5
414
  8
Layer_6
  10
460.99963
  20
2364
  0
SEQEND
  0
POLYLINE
  5
416
  8
Layer_6
  62
4
  70
1
  66
1
  10
0
  20
0
  30
0
  0
VERTEX
  5
416
  8
Layer_6
  10
613.99976
  20
2528
  0
VERTEX
  5
417
  8
Layer_6
  10
613.99976
  20
2540
  0
VERTEX
  5
418
  8
Layer_6
  10
589.99976
  20
2540
  0
VERTEX
  5
419
  8
Layer_6
  10
589.99976
  20
2528
  0
VERTEX
  5
41a
  8
Layer_6
  10
563.99976
  20
2528
  0
VERTEX
  5
41b
  8
Layer_6
  10
563.99976
  20
2452
  0
VERTEX
  5
41c
  8
Layer_6
  10
551.99976
  20
2452
  0
VERTEX
  5
41d
  8
Layer_6
  10
551.99976
  20
2428
  0
VERTEX
  5
41e
  8
Layer_6
  10
563.99976
  20
2428
  0
VERTEX
  5
41f
  8
Layer_6
  10
563.99976
  20
2352
  0
VERTEX
  5
420
  8
Layer_6
  10
589.99976
  20
2352
  0
VERTEX
  5
421
  8
Layer_6
  10
589.99976
  20
2340
  0
VERTEX
  5
422
  8
Layer_6
  10
613.99976
  20
2340
  0
VERTEX
  5
423
  8
Layer_6
  10
613.99976
  20
2352
  0
VERTEX
  5
424
  8
Layer_6
  10
639.99976
  20
2352
  0
VERTEX
  5
425
  8
Layer_6
  10
639.99976
  20
2428
  0
VERTEX
  5
426
  8
Layer_6
  10
651.99976
  20
2428
  0
VERTEX
  5
427
  8
Layer_6
  10
651.99976
  20
2452
  0
VERTEX
  5
428
  8
Layer_6
  10
639.99976
  20
2452
  0
VERTEX
  5
429
  8
Layer_6
  10
639.99976
  20
2528
  0
VERTEX
  5
42a
  8
Layer_6
  10
613.99976
  20
2528
  0
SEQEND
  0
POLYLINE
  5
42c
  8
Layer_6
  62
4
  70
1
  66
1
  10
0
  20
0
  30
0
  0
VERTEX
  5
42c
  8
Layer_6
  10
589.99976
  20
2446
  0
VERTEX
  5
42d
  8
Layer_6
  10
589.99976
  20
2434
  0
VERTEX
  5
42e
  8
Layer_6
  10
613.99976
  20
2434
  0
VERTEX
  5
42f
  8
Layer_6
  10
613.99976
  20
2446
  0
VERTEX
  5
430
  8
Layer_6
  10
589.99976
  20
2446
  0
SEQEND
  0
POLYLINE
  5
432
  8
Layer_6
  62
4
  70
1
  66
1
  10
0
  20
0
  30
0
  0
VERTEX
  5
432
  8
Layer_6
  10
1540
  20
2132
  0
VERTEX
  5
433
  8
Layer_6
  10
1520
  20
2132
  0
VERTEX
  5
434
  8
Layer_6
  10
1520
  20
2158
  0
VERTEX
  5
435
  8
Layer_6
  10
1532
  20
2158
  0
VERTEX
  5
436
  8
Layer_6
  10
1532
  20
2182
  0
VERTEX
  5
437
  8
Layer_6
  10
1520
  20
2182
  0
VERTEX
  5
438
  8
Layer_6
  10
1520
  20
2208
  0
VERTEX
  5
439
  8
Layer_6
  10
1540
  20
2208
  0
VERTEX
  5
43a
  8
Layer_6
  10
1540
  20
2220
  0
VERTEX
  5
43b
  8
Layer_6
  10
1564
  20
2220
  0
VERTEX
  5
43c
  8
Layer_6
  10
1564
  20
2208
  0
VERTEX
  5
43d
  8
Layer_6
  10
1596
  20
2208
  0
VERTEX
  5
43e
  8
Layer_6
  10
1596
  20
2220
  0
VERTEX
  5
43f
  8
Layer_6
  10
1620
  20
2220
  0
VERTEX
  5
440
  8
Layer_6
  10
1620
  20
2208
  0
VERTEX
  5
441
  8
Layer_6
  10
1640
  20
2208
  0
VERTEX
  5
442
  8
Layer_6
  10
1640
  20
2132
  0
VERTEX
  5
443
  8
Layer_6
  10
1620
  20
2132
  0
VERTEX
  5
444
  8
Layer_6
  10
1620
  20
2120
  0
VERTEX
  5
445
  8
Layer_6
  10
1596
  20
2120
  0
VERTEX
  5
446
  8
Layer_6
  10
1596
  20
2132
  0
VERTEX
  5
447
  8
Layer_6
  10
1564
  20
2132
  0
VERTEX
  5
448
  8
Layer_6
  10
1564
  20
2120
  0
VERTEX
  5
449
  8
Layer_6
  10
1540
  20
2120
  0
VERTEX
  5
44a
  8
Layer_6
  10
1540
  20
2132
  0
SEQEND
  0
POLYLINE
  5
44c
  8
Layer_6
  62
4
  70
1
  66
1
  10
0
  20
0
  30
0
  0
VERTEX
  5
44c
  8
Layer_6
  10
1498
  20
2226
  0
VERTEX
  5
44d
  8
Layer_6
  10
1510
  20
2226
  0
VERTEX
  5
44e
  8
Layer_6
  10
1510
  20
2320
  0
VERTEX
  5
44f
  8
Layer_6
  10
1490
  20
2320
  0
VERTEX
  5
450
  8
Layer_6
  10
1490
  20
2308
  0
VERTEX
  5
451
  8
Layer_6
  10
1466
  20
2308
  0
VERTEX
  5
452
  8
Layer_6
  10
1466
  20
2320
  0
VERTEX
  5
453
  8
Layer_6
  10
1434
  20
2320
  0
VERTEX
  5
454
  8
Layer_6
  10
1434
  20
2308
  0
VERTEX
  5
455
  8
Layer_6
  10
1410
  20
2308
  0
VERTEX
  5
456
  8
Layer_6
  10
1410
  20
2320
  0
VERTEX
  5
457
  8
Layer_6
  10
1390
  20
2320
  0
VERTEX
  5
458
  8
Layer_6
  10
1390
  20
2232
  0
VERTEX
  5
459
  8
Layer_6
  10
1402
  20
2232
  0
VERTEX
  5
45a
  8
Layer_6
  10
1402
  20
2208
  0
VERTEX
  5
45b
  8
Layer_6
  10
1390
  20
2208
  0
VERTEX
  5
45c
  8
Layer_6
  10
1390
  20
2120
  0
VERTEX
  5
45d
  8
Layer_6
  10
1410
  20
2120
  0
VERTEX
  5
45e
  8
Layer_6
  10
1410
  20
2132
  0
VERTEX
  5
45f
  8
Layer_6
  10
1434
  20
2132
  0
VERTEX
  5
460
  8
Layer_6
  10
1434
  20
2120
  0
VERTEX
  5
461
  8
Layer_6
  10
1466
  20
2120
  0
VERTEX
  5
462
  8
Layer_6
  10
1466
  20
2132
  0
VERTEX
  5
463
  8
Layer_6
  10
1490
  20
2132
  0
VERTEX
  5
464
  8
Layer_6
  10
1490
  20
2120
  0
VERTEX
  5
465
  8
Layer_6
  10
1510
  20
2120
  0
VERTEX
  5
466
  8
Layer_6
  10
1510
  20
2214
  0
VERTEX
  5
467
  8
Layer_6
  10
1498
  20
2214
  0
VERTEX
  5
468
  8
Layer_6
  10
1498
  20
2226
  0
SEQEND
  0
POLYLINE
  5
46a
  8
Layer_6
  62
4
  70
1
  66
1
  10
0
  20
0
  30
0
  0
VERTEX
  5
46a
  8
Layer_6
  10
1540
  20
2242
  0
VERTEX
  5
46b
  8
Layer_6
  10
1520
  20
2242
  0
VERTEX
  5
46c
  8
Layer_6
  10
1520
  20
2268
  0
VERTEX
  5
46d
  8
Layer_6
  10
1532
  20
2268
  0
VERTEX
  5
46e
  8
Layer_6
  10
1532
  20
2292
  0
VERTEX
  5
46f
  8
Layer_6
  10
1520
  20
2292
  0
VERTEX
  5
470
  8
Layer_6
  10
1520
  20
2318
  0
VERTEX
  5
471
  8
Layer_6
  10
1540
  20
2318
  0
VERTEX
  5
472
  8
Layer_6
  10
1540
  20
2330
  0
VERTEX
  5
473
  8
Layer_6
  10
1564
  20
2330
  0
VERTEX
  5
474
  8
Layer_6
  10
1564
  20
2318
  0
VERTEX
  5
475
  8
Layer_6
  10
1596
  20
2318
  0
VERTEX
  5
476
  8
Layer_6
  10
1596
  20
2330
  0
VERTEX
  5
477
  8
Layer_6
  10
1620
  20
2330
  0
VERTEX
  5
478
  8
Layer_6
  10
1620
  20
2318
  0
VERTEX
  5
479
  8
Layer_6
  10
1640
  20
2318
  0
VERTEX
  5
47a
  8
Layer_6
  10
1640
  20
2242
  0
VERTEX
  5
47b
  8
Layer_6
  10
1620
  20
2242
  0
VERTEX
  5
47c
  8
Layer_6
  10
1620
  20
2230
  0
VERTEX
  5
47d
  8
Layer_6
  10
1596
  20
2230
  0
VERTEX
  5
47e
  8
Layer_6
  10
1596
  20
2242
  0
VERTEX
  5
47f
  8
Layer_6
  10
1564
  20
2242
  0
VERTEX
  5
480
  8
Layer_6
  10
1564
  20
2230
  0
VERTEX
  5
481
  8
Layer_6
  10
1540
  20
2230
  0
VERTEX
  5
482
  8
Layer_6
  10
1540
  20
2242
  0
SEQEND
  0
POLYLINE
  5
484
  8
Layer_6
  62
4
  70
1
  66
1
  10
0
  20
0
  30
0
  0
VERTEX
  5
484
  8
Layer_6
  10
1368
  20
2226
  0
VERTEX
  5
485
  8
Layer_6
  10
1380
  20
2226
  0
VERTEX
  5
486
  8
Layer_6
  10
1380
  20
2320
  0
VERTEX
  5
487
  8
Layer_6
  10
1360
  20
2320
  0
VERTEX
  5
488
  8
Layer_6
  10
1360
  20
2308
  0
VERTEX
  5
489
  8
Layer_6
  10
1336
  20
2308
  0
VERTEX
  5
48a
  8
Layer_6
  10
1336
  20
2320
  0
VERTEX
  5
48b
  8
Layer_6
  10
1304
  20
2320
  0
VERTEX
  5
48c
  8
Layer_6
  10
1304
  20
2308
  0
VERTEX
  5
48d
  8
Layer_6
  10
1280
  20
2308
  0
VERTEX
  5
48e
  8
Layer_6
  10
1280
  20
2320
  0
VERTEX
  5
48f
  8
Layer_6
  10
1260
  20
2320
  0
VERTEX
  5
490
  8
Layer_6
  10
1260
  20
2232
  0
VERTEX
  5
491
  8
Layer_6
  10
1272
  20
2232
  0
VERTEX
  5
492
  8
Layer_6
  10
1272
  20
2208
  0
VERTEX
  5
493
  8
Layer_6
  10
1260
  20
2208
  0
VERTEX
  5
494
  8
Layer_6
  10
1260
  20
2120
  0
VERTEX
  5
495
  8
Layer_6
  10
1280
  20
2120
  0
VERTEX
  5
496
  8
Layer_6
  10
1280
  20
2132
  0
VERTEX
  5
497
  8
Layer_6
  10
1304
  20
2132
  0
VERTEX
  5
498
  8
Layer_6
  10
1304
  20
2120
  0
VERTEX
  5
499
  8
Layer_6
  10
1336
  20
2120
  0
VERTEX
  5
49a
  8
Layer_6
  10
1336
  20
2132
  0
VERTEX
  5
49b
  8
Layer_6
  10
1360
  20
2132
  0
VERTEX
  5
49c
  8
Layer_6
  10
1360
  20
2120
  0
VERTEX
  5
49d
  8
Layer_6
  10
1380
  20
2120
  0
VERTEX
  5
49e
  8
Layer_6
  10
1380
  20
2214
  0
VERTEX
  5
49f
  8
Layer_6
  10
1368
  20
2214
  0
VERTEX
  5
4a0
  8
Layer_6
  10
1368
  20
2226
  0
SEQEND
  0
POLYLINE
  5
4a2
  8
Layer_6
  62
4
  70
1
  66
1
  10
0
  20
0
  30
0
  0
VERTEX
  5
4a2
  8
Layer_6
  10
1058.9999
  20
2144
  0
VERTEX
  5
4a3
  8
Layer_6
  10
1058.9999
  20
2240
  0
VERTEX
  5
4a4
  8
Layer_6
  10
1084.9999
  20
2240
  0
VERTEX
  5
4a5
  8
Layer_6
  10
1084.9999
  20
2252
  0
VERTEX
  5
4a6
  8
Layer_6
  10
1109
  20
2252
  0
VERTEX
  5
4a7
  8
Layer_6
  10
1109
  20
2240
  0
VERTEX
  5
4a8
  8
Layer_6
  10
1135
  20
2240
  0
VERTEX
  5
4a9
  8
Layer_6
  10
1135
  20
2144
  0
VERTEX
  5
4aa
  8
Layer_6
  10
1147
  20
2144
  0
VERTEX
  5
4ab
  8
Layer_6
  10
1147
  20
2132
  0
VERTEX
  5
4ac
  8
Layer_6
  10
1046.9999
  20
2132
  0
VERTEX
  5
4ad
  8
Layer_6
  10
1046.9999
  20
2144
  0
VERTEX
  5
4ae
  8
Layer_6
  10
1058.9999
  20
2144
  0
SEQEND
  0
POLYLINE
  5
4b0
  8
Layer_6
  62
4
  70
1
  66
1
  10
0
  20
0
  30
0
  0
VERTEX
  5
4b0
  8
Layer_6
  10
1212
  20
2308
  0
VERTEX
  5
4b1
  8
Layer_6
  10
1212
  20
2320
  0
VERTEX
  5
4b2
  8
Layer_6
  10
1188
  20
2320
  0
VERTEX
  5
4b3
  8
Layer_6
  10
1188
  20
2308
  0
VERTEX
  5
4b4
  8
Layer_6
  10
1162
  20
2308
  0
VERTEX
  5
4b5
  8
Layer_6
  10
1162
  20
2232
  0
VERTEX
  5
4b6
  8
Layer_6
  10
1150
  20
2232
  0
VERTEX
  5
4b7
  8
Layer_6
  10
1150
  20
2208
  0
VERTEX
  5
4b8
  8
Layer_6
  10
1162
  20
2208
  0
VERTEX
  5
4b9
  8
Layer_6
  10
1162
  20
2132
  0
VERTEX
  5
4ba
  8
Layer_6
  10
1188
  20
2132
  0
VERTEX
  5
4bb
  8
Layer_6
  10
1188
  20
2120
  0
VERTEX
  5
4bc
  8
Layer_6
  10
1212
  20
2120
  0
VERTEX
  5
4bd
  8
Layer_6
  10
1212
  20
2132
  0
VERTEX
  5
4be
  8
Layer_6
  10
1238
  20
2132
  0
VERTEX
  5
4bf
  8
Layer_6
  10
1238
  20
2208
  0
VERTEX
  5
4c0
  8
Layer_6
  10
1250
  20
2208
  0
VERTEX
  5
4c1
  8
Layer_6
  10
1250
  20
2232
  0
VERTEX
  5
4c2
  8
Layer_6
  10
1238
  20
2232
  0
VERTEX
  5
4c3
  8
Layer_6
  10
1238
  20
2308
  0
VERTEX
  5
4c4
  8
Layer_6
  10
1212
  20
2308
  0
SEQEND
  0
POLYLINE
  5
4c6
  8
Layer_6
  62
4
  70
1
  66
1
  10
0
  20
0
  30
0
  0
VERTEX
  5
4c6
  8
Layer_6
  10
1188
  20
2226
  0
VERTEX
  5
4c7
  8
Layer_6
  10
1188
  20
2214
  0
VERTEX
  5
4c8
  8
Layer_6
  10
1212
  20
2214
  0
VERTEX
  5
4c9
  8
Layer_6
  10
1212
  20
2226
  0
VERTEX
  5
4ca
  8
Layer_6
  10
1188
  20
2226
  0
SEQEND
  0
POLYLINE
  5
4cc
  8
Layer_6
  62
4
  70
1
  66
1
  10
0
  20
0
  30
0
  0
VERTEX
  5
4cc
  8
Layer_6
  10
941.99976
  20
2132
  0
VERTEX
  5
4cd
  8
Layer_6
  10
921.99976
  20
2132
  0
VERTEX
  5
4ce
  8
Layer_6
  10
921.99976
  20
2158
  0
VERTEX
  5
4cf
  8
Layer_6
  10
933.99976
  20
2158
  0
VERTEX
  5
4d0
  8
Layer_6
  10
933.99976
  20
2182
  0
VERTEX
  5
4d1
  8
Layer_6
  10
921.99976
  20
2182
  0
VERTEX
  5
4d2
  8
Layer_6
  10
921.99976
  20
2208
  0
VERTEX
  5
4d3
  8
Layer_6
  10
941.99976
  20
2208
  0
VERTEX
  5
4d4
  8
Layer_6
  10
941.99976
  20
2220
  0
VERTEX
  5
4d5
  8
Layer_6
  10
965.99976
  20
2220
  0
VERTEX
  5
4d6
  8
Layer_6
  10
965.99976
  20
2208
  0
VERTEX
  5
4d7
  8
Layer_6
  10
997.99976
  20
2208
  0
VERTEX
  5
4d8
  8
Layer_6
  10
997.99976
  20
2220
  0
VERTEX
  5
4d9
  8
Layer_6
  10
1021.9998
  20
2220
  0
VERTEX
  5
4da
  8
Layer_6
  10
1021.9998
  20
2208
  0
VERTEX
  5
4db
  8
Layer_6
  10
1041.9998
  20
2208
  0
VERTEX
  5
4dc
  8
Layer_6
  10
1041.9998
  20
2132
  0
VERTEX
  5
4dd
  8
Layer_6
  10
1021.9998
  20
2132
  0
VERTEX
  5
4de
  8
Layer_6
  10
1021.9998
  20
2120
  0
VERTEX
  5
4df
  8
Layer_6
  10
997.99976
  20
2120
  0
VERTEX
  5
4e0
  8
Layer_6
  10
997.99976
  20
2132
  0
VERTEX
  5
4e1
  8
Layer_6
  10
965.99976
  20
2132
  0
VERTEX
  5
4e2
  8
Layer_6
  10
965.99976
  20
2120
  0
VERTEX
  5
4e3
  8
Layer_6
  10
941.99976
  20
2120
  0
VERTEX
  5
4e4
  8
Layer_6
  10
941.99976
  20
2132
  0
SEQEND
  0
POLYLINE
  5
4e6
  8
Layer_6
  62
4
  70
1
  66
1
  10
0
  20
0
  30
0
  0
VERTEX
  5
4e6
  8
Layer_6
  10
899.99976
  20
2226
  0
VERTEX
  5
4e7
  8
Layer_6
  10
911.99976
  20
2226
  0
VERTEX
  5
4e8
  8
Layer_6
  10
911.99976
  20
2320
  0
VERTEX
  5
4e9
  8
Layer_6
  10
891.99976
  20
2320
  0
VERTEX
  5
4ea
  8
Layer_6
  10
891.99976
  20
2308
  0
VERTEX
  5
4eb
  8
Layer_6
  10
867.99976
  20
2308
  0
VERTEX
  5
4ec
  8
Layer_6
  10
867.99976
  20
2320
  0
VERTEX
  5
4ed
  8
Layer_6
  10
835.99976
  20
2320
  0
VERTEX
  5
4ee
  8
Layer_6
  10
835.99976
  20
2308
  0
VERTEX
  5
4ef
  8
Layer_6
  10
811.99976
  20
2308
  0
VERTEX
  5
4f0
  8
Layer_6
  10
811.99976
  20
2320
  0
VERTEX
  5
4f1
  8
Layer_6
  10
791.99976
  20
2320
  0
VERTEX
  5
4f2
  8
Layer_6
  10
791.99976
  20
2232
  0
VERTEX
  5
4f3
  8
Layer_6
  10
803.99976
  20
2232
  0
VERTEX
  5
4f4
  8
Layer_6
  10
803.99976
  20
2208
  0
VERTEX
  5
4f5
  8
Layer_6
  10
791.99976
  20
2208
  0
VERTEX
  5
4f6
  8
Layer_6
  10
791.99976
  20
2120
  0
VERTEX
  5
4f7
  8
Layer_6
  10
811.99976
  20
2120
  0
VERTEX
  5
4f8
  8
Layer_6
  10
811.99976
  20
2132
  0
VERTEX
  5
4f9
  8
Layer_6
  10
835.99976
  20
2132
  0
VERTEX
  5
4fa
  8
Layer_6
  10
835.99976
  20
2120
  0
VERTEX
  5
4fb
  8
Layer_6
  10
867.99976
  20
2120
  0
VERTEX
  5
4fc
  8
Layer_6
  10
867.99976
  20
2132
  0
VERTEX
  5
4fd
  8
Layer_6
  10
891.99976
  20
2132
  0
VERTEX
  5
4fe
  8
Layer_6
  10
891.99976
  20
2120
  0
VERTEX
  5
4ff
  8
Layer_6
  10
911.99976
  20
2120
  0
VERTEX
  5
500
  8
Layer_6
  10
911.99976
  20
2214
  0
VERTEX
  5
501
  8
Layer_6
  10
899.99976
  20
2214
  0
VERTEX
  5
502
  8
Layer_6
  10
899.99976
  20
2226
  0
SEQEND
  0
POLYLINE
  5
504
  8
Layer_6
  62
4
  70
1
  66
1
  10
0
  20
0
  30
0
  0
VERTEX
  5
504
  8
Layer_6
  10
941.99976
  20
2242
  0
VERTEX
  5
505
  8
Layer_6
  10
921.99976
  20
2242
  0
VERTEX
  5
506
  8
Layer_6
  10
921.99976
  20
2268
  0
VERTEX
  5
507
  8
Layer_6
  10
933.99976
  20
2268
  0
VERTEX
  5
508
  8
Layer_6
  10
933.99976
  20
2292
  0
VERTEX
  5
509
  8
Layer_6
  10
921.99976
  20
2292
  0
VERTEX
  5
50a
  8
Layer_6
  10
921.99976
  20
2318
  0
VERTEX
  5
50b
  8
Layer_6
  10
941.99976
  20
2318
  0
VERTEX
  5
50c
  8
Layer_6
  10
941.99976
  20
2330
  0
VERTEX
  5
50d
  8
Layer_6
  10
965.99976
  20
2330
  0
VERTEX
  5
50e
  8
Layer_6
  10
965.99976
  20
2318
  0
VERTEX
  5
50f
  8
Layer_6
  10
997.99976
  20
2318
  0
VERTEX
  5
510
  8
Layer_6
  10
997.99976
  20
2330
  0
VERTEX
  5
511
  8
Layer_6
  10
1021.9998
  20
2330
  0
VERTEX
  5
512
  8
Layer_6
  10
1021.9998
  20
2318
  0
VERTEX
  5
513
  8
Layer_6
  10
1041.9998
  20
2318
  0
VERTEX
  5
514
  8
Layer_6
  10
1041.9998
  20
2242
  0
VERTEX
  5
515
  8
Layer_6
  10
1021.9998
  20
2242
  0
VERTEX
  5
516
  8
Layer_6
  10
1021.9998
  20
2230
  0
VERTEX
  5
517
  8
Layer_6
  10
997.99976
  20
2230
  0
VERTEX
  5
518
  8
Layer_6
  10
997.99976
  20
2242
  0
VERTEX
  5
519
  8
Layer_6
  10
965.99976
  20
2242
  0
VERTEX
  5
51a
  8
Layer_6
  10
965.99976
  20
2230
  0
VERTEX
  5
51b
  8
Layer_6
  10
941.99976
  20
2230
  0
VERTEX
  5
51c
  8
Layer_6
  10
941.99976
  20
2242
  0
SEQEND
  0
POLYLINE
  5
51e
  8
Layer_6
  62
4
  70
1
  66
1
  10
0
  20
0
  30
0
  0
VERTEX
  5
51e
  8
Layer_6
  10
769.99976
  20
2226
  0
VERTEX
  5
51f
  8
Layer_6
  10
781.99976
  20
2226
  0
VERTEX
  5
520
  8
Layer_6
  10
781.99976
  20
2320
  0
VERTEX
  5
521
  8
Layer_6
  10
761.99976
  20
2320
  0
VERTEX
  5
522
  8
Layer_6
  10
761.99976
  20
2308
  0
VERTEX
  5
523
  8
Layer_6
  10
737.99976
  20
2308
  0
VERTEX
  5
524
  8
Layer_6
  10
737.99976
  20
2320
  0
VERTEX
  5
525
  8
Layer_6
  10
705.99976
  20
2320
  0
VERTEX
  5
526
  8
Layer_6
  10
705.99976
  20
2308
  0
VERTEX
  5
527
  8
Layer_6
  10
681.99976
  20
2308
  0
VERTEX
  5
528
  8
Layer_6
  10
681.99976
  20
2320
  0
VERTEX
  5
529
  8
Layer_6
  10
661.99976
  20
2320
  0
VERTEX
  5
52a
  8
Layer_6
  10
661.99976
  20
2232
  0
VERTEX
  5
52b
  8
Layer_6
  10
673.99976
  20
2232
  0
VERTEX
  5
52c
  8
Layer_6
  10
673.99976
  20
2208
  0
VERTEX
  5
52d
  8
Layer_6
  10
661.99976
  20
2208
  0
VERTEX
  5
52e
  8
Layer_6
  10
661.99976
  20
2120
  0
VERTEX
  5
52f
  8
Layer_6
  10
681.99976
  20
2120
  0
VERTEX
  5
530
  8
Layer_6
  10
681.99976
  20
2132
  0
VERTEX
  5
531
  8
Layer_6
  10
705.99976
  20
2132
  0
VERTEX
  5
532
  8
Layer_6
  10
705.99976
  20
2120
  0
VERTEX
  5
533
  8
Layer_6
  10
737.99976
  20
2120
  0
VERTEX
  5
534
  8
Layer_6
  10
737.99976
  20
2132
  0
VERTEX
  5
535
  8
Layer_6
  10
761.99976
  20
2132
  0
VERTEX
  5
536
  8
Layer_6
  10
761.99976
  20
2120
  0
VERTEX
  5
537
  8
Layer_6
  10
781.99976
  20
2120
  0
VERTEX
  5
538
  8
Layer_6
  10
781.99976
  20
2214
  0
VERTEX
  5
539
  8
Layer_6
  10
769.99976
  20
2214
  0
VERTEX
  5
53a
  8
Layer_6
  10
769.99976
  20
2226
  0
SEQEND
  0
POLYLINE
  5
53c
  8
Layer_6
  62
4
  70
1
  66
1
  10
0
  20
0
  30
0
  0
VERTEX
  5
53c
  8
Layer_6
  10
460.99963
  20
2144
  0
VERTEX
  5
53d
  8
Layer_6
  10
460.99963
  20
2240
  0
VERTEX
  5
53e
  8
Layer_6
  10
486.99963
  20
2240
  0
VERTEX
  5
53f
  8
Layer_6
  10
486.99963
  20
2252
  0
VERTEX
  5
540
  8
Layer_6
  10
510.99976
  20
2252
  0
VERTEX
  5
541
  8
Layer_6
  10
510.99976
  20
2240
  0
VERTEX
  5
542
  8
Layer_6
  10
536.99976
  20
2240
  0
VERTEX
  5
543
  8
Layer_6
  10
536.99976
  20
2144
  0
VERTEX
  5
544
  8
Layer_6
  10
548.99976
  20
2144
  0
VERTEX
  5
545
  8
Layer_6
  10
548.99976
  20
2132
  0
VERTEX
  5
546
  8
Layer_6
  10
448.99963
  20
2132
  0
VERTEX
  5
547
  8
Layer_6
  10
448.99963
  20
2144
  0
VERTEX
  5
548
  8
Layer_6
  10
460.99963
  20
2144
  0
SEQEND
  0
POLYLINE
  5
54a
  8
Layer_6
  62
4
  70
1
  66
1
  10
0
  20
0
  30
0
  0
VERTEX
  5
54a
  8
Layer_6
  10
613.99976
  20
2308
  0
VERTEX
  5
54b
  8
Layer_6
  10
613.99976
  20
2320
  0
VERTEX
  5
54c
  8
Layer_6
  10
589.99976
  20
2320
  0
VERTEX
  5
54d
  8
Layer_6
  10
589.99976
  20
2308
  0
VERTEX
  5
54e
  8
Layer_6
  10
563.99976
  20
2308
  0
VERTEX
  5
54f
  8
Layer_6
  10
563.99976
  20
2232
  0
VERTEX
  5
550
  8
Layer_6
  10
551.99976
  20
2232
  0
VERTEX
  5
551
  8
Layer_6
  10
551.99976
  20
2208
  0
VERTEX
  5
552
  8
Layer_6
  10
563.99976
  20
2208
  0
VERTEX
  5
553
  8
Layer_6
  10
563.99976
  20
2132
  0
VERTEX
  5
554
  8
Layer_6
  10
589.99976
  20
2132
  0
VERTEX
  5
555
  8
Layer_6
  10
589.99976
  20
2120
  0
VERTEX
  5
556
  8
Layer_6
  10
613.99976
  20
2120
  0
VERTEX
  5
557
  8
Layer_6
  10
613.99976
  20
2132
  0
VERTEX
  5
558
  8
Layer_6
  10
639.99976
  20
2132
  0
VERTEX
  5
559
  8
Layer_6
  10
639.99976
  20
2208
  0
VERTEX
  5
55a
  8
Layer_6
  10
651.99976
  20
2208
  0
VERTEX
  5
55b
  8
Layer_6
  10
651.99976
  20
2232
  0
VERTEX
  5
55c
  8
Layer_6
  10
639.99976
  20
2232
  0
VERTEX
  5
55d
  8
Layer_6
  10
639.99976
  20
2308
  0
VERTEX
  5
55e
  8
Layer_6
  10
613.99976
  20
2308
  0
SEQEND
  0
POLYLINE
  5
560
  8
Layer_6
  62
4
  70
1
  66
1
  10
0
  20
0
  30
0
  0
VERTEX
  5
560
  8
Layer_6
  10
589.99976
  20
2226
  0
VERTEX
  5
561
  8
Layer_6
  10
589.99976
  20
2214
  0
VERTEX
  5
562
  8
Layer_6
  10
613.99976
  20
2214
  0
VERTEX
  5
563
  8
Layer_6
  10
613.99976
  20
2226
  0
VERTEX
  5
564
  8
Layer_6
  10
589.99976
  20
2226
  0
SEQEND
  0
POLYLINE
  5
566
  8
Layer_6
  62
4
  70
1
  66
1
  10
0
  20
0
  30
0
  0
VERTEX
  5
566
  8
Layer_6
  10
1540
  20
1912
  0
VERTEX
  5
567
  8
Layer_6
  10
1520
  20
1912
  0
VERTEX
  5
568
  8
Layer_6
  10
1520
  20
1938
  0
VERTEX
  5
569
  8
Layer_6
  10
1532
  20
1938
  0
VERTEX
  5
56a
  8
Layer_6
  10
1532
  20
1962
  0
VERTEX
  5
56b
  8
Layer_6
  10
1520
  20
1962
  0
VERTEX
  5
56c
  8
Layer_6
  10
1520
  20
1988
  0
VERTEX
  5
56d
  8
Layer_6
  10
1540
  20
1988
  0
VERTEX
  5
56e
  8
Layer_6
  10
1540
  20
2000
  0
VERTEX
  5
56f
  8
Layer_6
  10
1564
  20
2000
  0
VERTEX
  5
570
  8
Layer_6
  10
1564
  20
1988
  0
VERTEX
  5
571
  8
Layer_6
  10
1596
  20
1988
  0
VERTEX
  5
572
  8
Layer_6
  10
1596
  20
2000
  0
VERTEX
  5
573
  8
Layer_6
  10
1620
  20
2000
  0
VERTEX
  5
574
  8
Layer_6
  10
1620
  20
1988
  0
VERTEX
  5
575
  8
Layer_6
  10
1640
  20
1988
  0
VERTEX
  5
576
  8
Layer_6
  10
1640
  20
1912
  0
VERTEX
  5
577
  8
Layer_6
  10
1620
  20
1912
  0
VERTEX
  5
578
  8
Layer_6
  10
1620
  20
1900
  0
VERTEX
  5
579
  8
Layer_6
  10
1596
  20
1900
  0
VERTEX
  5
57a
  8
Layer_6
  10
1596
  20
1912
  0
VERTEX
  5
57b
  8
Layer_6
  10
1564
  20
1912
  0
VERTEX
  5
57c
  8
Layer_6
  10
1564
  20
1900
  0
VERTEX
  5
57d
  8
Layer_6
  10
1540
  20
1900
  0
VERTEX
  5
57e
  8
Layer_6
  10
1540
  20
1912
  0
SEQEND
  0
POLYLINE
  5
580
  8
Layer_6
  62
4
  70
1
  66
1
  10
0
  20
0
  30
0
  0
VERTEX
  5
580
  8
Layer_6
  10
1498
  20
2006
  0
VERTEX
  5
581
  8
Layer_6
  10
1510
  20
2006
  0
VERTEX
  5
582
  8
Layer_6
  10
1510
  20
2100
  0
VERTEX
  5
583
  8
Layer_6
  10
1490
  20
2100
  0
VERTEX
  5
584
  8
Layer_6
  10
1490
  20
2088
  0
VERTEX
  5
585
  8
Layer_6
  10
1466
  20
2088
  0
VERTEX
  5
586
  8
Layer_6
  10
1466
  20
2100
  0
VERTEX
  5
587
  8
Layer_6
  10
1434
  20
2100
  0
VERTEX
  5
588
  8
Layer_6
  10
1434
  20
2088
  0
VERTEX
  5
589
  8
Layer_6
  10
1410
  20
2088
  0
VERTEX
  5
58a
  8
Layer_6
  10
1410
  20
2100
  0
VERTEX
  5
58b
  8
Layer_6
  10
1390
  20
2100
  0
VERTEX
  5
58c
  8
Layer_6
  10
1390
  20
2012
  0
VERTEX
  5
58d
  8
Layer_6
  10
1402
  20
2012
  0
VERTEX
  5
58e
  8
Layer_6
  10
1402
  20
1988
  0
VERTEX
  5
58f
  8
Layer_6
  10
1390
  20
1988
  0
VERTEX
  5
590
  8
Layer_6
  10
1390
  20
1900
  0
VERTEX
  5
591
  8
Layer_6
  10
1410
  20
1900
  0
VERTEX
  5
592
  8
Layer_6
  10
1410
  20
1912
  0
VERTEX
  5
593
  8
Layer_6
  10
1434
  20
1912
  0
VERTEX
  5
594
  8
Layer_6
  10
1434
  20
1900
  0
VERTEX
  5
595
  8
Layer_6
  10
1466
  20
1900
  0
VERTEX
  5
596
  8
Layer_6
  10
1466
  20
1912
  0
VERTEX
  5
597
  8
Layer_6
  10
1490
  20
1912
  0
VERTEX
  5
598
  8
Layer_6
  10
1490
  20
1900
  0
VERTEX
  5
599
  8
Layer_6
  10
1510
  20
1900
  0
VERTEX
  5
59a
  8
Layer_6
  10
1510
  20
1994
  0
VERTEX
  5
59b
  8
Layer_6
  10
1498
  20
1994
  0
VERTEX
  5
59c
  8
Layer_6
  10
1498
  20
2006
  0
SEQEND
  0
POLYLINE
  5
59e
  8
Layer_6
  62
4
  70
1
  66
1
  10
0
  20
0
  30
0
  0
VERTEX
  5
59e
  8
Layer_6
  10
1540
  20
2022
  0
VERTEX
  5
59f
  8
Layer_6
  10
1520
  20
2022
  0
VERTEX
  5
5a0
  8
Layer_6
  10
1520
  20
2048
  0
VERTEX
  5
5a1
  8
Layer_6
  10
1532
  20
2048
  0
VERTEX
  5
5a2
  8
Layer_6
  10
1532
  20
2072
  0
VERTEX
  5
5a3
  8
Layer_6
  10
1520
  20
2072
  0
VERTEX
  5
5a4
  8
Layer_6
  10
1520
  20
2098
  0
VERTEX
  5
5a5
  8
Layer_6
  10
1540
  20
2098
  0
VERTEX
  5
5a6
  8
Layer_6
  10
1540
  20
2110
  0
VERTEX
  5
5a7
  8
Layer_6
  10
1564
  20
2110
  0
VERTEX
  5
5a8
  8
Layer_6
  10
1564
  20
2098
  0
VERTEX
  5
5a9
  8
Layer_6
  10
1596
  20
2098
  0
VERTEX
  5
5aa
  8
Layer_6
  10
1596
  20
2110
  0
VERTEX
  5
5ab
  8
Layer_6
  10
1620
  20
2110
  0
VERTEX
  5
5ac
  8
Layer_6
  10
1620
  20
2098
  0
VERTEX
  5
5ad
  8
Layer_6
  10
1640
  20
2098
  0
VERTEX
  5
5ae
  8
Layer_6
  10
1640
  20
2022
  0
VERTEX
  5
5af
  8
Layer_6
  10
1620
  20
2022
  0
VERTEX
  5
5b0
  8
Layer_6
  10
1620
  20
2010
  0
VERTEX
  5
5b1
  8
Layer_6
  10
1596
  20
2010
  0
VERTEX
  5
5b2
  8
Layer_6
  10
1596
  20
2022
  0
VERTEX
  5
5b3
  8
Layer_6
  10
1564
  20
2022
  0
VERTEX
  5
5b4
  8
Layer_6
  10
1564
  20
2010
  0
VERTEX
  5
5b5
  8
Layer_6
  10
1540
  20
2010
  0
VERTEX
  5
5b6
  8
Layer_6
  10
1540
  20
2022
  0
SEQEND
  0
POLYLINE
  5
5b8
  8
Layer_6
  62
4
  70
1
  66
1
  10
0
  20
0
  30
0
  0
VERTEX
  5
5b8
  8
Layer_6
  10
1368
  20
2006
  0
VERTEX
  5
5b9
  8
Layer_6
  10
1380
  20
2006
  0
VERTEX
  5
5ba
  8
Layer_6
  10
1380
  20
2100
  0
VERTEX
  5
5bb
  8
Layer_6
  10
1360
  20
2100
  0
VERTEX
  5
5bc
  8
Layer_6
  10
1360
  20
2088
  0
VERTEX
  5
5bd
  8
Layer_6
  10
1336
  20
2088
  0
VERTEX
  5
5be
  8
Layer_6
  10
1336
  20
2100
  0
VERTEX
  5
5bf
  8
Layer_6
  10
1304
  20
2100
  0
VERTEX
  5
5c0
  8
Layer_6
  10
1304
  20
2088
  0
VERTEX
  5
5c1
  8
Layer_6
  10
1280
  20
2088
  0
VERTEX
  5
5c2
  8
Layer_6
  10
1280
  20
2100
  0
VERTEX
  5
5c3
  8
Layer_6
  10
1260
  20
2100
  0
VERTEX
  5
5c4
  8
Layer_6
  10
1260
  20
2012
  0
VERTEX
  5
5c5
  8
Layer_6
  10
1272
  20
2012
  0
VERTEX
  5
5c6
  8
Layer_6
  10
1272
  20
1988
  0
VERTEX
  5
5c7
  8
Layer_6
  10
1260
  20
1988
  0
VERTEX
  5
5c8
  8
Layer_6
  10
1260
  20
1900
  0
VERTEX
  5
5c9
  8
Layer_6
  10
1280
  20
1900
  0
VERTEX
  5
5ca
  8
Layer_6
  10
1280
  20
1912
  0
VERTEX
  5
5cb
  8
Layer_6
  10
1304
  20
1912
  0
VERTEX
  5
5cc
  8
Layer_6
  10
1304
  20
1900
  0
VERTEX
  5
5cd
  8
Layer_6
  10
1336
  20
1900
  0
VERTEX
  5
5ce
  8
Layer_6
  10
1336
  20
1912
  0
VERTEX
  5
5cf
  8
Layer_6
  10
1360
  20
1912
  0
VERTEX
  5
5d0
  8
Layer_6
  10
1360
  20
1900
  0
VERTEX
  5
5d1
  8
Layer_6
  10
1380
  20
1900
  0
VERTEX
  5
5d2
  8
Layer_6
  10
1380
  20
1994
  0
VERTEX
  5
5d3
  8
Layer_6
  10
1368
  20
1994
  0
VERTEX
  5
5d4
  8
Layer_6
  10
1368
  20
2006
  0
SEQEND
  0
POLYLINE
  5
5d6
  8
Layer_6
  62
4
  70
1
  66
1
  10
0
  20
0
  30
0
  0
VERTEX
  5
5d6
  8
Layer_6
  10
1058.9999
  20
1924
  0
VERTEX
  5
5d7
  8
Layer_6
  10
1058.9999
  20
2020
  0
VERTEX
  5
5d8
  8
Layer_6
  10
1084.9999
  20
2020
  0
VERTEX
  5
5d9
  8
Layer_6
  10
1084.9999
  20
2032
  0
VERTEX
  5
5da
  8
Layer_6
  10
1109
  20
2032
  0
VERTEX
  5
5db
  8
Layer_6
  10
1109
  20
2020
  0
VERTEX
  5
5dc
  8
Layer_6
  10
1135
  20
2020
  0
VERTEX
  5
5dd
  8
Layer_6
  10
1135
  20
1924
  0
VERTEX
  5
5de
  8
Layer_6
  10
1147
  20
1924
  0
VERTEX
  5
5df
  8
Layer_6
  10
1147
  20
1912
  0
VERTEX
  5
5e0
  8
Layer_6
  10
1046.9999
  20
1912
  0
VERTEX
  5
5e1
  8
Layer_6
  10
1046.9999
  20
1924
  0
VERTEX
  5
5e2
  8
Layer_6
  10
1058.9999
  20
1924
  0
SEQEND
  0
POLYLINE
  5
5e4
  8
Layer_6
  62
4
  70
1
  66
1
  10
0
  20
0
  30
0
  0
VERTEX
  5
5e4
  8
Layer_6
  10
1212
  20
2088
  0
VERTEX
  5
5e5
  8
Layer_6
  10
1212
  20
2100
  0
VERTEX
  5
5e6
  8
Layer_6
  10
1188
  20
2100
  0
VERTEX
  5
5e7
  8
Layer_6
  10
1188
  20
2088
  0
VERTEX
  5
5e8
  8
Layer_6
  10
1162
  20
2088
  0
VERTEX
  5
5e9
  8
Layer_6
  10
1162
  20
2012
  0
VERTEX
  5
5ea
  8
Layer_6
  10
1150
  20
2012
  0
VERTEX
  5
5eb
  8
Layer_6
  10
1150
  20
1988
  0
VERTEX
  5
5ec
  8
Layer_6
  10
1162
  20
1988
  0
VERTEX
  5
5ed
  8
Layer_6
  10
1162
  20
1912
  0
VERTEX
  5
5ee
  8
Layer_6
  10
1188
  20
1912
  0
VERTEX
  5
5ef
  8
Layer_6
  10
1188
  20
1900
  0
VERTEX
  5
5f0
  8
Layer_6
  10
1212
  20
1900
  0
VERTEX
  5
5f1
  8
Layer_6
  10
1212
  20
1912
  0
VERTEX
  5
5f2
  8
Layer_6
  10
1238
  20
1912
  0
VERTEX
  5
5f3
  8
Layer_6
  10
1238
  20
1988
  0
VERTEX
  5
5f4
  8
Layer_6
  10
1250
  20
1988
  0
VERTEX
  5
5f5
  8
Layer_6
  10
1250
  20
2012
  0
VERTEX
  5
5f6
  8
Layer_6
  10
1238
  20
2012
  0
VERTEX
  5
5f7
  8
Layer_6
  10
1238
  20
2088
  0
VERTEX
  5
5f8
  8
Layer_6
  10
1212
  20
2088
  0
SEQEND
  0
POLYLINE
  5
5fa
  8
Layer_6
  62
4
  70
1
  66
1
  10
0
  20
0
  30
0
  0
VERTEX
  5
5fa
  8
Layer_6
  10
1188
  20
2006
  0
VERTEX
  5
5fb
  8
Layer_6
  10
1188
  20
1994
  0
VERTEX
  5
5fc
  8
Layer_6
  10
1212
  20
1994
  0
VERTEX
  5
5fd
  8
Layer_6
  10
1212
  20
2006
  0
VERTEX
  5
5fe
  8
Layer_6
  10
1188
  20
2006
  0
SEQEND
  0
POLYLINE
  5
600
  8
Layer_6
  62
4
  70
1
  66
1
  10
0
  20
0
  30
0
  0
VERTEX
  5
600
  8
Layer_6
  10
941.99976
  20
1912
  0
VERTEX
  5
601
  8
Layer_6
  10
921.99976
  20
1912
  0
VERTEX
  5
602
  8
Layer_6
  10
921.99976
  20
1938
  0
VERTEX
  5
603
  8
Layer_6
  10
933.99976
  20
1938
  0
VERTEX
  5
604
  8
Layer_6
  10
933.99976
  20
1962
  0
VERTEX
  5
605
  8
Layer_6
  10
921.99976
  20
1962
  0
VERTEX
  5
606
  8
Layer_6
  10
921.99976
  20
1988
  0
VERTEX
  5
607
  8
Layer_6
  10
941.99976
  20
1988
  0
VERTEX
  5
608
  8
Layer_6
  10
941.99976
  20
2000
  0
VERTEX
  5
609
  8
Layer_6
  10
965.99976
  20
2000
  0
VERTEX
  5
60a
  8
Layer_6
  10
965.99976
  20
1988
  0
VERTEX
  5
60b
  8
Layer_6
  10
997.99976
  20
1988
  0
VERTEX
  5
60c
  8
Layer_6
  10
997.99976
  20
2000
  0
VERTEX
  5
60d
  8
Layer_6
  10
1021.9998
  20
2000
  0
VERTEX
  5
60e
  8
Layer_6
  10
1021.9998
  20
1988
  0
VERTEX
  5
60f
  8
Layer_6
  10
1041.9998
  20
1988
  0
VERTEX
  5
610
  8
Layer_6
  10
1041.9998
  20
1912
  0
VERTEX
  5
611
  8
Layer_6
  10
1021.9998
  20
1912
  0
VERTEX
  5
612
  8
Layer_6
  10
1021.9998
  20
1900
  0
VERTEX
  5
613
  8
Layer_6
  10
997.99976
  20
1900
  0
VERTEX
  5
614
  8
Layer_6
  10
997.99976
  20
1912
  0
VERTEX
  5
615
  8
Layer_6
  10
965.99976
  20
1912
  0
VERTEX
  5
616
  8
Layer_6
  10
965.99976
  20
1900
  0
VERTEX
  5
617
  8
Layer_6
  10
941.99976
  20
1900
  0
VERTEX
  5
618
  8
Layer_6
  10
941.99976
  20
1912
  0
SEQEND
  0
POLYLINE
  5
61a
  8
Layer_6
  62
4
  70
1
  66
1
  10
0
  20
0
  30
0
  0
VERTEX
  5
61a
  8
Layer_6
  10
899.99976
  20
2006
  0
VERTEX
  5
61b
  8
Layer_6
  10
911.99976
  20
2006
  0
VERTEX
  5
61c
  8
Layer_6
  10
911.99976
  20
2100
  0
VERTEX
  5
61d
  8
Layer_6
  10
891.99976
  20
2100
  0
VERTEX
  5
61e
  8
Layer_6
  10
891.99976
  20
2088
  0
VERTEX
  5
61f
  8
Layer_6
  10
867.99976
  20
2088
  0
VERTEX
  5
620
  8
Layer_6
  10
867.99976
  20
2100
  0
VERTEX
  5
621
  8
Layer_6
  10
835.99976
  20
2100
  0
VERTEX
  5
622
  8
Layer_6
  10
835.99976
  20
2088
  0
VERTEX
  5
623
  8
Layer_6
  10
811.99976
  20
2088
  0
VERTEX
  5
624
  8
Layer_6
  10
811.99976
  20
2100
  0
VERTEX
  5
625
  8
Layer_6
  10
791.99976
  20
2100
  0
VERTEX
  5
626
  8
Layer_6
  10
791.99976
  20
2012
  0
VERTEX
  5
627
  8
Layer_6
  10
803.99976
  20
2012
  0
VERTEX
  5
628
  8
Layer_6
  10
803.99976
  20
1988
  0
VERTEX
  5
629
  8
Layer_6
  10
791.99976
  20
1988
  0
VERTEX
  5
62a
  8
Layer_6
  10
791.99976
  20
1900
  0
VERTEX
  5
62b
  8
Layer_6
  10
811.99976
  20
1900
  0
VERTEX
  5
62c
  8
Layer_6
  10
811.99976
  20
1912
  0
VERTEX
  5
62d
  8
Layer_6
  10
835.99976
  20
1912
  0
VERTEX
  5
62e
  8
Layer_6
  10
835.99976
  20
1900
  0
VERTEX
  5
62f
  8
Layer_6
  10
867.99976
  20
1900
  0
VERTEX
  5
630
  8
Layer_6
  10
867.99976
  20
1912
  0
VERTEX
  5
631
  8
Layer_6
  10
891.99976
  20
1912
  0
VERTEX
  5
632
  8
Layer_6
  10
891.99976
  20
1900
  0
VERTEX
  5
633
  8
Layer_6
  10
911.99976
  20
1900
  0
VERTEX
  5
634
  8
Layer_6
  10
911.99976
  20
1994
  0
VERTEX
  5
635
  8
Layer_6
  10
899.99976
  20
1994
  0
VERTEX
  5
636
  8
Layer_6
  10
899.99976
  20
2006
  0
SEQEND
  0
POLYLINE
  5
638
  8
Layer_6
  62
4
  70
1
  66
1
  10
0
  20
0
  30
0
  0
VERTEX
  5
638
  8
Layer_6
  10
941.99976
  20
2022
  0
VERTEX
  5
639
  8
Layer_6
  10
921.99976
  20
2022
  0
VERTEX
  5
63a
  8
Layer_6
  10
921.99976
  20
2048
  0
VERTEX
  5
63b
  8
Layer_6
  10
933.99976
  20
2048
  0
VERTEX
  5
63c
  8
Layer_6
  10
933.99976
  20
2072
  0
VERTEX
  5
63d
  8
Layer_6
  10
921.99976
  20
2072
  0
VERTEX
  5
63e
  8
Layer_6
  10
921.99976
  20
2098
  0
VERTEX
  5
63f
  8
Layer_6
  10
941.99976
  20
2098
  0
VERTEX
  5
640
  8
Layer_6
  10
941.99976
  20
2110
  0
VERTEX
  5
641
  8
Layer_6
  10
965.99976
  20
2110
  0
VERTEX
  5
642
  8
Layer_6
  10
965.99976
  20
2098
  0
VERTEX
  5
643
  8
Layer_6
  10
997.99976
  20
2098
  0
VERTEX
  5
644
  8
Layer_6
  10
997.99976
  20
2110
  0
VERTEX
  5
645
  8
Layer_6
  10
1021.9998
  20
2110
  0
VERTEX
  5
646
  8
Layer_6
  10
1021.9998
  20
2098
  0
VERTEX
  5
647
  8
Layer_6
  10
1041.9998
  20
2098
  0
VERTEX
  5
648
  8
Layer_6
  10
1041.9998
  20
2022
  0
VERTEX
  5
649
  8
Layer_6
  10
1021.9998
  20
2022
  0
VERTEX
  5
64a
  8
Layer_6
  10
1021.9998
  20
2010
  0
VERTEX
  5
64b
  8
Layer_6
  10
997.99976
  20
2010
  0
VERTEX
  5
64c
  8
Layer_6
  10
997.99976
  20
2022
  0
VERTEX
  5
64d
  8
Layer_6
  10
965.99976
  20
2022
  0
VERTEX
  5
64e
  8
Layer_6
  10
965.99976
  20
2010
  0
VERTEX
  5
64f
  8
Layer_6
  10
941.99976
  20
2010
  0
VERTEX
  5
650
  8
Layer_6
  10
941.99976
  20
2022
  0
SEQEND
  0
POLYLINE
  5
652
  8
Layer_6
  62
4
  70
1
  66
1
  10
0
  20
0
  30
0
  0
VERTEX
  5
652
  8
Layer_6
  10
769.99976
  20
2006
  0
VERTEX
  5
653
  8
Layer_6
  10
781.99976
  20
2006
  0
VERTEX
  5
654
  8
Layer_6
  10
781.99976
  20
2100
  0
VERTEX
  5
655
  8
Layer_6
  10
761.99976
  20
2100
  0
VERTEX
  5
656
  8
Layer_6
  10
761.99976
  20
2088
  0
VERTEX
  5
657
  8
Layer_6
  10
737.99976
  20
2088
  0
VERTEX
  5
658
  8
Layer_6
  10
737.99976
  20
2100
  0
VERTEX
  5
659
  8
Layer_6
  10
705.99976
  20
2100
  0
VERTEX
  5
65a
  8
Layer_6
  10
705.99976
  20
2088
  0
VERTEX
  5
65b
  8
Layer_6
  10
681.99976
  20
2088
  0
VERTEX
  5
65c
  8
Layer_6
  10
681.99976
  20
2100
  0
VERTEX
  5
65d
  8
Layer_6
  10
661.99976
  20
2100
  0
VERTEX
  5
65e
  8
Layer_6
  10
661.99976
  20
2012
  0
VERTEX
  5
65f
  8
Layer_6
  10
673.99976
  20
2012
  0
VERTEX
  5
660
  8
Layer_6
  10
673.99976
  20
1988
  0
VERTEX
  5
661
  8
Layer_6
  10
661.99976
  20
1988
  0
VERTEX
  5
662
  8
Layer_6
  10
661.99976
  20
1900
  0
VERTEX
  5
663
  8
Layer_6
  10
681.99976
  20
1900
  0
VERTEX
  5
664
  8
Layer_6
  10
681.99976
  20
1912
  0
VERTEX
  5
665
  8
Layer_6
  10
705.99976
  20
1912
  0
VERTEX
  5
666
  8
Layer_6
  10
705.99976
  20
1900
  0
VERTEX
  5
667
  8
Layer_6
  10
737.99976
  20
1900
  0
VERTEX
  5
668
  8
Layer_6
  10
737.99976
  20
1912
  0
VERTEX
  5
669
  8
Layer_6
  10
761.99976
  20
1912
  0
VERTEX
  5
66a
  8
Layer_6
  10
761.99976
  20
1900
  0
VERTEX
  5
66b
  8
Layer_6
  10
781.99976
  20
1900
  0
VERTEX
  5
66c
  8
Layer_6
  10
781.99976
  20
1994
  0
VERTEX
  5
66d
  8
Layer_6
  10
769.99976
  20
1994
  0
VERTEX
  5
66e
  8
Layer_6
  10
769.99976
  20
2006
  0
SEQEND
  0
POLYLINE
  5
670
  8
Layer_6
  62
4
  70
1
  66
1
  10
0
  20
0
  30
0
  0
VERTEX
  5
670
  8
Layer_6
  10
460.99963
  20
1924
  0
VERTEX
  5
671
  8
Layer_6
  10
460.99963
  20
2020
  0
VERTEX
  5
672
  8
Layer_6
  10
486.99963
  20
2020
  0
VERTEX
  5
673
  8
Layer_6
  10
486.99963
  20
2032
  0
VERTEX
  5
674
  8
Layer_6
  10
510.99976
  20
2032
  0
VERTEX
  5
675
  8
Layer_6
  10
510.99976
  20
2020
  0
VERTEX
  5
676
  8
Layer_6
  10
536.99976
  20
2020
  0
VERTEX
  5
677
  8
Layer_6
  10
536.99976
  20
1924
  0
VERTEX
  5
678
  8
Layer_6
  10
548.99976
  20
1924
  0
VERTEX
  5
679
  8
Layer_6
  10
548.99976
  20
1912
  0
VERTEX
  5
67a
  8
Layer_6
  10
448.99963
  20
1912
  0
VERTEX
  5
67b
  8
Layer_6
  10
448.99963
  20
1924
  0
VERTEX
  5
67c
  8
Layer_6
  10
460.99963
  20
1924
  0
SEQEND
  0
POLYLINE
  5
67e
  8
Layer_6
  62
4
  70
1
  66
1
  10
0
  20
0
  30
0
  0
VERTEX
  5
67e
  8
Layer_6
  10
613.99976
  20
2088
  0
VERTEX
  5
67f
  8
Layer_6
  10
613.99976
  20
2100
  0
VERTEX
  5
680
  8
Layer_6
  10
589.99976
  20
2100
  0
VERTEX
  5
681
  8
Layer_6
  10
589.99976
  20
2088
  0
VERTEX
  5
682
  8
Layer_6
  10
563.99976
  20
2088
  0
VERTEX
  5
683
  8
Layer_6
  10
563.99976
  20
2012
  0
VERTEX
  5
684
  8
Layer_6
  10
551.99976
  20
2012
  0
VERTEX
  5
685
  8
Layer_6
  10
551.99976
  20
1988
  0
VERTEX
  5
686
  8
Layer_6
  10
563.99976
  20
1988
  0
VERTEX
  5
687
  8
Layer_6
  10
563.99976
  20
1912
  0
VERTEX
  5
688
  8
Layer_6
  10
589.99976
  20
1912
  0
VERTEX
  5
689
  8
Layer_6
  10
589.99976
  20
1900
  0
VERTEX
  5
68a
  8
Layer_6
  10
613.99976
  20
1900
  0
VERTEX
  5
68b
  8
Layer_6
  10
613.99976
  20
1912
  0
VERTEX
  5
68c
  8
Layer_6
  10
639.99976
  20
1912
  0
VERTEX
  5
68d
  8
Layer_6
  10
639.99976
  20
1988
  0
VERTEX
  5
68e
  8
Layer_6
  10
651.99976
  20
1988
  0
VERTEX
  5
68f
  8
Layer_6
  10
651.99976
  20
2012
  0
VERTEX
  5
690
  8
Layer_6
  10
639.99976
  20
2012
  0
VERTEX
  5
691
  8
Layer_6
  10
639.99976
  20
2088
  0
VERTEX
  5
692
  8
Layer_6
  10
613.99976
  20
2088
  0
SEQEND
  0
POLYLINE
  5
694
  8
Layer_6
  62
4
  70
1
  66
1
  10
0
  20
0
  30
0
  0
VERTEX
  5
694
  8
Layer_6
  10
589.99976
  20
2006
  0
VERTEX
  5
695
  8
Layer_6
  10
589.99976
  20
1994
  0
VERTEX
  5
696
  8
Layer_6
  10
613.99976
  20
1994
  0
VERTEX
  5
697
  8
Layer_6
  10
613.99976
  20
2006
  0
VERTEX
  5
698
  8
Layer_6
  10
589.99976
  20
2006
  0
SEQEND
  0
POLYLINE
  5
69a
  8
Layer_6
  62
4
  70
1
  66
1
  10
0
  20
0
  30
0
  0
VERTEX
  5
69a
  8
Layer_6
  10
1540
  20
1692
  0
VERTEX
  5
69b
  8
Layer_6
  10
1520
  20
1692
  0
VERTEX
  5
69c
  8
Layer_6
  10
1520
  20
1718
  0
VERTEX
  5
69d
  8
Layer_6
  10
1532
  20
1718
  0
VERTEX
  5
69e
  8
Layer_6
  10
1532
  20
1742
  0
VERTEX
  5
69f
  8
Layer_6
  10
1520
  20
1742
  0
VERTEX
  5
6a0
  8
Layer_6
  10
1520
  20
1768
  0
VERTEX
  5
6a1
  8
Layer_6
  10
1540
  20
1768
  0
VERTEX
  5
6a2
  8
Layer_6
  10
1540
  20
1780
  0
VERTEX
  5
6a3
  8
Layer_6
  10
1564
  20
1780
  0
VERTEX
  5
6a4
  8
Layer_6
  10
1564
  20
1768
  0
VERTEX
  5
6a5
  8
Layer_6
  10
1596
  20
1768
  0
VERTEX
  5
6a6
  8
Layer_6
  10
1596
  20
1780
  0
VERTEX
  5
6a7
  8
Layer_6
  10
1620
  20
1780
  0
VERTEX
  5
6a8
  8
Layer_6
  10
1620
  20
1768
  0
VERTEX
  5
6a9
  8
Layer_6
  10
1640
  20
1768
  0
VERTEX
  5
6aa
  8
Layer_6
  10
1640
  20
1692
  0
VERTEX
  5
6ab
  8
Layer_6
  10
1620
  20
1692
  0
VERTEX
  5
6ac
  8
Layer_6
  10
1620
  20
1680
  0
VERTEX
  5
6ad
  8
Layer_6
  10
1596
  20
1680
  0
VERTEX
  5
6ae
  8
Layer_6
  10
1596
  20
1692
  0
VERTEX
  5
6af
  8
Layer_6
  10
1564
  20
1692
  0
VERTEX
  5
6b0
  8
Layer_6
  10
1564
  20
1680
  0
VERTEX
  5
6b1
  8
Layer_6
  10
1540
  20
1680
  0
VERTEX
  5
6b2
  8
Layer_6
  10
1540
  20
1692
  0
SEQEND
  0
POLYLINE
  5
6b4
  8
Layer_6
  62
4
  70
1
  66
1
  10
0
  20
0
  30
0
  0
VERTEX
  5
6b4
  8
Layer_6
  10
1498
  20
1786
  0
VERTEX
  5
6b5
  8
Layer_6
  10
1510
  20
1786
  0
VERTEX
  5
6b6
  8
Layer_6
  10
1510
  20
1880
  0
VERTEX
  5
6b7
  8
Layer_6
  10
1490
  20
1880
  0
VERTEX
  5
6b8
  8
Layer_6
  10
1490
  20
1868
  0
VERTEX
  5
6b9
  8
Layer_6
  10
1466
  20
1868
  0
VERTEX
  5
6ba
  8
Layer_6
  10
1466
  20
1880
  0
VERTEX
  5
6bb
  8
Layer_6
  10
1434
  20
1880
  0
VERTEX
  5
6bc
  8
Layer_6
  10
1434
  20
1868
  0
VERTEX
  5
6bd
  8
Layer_6
  10
1410
  20
1868
  0
VERTEX
  5
6be
  8
Layer_6
  10
1410
  20
1880
  0
VERTEX
  5
6bf
  8
Layer_6
  10
1390
  20
1880
  0
VERTEX
  5
6c0
  8
Layer_6
  10
1390
  20
1792
  0
VERTEX
  5
6c1
  8
Layer_6
  10
1402
  20
1792
  0
VERTEX
  5
6c2
  8
Layer_6
  10
1402
  20
1768
  0
VERTEX
  5
6c3
  8
Layer_6
  10
1390
  20
1768
  0
VERTEX
  5
6c4
  8
Layer_6
  10
1390
  20
1680
  0
VERTEX
  5
6c5
  8
Layer_6
  10
1410
  20
1680
  0
VERTEX
  5
6c6
  8
Layer_6
  10
1410
  20
1692
  0
VERTEX
  5
6c7
  8
Layer_6
  10
1434
  20
1692
  0
VERTEX
  5
6c8
  8
Layer_6
  10
1434
  20
1680
  0
VERTEX
  5
6c9
  8
Layer_6
  10
1466
  20
1680
  0
VERTEX
  5
6ca
  8
Layer_6
  10
1466
  20
1692
  0
VERTEX
  5
6cb
  8
Layer_6
  10
1490
  20
1692
  0
VERTEX
  5
6cc
  8
Layer_6
  10
1490
  20
1680
  0
VERTEX
  5
6cd
  8
Layer_6
  10
1510
  20
1680
  0
VERTEX
  5
6ce
  8
Layer_6
  10
1510
  20
1774
  0
VERTEX
  5
6cf
  8
Layer_6
  10
1498
  20
1774
  0
VERTEX
  5
6d0
  8
Layer_6
  10
1498
  20
1786
  0
SEQEND
  0
POLYLINE
  5
6d2
  8
Layer_6
  62
4
  70
1
  66
1
  10
0
  20
0
  30
0
  0
VERTEX
  5
6d2
  8
Layer_6
  10
1540
  20
1802
  0
VERTEX
  5
6d3
  8
Layer_6
  10
1520
  20
1802
  0
VERTEX
  5
6d4
  8
Layer_6
  10
1520
  20
1828
  0
VERTEX
  5
6d5
  8
Layer_6
  10
1532
  20
1828
  0
VERTEX
  5
6d6
  8
Layer_6
  10
1532
  20
1852
  0
VERTEX
  5
6d7
  8
Layer_6
  10
1520
  20
1852
  0
VERTEX
  5
6d8
  8
Layer_6
  10
1520
  20
1878
  0
VERTEX
  5
6d9
  8
Layer_6
  10
1540
  20
1878
  0
VERTEX
  5
6da
  8
Layer_6
  10
1540
  20
1890
  0
VERTEX
  5
6db
  8
Layer_6
  10
1564
  20
1890
  0
VERTEX
  5
6dc
  8
Layer_6
  10
1564
  20
1878
  0
VERTEX
  5
6dd
  8
Layer_6
  10
1596
  20
1878
  0
VERTEX
  5
6de
  8
Layer_6
  10
1596
  20
1890
  0
VERTEX
  5
6df
  8
Layer_6
  10
1620
  20
1890
  0
VERTEX
  5
6e0
  8
Layer_6
  10
1620
  20
1878
  0
VERTEX
  5
6e1
  8
Layer_6
  10
1640
  20
1878
  0
VERTEX
  5
6e2
  8
Layer_6
  10
1640
  20
1802
  0
VERTEX
  5
6e3
  8
Layer_6
  10
1620
  20
1802
  0
VERTEX
  5
6e4
  8
Layer_6
  10
1620
  20
1790
  0
VERTEX
  5
6e5
  8
Layer_6
  10
1596
  20
1790
  0
VERTEX
  5
6e6
  8
Layer_6
  10
1596
  20
1802
  0
VERTEX
  5
6e7
  8
Layer_6
  10
1564
  20
1802
  0
VERTEX
  5
6e8
  8
Layer_6
  10
1564
  20
1790
  0
VERTEX
  5
6e9
  8
Layer_6
  10
1540
  20
1790
  0
VERTEX
  5
6ea
  8
Layer_6
  10
1540
  20
1802
  0
SEQEND
  0
POLYLINE
  5
6ec
  8
Layer_6
  62
4
  70
1
  66
1
  10
0
  20
0
  30
0
  0
VERTEX
  5
6ec
  8
Layer_6
  10
1368
  20
1786
  0
VERTEX
  5
6ed
  8
Layer_6
  10
1380
  20
1786
  0
VERTEX
  5
6ee
  8
Layer_6
  10
1380
  20
1880
  0
VERTEX
  5
6ef
  8
Layer_6
  10
1360
  20
1880
  0
VERTEX
  5
6f0
  8
Layer_6
  10
1360
  20
1868
  0
VERTEX
  5
6f1
  8
Layer_6
  10
1336
  20
1868
  0
VERTEX
  5
6f2
  8
Layer_6
  10
1336
  20
1880
  0
VERTEX
  5
6f3
  8
Layer_6
  10
1304
  20
1880
  0
VERTEX
  5
6f4
  8
Layer_6
  10
1304
  20
1868
  0
VERTEX
  5
6f5
  8
Layer_6
  10
1280
  20
1868
  0
VERTEX
  5
6f6
  8
Layer_6
  10
1280
  20
1880
  0
VERTEX
  5
6f7
  8
Layer_6
  10
1260
  20
1880
  0
VERTEX
  5
6f8
  8
Layer_6
  10
1260
  20
1792
  0
VERTEX
  5
6f9
  8
Layer_6
  10
1272
  20
1792
  0
VERTEX
  5
6fa
  8
Layer_6
  10
1272
  20
1768
  0
VERTEX
  5
6fb
  8
Layer_6
  10
1260
  20
1768
  0
VERTEX
  5
6fc
  8
Layer_6
  10
1260
  20
1680
  0
VERTEX
  5
6fd
  8
Layer_6
  10
1280
  20
1680
  0
VERTEX
  5
6fe
  8
Layer_6
  10
1280
  20
1692
  0
VERTEX
  5
6ff
  8
Layer_6
  10
1304
  20
1692
  0
VERTEX
  5
700
  8
Layer_6
  10
1304
  20
1680
  0
VERTEX
  5
701
  8
Layer_6
  10
1336
  20
1680
  0
VERTEX
  5
702
  8
Layer_6
  10
1336
  20
1692
  0
VERTEX
  5
703
  8
Layer_6
  10
1360
  20
1692
  0
VERTEX
  5
704
  8
Layer_6
  10
1360
  20
1680
  0
VERTEX
  5
705
  8
Layer_6
  10
1380
  20
1680
  0
VERTEX
  5
706
  8
Layer_6
  10
1380
  20
1774
  0
VERTEX
  5
707
  8
Layer_6
  10
1368
  20
1774
  0
VERTEX
  5
708
  8
Layer_6
  10
1368
  20
1786
  0
SEQEND
  0
POLYLINE
  5
70a
  8
Layer_6
  62
4
  70
1
  66
1
  10
0
  20
0
  30
0
  0
VERTEX
  5
70a
  8
Layer_6
  10
1058.9999
  20
1704
  0
VERTEX
  5
70b
  8
Layer_6
  10
1058.9999
  20
1800
  0
VERTEX
  5
70c
  8
Layer_6
  10
1084.9999
  20
1800
  0
VERTEX
  5
70d
  8
Layer_6
  10
1084.9999
  20
1812
  0
VERTEX
  5
70e
  8
Layer_6
  10
1109
  20
1812
  0
VERTEX
  5
70f
  8
Layer_6
  10
1109
  20
1800
  0
VERTEX
  5
710
  8
Layer_6
  10
1135
  20
1800
  0
VERTEX
  5
711
  8
Layer_6
  10
1135
  20
1704
  0
VERTEX
  5
712
  8
Layer_6
  10
1147
  20
1704
  0
VERTEX
  5
713
  8
Layer_6
  10
1147
  20
1692
  0
VERTEX
  5
714
  8
Layer_6
  10
1046.9999
  20
1692
  0
VERTEX
  5
715
  8
Layer_6
  10
1046.9999
  20
1704
  0
VERTEX
  5
716
  8
Layer_6
  10
1058.9999
  20
1704
  0
SEQEND
  0
POLYLINE
  5
718
  8
Layer_6
  62
4
  70
1
  66
1
  10
0
  20
0
  30
0
  0
VERTEX
  5
718
  8
Layer_6
  10
1212
  20
1868
  0
VERTEX
  5
719
  8
Layer_6
  10
1212
  20
1880
  0
VERTEX
  5
71a
  8
Layer_6
  10
1188
  20
1880
  0
VERTEX
  5
71b
  8
Layer_6
  10
1188
  20
1868
  0
VERTEX
  5
71c
  8
Layer_6
  10
1162
  20
1868
  0
VERTEX
  5
71d
  8
Layer_6
  10
1162
  20
1792
  0
VERTEX
  5
71e
  8
Layer_6
  10
1150
  20
1792
  0
VERTEX
  5
71f
  8
Layer_6
  10
1150
  20
1768
  0
VERTEX
  5
720
  8
Layer_6
  10
1162
  20
1768
  0
VERTEX
  5
721
  8
Layer_6
  10
1162
  20
1692
  0
VERTEX
  5
722
  8
Layer_6
  10
1188
  20
1692
  0
VERTEX
  5
723
  8
Layer_6
  10
1188
  20
1680
  0
VERTEX
  5
724
  8
Layer_6
  10
1212
  20
1680
  0
VERTEX
  5
725
  8
Layer_6
  10
1212
  20
1692
  0
VERTEX
  5
726
  8
Layer_6
  10
1238
  20
1692
  0
VERTEX
  5
727
  8
Layer_6
  10
1238
  20
1768
  0
VERTEX
  5
728
  8
Layer_6
  10
1250
  20
1768
  0
VERTEX
  5
729
  8
Layer_6
  10
1250
  20
1792
  0
VERTEX
  5
72a
  8
Layer_6
  10
1238
  20
1792
  0
VERTEX
  5
72b
  8
Layer_6
  10
1238
  20
1868
  0
VERTEX
  5
72c
  8
Layer_6
  10
1212
  20
1868
  0
SEQEND
  0
POLYLINE
  5
72e
  8
Layer_6
  62
4
  70
1
  66
1
  10
0
  20
0
  30
0
  0
VERTEX
  5
72e
  8
Layer_6
  10
1188
  20
1786
  0
VERTEX
  5
72f
  8
Layer_6
  10
1188
  20
1774
  0
VERTEX
  5
730
  8
Layer_6
  10
1212
  20
1774
  0
VERTEX
  5
731
  8
Layer_6
  10
1212
  20
1786
  0
VERTEX
  5
732
  8
Layer_6
  10
1188
  20
1786
  0
SEQEND
  0
POLYLINE
  5
734
  8
Layer_6
  62
4
  70
1
  66
1
  10
0
  20
0
  30
0
  0
VERTEX
  5
734
  8
Layer_6
  10
941.99976
  20
1692
  0
VERTEX
  5
735
  8
Layer_6
  10
921.99976
  20
1692
  0
VERTEX
  5
736
  8
Layer_6
  10
921.99976
  20
1718
  0
VERTEX
  5
737
  8
Layer_6
  10
933.99976
  20
1718
  0
VERTEX
  5
738
  8
Layer_6
  10
933.99976
  20
1742
  0
VERTEX
  5
739
  8
Layer_6
  10
921.99976
  20
1742
  0
VERTEX
  5
73a
  8
Layer_6
  10
921.99976
  20
1768
  0
VERTEX
  5
73b
  8
Layer_6
  10
941.99976
  20
1768
  0
VERTEX
  5
73c
  8
Layer_6
  10
941.99976
  20
1780
  0
VERTEX
  5
73d
  8
Layer_6
  10
965.99976
  20
1780
  0
VERTEX
  5
73e
  8
Layer_6
  10
965.99976
  20
1768
  0
VERTEX
  5
73f
  8
Layer_6
  10
997.99976
  20
1768
  0
VERTEX
  5
740
  8
Layer_6
  10
997.99976
  20
1780
  0
VERTEX
  5
741
  8
Layer_6
  10
1021.9998
  20
1780
  0
VERTEX
  5
742
  8
Layer_6
  10
1021.9998
  20
1768
  0
VERTEX
  5
743
  8
Layer_6
  10
1041.9998
  20
1768
  0
VERTEX
  5
744
  8
Layer_6
  10
1041.9998
  20
1692
  0
VERTEX
  5
745
  8
Layer_6
  10
1021.9998
  20
1692
  0
VERTEX
  5
746
  8
Layer_6
  10
1021.9998
  20
1680
  0
VERTEX
  5
747
  8
Layer_6
  10
997.99976
  20
1680
  0
VERTEX
  5
748
  8
Layer_6
  10
997.99976
  20
1692
  0
VERTEX
  5
749
  8
Layer_6
  10
965.99976
  20
1692
  0
VERTEX
  5
74a
  8
Layer_6
  10
965.99976
  20
1680
  0
VERTEX
  5
74b
  8
Layer_6
  10
941.99976
  20
1680
  0
VERTEX
  5
74c
  8
Layer_6
  10
941.99976
  20
1692
  0
SEQEND
  0
POLYLINE
  5
74e
  8
Layer_6
  62
4
  70
1
  66
1
  10
0
  20
0
  30
0
  0
VERTEX
  5
74e
  8
Layer_6
  10
899.99976
  20
1786
  0
VERTEX
  5
74f
  8
Layer_6
  10
911.99976
  20
1786
  0
VERTEX
  5
750
  8
Layer_6
  10
911.99976
  20
1880
  0
VERTEX
  5
751
  8
Layer_6
  10
891.99976
  20
1880
  0
VERTEX
  5
752
  8
Layer_6
  10
891.99976
  20
1868
  0
VERTEX
  5
753
  8
Layer_6
  10
867.99976
  20
1868
  0
VERTEX
  5
754
  8
Layer_6
  10
867.99976
  20
1880
  0
VERTEX
  5
755
  8
Layer_6
  10
835.99976
  20
1880
  0
VERTEX
  5
756
  8
Layer_6
  10
835.99976
  20
1868
  0
VERTEX
  5
757
  8
Layer_6
  10
811.99976
  20
1868
  0
VERTEX
  5
758
  8
Layer_6
  10
811.99976
  20
1880
  0
VERTEX
  5
759
  8
Layer_6
  10
791.99976
  20
1880
  0
VERTEX
  5
75a
  8
Layer_6
  10
791.99976
  20
1792
  0
VERTEX
  5
75b
  8
Layer_6
  10
803.99976
  20
1792
  0
VERTEX
  5
75c
  8
Layer_6
  10
803.99976
  20
1768
  0
VERTEX
  5
75d
  8
Layer_6
  10
791.99976
  20
1768
  0
VERTEX
  5
75e
  8
Layer_6
  10
791.99976
  20
1680
  0
VERTEX
  5
75f
  8
Layer_6
  10
811.99976
  20
1680
  0
VERTEX
  5
760
  8
Layer_6
  10
811.99976
  20
1692
  0
VERTEX
  5
761
  8
Layer_6
  10
835.99976
  20
1692
  0
VERTEX
  5
762
  8
Layer_6
  10
835.99976
  20
1680
  0
VERTEX
  5
763
  8
Layer_6
  10
867.99976
  20
1680
  0
VERTEX
  5
764
  8
Layer_6
  10
867.99976
  20
1692
  0
VERTEX
  5
765
  8
Layer_6
  10
891.99976
  20
1692
  0
VERTEX
  5
766
  8
Layer_6
  10
891.99976
  20
1680
  0
VERTEX
  5
767
  8
Layer_6
  10
911.99976
  20
1680
  0
VERTEX
  5
768
  8
Layer_6
  10
911.99976
  20
1774
  0
VERTEX
  5
769
  8
Layer_6
  10
899.99976
  20
1774
  0
VERTEX
  5
76a
  8
Layer_6
  10
899.99976
  20
1786
  0
SEQEND
  0
POLYLINE
  5
76c
  8
Layer_6
  62
4
  70
1
  66
1
  10
0
  20
0
  30
0
  0
VERTEX
  5
76c
  8
Layer_6
  10
941.99976
  20
1802
  0
VERTEX
  5
76d
  8
Layer_6
  10
921.99976
  20
1802
  0
VERTEX
  5
76e
  8
Layer_6
  10
921.99976
  20
1828
  0
VERTEX
  5
76f
  8
Layer_6
  10
933.99976
  20
1828
  0
VERTEX
  5
770
  8
Layer_6
  10
933.99976
  20
1852
  0
VERTEX
  5
771
  8
Layer_6
  10
921.99976
  20
1852
  0
VERTEX
  5
772
  8
Layer_6
  10
921.99976
  20
1878
  0
VERTEX
  5
773
  8
Layer_6
  10
941.99976
  20
1878
  0
VERTEX
  5
774
  8
Layer_6
  10
941.99976
  20
1890
  0
VERTEX
  5
775
  8
Layer_6
  10
965.99976
  20
1890
  0
VERTEX
  5
776
  8
Layer_6
  10
965.99976
  20
1878
  0
VERTEX
  5
777
  8
Layer_6
  10
997.99976
  20
1878
  0
VERTEX
  5
778
  8
Layer_6
  10
997.99976
  20
1890
  0
VERTEX
  5
779
  8
Layer_6
  10
1021.9998
  20
1890
  0
VERTEX
  5
77a
  8
Layer_6
  10
1021.9998
  20
1878
  0
VERTEX
  5
77b
  8
Layer_6
  10
1041.9998
  20
1878
  0
VERTEX
  5
77c
  8
Layer_6
  10
1041.9998
  20
1802
  0
VERTEX
  5
77d
  8
Layer_6
  10
1021.9998
  20
1802
  0
VERTEX
  5
77e
  8
Layer_6
  10
1021.9998
  20
1790
  0
VERTEX
  5
77f
  8
Layer_6
  10
997.99976
  20
1790
  0
VERTEX
  5
780
  8
Layer_6
  10
997.99976
  20
1802
  0
VERTEX
  5
781
  8
Layer_6
  10
965.99976
  20
1802
  0
VERTEX
  5
782
  8
Layer_6
  10
965.99976
  20
1790
  0
VERTEX
  5
783
  8
Layer_6
  10
941.99976
  20
1790
  0
VERTEX
  5
784
  8
Layer_6
  10
941.99976
  20
1802
  0
SEQEND
  0
POLYLINE
  5
786
  8
Layer_6
  62
4
  70
1
  66
1
  10
0
  20
0
  30
0
  0
VERTEX
  5
786
  8
Layer_6
  10
769.99976
  20
1786
  0
VERTEX
  5
787
  8
Layer_6
  10
781.99976
  20
1786
  0
VERTEX
  5
788
  8
Layer_6
  10
781.99976
  20
1880
  0
VERTEX
  5
789
  8
Layer_6
  10
761.99976
  20
1880
  0
VERTEX
  5
78a
  8
Layer_6
  10
761.99976
  20
1868
  0
VERTEX
  5
78b
  8
Layer_6
  10
737.99976
  20
1868
  0
VERTEX
  5
78c
  8
Layer_6
  10
737.99976
  20
1880
  0
VERTEX
  5
78d
  8
Layer_6
  10
705.99976
  20
1880
  0
VERTEX
  5
78e
  8
Layer_6
  10
705.99976
  20
1868
  0
VERTEX
  5
78f
  8
Layer_6
  10
681.99976
  20
1868
  0
VERTEX
  5
790
  8
Layer_6
  10
681.99976
  20
1880
  0
VERTEX
  5
791
  8
Layer_6
  10
661.99976
  20
1880
  0
VERTEX
  5
792
  8
Layer_6
  10
661.99976
  20
1792
  0
VERTEX
  5
793
  8
Layer_6
  10
673.99976
  20
1792
  0
VERTEX
  5
794
  8
Layer_6
  10
673.99976
  20
1768
  0
VERTEX
  5
795
  8
Layer_6
  10
661.99976
  20
1768
  0
VERTEX
  5
796
  8
Layer_6
  10
661.99976
  20
1680
  0
VERTEX
  5
797
  8
Layer_6
  10
681.99976
  20
1680
  0
VERTEX
  5
798
  8
Layer_6
  10
681.99976
  20
1692
  0
VERTEX
  5
799
  8
Layer_6
  10
705.99976
  20
1692
  0
VERTEX
  5
79a
  8
Layer_6
  10
705.99976
  20
1680
  0
VERTEX
  5
79b
  8
Layer_6
  10
737.99976
  20
1680
  0
VERTEX
  5
79c
  8
Layer_6
  10
737.99976
  20
1692
  0
VERTEX
  5
79d
  8
Layer_6
  10
761.99976
  20
1692
  0
VERTEX
  5
79e
  8
Layer_6
  10
761.99976
  20
1680
  0
VERTEX
  5
79f
  8
Layer_6
  10
781.99976
  20
1680
  0
VERTEX
  5
7a0
  8
Layer_6
  10
781.99976
  20
1774
  0
VERTEX
  5
7a1
  8
Layer_6
  10
769.99976
  20
1774
  0
VERTEX
  5
7a2
  8
Layer_6
  10
769.99976
  20
1786
  0
SEQEND
  0
POLYLINE
  5
7a4
  8
Layer_6
  62
4
  70
1
  66
1
  10
0
  20
0
  30
0
  0
VERTEX
  5
7a4
  8
Layer_6
  10
460.99963
  20
1704
  0
VERTEX
  5
7a5
  8
Layer_6
  10
460.99963
  20
1800
  0
VERTEX
  5
7a6
  8
Layer_6
  10
486.99963
  20
1800
  0
VERTEX
  5
7a7
  8
Layer_6
  10
486.99963
  20
1812
  0
VERTEX
  5
7a8
  8
Layer_6
  10
510.99976
  20
1812
  0
VERTEX
  5
7a9
  8
Layer_6
  10
510.99976
  20
1800
  0
VERTEX
  5
7aa
  8
Layer_6
  10
536.99976
  20
1800
  0
VERTEX
  5
7ab
  8
Layer_6
  10
536.99976
  20
1704
  0
VERTEX
  5
7ac
  8
Layer_6
  10
548.99976
  20
1704
  0
VERTEX
  5
7ad
  8
Layer_6
  10
548.99976
  20
1692
  0
VERTEX
  5
7ae
  8
Layer_6
  10
448.99963
  20
1692
  0
VERTEX
  5
7af
  8
Layer_6
  10
448.99963
  20
1704
  0
VERTEX
  5
7b0
  8
Layer_6
  10
460.99963
  20
1704
  0
SEQEND
  0
POLYLINE
  5
7b2
  8
Layer_6
  62
4
  70
1
  66
1
  10
0
  20
0
  30
0
  0
VERTEX
  5
7b2
  8
Layer_6
  10
613.99976
  20
1868
  0
VERTEX
  5
7b3
  8
Layer_6
  10
613.99976
  20
1880
  0
VERTEX
  5
7b4
  8
Layer_6
  10
589.99976
  20
1880
  0
VERTEX
  5
7b5
  8
Layer_6
  10
589.99976
  20
1868
  0
VERTEX
  5
7b6
  8
Layer_6
  10
563.99976
  20
1868
  0
VERTEX
  5
7b7
  8
Layer_6
  10
563.99976
  20
1792
  0
VERTEX
  5
7b8
  8
Layer_6
  10
551.99976
  20
1792
  0
VERTEX
  5
7b9
  8
Layer_6
  10
551.99976
  20
1768
  0
VERTEX
  5
7ba
  8
Layer_6
  10
563.99976
  20
1768
  0
VERTEX
  5
7bb
  8
Layer_6
  10
563.99976
  20
1692
  0
VERTEX
  5
7bc
  8
Layer_6
  10
589.99976
  20
1692
  0
VERTEX
  5
7bd
  8
Layer_6
  10
589.99976
  20
1680
  0
VERTEX
  5
7be
  8
Layer_6
  10
613.99976
  20
1680
  0
VERTEX
  5
7bf
  8
Layer_6
  10
613.99976
  20
1692
  0
VERTEX
  5
7c0
  8
Layer_6
  10
639.99976
  20
1692
  0
VERTEX
  5
7c1
  8
Layer_6
  10
639.99976
  20
1768
  0
VERTEX
  5
7c2
  8
Layer_6
  10
651.99976
  20
1768
  0
VERTEX
  5
7c3
  8
Layer_6
  10
651.99976
  20
1792
  0
VERTEX
  5
7c4
  8
Layer_6
  10
639.99976
  20
1792
  0
VERTEX
  5
7c5
  8
Layer_6
  10
639.99976
  20
1868
  0
VERTEX
  5
7c6
  8
Layer_6
  10
613.99976
  20
1868
  0
SEQEND
  0
POLYLINE
  5
7c8
  8
Layer_6
  62
4
  70
1
  66
1
  10
0
  20
0
  30
0
  0
VERTEX
  5
7c8
  8
Layer_6
  10
589.99976
  20
1786
  0
VERTEX
  5
7c9
  8
Layer_6
  10
589.99976
  20
1774
  0
VERTEX
  5
7ca
  8
Layer_6
  10
613.99976
  20
1774
  0
VERTEX
  5
7cb
  8
Layer_6
  10
613.99976
  20
1786
  0
VERTEX
  5
7cc
  8
Layer_6
  10
589.99976
  20
1786
  0
SEQEND
  0
POLYLINE
  5
7ce
  8
Layer_6
  62
4
  70
1
  66
1
  10
0
  20
0
  30
0
  0
VERTEX
  5
7ce
  8
Layer_6
  10
1540
  20
1472
  0
VERTEX
  5
7cf
  8
Layer_6
  10
1520
  20
1472
  0
VERTEX
  5
7d0
  8
Layer_6
  10
1520
  20
1498
  0
VERTEX
  5
7d1
  8
Layer_6
  10
1532
  20
1498
  0
VERTEX
  5
7d2
  8
Layer_6
  10
1532
  20
1522
  0
VERTEX
  5
7d3
  8
Layer_6
  10
1520
  20
1522
  0
VERTEX
  5
7d4
  8
Layer_6
  10
1520
  20
1548
  0
VERTEX
  5
7d5
  8
Layer_6
  10
1540
  20
1548
  0
VERTEX
  5
7d6
  8
Layer_6
  10
1540
  20
1560
  0
VERTEX
  5
7d7
  8
Layer_6
  10
1564
  20
1560
  0
VERTEX
  5
7d8
  8
Layer_6
  10
1564
  20
1548
  0
VERTEX
  5
7d9
  8
Layer_6
  10
1596
  20
1548
  0
VERTEX
  5
7da
  8
Layer_6
  10
1596
  20
1560
  0
VERTEX
  5
7db
  8
Layer_6
  10
1620
  20
1560
  0
VERTEX
  5
7dc
  8
Layer_6
  10
1620
  20
1548
  0
VERTEX
  5
7dd
  8
Layer_6
  10
1640
  20
1548
  0
VERTEX
  5
7de
  8
Layer_6
  10
1640
  20
1472
  0
VERTEX
  5
7df
  8
Layer_6
  10
1620
  20
1472
  0
VERTEX
  5
7e0
  8
Layer_6
  10
1620
  20
1460
  0
VERTEX
  5
7e1
  8
Layer_6
  10
1596
  20
1460
  0
VERTEX
  5
7e2
  8
Layer_6
  10
1596
  20
1472
  0
VERTEX
  5
7e3
  8
Layer_6
  10
1564
  20
1472
  0
VERTEX
  5
7e4
  8
Layer_6
  10
1564
  20
1460
  0
VERTEX
  5
7e5
  8
Layer_6
  10
1540
  20
1460
  0
VERTEX
  5
7e6
  8
Layer_6
  10
1540
  20
1472
  0
SEQEND
  0
POLYLINE
  5
7e8
  8
Layer_6
  62
4
  70
1
  66
1
  10
0
  20
0
  30
0
  0
VERTEX
  5
7e8
  8
Layer_6
  10
1498
  20
1566
  0
VERTEX
  5
7e9
  8
Layer_6
  10
1510
  20
1566
  0
VERTEX
  5
7ea
  8
Layer_6
  10
1510
  20
1660
  0
VERTEX
  5
7eb
  8
Layer_6
  10
1490
  20
1660
  0
VERTEX
  5
7ec
  8
Layer_6
  10
1490
  20
1648
  0
VERTEX
  5
7ed
  8
Layer_6
  10
1466
  20
1648
  0
VERTEX
  5
7ee
  8
Layer_6
  10
1466
  20
1660
  0
VERTEX
  5
7ef
  8
Layer_6
  10
1434
  20
1660
  0
VERTEX
  5
7f0
  8
Layer_6
  10
1434
  20
1648
  0
VERTEX
  5
7f1
  8
Layer_6
  10
1410
  20
1648
  0
VERTEX
  5
7f2
  8
Layer_6
  10
1410
  20
1660
  0
VERTEX
  5
7f3
  8
Layer_6
  10
1390
  20
1660
  0
VERTEX
  5
7f4
  8
Layer_6
  10
1390
  20
1572
  0
VERTEX
  5
7f5
  8
Layer_6
  10
1402
  20
1572
  0
VERTEX
  5
7f6
  8
Layer_6
  10
1402
  20
1548
  0
VERTEX
  5
7f7
  8
Layer_6
  10
1390
  20
1548
  0
VERTEX
  5
7f8
  8
Layer_6
  10
1390
  20
1460
  0
VERTEX
  5
7f9
  8
Layer_6
  10
1410
  20
1460
  0
VERTEX
  5
7fa
  8
Layer_6
  10
1410
  20
1472
  0
VERTEX
  5
7fb
  8
Layer_6
  10
1434
  20
1472
  0
VERTEX
  5
7fc
  8
Layer_6
  10
1434
  20
1460
  0
VERTEX
  5
7fd
  8
Layer_6
  10
1466
  20
1460
  0
VERTEX
  5
7fe
  8
Layer_6
  10
1466
  20
1472
  0
VERTEX
  5
7ff
  8
Layer_6
  10
1490
  20
1472
  0
VERTEX
  5
800
  8
Layer_6
  10
1490
  20
1460
  0
VERTEX
  5
801
  8
Layer_6
  10
1510
  20
1460
  0
VERTEX
  5
802
  8
Layer_6
  10
1510
  20
1554
  0
VERTEX
  5
803
  8
Layer_6
  10
1498
  20
1554
  0
VERTEX
  5
804
  8
Layer_6
  10
1498
  20
1566
  0
SEQEND
  0
POLYLINE
  5
806
  8
Layer_6
  62
4
  70
1
  66
1
  10
0
  20
0
  30
0
  0
VERTEX
  5
806
  8
Layer_6
  10
1540
  20
1582
  0
VERTEX
  5
807
  8
Layer_6
  10
1520
  20
1582
  0
VERTEX
  5
808
  8
Layer_6
  10
1520
  20
1608
  0
VERTEX
  5
809
  8
Layer_6
  10
1532
  20
1608
  0
VERTEX
  5
80a
  8
Layer_6
  10
1532
  20
1632
  0
VERTEX
  5
80b
  8
Layer_6
  10
1520
  20
1632
  0
VERTEX
  5
80c
  8
Layer_6
  10
1520
  20
1658
  0
VERTEX
  5
80d
  8
Layer_6
  10
1540
  20
1658
  0
VERTEX
  5
80e
  8
Layer_6
  10
1540
  20
1670
  0
VERTEX
  5
80f
  8
Layer_6
  10
1564
  20
1670
  0
VERTEX
  5
810
  8
Layer_6
  10
1564
  20
1658
  0
VERTEX
  5
811
  8
Layer_6
  10
1596
  20
1658
  0
VERTEX
  5
812
  8
Layer_6
  10
1596
  20
1670
  0
VERTEX
  5
813
  8
Layer_6
  10
1620
  20
1670
  0
VERTEX
  5
814
  8
Layer_6
  10
1620
  20
1658
  0
VERTEX
  5
815
  8
Layer_6
  10
1640
  20
1658
  0
VERTEX
  5
816
  8
Layer_6
  10
1640
  20
1582
  0
VERTEX
  5
817
  8
Layer_6
  10
1620
  20
1582
  0
VERTEX
  5
818
  8
Layer_6
  10
1620
  20
1570
  0
VERTEX
  5
819
  8
Layer_6
  10
1596
  20
1570
  0
VERTEX
  5
81a
  8
Layer_6
  10
1596
  20
1582
  0
VERTEX
  5
81b
  8
Layer_6
  10
1564
  20
1582
  0
VERTEX
  5
81c
  8
Layer_6
  10
1564
  20
1570
  0
VERTEX
  5
81d
  8
Layer_6
  10
1540
  20
1570
  0
VERTEX
  5
81e
  8
Layer_6
  10
1540
  20
1582
  0
SEQEND
  0
POLYLINE
  5
820
  8
Layer_6
  62
4
  70
1
  66
1
  10
0
  20
0
  30
0
  0
VERTEX
  5
820
  8
Layer_6
  10
1368
  20
1566
  0
VERTEX
  5
821
  8
Layer_6
  10
1380
  20
1566
  0
VERTEX
  5
822
  8
Layer_6
  10
1380
  20
1660
  0
VERTEX
  5
823
  8
Layer_6
  10
1360
  20
1660
  0
VERTEX
  5
824
  8
Layer_6
  10
1360
  20
1648
  0
VERTEX
  5
825
  8
Layer_6
  10
1336
  20
1648
  0
VERTEX
  5
826
  8
Layer_6
  10
1336
  20
1660
  0
VERTEX
  5
827
  8
Layer_6
  10
1304
  20
1660
  0
VERTEX
  5
828
  8
Layer_6
  10
1304
  20
1648
  0
VERTEX
  5
829
  8
Layer_6
  10
1280
  20
1648
  0
VERTEX
  5
82a
  8
Layer_6
  10
1280
  20
1660
  0
VERTEX
  5
82b
  8
Layer_6
  10
1260
  20
1660
  0
VERTEX
  5
82c
  8
Layer_6
  10
1260
  20
1572
  0
VERTEX
  5
82d
  8
Layer_6
  10
1272
  20
1572
  0
VERTEX
  5
82e
  8
Layer_6
  10
1272
  20
1548
  0
VERTEX
  5
82f
  8
Layer_6
  10
1260
  20
1548
  0
VERTEX
  5
830
  8
Layer_6
  10
1260
  20
1460
  0
VERTEX
  5
831
  8
Layer_6
  10
1280
  20
1460
  0
VERTEX
  5
832
  8
Layer_6
  10
1280
  20
1472
  0
VERTEX
  5
833
  8
Layer_6
  10
1304
  20
1472
  0
VERTEX
  5
834
  8
Layer_6
  10
1304
  20
1460
  0
VERTEX
  5
835
  8
Layer_6
  10
1336
  20
1460
  0
VERTEX
  5
836
  8
Layer_6
  10
1336
  20
1472
  0
VERTEX
  5
837
  8
Layer_6
  10
1360
  20
1472
  0
VERTEX
  5
838
  8
Layer_6
  10
1360
  20
1460
  0
VERTEX
  5
839
  8
Layer_6
  10
1380
  20
1460
  0
VERTEX
  5
83a
  8
Layer_6
  10
1380
  20
1554
  0
VERTEX
  5
83b
  8
Layer_6
  10
1368
  20
1554
  0
VERTEX
  5
83c
  8
Layer_6
  10
1368
  20
1566
  0
SEQEND
  0
POLYLINE
  5
83e
  8
Layer_6
  62
4
  70
1
  66
1
  10
0
  20
0
  30
0
  0
VERTEX
  5
83e
  8
Layer_6
  10
1058.9999
  20
1484
  0
VERTEX
  5
83f
  8
Layer_6
  10
1058.9999
  20
1580
  0
VERTEX
  5
840
  8
Layer_6
  10
1084.9999
  20
1580
  0
VERTEX
  5
841
  8
Layer_6
  10
1084.9999
  20
1592
  0
VERTEX
  5
842
  8
Layer_6
  10
1109
  20
1592
  0
VERTEX
  5
843
  8
Layer_6
  10
1109
  20
1580
  0
VERTEX
  5
844
  8
Layer_6
  10
1135
  20
1580
  0
VERTEX
  5
845
  8
Layer_6
  10
1135
  20
1484
  0
VERTEX
  5
846
  8
Layer_6
  10
1147
  20
1484
  0
VERTEX
  5
847
  8
Layer_6
  10
1147
  20
1472
  0
VERTEX
  5
848
  8
Layer_6
  10
1046.9999
  20
1472
  0
VERTEX
  5
849
  8
Layer_6
  10
1046.9999
  20
1484
  0
VERTEX
  5
84a
  8
Layer_6
  10
1058.9999
  20
1484
  0
SEQEND
  0
POLYLINE
  5
84c
  8
Layer_6
  62
4
  70
1
  66
1
  10
0
  20
0
  30
0
  0
VERTEX
  5
84c
  8
Layer_6
  10
1212
  20
1648
  0
VERTEX
  5
84d
  8
Layer_6
  10
1212
  20
1660
  0
VERTEX
  5
84e
  8
Layer_6
  10
1188
  20
1660
  0
VERTEX
  5
84f
  8
Layer_6
  10
1188
  20
1648
  0
VERTEX
  5
850
  8
Layer_6
  10
1162
  20
1648
  0
VERTEX
  5
851
  8
Layer_6
  10
1162
  20
1572
  0
VERTEX
  5
852
  8
Layer_6
  10
1150
  20
1572
  0
VERTEX
  5
853
  8
Layer_6
  10
1150
  20
1548
  0
VERTEX
  5
854
  8
Layer_6
  10
1162
  20
1548
  0
VERTEX
  5
855
  8
Layer_6
  10
1162
  20
1472
  0
VERTEX
  5
856
  8
Layer_6
  10
1188
  20
1472
  0
VERTEX
  5
857
  8
Layer_6
  10
1188
  20
1460
  0
VERTEX
  5
858
  8
Layer_6
  10
1212
  20
1460
  0
VERTEX
  5
859
  8
Layer_6
  10
1212
  20
1472
  0
VERTEX
  5
85a
  8
Layer_6
  10
1238
  20
1472
  0
VERTEX
  5
85b
  8
Layer_6
  10
1238
  20
1548
  0
VERTEX
  5
85c
  8
Layer_6
  10
1250
  20
1548
  0
VERTEX
  5
85d
  8
Layer_6
  10
1250
  20
1572
  0
VERTEX
  5
85e
  8
Layer_6
  10
1238
  20
1572
  0
VERTEX
  5
85f
  8
Layer_6
  10
1238
  20
1648
  0
VERTEX
  5
860
  8
Layer_6
  10
1212
  20
1648
  0
SEQEND
  0
POLYLINE
  5
862
  8
Layer_6
  62
4
  70
1
  66
1
  10
0
  20
0
  30
0
  0
VERTEX
  5
862
  8
Layer_6
  10
1188
  20
1566
  0
VERTEX
  5
863
  8
Layer_6
  10
1188
  20
1554
  0
VERTEX
  5
864
  8
Layer_6
  10
1212
  20
1554
  0
VERTEX
  5
865
  8
Layer_6
  10
1212
  20
1566
  0
VERTEX
  5
866
  8
Layer_6
  10
1188
  20
1566
  0
SEQEND
  0
POLYLINE
  5
868
  8
Layer_6
  62
4
  70
1
  66
1
  10
0
  20
0
  30
0
  0
VERTEX
  5
868
  8
Layer_6
  10
941.99976
  20
1472
  0
VERTEX
  5
869
  8
Layer_6
  10
921.99976
  20
1472
  0
VERTEX
  5
86a
  8
Layer_6
  10
921.99976
  20
1498
  0
VERTEX
  5
86b
  8
Layer_6
  10
933.99976
  20
1498
  0
VERTEX
  5
86c
  8
Layer_6
  10
933.99976
  20
1522
  0
VERTEX
  5
86d
  8
Layer_6
  10
921.99976
  20
1522
  0
VERTEX
  5
86e
  8
Layer_6
  10
921.99976
  20
1548
  0
VERTEX
  5
86f
  8
Layer_6
  10
941.99976
  20
1548
  0
VERTEX
  5
870
  8
Layer_6
  10
941.99976
  20
1560
  0
VERTEX
  5
871
  8
Layer_6
  10
965.99976
  20
1560
  0
VERTEX
  5
872
  8
Layer_6
  10
965.99976
  20
1548
  0
VERTEX
  5
873
  8
Layer_6
  10
997.99976
  20
1548
  0
VERTEX
  5
874
  8
Layer_6
  10
997.99976
  20
1560
  0
VERTEX
  5
875
  8
Layer_6
  10
1021.9998
  20
1560
  0
VERTEX
  5
876
  8
Layer_6
  10
1021.9998
  20
1548
  0
VERTEX
  5
877
  8
Layer_6
  10
1041.9998
  20
1548
  0
VERTEX
  5
878
  8
Layer_6
  10
1041.9998
  20
1472
  0
VERTEX
  5
879
  8
Layer_6
  10
1021.9998
  20
1472
  0
VERTEX
  5
87a
  8
Layer_6
  10
1021.9998
  20
1460
  0
VERTEX
  5
87b
  8
Layer_6
  10
997.99976
  20
1460
  0
VERTEX
  5
87c
  8
Layer_6
  10
997.99976
  20
1472
  0
VERTEX
  5
87d
  8
Layer_6
  10
965.99976
  20
1472
  0
VERTEX
  5
87e
  8
Layer_6
  10
965.99976
  20
1460
  0
VERTEX
  5
87f
  8
Layer_6
  10
941.99976
  20
1460
  0
VERTEX
  5
880
  8
Layer_6
  10
941.99976
  20
1472
  0
SEQEND
  0
POLYLINE
  5
882
  8
Layer_6
  62
4
  70
1
  66
1
  10
0
  20
0
  30
0
  0
VERTEX
  5
882
  8
Layer_6
  10
899.99976
  20
1566
  0
VERTEX
  5
883
  8
Layer_6
  10
911.99976
  20
1566
  0
VERTEX
  5
884
  8
Layer_6
  10
911.99976
  20
1660
  0
VERTEX
  5
885
  8
Layer_6
  10
891.99976
  20
1660
  0
VERTEX
  5
886
  8
Layer_6
  10
891.99976
  20
1648
  0
VERTEX
  5
887
  8
Layer_6
  10
867.99976
  20
1648
  0
VERTEX
  5
888
  8
Layer_6
  10
867.99976
  20
1660
  0
VERTEX
  5
889
  8
Layer_6
  10
835.99976
  20
1660
  0
VERTEX
  5
88a
  8
Layer_6
  10
835.99976
  20
1648
  0
VERTEX
  5
88b
  8
Layer_6
  10
811.99976
  20
1648
  0
VERTEX
  5
88c
  8
Layer_6
  10
811.99976
  20
1660
  0
VERTEX
  5
88d
  8
Layer_6
  10
791.99976
  20
1660
  0
VERTEX
  5
88e
  8
Layer_6
  10
791.99976
  20
1572
  0
VERTEX
  5
88f
  8
Layer_6
  10
803.99976
  20
1572
  0
VERTEX
  5
890
  8
Layer_6
  10
803.99976
  20
1548
  0
VERTEX
  5
891
  8
Layer_6
  10
791.99976
  20
1548
  0
VERTEX
  5
892
  8
Layer_6
  10
791.99976
  20
1460
  0
VERTEX
  5
893
  8
Layer_6
  10
811.99976
  20
1460
  0
VERTEX
  5
894
  8
Layer_6
  10
811.99976
  20
1472
  0
VERTEX
  5
895
  8
Layer_6
  10
835.99976
  20
1472
  0
VERTEX
  5
896
  8
Layer_6
  10
835.99976
  20
1460
  0
VERTEX
  5
897
  8
Layer_6
  10
867.99976
  20
1460
  0
VERTEX
  5
898
  8
Layer_6
  10
867.99976
  20
1472
  0
VERTEX
  5
899
  8
Layer_6
  10
891.99976
  20
1472
  0
VERTEX
  5
89a
  8
Layer_6
  10
891.99976
  20
1460
  0
VERTEX
  5
89b
  8
Layer_6
  10
911.99976
  20
1460
  0
VERTEX
  5
89c
  8
Layer_6
  10
911.99976
  20
1554
  0
VERTEX
  5
89d
  8
Layer_6
  10
899.99976
  20
1554
  0
VERTEX
  5
89e
  8
Layer_6
  10
899.99976
  20
1566
  0
SEQEND
  0
POLYLINE
  5
8a0
  8
Layer_6
  62
4
  70
1
  66
1
  10
0
  20
0
  30
0
  0
VERTEX
  5
8a0
  8
Layer_6
  10
941.99976
  20
1582
  0
VERTEX
  5
8a1
  8
Layer_6
  10
921.99976
  20
1582
  0
VERTEX
  5
8a2
  8
Layer_6
  10
921.99976
  20
1608
  0
VERTEX
  5
8a3
  8
Layer_6
  10
933.99976
  20
1608
  0
VERTEX
  5
8a4
  8
Layer_6
  10
933.99976
  20
1632
  0
VERTEX
  5
8a5
  8
Layer_6
  10
921.99976
  20
1632
  0
VERTEX
  5
8a6
  8
Layer_6
  10
921.99976
  20
1658
  0
VERTEX
  5
8a7
  8
Layer_6
  10
941.99976
  20
1658
  0
VERTEX
  5
8a8
  8
Layer_6
  10
941.99976
  20
1670
  0
VERTEX
  5
8a9
  8
Layer_6
  10
965.99976
  20
1670
  0
VERTEX
  5
8aa
  8
Layer_6
  10
965.99976
  20
1658
  0
VERTEX
  5
8ab
  8
Layer_6
  10
997.99976
  20
1658
  0
VERTEX
  5
8ac
  8
Layer_6
  10
997.99976
  20
1670
  0
VERTEX
  5
8ad
  8
Layer_6
  10
1021.9998
  20
1670
  0
VERTEX
  5
8ae
  8
Layer_6
  10
1021.9998
  20
1658
  0
VERTEX
  5
8af
  8
Layer_6
  10
1041.9998
  20
1658
  0
VERTEX
  5
8b0
  8
Layer_6
  10
1041.9998
  20
1582
  0
VERTEX
  5
8b1
  8
Layer_6
  10
1021.9998
  20
1582
  0
VERTEX
  5
8b2
  8
Layer_6
  10
1021.9998
  20
1570
  0
VERTEX
  5
8b3
  8
Layer_6
  10
997.99976
  20
1570
  0
VERTEX
  5
8b4
  8
Layer_6
  10
997.99976
  20
1582
  0
VERTEX
  5
8b5
  8
Layer_6
  10
965.99976
  20
1582
  0
VERTEX
  5
8b6
  8
Layer_6
  10
965.99976
  20
1570
  0
VERTEX
  5
8b7
  8
Layer_6
  10
941.99976
  20
1570
  0
VERTEX
  5
8b8
  8
Layer_6
  10
941.99976
  20
1582
  0
SEQEND
  0
POLYLINE
  5
8ba
  8
Layer_6
  62
4
  70
1
  66
1
  10
0
  20
0
  30
0
  0
VERTEX
  5
8ba
  8
Layer_6
  10
769.99976
  20
1566
  0
VERTEX
  5
8bb
  8
Layer_6
  10
781.99976
  20
1566
  0
VERTEX
  5
8bc
  8
Layer_6
  10
781.99976
  20
1660
  0
VERTEX
  5
8bd
  8
Layer_6
  10
761.99976
  20
1660
  0
VERTEX
  5
8be
  8
Layer_6
  10
761.99976
  20
1648
  0
VERTEX
  5
8bf
  8
Layer_6
  10
737.99976
  20
1648
  0
VERTEX
  5
8c0
  8
Layer_6
  10
737.99976
  20
1660
  0
VERTEX
  5
8c1
  8
Layer_6
  10
705.99976
  20
1660
  0
VERTEX
  5
8c2
  8
Layer_6
  10
705.99976
  20
1648
  0
VERTEX
  5
8c3
  8
Layer_6
  10
681.99976
  20
1648
  0
VERTEX
  5
8c4
  8
Layer_6
  10
681.99976
  20
1660
  0
VERTEX
  5
8c5
  8
Layer_6
  10
661.99976
  20
1660
  0
VERTEX
  5
8c6
  8
Layer_6
  10
661.99976
  20
1572
  0
VERTEX
  5
8c7
  8
Layer_6
  10
673.99976
  20
1572
  0
VERTEX
  5
8c8
  8
Layer_6
  10
673.99976
  20
1548
  0
VERTEX
  5
8c9
  8
Layer_6
  10
661.99976
  20
1548
  0
VERTEX
  5
8ca
  8
Layer_6
  10
661.99976
  20
1460
  0
VERTEX
  5
8cb
  8
Layer_6
  10
681.99976
  20
1460
  0
VERTEX
  5
8cc
  8
Layer_6
  10
681.99976
  20
1472
  0
VERTEX
  5
8cd
  8
Layer_6
  10
705.99976
  20
1472
  0
VERTEX
  5
8ce
  8
Layer_6
  10
705.99976
  20
1460
  0
VERTEX
  5
8cf
  8
Layer_6
  10
737.99976
  20
1460
  0
VERTEX
  5
8d0
  8
Layer_6
  10
737.99976
  20
1472
  0
VERTEX
  5
8d1
  8
Layer_6
  10
761.99976
  20
1472
  0
VERTEX
  5
8d2
  8
Layer_6
  10
761.99976
  20
1460
  0
VERTEX
  5
8d3
  8
Layer_6
  10
781.99976
  20
1460
  0
VERTEX
  5
8d4
  8
Layer_6
  10
781.99976
  20
1554
  0
VERTEX
  5
8d5
  8
Layer_6
  10
769.99976
  20
1554
  0
VERTEX
  5
8d6
  8
Layer_6
  10
769.99976
  20
1566
  0
SEQEND
  0
POLYLINE
  5
8d8
  8
Layer_6
  62
4
  70
1
  66
1
  10
0
  20
0
  30
0
  0
VERTEX
  5
8d8
  8
Layer_6
  10
460.99963
  20
1484
  0
VERTEX
  5
8d9
  8
Layer_6
  10
460.99963
  20
1580
  0
VERTEX
  5
8da
  8
Layer_6
  10
486.99963
  20
1580
  0
VERTEX
  5
8db
  8
Layer_6
  10
486.99963
  20
1592
  0
VERTEX
  5
8dc
  8
Layer_6
  10
510.99976
  20
1592
  0
VERTEX
  5
8dd
  8
Layer_6
  10
510.99976
  20
1580
  0
VERTEX
  5
8de
  8
Layer_6
  10
536.99976
  20
1580
  0
VERTEX
  5
8df
  8
Layer_6
  10
536.99976
  20
1484
  0
VERTEX
  5
8e0
  8
Layer_6
  10
548.99976
  20
1484
  0
VERTEX
  5
8e1
  8
Layer_6
  10
548.99976
  20
1472
  0
VERTEX
  5
8e2
  8
Layer_6
  10
448.99963
  20
1472
  0
VERTEX
  5
8e3
  8
Layer_6
  10
448.99963
  20
1484
  0
VERTEX
  5
8e4
  8
Layer_6
  10
460.99963
  20
1484
  0
SEQEND
  0
POLYLINE
  5
8e6
  8
Layer_6
  62
4
  70
1
  66
1
  10
0
  20
0
  30
0
  0
VERTEX
  5
8e6
  8
Layer_6
  10
613.99976
  20
1648
  0
VERTEX
  5
8e7
  8
Layer_6
  10
613.99976
  20
1660
  0
VERTEX
  5
8e8
  8
Layer_6
  10
589.99976
  20
1660
  0
VERTEX
  5
8e9
  8
Layer_6
  10
589.99976
  20
1648
  0
VERTEX
  5
8ea
  8
Layer_6
  10
563.99976
  20
1648
  0
VERTEX
  5
8eb
  8
Layer_6
  10
563.99976
  20
1572
  0
VERTEX
  5
8ec
  8
Layer_6
  10
551.99976
  20
1572
  0
VERTEX
  5
8ed
  8
Layer_6
  10
551.99976
  20
1548
  0
VERTEX
  5
8ee
  8
Layer_6
  10
563.99976
  20
1548
  0
VERTEX
  5
8ef
  8
Layer_6
  10
563.99976
  20
1472
  0
VERTEX
  5
8f0
  8
Layer_6
  10
589.99976
  20
1472
  0
VERTEX
  5
8f1
  8
Layer_6
  10
589.99976
  20
1460
  0
VERTEX
  5
8f2
  8
Layer_6
  10
613.99976
  20
1460
  0
VERTEX
  5
8f3
  8
Layer_6
  10
613.99976
  20
1472
  0
VERTEX
  5
8f4
  8
Layer_6
  10
639.99976
  20
1472
  0
VERTEX
  5
8f5
  8
Layer_6
  10
639.99976
  20
1548
  0
VERTEX
  5
8f6
  8
Layer_6
  10
651.99976
  20
1548
  0
VERTEX
  5
8f7
  8
Layer_6
  10
651.99976
  20
1572
  0
VERTEX
  5
8f8
  8
Layer_6
  10
639.99976
  20
1572
  0
VERTEX
  5
8f9
  8
Layer_6
  10
639.99976
  20
1648
  0
VERTEX
  5
8fa
  8
Layer_6
  10
613.99976
  20
1648
  0
SEQEND
  0
POLYLINE
  5
8fc
  8
Layer_6
  62
4
  70
1
  66
1
  10
0
  20
0
  30
0
  0
VERTEX
  5
8fc
  8
Layer_6
  10
589.99976
  20
1566
  0
VERTEX
  5
8fd
  8
Layer_6
  10
589.99976
  20
1554
  0
VERTEX
  5
8fe
  8
Layer_6
  10
613.99976
  20
1554
  0
VERTEX
  5
8ff
  8
Layer_6
  10
613.99976
  20
1566
  0
VERTEX
  5
900
  8
Layer_6
  10
589.99976
  20
1566
  0
SEQEND
  0
POLYLINE
  5
902
  8
Layer_6
  62
4
  70
1
  66
1
  10
0
  20
0
  30
0
  0
VERTEX
  5
902
  8
Layer_6
  10
1540
  20
1252
  0
VERTEX
  5
903
  8
Layer_6
  10
1520
  20
1252
  0
VERTEX
  5
904
  8
Layer_6
  10
1520
  20
1278
  0
VERTEX
  5
905
  8
Layer_6
  10
1532
  20
1278
  0
VERTEX
  5
906
  8
Layer_6
  10
1532
  20
1302
  0
VERTEX
  5
907
  8
Layer_6
  10
1520
  20
1302
  0
VERTEX
  5
908
  8
Layer_6
  10
1520
  20
1328
  0
VERTEX
  5
909
  8
Layer_6
  10
1540
  20
1328
  0
VERTEX
  5
90a
  8
Layer_6
  10
1540
  20
1340
  0
VERTEX
  5
90b
  8
Layer_6
  10
1564
  20
1340
  0
VERTEX
  5
90c
  8
Layer_6
  10
1564
  20
1328
  0
VERTEX
  5
90d
  8
Layer_6
  10
1596
  20
1328
  0
VERTEX
  5
90e
  8
Layer_6
  10
1596
  20
1340
  0
VERTEX
  5
90f
  8
Layer_6
  10
1620
  20
1340
  0
VERTEX
  5
910
  8
Layer_6
  10
1620
  20
1328
  0
VERTEX
  5
911
  8
Layer_6
  10
1640
  20
1328
  0
VERTEX
  5
912
  8
Layer_6
  10
1640
  20
1252
  0
VERTEX
  5
913
  8
Layer_6
  10
1620
  20
1252
  0
VERTEX
  5
914
  8
Layer_6
  10
1620
  20
1240
  0
VERTEX
  5
915
  8
Layer_6
  10
1596
  20
1240
  0
VERTEX
  5
916
  8
Layer_6
  10
1596
  20
1252
  0
VERTEX
  5
917
  8
Layer_6
  10
1564
  20
1252
  0
VERTEX
  5
918
  8
Layer_6
  10
1564
  20
1240
  0
VERTEX
  5
919
  8
Layer_6
  10
1540
  20
1240
  0
VERTEX
  5
91a
  8
Layer_6
  10
1540
  20
1252
  0
SEQEND
  0
POLYLINE
  5
91c
  8
Layer_6
  62
4
  70
1
  66
1
  10
0
  20
0
  30
0
  0
VERTEX
  5
91c
  8
Layer_6
  10
1498
  20
1346
  0
VERTEX
  5
91d
  8
Layer_6
  10
1510
  20
1346
  0
VERTEX
  5
91e
  8
Layer_6
  10
1510
  20
1440
  0
VERTEX
  5
91f
  8
Layer_6
  10
1490
  20
1440
  0
VERTEX
  5
920
  8
Layer_6
  10
1490
  20
1428
  0
VERTEX
  5
921
  8
Layer_6
  10
1466
  20
1428
  0
VERTEX
  5
922
  8
Layer_6
  10
1466
  20
1440
  0
VERTEX
  5
923
  8
Layer_6
  10
1434
  20
1440
  0
VERTEX
  5
924
  8
Layer_6
  10
1434
  20
1428
  0
VERTEX
  5
925
  8
Layer_6
  10
1410
  20
1428
  0
VERTEX
  5
926
  8
Layer_6
  10
1410
  20
1440
  0
VERTEX
  5
927
  8
Layer_6
  10
1390
  20
1440
  0
VERTEX
  5
928
  8
Layer_6
  10
1390
  20
1352
  0
VERTEX
  5
929
  8
Layer_6
  10
1402
  20
1352
  0
VERTEX
  5
92a
  8
Layer_6
  10
1402
  20
1328
  0
VERTEX
  5
92b
  8
Layer_6
  10
1390
  20
1328
  0
VERTEX
  5
92c
  8
Layer_6
  10
1390
  20
1240
  0
VERTEX
  5
92d
  8
Layer_6
  10
1410
  20
1240
  0
VERTEX
  5
92e
  8
Layer_6
  10
1410
  20
1252
  0
VERTEX
  5
92f
  8
Layer_6
  10
1434
  20
1252
  0
VERTEX
  5
930
  8
Layer_6
  10
1434
  20
1240
  0
VERTEX
  5
931
  8
Layer_6
  10
1466
  20
1240
  0
VERTEX
  5
932
  8
Layer_6
  10
1466
  20
1252
  0
VERTEX
  5
933
  8
Layer_6
  10
1490
  20
1252
  0
VERTEX
  5
934
  8
Layer_6
  10
1490
  20
1240
  0
VERTEX
  5
935
  8
Layer_6
  10
1510
  20
1240
  0
VERTEX
  5
936
  8
Layer_6
  10
1510
  20
1334
  0
VERTEX
  5
937
  8
Layer_6
  10
1498
  20
1334
  0
VERTEX
  5
938
  8
Layer_6
  10
1498
  20
1346
  0
SEQEND
  0
POLYLINE
  5
93a
  8
Layer_6
  62
4
  70
1
  66
1
  10
0
  20
0
  30
0
  0
VERTEX
  5
93a
  8
Layer_6
  10
1540
  20
1362
  0
VERTEX
  5
93b
  8
Layer_6
  10
1520
  20
1362
  0
VERTEX
  5
93c
  8
Layer_6
  10
1520
  20
1388
  0
VERTEX
  5
93d
  8
Layer_6
  10
1532
  20
1388
  0
VERTEX
  5
93e
  8
Layer_6
  10
1532
  20
1412
  0
VERTEX
  5
93f
  8
Layer_6
  10
1520
  20
1412
  0
VERTEX
  5
940
  8
Layer_6
  10
1520
  20
1438
  0
VERTEX
  5
941
  8
Layer_6
  10
1540
  20
1438
  0
VERTEX
  5
942
  8
Layer_6
  10
1540
  20
1450
  0
VERTEX
  5
943
  8
Layer_6
  10
1564
  20
1450
  0
VERTEX
  5
944
  8
Layer_6
  10
1564
  20
1438
  0
VERTEX
  5
945
  8
Layer_6
  10
1596
  20
1438
  0
VERTEX
  5
946
  8
Layer_6
  10
1596
  20
1450
  0
VERTEX
  5
947
  8
Layer_6
  10
1620
  20
1450
  0
VERTEX
  5
948
  8
Layer_6
  10
1620
  20
1438
  0
VERTEX
  5
949
  8
Layer_6
  10
1640
  20
1438
  0
VERTEX
  5
94a
  8
Layer_6
  10
1640
  20
1362
  0
VERTEX
  5
94b
  8
Layer_6
  10
1620
  20
1362
  0
VERTEX
  5
94c
  8
Layer_6
  10
1620
  20
1350
  0
VERTEX
  5
94d
  8
Layer_6
  10
1596
  20
1350
  0
VERTEX
  5
94e
  8
Layer_6
  10
1596
  20
1362
  0
VERTEX
  5
94f
  8
Layer_6
  10
1564
  20
1362
  0
VERTEX
  5
950
  8
Layer_6
  10
1564
  20
1350
  0
VERTEX
  5
951
  8
Layer_6
  10
1540
  20
1350
  0
VERTEX
  5
952
  8
Layer_6
  10
1540
  20
1362
  0
SEQEND
  0
POLYLINE
  5
954
  8
Layer_6
  62
4
  70
1
  66
1
  10
0
  20
0
  30
0
  0
VERTEX
  5
954
  8
Layer_6
  10
1368
  20
1346
  0
VERTEX
  5
955
  8
Layer_6
  10
1380
  20
1346
  0
VERTEX
  5
956
  8
Layer_6
  10
1380
  20
1440
  0
VERTEX
  5
957
  8
Layer_6
  10
1360
  20
1440
  0
VERTEX
  5
958
  8
Layer_6
  10
1360
  20
1428
  0
VERTEX
  5
959
  8
Layer_6
  10
1336
  20
1428
  0
VERTEX
  5
95a
  8
Layer_6
  10
1336
  20
1440
  0
VERTEX
  5
95b
  8
Layer_6
  10
1304
  20
1440
  0
VERTEX
  5
95c
  8
Layer_6
  10
1304
  20
1428
  0
VERTEX
  5
95d
  8
Layer_6
  10
1280
  20
1428
  0
VERTEX
  5
95e
  8
Layer_6
  10
1280
  20
1440
  0
VERTEX
  5
95f
  8
Layer_6
  10
1260
  20
1440
  0
VERTEX
  5
960
  8
Layer_6
  10
1260
  20
1352
  0
VERTEX
  5
961
  8
Layer_6
  10
1272
  20
1352
  0
VERTEX
  5
962
  8
Layer_6
  10
1272
  20
1328
  0
VERTEX
  5
963
  8
Layer_6
  10
1260
  20
1328
  0
VERTEX
  5
964
  8
Layer_6
  10
1260
  20
1240
  0
VERTEX
  5
965
  8
Layer_6
  10
1280
  20
1240
  0
VERTEX
  5
966
  8
Layer_6
  10
1280
  20
1252
  0
VERTEX
  5
967
  8
Layer_6
  10
1304
  20
1252
  0
VERTEX
  5
968
  8
Layer_6
  10
1304
  20
1240
  0
VERTEX
  5
969
  8
Layer_6
  10
1336
  20
1240
  0
VERTEX
  5
96a
  8
Layer_6
  10
1336
  20
1252
  0
VERTEX
  5
96b
  8
Layer_6
  10
1360
  20
1252
  0
VERTEX
  5
96c
  8
Layer_6
  10
1360
  20
1240
  0
VERTEX
  5
96d
  8
Layer_6
  10
1380
  20
1240
  0
VERTEX
  5
96e
  8
Layer_6
  10
1380
  20
1334
  0
VERTEX
  5
96f
  8
Layer_6
  10
1368
  20
1334
  0
VERTEX
  5
970
  8
Layer_6
  10
1368
  20
1346
  0
SEQEND
  0
POLYLINE
  5
972
  8
Layer_6
  62
4
  70
1
  66
1
  10
0
  20
0
  30
0
  0
VERTEX
  5
972
  8
Layer_6
  10
1058.9999
  20
1264
  0
VERTEX
  5
973
  8
Layer_6
  10
1058.9999
  20
1360
  0
VERTEX
  5
974
  8
Layer_6
  10
1084.9999
  20
1360
  0
VERTEX
  5
975
  8
Layer_6
  10
1084.9999
  20
1372
  0
VERTEX
  5
976
  8
Layer_6
  10
1109
  20
1372
  0
VERTEX
  5
977
  8
Layer_6
  10
1109
  20
1360
  0
VERTEX
  5
978
  8
Layer_6
  10
1135
  20
1360
  0
VERTEX
  5
979
  8
Layer_6
  10
1135
  20
1264
  0
VERTEX
  5
97a
  8
Layer_6
  10
1147
  20
1264
  0
VERTEX
  5
97b
  8
Layer_6
  10
1147
  20
1252
  0
VERTEX
  5
97c
  8
Layer_6
  10
1046.9999
  20
1252
  0
VERTEX
  5
97d
  8
Layer_6
  10
1046.9999
  20
1264
  0
VERTEX
  5
97e
  8
Layer_6
  10
1058.9999
  20
1264
  0
SEQEND
  0
POLYLINE
  5
980
  8
Layer_6
  62
4
  70
1
  66
1
  10
0
  20
0
  30
0
  0
VERTEX
  5
980
  8
Layer_6
  10
1212
  20
1428
  0
VERTEX
  5
981
  8
Layer_6
  10
1212
  20
1440
  0
VERTEX
  5
982
  8
Layer_6
  10
1188
  20
1440
  0
VERTEX
  5
983
  8
Layer_6
  10
1188
  20
1428
  0
VERTEX
  5
984
  8
Layer_6
  10
1162
  20
1428
  0
VERTEX
  5
985
  8
Layer_6
  10
1162
  20
1352
  0
VERTEX
  5
986
  8
Layer_6
  10
1150
  20
1352
  0
VERTEX
  5
987
  8
Layer_6
  10
1150
  20
1328
  0
VERTEX
  5
988
  8
Layer_6
  10
1162
  20
1328
  0
VERTEX
  5
989
  8
Layer_6
  10
1162
  20
1252
  0
VERTEX
  5
98a
  8
Layer_6
  10
1188
  20
1252
  0
VERTEX
  5
98b
  8
Layer_6
  10
1188
  20
1240
  0
VERTEX
  5
98c
  8
Layer_6
  10
1212
  20
1240
  0
VERTEX
  5
98d
  8
Layer_6
  10
1212
  20
1252
  0
VERTEX
  5
98e
  8
Layer_6
  10
1238
  20
1252
  0
VERTEX
  5
98f
  8
Layer_6
  10
1238
  20
1328
  0
VERTEX
  5
990
  8
Layer_6
  10
1250
  20
1328
  0
VERTEX
  5
991
  8
Layer_6
  10
1250
  20
1352
  0
VERTEX
  5
992
  8
Layer_6
  10
1238
  20
1352
  0
VERTEX
  5
993
  8
Layer_6
  10
1238
  20
1428
  0
VERTEX
  5
994
  8
Layer_6
  10
1212
  20
1428
  0
SEQEND
  0
POLYLINE
  5
996
  8
Layer_6
  62
4
  70
1
  66
1
  10
0
  20
0
  30
0
  0
VERTEX
  5
996
  8
Layer_6
  10
1188
  20
1346
  0
VERTEX
  5
997
  8
Layer_6
  10
1188
  20
1334
  0
VERTEX
  5
998
  8
Layer_6
  10
1212
  20
1334
  0
VERTEX
  5
999
  8
Layer_6
  10
1212
  20
1346
  0
VERTEX
  5
99a
  8
Layer_6
  10
1188
  20
1346
  0
SEQEND
  0
POLYLINE
  5
99c
  8
Layer_6
  62
4
  70
1
  66
1
  10
0
  20
0
  30
0
  0
VERTEX
  5
99c
  8
Layer_6
  10
941.99976
  20
1252
  0
VERTEX
  5
99d
  8
Layer_6
  10
921.99976
  20
1252
  0
VERTEX
  5
99e
  8
Layer_6
  10
921.99976
  20
1278
  0
VERTEX
  5
99f
  8
Layer_6
  10
933.99976
  20
1278
  0
VERTEX
  5
9a0
  8
Layer_6
  10
933.99976
  20
1302
  0
VERTEX
  5
9a1
  8
Layer_6
  10
921.99976
  20
1302
  0
VERTEX
  5
9a2
  8
Layer_6
  10
921.99976
  20
1328
  0
VERTEX
  5
9a3
  8
Layer_6
  10
941.99976
  20
1328
  0
VERTEX
  5
9a4
  8
Layer_6
  10
941.99976
  20
1340
  0
VERTEX
  5
9a5
  8
Layer_6
  10
965.99976
  20
1340
  0
VERTEX
  5
9a6
  8
Layer_6
  10
965.99976
  20
1328
  0
VERTEX
  5
9a7
  8
Layer_6
  10
997.99976
  20
1328
  0
VERTEX
  5
9a8
  8
Layer_6
  10
997.99976
  20
1340
  0
VERTEX
  5
9a9
  8
Layer_6
  10
1021.9998
  20
1340
  0
VERTEX
  5
9aa
  8
Layer_6
  10
1021.9998
  20
1328
  0
VERTEX
  5
9ab
  8
Layer_6
  10
1041.9998
  20
1328
  0
VERTEX
  5
9ac
  8
Layer_6
  10
1041.9998
  20
1252
  0
VERTEX
  5
9ad
  8
Layer_6
  10
1021.9998
  20
1252
  0
VERTEX
  5
9ae
  8
Layer_6
  10
1021.9998
  20
1240
  0
VERTEX
  5
9af
  8
Layer_6
  10
997.99976
  20
1240
  0
VERTEX
  5
9b0
  8
Layer_6
  10
997.99976
  20
1252
  0
VERTEX
  5
9b1
  8
Layer_6
  10
965.99976
  20
1252
  0
VERTEX
  5
9b2
  8
Layer_6
  10
965.99976
  20
1240
  0
VERTEX
  5
9b3
  8
Layer_6
  10
941.99976
  20
1240
  0
VERTEX
  5
9b4
  8
Layer_6
  10
941.99976
  20
1252
  0
SEQEND
  0
POLYLINE
  5
9b6
  8
Layer_6
  62
4
  70
1
  66
1
  10
0
  20
0
  30
0
  0
VERTEX
  5
9b6
  8
Layer_6
  10
899.99976
  20
1346
  0
VERTEX
  5
9b7
  8
Layer_6
  10
911.99976
  20
1346
  0
VERTEX
  5
9b8
  8
Layer_6
  10
911.99976
  20
1440
  0
VERTEX
  5
9b9
  8
Layer_6
  10
891.99976
  20
1440
  0
VERTEX
  5
9ba
  8
Layer_6
  10
891.99976
  20
1428
  0
VERTEX
  5
9bb
  8
Layer_6
  10
867.99976
  20
1428
  0
VERTEX
  5
9bc
  8
Layer_6
  10
867.99976
  20
1440
  0
VERTEX
  5
9bd
  8
Layer_6
  10
835.99976
  20
1440
  0
VERTEX
  5
9be
  8
Layer_6
  10
835.99976
  20
1428
  0
VERTEX
  5
9bf
  8
Layer_6
  10
811.99976
  20
1428
  0
VERTEX
  5
9c0
  8
Layer_6
  10
811.99976
  20
1440
  0
VERTEX
  5
9c1
  8
Layer_6
  10
791.99976
  20
1440
  0
VERTEX
  5
9c2
  8
Layer_6
  10
791.99976
  20
1352
  0
VERTEX
  5
9c3
  8
Layer_6
  10
803.99976
  20
1352
  0
VERTEX
  5
9c4
  8
Layer_6
  10
803.99976
  20
1328
  0
VERTEX
  5
9c5
  8
Layer_6
  10
791.99976
  20
1328
  0
VERTEX
  5
9c6
  8
Layer_6
  10
791.99976
  20
1240
  0
VERTEX
  5
9c7
  8
Layer_6
  10
811.99976
  20
1240
  0
VERTEX
  5
9c8
  8
Layer_6
  10
811.99976
  20
1252
  0
VERTEX
  5
9c9
  8
Layer_6
  10
835.99976
  20
1252
  0
VERTEX
  5
9ca
  8
Layer_6
  10
835.99976
  20
1240
  0
VERTEX
  5
9cb
  8
Layer_6
  10
867.99976
  20
1240
  0
VERTEX
  5
9cc
  8
Layer_6
  10
867.99976
  20
1252
  0
VERTEX
  5
9cd
  8
Layer_6
  10
891.99976
  20
1252
  0
VERTEX
  5
9ce
  8
Layer_6
  10
891.99976
  20
1240
  0
VERTEX
  5
9cf
  8
Layer_6
  10
911.99976
  20
1240
  0
VERTEX
  5
9d0
  8
Layer_6
  10
911.99976
  20
1334
  0
VERTEX
  5
9d1
  8
Layer_6
  10
899.99976
  20
1334
  0
VERTEX
  5
9d2
  8
Layer_6
  10
899.99976
  20
1346
  0
SEQEND
  0
POLYLINE
  5
9d4
  8
Layer_6
  62
4
  70
1
  66
1
  10
0
  20
0
  30
0
  0
VERTEX
  5
9d4
  8
Layer_6
  10
941.99976
  20
1362
  0
VERTEX
  5
9d5
  8
Layer_6
  10
921.99976
  20
1362
  0
VERTEX
  5
9d6
  8
Layer_6
  10
921.99976
  20
1388
  0
VERTEX
  5
9d7
  8
Layer_6
  10
933.99976
  20
1388
  0
VERTEX
  5
9d8
  8
Layer_6
  10
933.99976
  20
1412
  0
VERTEX
  5
9d9
  8
Layer_6
  10
921.99976
  20
1412
  0
VERTEX
  5
9da
  8
Layer_6
  10
921.99976
  20
1438
  0
VERTEX
  5
9db
  8
Layer_6
  10
941.99976
  20
1438
  0
VERTEX
  5
9dc
  8
Layer_6
  10
941.99976
  20
1450
  0
VERTEX
  5
9dd
  8
Layer_6
  10
965.99976
  20
1450
  0
VERTEX
  5
9de
  8
Layer_6
  10
965.99976
  20
1438
  0
VERTEX
  5
9df
  8
Layer_6
  10
997.99976
  20
1438
  0
VERTEX
  5
9e0
  8
Layer_6
  10
997.99976
  20
1450
  0
VERTEX
  5
9e1
  8
Layer_6
  10
1021.9998
  20
1450
  0
VERTEX
  5
9e2
  8
Layer_6
  10
1021.9998
  20
1438
  0
VERTEX
  5
9e3
  8
Layer_6
  10
1041.9998
  20
1438
  0
VERTEX
  5
9e4
  8
Layer_6
  10
1041.9998
  20
1362
  0
VERTEX
  5
9e5
  8
Layer_6
  10
1021.9998
  20
1362
  0
VERTEX
  5
9e6
  8
Layer_6
  10
1021.9998
  20
1350
  0
VERTEX
  5
9e7
  8
Layer_6
  10
997.99976
  20
1350
  0
VERTEX
  5
9e8
  8
Layer_6
  10
997.99976
  20
1362
  0
VERTEX
  5
9e9
  8
Layer_6
  10
965.99976
  20
1362
  0
VERTEX
  5
9ea
  8
Layer_6
  10
965.99976
  20
1350
  0
VERTEX
  5
9eb
  8
Layer_6
  10
941.99976
  20
1350
  0
VERTEX
  5
9ec
  8
Layer_6
  10
941.99976
  20
1362
  0
SEQEND
  0
POLYLINE
  5
9ee
  8
Layer_6
  62
4
  70
1
  66
1
  10
0
  20
0
  30
0
  0
VERTEX
  5
9ee
  8
Layer_6
  10
769.99976
  20
1346
  0
VERTEX
  5
9ef
  8
Layer_6
  10
781.99976
  20
1346
  0
VERTEX
  5
9f0
  8
Layer_6
  10
781.99976
  20
1440
  0
VERTEX
  5
9f1
  8
Layer_6
  10
761.99976
  20
1440
  0
VERTEX
  5
9f2
  8
Layer_6
  10
761.99976
  20
1428
  0
VERTEX
  5
9f3
  8
Layer_6
  10
737.99976
  20
1428
  0
VERTEX
  5
9f4
  8
Layer_6
  10
737.99976
  20
1440
  0
VERTEX
  5
9f5
  8
Layer_6
  10
705.99976
  20
1440
  0
VERTEX
  5
9f6
  8
Layer_6
  10
705.99976
  20
1428
  0
VERTEX
  5
9f7
  8
Layer_6
  10
681.99976
  20
1428
  0
VERTEX
  5
9f8
  8
Layer_6
  10
681.99976
  20
1440
  0
VERTEX
  5
9f9
  8
Layer_6
  10
661.99976
  20
1440
  0
VERTEX
  5
9fa
  8
Layer_6
  10
661.99976
  20
1352
  0
VERTEX
  5
9fb
  8
Layer_6
  10
673.99976
  20
1352
  0
VERTEX
  5
9fc
  8
Layer_6
  10
673.99976
  20
1328
  0
VERTEX
  5
9fd
  8
Layer_6
  10
661.99976
  20
1328
  0
VERTEX
  5
9fe
  8
Layer_6
  10
661.99976
  20
1240
  0
VERTEX
  5
9ff
  8
Layer_6
  10
681.99976
  20
1240
  0
VERTEX
  5
a00
  8
Layer_6
  10
681.99976
  20
1252
  0
VERTEX
  5
a01
  8
Layer_6
  10
705.99976
  20
1252
  0
VERTEX
  5
a02
  8
Layer_6
  10
705.99976
  20
1240
  0
VERTEX
  5
a03
  8
Layer_6
  10
737.99976
  20
1240
  0
VERTEX
  5
a04
  8
Layer_6
  10
737.99976
  20
1252
  0
VERTEX
  5
a05
  8
Layer_6
  10
761.99976
  20
1252
  0
VERTEX
  5
a06
  8
Layer_6
  10
761.99976
  20
1240
  0
VERTEX
  5
a07
  8
Layer_6
  10
781.99976
  20
1240
  0
VERTEX
  5
a08
  8
Layer_6
  10
781.99976
  20
1334
  0
VERTEX
  5
a09
  8
Layer_6
  10
769.99976
  20
1334
  0
VERTEX
  5
a0a
  8
Layer_6
  10
769.99976
  20
1346
  0
SEQEND
  0
POLYLINE
  5
a0c
  8
Layer_6
  62
4
  70
1
  66
1
  10
0
  20
0
  30
0
  0
VERTEX
  5
a0c
  8
Layer_6
  10
460.99963
  20
1264
  0
VERTEX
  5
a0d
  8
Layer_6
  10
460.99963
  20
1360
  0
VERTEX
  5
a0e
  8
Layer_6
  10
486.99963
  20
1360
  0
VERTEX
  5
a0f
  8
Layer_6
  10
486.99963
  20
1372
  0
VERTEX
  5
a10
  8
Layer_6
  10
510.99976
  20
1372
  0
VERTEX
  5
a11
  8
Layer_6
  10
510.99976
  20
1360
  0
VERTEX
  5
a12
  8
Layer_6
  10
536.99976
  20
1360
  0
VERTEX
  5
a13
  8
Layer_6
  10
536.99976
  20
1264
  0
VERTEX
  5
a14
  8
Layer_6
  10
548.99976
  20
1264
  0
VERTEX
  5
a15
  8
Layer_6
  10
548.99976
  20
1252
  0
VERTEX
  5
a16
  8
Layer_6
  10
448.99963
  20
1252
  0
VERTEX
  5
a17
  8
Layer_6
  10
448.99963
  20
1264
  0
VERTEX
  5
a18
  8
Layer_6
  10
460.99963
  20
1264
  0
SEQEND
  0
POLYLINE
  5
a1a
  8
Layer_6
  62
4
  70
1
  66
1
  10
0
  20
0
  30
0
  0
VERTEX
  5
a1a
  8
Layer_6
  10
613.99976
  20
1428
  0
VERTEX
  5
a1b
  8
Layer_6
  10
613.99976
  20
1440
  0
VERTEX
  5
a1c
  8
Layer_6
  10
589.99976
  20
1440
  0
VERTEX
  5
a1d
  8
Layer_6
  10
589.99976
  20
1428
  0
VERTEX
  5
a1e
  8
Layer_6
  10
563.99976
  20
1428
  0
VERTEX
  5
a1f
  8
Layer_6
  10
563.99976
  20
1352
  0
VERTEX
  5
a20
  8
Layer_6
  10
551.99976
  20
1352
  0
VERTEX
  5
a21
  8
Layer_6
  10
551.99976
  20
1328
  0
VERTEX
  5
a22
  8
Layer_6
  10
563.99976
  20
1328
  0
VERTEX
  5
a23
  8
Layer_6
  10
563.99976
  20
1252
  0
VERTEX
  5
a24
  8
Layer_6
  10
589.99976
  20
1252
  0
VERTEX
  5
a25
  8
Layer_6
  10
589.99976
  20
1240
  0
VERTEX
  5
a26
  8
Layer_6
  10
613.99976
  20
1240
  0
VERTEX
  5
a27
  8
Layer_6
  10
613.99976
  20
1252
  0
VERTEX
  5
a28
  8
Layer_6
  10
639.99976
  20
1252
  0
VERTEX
  5
a29
  8
Layer_6
  10
639.99976
  20
1328
  0
VERTEX
  5
a2a
  8
Layer_6
  10
651.99976
  20
1328
  0
VERTEX
  5
a2b
  8
Layer_6
  10
651.99976
  20
1352
  0
VERTEX
  5
a2c
  8
Layer_6
  10
639.99976
  20
1352
  0
VERTEX
  5
a2d
  8
Layer_6
  10
639.99976
  20
1428
  0
VERTEX
  5
a2e
  8
Layer_6
  10
613.99976
  20
1428
  0
SEQEND
  0
POLYLINE
  5
a30
  8
Layer_6
  62
4
  70
1
  66
1
  10
0
  20
0
  30
0
  0
VERTEX
  5
a30
  8
Layer_6
  10
589.99976
  20
1346
  0
VERTEX
  5
a31
  8
Layer_6
  10
589.99976
  20
1334
  0
VERTEX
  5
a32
  8
Layer_6
  10
613.99976
  20
1334
  0
VERTEX
  5
a33
  8
Layer_6
  10
613.99976
  20
1346
  0
VERTEX
  5
a34
  8
Layer_6
  10
589.99976
  20
1346
  0
SEQEND
  0
POLYLINE
  5
a36
  8
Layer_6
  62
4
  70
1
  66
1
  10
0
  20
0
  30
0
  0
VERTEX
  5
a36
  8
Layer_6
  10
1540
  20
1032
  0
VERTEX
  5
a37
  8
Layer_6
  10
1520
  20
1032
  0
VERTEX
  5
a38
  8
Layer_6
  10
1520
  20
1058
  0
VERTEX
  5
a39
  8
Layer_6
  10
1532
  20
1058
  0
VERTEX
  5
a3a
  8
Layer_6
  10
1532
  20
1082
  0
VERTEX
  5
a3b
  8
Layer_6
  10
1520
  20
1082
  0
VERTEX
  5
a3c
  8
Layer_6
  10
1520
  20
1108
  0
VERTEX
  5
a3d
  8
Layer_6
  10
1540
  20
1108
  0
VERTEX
  5
a3e
  8
Layer_6
  10
1540
  20
1120
  0
VERTEX
  5
a3f
  8
Layer_6
  10
1564
  20
1120
  0
VERTEX
  5
a40
  8
Layer_6
  10
1564
  20
1108
  0
VERTEX
  5
a41
  8
Layer_6
  10
1596
  20
1108
  0
VERTEX
  5
a42
  8
Layer_6
  10
1596
  20
1120
  0
VERTEX
  5
a43
  8
Layer_6
  10
1620
  20
1120
  0
VERTEX
  5
a44
  8
Layer_6
  10
1620
  20
1108
  0
VERTEX
  5
a45
  8
Layer_6
  10
1640
  20
1108
  0
VERTEX
  5
a46
  8
Layer_6
  10
1640
  20
1032
  0
VERTEX
  5
a47
  8
Layer_6
  10
1620
  20
1032
  0
VERTEX
  5
a48
  8
Layer_6
  10
1620
  20
1020
  0
VERTEX
  5
a49
  8
Layer_6
  10
1596
  20
1020
  0
VERTEX
  5
a4a
  8
Layer_6
  10
1596
  20
1032
  0
VERTEX
  5
a4b
  8
Layer_6
  10
1564
  20
1032
  0
VERTEX
  5
a4c
  8
Layer_6
  10
1564
  20
1020
  0
VERTEX
  5
a4d
  8
Layer_6
  10
1540
  20
1020
  0
VERTEX
  5
a4e
  8
Layer_6
  10
1540
  20
1032
  0
SEQEND
  0
POLYLINE
  5
a50
  8
Layer_6
  62
4
  70
1
  66
1
  10
0
  20
0
  30
0
  0
VERTEX
  5
a50
  8
Layer_6
  10
1498
  20
1126
  0
VERTEX
  5
a51
  8
Layer_6
  10
1510
  20
1126
  0
VERTEX
  5
a52
  8
Layer_6
  10
1510
  20
1220
  0
VERTEX
  5
a53
  8
Layer_6
  10
1490
  20
1220
  0
VERTEX
  5
a54
  8
Layer_6
  10
1490
  20
1208
  0
VERTEX
  5
a55
  8
Layer_6
  10
1466
  20
1208
  0
VERTEX
  5
a56
  8
Layer_6
  10
1466
  20
1220
  0
VERTEX
  5
a57
  8
Layer_6
  10
1434
  20
1220
  0
VERTEX
  5
a58
  8
Layer_6
  10
1434
  20
1208
  0
VERTEX
  5
a59
  8
Layer_6
  10
1410
  20
1208
  0
VERTEX
  5
a5a
  8
Layer_6
  10
1410
  20
1220
  0
VERTEX
  5
a5b
  8
Layer_6
  10
1390
  20
1220
  0
VERTEX
  5
a5c
  8
Layer_6
  10
1390
  20
1132
  0
VERTEX
  5
a5d
  8
Layer_6
  10
1402
  20
1132
  0
VERTEX
  5
a5e
  8
Layer_6
  10
1402
  20
1108
  0
VERTEX
  5
a5f
  8
Layer_6
  10
1390
  20
1108
  0
VERTEX
  5
a60
  8
Layer_6
  10
1390
  20
1020
  0
VERTEX
  5
a61
  8
Layer_6
  10
1410
  20
1020
  0
VERTEX
  5
a62
  8
Layer_6
  10
1410
  20
1032
  0
VERTEX
  5
a63
  8
Layer_6
  10
1434
  20
1032
  0
VERTEX
  5
a64
  8
Layer_6
  10
1434
  20
1020
  0
VERTEX
  5
a65
  8
Layer_6
  10
1466
  20
1020
  0
VERTEX
  5
a66
  8
Layer_6
  10
1466
  20
1032
  0
VERTEX
  5
a67
  8
Layer_6
  10
1490
  20
1032
  0
VERTEX
  5
a68
  8
Layer_6
  10
1490
  20
1020
  0
VERTEX
  5
a69
  8
Layer_6
  10
1510
  20
1020
  0
VERTEX
  5
a6a
  8
Layer_6
  10
1510
  20
1114
  0
VERTEX
  5
a6b
  8
Layer_6
  10
1498
  20
1114
  0
VERTEX
  5
a6c
  8
Layer_6
  10
1498
  20
1126
  0
SEQEND
  0
POLYLINE
  5
a6e
  8
Layer_6
  62
4
  70
1
  66
1
  10
0
  20
0
  30
0
  0
VERTEX
  5
a6e
  8
Layer_6
  10
1540
  20
1142
  0
VERTEX
  5
a6f
  8
Layer_6
  10
1520
  20
1142
  0
VERTEX
  5
a70
  8
Layer_6
  10
1520
  20
1168
  0
VERTEX
  5
a71
  8
Layer_6
  10
1532
  20
1168
  0
VERTEX
  5
a72
  8
Layer_6
  10
1532
  20
1192
  0
VERTEX
  5
a73
  8
Layer_6
  10
1520
  20
1192
  0
VERTEX
  5
a74
  8
Layer_6
  10
1520
  20
1218
  0
VERTEX
  5
a75
  8
Layer_6
  10
1540
  20
1218
  0
VERTEX
  5
a76
  8
Layer_6
  10
1540
  20
1230
  0
VERTEX
  5
a77
  8
Layer_6
  10
1564
  20
1230
  0
VERTEX
  5
a78
  8
Layer_6
  10
1564
  20
1218
  0
VERTEX
  5
a79
  8
Layer_6
  10
1596
  20
1218
  0
VERTEX
  5
a7a
  8
Layer_6
  10
1596
  20
1230
  0
VERTEX
  5
a7b
  8
Layer_6
  10
1620
  20
1230
  0
VERTEX
  5
a7c
  8
Layer_6
  10
1620
  20
1218
  0
VERTEX
  5
a7d
  8
Layer_6
  10
1640
  20
1218
  0
VERTEX
  5
a7e
  8
Layer_6
  10
1640
  20
1142
  0
VERTEX
  5
a7f
  8
Layer_6
  10
1620
  20
1142
  0
VERTEX
  5
a80
  8
Layer_6
  10
1620
  20
1130
  0
VERTEX
  5
a81
  8
Layer_6
  10
1596
  20
1130
  0
VERTEX
  5
a82
  8
Layer_6
  10
1596
  20
1142
  0
VERTEX
  5
a83
  8
Layer_6
  10
1564
  20
1142
  0
VERTEX
  5
a84
  8
Layer_6
  10
1564
  20
1130
  0
VERTEX
  5
a85
  8
Layer_6
  10
1540
  20
1130
  0
VERTEX
  5
a86
  8
Layer_6
  10
1540
  20
1142
  0
SEQEND
  0
POLYLINE
  5
a88
  8
Layer_6
  62
4
  70
1
  66
1
  10
0
  20
0
  30
0
  0
VERTEX
  5
a88
  8
Layer_6
  10
1368
  20
1126
  0
VERTEX
  5
a89
  8
Layer_6
  10
1380
  20
1126
  0
VERTEX
  5
a8a
  8
Layer_6
  10
1380
  20
1220
  0
VERTEX
  5
a8b
  8
Layer_6
  10
1360
  20
1220
  0
VERTEX
  5
a8c
  8
Layer_6
  10
1360
  20
1208
  0
VERTEX
  5
a8d
  8
Layer_6
  10
1336
  20
1208
  0
VERTEX
  5
a8e
  8
Layer_6
  10
1336
  20
1220
  0
VERTEX
  5
a8f
  8
Layer_6
  10
1304
  20
1220
  0
VERTEX
  5
a90
  8
Layer_6
  10
1304
  20
1208
  0
VERTEX
  5
a91
  8
Layer_6
  10
1280
  20
1208
  0
VERTEX
  5
a92
  8
Layer_6
  10
1280
  20
1220
  0
VERTEX
  5
a93
  8
Layer_6
  10
1260
  20
1220
  0
VERTEX
  5
a94
  8
Layer_6
  10
1260
  20
1132
  0
VERTEX
  5
a95
  8
Layer_6
  10
1272
  20
1132
  0
VERTEX
  5
a96
  8
Layer_6
  10
1272
  20
1108
  0
VERTEX
  5
a97
  8
Layer_6
  10
1260
  20
1108
  0
VERTEX
  5
a98
  8
Layer_6
  10
1260
  20
1020
  0
VERTEX
  5
a99
  8
Layer_6
  10
1280
  20
1020
  0
VERTEX
  5
a9a
  8
Layer_6
  10
1280
  20
1032
  0
VERTEX
  5
a9b
  8
Layer_6
  10
1304
  20
1032
  0
VERTEX
  5
a9c
  8
Layer_6
  10
1304
  20
1020
  0
VERTEX
  5
a9d
  8
Layer_6
  10
1336
  20
1020
  0
VERTEX
  5
a9e
  8
Layer_6
  10
1336
  20
1032
  0
VERTEX
  5
a9f
  8
Layer_6
  10
1360
  20
1032
  0
VERTEX
  5
aa0
  8
Layer_6
  10
1360
  20
1020
  0
VERTEX
  5
aa1
  8
Layer_6
  10
1380
  20
1020
  0
VERTEX
  5
aa2
  8
Layer_6
  10
1380
  20
1114
  0
VERTEX
  5
aa3
  8
Layer_6
  10
1368
  20
1114
  0
VERTEX
  5
aa4
  8
Layer_6
  10
1368
  20
1126
  0
SEQEND
  0
POLYLINE
  5
aa6
  8
Layer_6
  62
4
  70
1
  66
1
  10
0
  20
0
  30
0
  0
VERTEX
  5
aa6
  8
Layer_6
  10
1058.9999
  20
1044
  0
VERTEX
  5
aa7
  8
Layer_6
  10
1058.9999
  20
1140
  0
VERTEX
  5
aa8
  8
Layer_6
  10
1084.9999
  20
1140
  0
VERTEX
  5
aa9
  8
Layer_6
  10
1084.9999
  20
1152
  0
VERTEX
  5
aaa
  8
Layer_6
  10
1109
  20
1152
  0
VERTEX
  5
aab
  8
Layer_6
  10
1109
  20
1140
  0
VERTEX
  5
aac
  8
Layer_6
  10
1135
  20
1140
  0
VERTEX
  5
aad
  8
Layer_6
  10
1135
  20
1044
  0
VERTEX
  5
aae
  8
Layer_6
  10
1147
  20
1044
  0
VERTEX
  5
aaf
  8
Layer_6
  10
1147
  20
1032
  0
VERTEX
  5
ab0
  8
Layer_6
  10
1046.9999
  20
1032
  0
VERTEX
  5
ab1
  8
Layer_6
  10
1046.9999
  20
1044
  0
VERTEX
  5
ab2
  8
Layer_6
  10
1058.9999
  20
1044
  0
SEQEND
  0
POLYLINE
  5
ab4
  8
Layer_6
  62
4
  70
1
  66
1
  10
0
  20
0
  30
0
  0
VERTEX
  5
ab4
  8
Layer_6
  10
1212
  20
1208
  0
VERTEX
  5
ab5
  8
Layer_6
  10
1212
  20
1220
  0
VERTEX
  5
ab6
  8
Layer_6
  10
1188
  20
1220
  0
VERTEX
  5
ab7
  8
Layer_6
  10
1188
  20
1208
  0
VERTEX
  5
ab8
  8
Layer_6
  10
1162
  20
1208
  0
VERTEX
  5
ab9
  8
Layer_6
  10
1162
  20
1132
  0
VERTEX
  5
aba
  8
Layer_6
  10
1150
  20
1132
  0
VERTEX
  5
abb
  8
Layer_6
  10
1150
  20
1108
  0
VERTEX
  5
abc
  8
Layer_6
  10
1162
  20
1108
  0
VERTEX
  5
abd
  8
Layer_6
  10
1162
  20
1032
  0
VERTEX
  5
abe
  8
Layer_6
  10
1188
  20
1032
  0
VERTEX
  5
abf
  8
Layer_6
  10
1188
  20
1020
  0
VERTEX
  5
ac0
  8
Layer_6
  10
1212
  20
1020
  0
VERTEX
  5
ac1
  8
Layer_6
  10
1212
  20
1032
  0
VERTEX
  5
ac2
  8
Layer_6
  10
1238
  20
1032
  0
VERTEX
  5
ac3
  8
Layer_6
  10
1238
  20
1108
  0
VERTEX
  5
ac4
  8
Layer_6
  10
1250
  20
1108
  0
VERTEX
  5
ac5
  8
Layer_6
  10
1250
  20
1132
  0
VERTEX
  5
ac6
  8
Layer_6
  10
1238
  20
1132
  0
VERTEX
  5
ac7
  8
Layer_6
  10
1238
  20
1208
  0
VERTEX
  5
ac8
  8
Layer_6
  10
1212
  20
1208
  0
SEQEND
  0
POLYLINE
  5
aca
  8
Layer_6
  62
4
  70
1
  66
1
  10
0
  20
0
  30
0
  0
VERTEX
  5
aca
  8
Layer_6
  10
1188
  20
1126
  0
VERTEX
  5
acb
  8
Layer_6
  10
1188
  20
1114
  0
VERTEX
  5
acc
  8
Layer_6
  10
1212
  20
1114
  0
VERTEX
  5
acd
  8
Layer_6
  10
1212
  20
1126
  0
VERTEX
  5
ace
  8
Layer_6
  10
1188
  20
1126
  0
SEQEND
  0
POLYLINE
  5
ad0
  8
Layer_6
  62
4
  70
1
  66
1
  10
0
  20
0
  30
0
  0
VERTEX
  5
ad0
  8
Layer_6
  10
941.99976
  20
1032
  0
VERTEX
  5
ad1
  8
Layer_6
  10
921.99976
  20
1032
  0
VERTEX
  5
ad2
  8
Layer_6
  10
921.99976
  20
1058
  0
VERTEX
  5
ad3
  8
Layer_6
  10
933.99976
  20
1058
  0
VERTEX
  5
ad4
  8
Layer_6
  10
933.99976
  20
1082
  0
VERTEX
  5
ad5
  8
Layer_6
  10
921.99976
  20
1082
  0
VERTEX
  5
ad6
  8
Layer_6
  10
921.99976
  20
1108
  0
VERTEX
  5
ad7
  8
Layer_6
  10
941.99976
  20
1108
  0
VERTEX
  5
ad8
  8
Layer_6
  10
941.99976
  20
1120
  0
VERTEX
  5
ad9
  8
Layer_6
  10
965.99976
  20
1120
  0
VERTEX
  5
ada
  8
Layer_6
  10
965.99976
  20
1108
  0
VERTEX
  5
adb
  8
Layer_6
  10
997.99976
  20
1108
  0
VERTEX
  5
adc
  8
Layer_6
  10
997.99976
  20
1120
  0
VERTEX
  5
add
  8
Layer_6
  10
1021.9998
  20
1120
  0
VERTEX
  5
ade
  8
Layer_6
  10
1021.9998
  20
1108
  0
VERTEX
  5
adf
  8
Layer_6
  10
1041.9998
  20
1108
  0
VERTEX
  5
ae0
  8
Layer_6
  10
1041.9998
  20
1032
  0
VERTEX
  5
ae1
  8
Layer_6
  10
1021.9998
  20
1032
  0
VERTEX
  5
ae2
  8
Layer_6
  10
1021.9998
  20
1020
  0
VERTEX
  5
ae3
  8
Layer_6
  10
997.99976
  20
1020
  0
VERTEX
  5
ae4
  8
Layer_6
  10
997.99976
  20
1032
  0
VERTEX
  5
ae5
  8
Layer_6
  10
965.99976
  20
1032
  0
VERTEX
  5
ae6
  8
Layer_6
  10
965.99976
  20
1020
  0
VERTEX
  5
ae7
  8
Layer_6
  10
941.99976
  20
1020
  0
VERTEX
  5
ae8
  8
Layer_6
  10
941.99976
  20
1032
  0
SEQEND
  0
POLYLINE
  5
aea
  8
Layer_6
  62
4
  70
1
  66
1
  10
0
  20
0
  30
0
  0
VERTEX
  5
aea
  8
Layer_6
  10
899.99976
  20
1126
  0
VERTEX
  5
aeb
  8
Layer_6
  10
911.99976
  20
1126
  0
VERTEX
  5
aec
  8
Layer_6
  10
911.99976
  20
1220
  0
VERTEX
  5
aed
  8
Layer_6
  10
891.99976
  20
1220
  0
VERTEX
  5
aee
  8
Layer_6
  10
891.99976
  20
1208
  0
VERTEX
  5
aef
  8
Layer_6
  10
867.99976
  20
1208
  0
VERTEX
  5
af0
  8
Layer_6
  10
867.99976
  20
1220
  0
VERTEX
  5
af1
  8
Layer_6
  10
835.99976
  20
1220
  0
VERTEX
  5
af2
  8
Layer_6
  10
835.99976
  20
1208
  0
VERTEX
  5
af3
  8
Layer_6
  10
811.99976
  20
1208
  0
VERTEX
  5
af4
  8
Layer_6
  10
811.99976
  20
1220
  0
VERTEX
  5
af5
  8
Layer_6
  10
791.99976
  20
1220
  0
VERTEX
  5
af6
  8
Layer_6
  10
791.99976
  20
1132
  0
VERTEX
  5
af7
  8
Layer_6
  10
803.99976
  20
1132
  0
VERTEX
  5
af8
  8
Layer_6
  10
803.99976
  20
1108
  0
VERTEX
  5
af9
  8
Layer_6
  10
791.99976
  20
1108
  0
VERTEX
  5
afa
  8
Layer_6
  10
791.99976
  20
1020
  0
VERTEX
  5
afb
  8
Layer_6
  10
811.99976
  20
1020
  0
VERTEX
  5
afc
  8
Layer_6
  10
811.99976
  20
1032
  0
VERTEX
  5
afd
  8
Layer_6
  10
835.99976
  20
1032
  0
VERTEX
  5
afe
  8
Layer_6
  10
835.99976
  20
1020
  0
VERTEX
  5
aff
  8
Layer_6
  10
867.99976
  20
1020
  0
VERTEX
  5
b00
  8
Layer_6
  10
867.99976
  20
1032
  0
VERTEX
  5
b01
  8
Layer_6
  10
891.99976
  20
1032
  0
VERTEX
  5
b02
  8
Layer_6
  10
891.99976
  20
1020
  0
VERTEX
  5
b03
  8
Layer_6
  10
911.99976
  20
1020
  0
VERTEX
  5
b04
  8
Layer_6
  10
911.99976
  20
1114
  0
VERTEX
  5
b05
  8
Layer_6
  10
899.99976
  20
1114
  0
VERTEX
  5
b06
  8
Layer_6
  10
899.99976
  20
1126
  0
SEQEND
  0
POLYLINE
  5
b08
  8
Layer_6
  62
4
  70
1
  66
1
  10
0
  20
0
  30
0
  0
VERTEX
  5
b08
  8
Layer_6
  10
941.99976
  20
1142
  0
VERTEX
  5
b09
  8
Layer_6
  10
921.99976
  20
1142
  0
VERTEX
  5
b0a
  8
Layer_6
  10
921.99976
  20
1168
  0
VERTEX
  5
b0b
  8
Layer_6
  10
933.99976
  20
1168
  0
VERTEX
  5
b0c
  8
Layer_6
  10
933.99976
  20
1192
  0
VERTEX
  5
b0d
  8
Layer_6
  10
921.99976
  20
1192
  0
VERTEX
  5
b0e
  8
Layer_6
  10
921.99976
  20
1218
  0
VERTEX
  5
b0f
  8
Layer_6
  10
941.99976
  20
1218
  0
VERTEX
  5
b10
  8
Layer_6
  10
941.99976
  20
1230
  0
VERTEX
  5
b11
  8
Layer_6
  10
965.99976
  20
1230
  0
VERTEX
  5
b12
  8
Layer_6
  10
965.99976
  20
1218
  0
VERTEX
  5
b13
  8
Layer_6
  10
997.99976
  20
1218
  0
VERTEX
  5
b14
  8
Layer_6
  10
997.99976
  20
1230
  0
VERTEX
  5
b15
  8
Layer_6
  10
1021.9998
  20
1230
  0
VERTEX
  5
b16
  8
Layer_6
  10
1021.9998
  20
1218
  0
VERTEX
  5
b17
  8
Layer_6
  10
1041.9998
  20
1218
  0
VERTEX
  5
b18
  8
Layer_6
  10
1041.9998
  20
1142
  0
VERTEX
  5
b19
  8
Layer_6
  10
1021.9998
  20
1142
  0
VERTEX
  5
b1a
  8
Layer_6
  10
1021.9998
  20
1130
  0
VERTEX
  5
b1b
  8
Layer_6
  10
997.99976
  20
1130
  0
VERTEX
  5
b1c
  8
Layer_6
  10
997.99976
  20
1142
  0
VERTEX
  5
b1d
  8
Layer_6
  10
965.99976
  20
1142
  0
VERTEX
  5
b1e
  8
Layer_6
  10
965.99976
  20
1130
  0
VERTEX
  5
b1f
  8
Layer_6
  10
941.99976
  20
1130
  0
VERTEX
  5
b20
  8
Layer_6
  10
941.99976
  20
1142
  0
SEQEND
  0
POLYLINE
  5
b22
  8
Layer_6
  62
4
  70
1
  66
1
  10
0
  20
0
  30
0
  0
VERTEX
  5
b22
  8
Layer_6
  10
769.99976
  20
1126
  0
VERTEX
  5
b23
  8
Layer_6
  10
781.99976
  20
1126
  0
VERTEX
  5
b24
  8
Layer_6
  10
781.99976
  20
1220
  0
VERTEX
  5
b25
  8
Layer_6
  10
761.99976
  20
1220
  0
VERTEX
  5
b26
  8
Layer_6
  10
761.99976
  20
1208
  0
VERTEX
  5
b27
  8
Layer_6
  10
737.99976
  20
1208
  0
VERTEX
  5
b28
  8
Layer_6
  10
737.99976
  20
1220
  0
VERTEX
  5
b29
  8
Layer_6
  10
705.99976
  20
1220
  0
VERTEX
  5
b2a
  8
Layer_6
  10
705.99976
  20
1208
  0
VERTEX
  5
b2b
  8
Layer_6
  10
681.99976
  20
1208
  0
VERTEX
  5
b2c
  8
Layer_6
  10
681.99976
  20
1220
  0
VERTEX
  5
b2d
  8
Layer_6
  10
661.99976
  20
1220
  0
VERTEX
  5
b2e
  8
Layer_6
  10
661.99976
  20
1132
  0
VERTEX
  5
b2f
  8
Layer_6
  10
673.99976
  20
1132
  0
VERTEX
  5
b30
  8
Layer_6
  10
673.99976
  20
1108
  0
VERTEX
  5
b31
  8
Layer_6
  10
661.99976
  20
1108
  0
VERTEX
  5
b32
  8
Layer_6
  10
661.99976
  20
1020
  0
VERTEX
  5
b33
  8
Layer_6
  10
681.99976
  20
1020
  0
VERTEX
  5
b34
  8
Layer_6
  10
681.99976
  20
1032
  0
VERTEX
  5
b35
  8
Layer_6
  10
705.99976
  20
1032
  0
VERTEX
  5
b36
  8
Layer_6
  10
705.99976
  20
1020
  0
VERTEX
  5
b37
  8
Layer_6
  10
737.99976
  20
1020
  0
VERTEX
  5
b38
  8
Layer_6
  10
737.99976
  20
1032
  0
VERTEX
  5
b39
  8
Layer_6
  10
761.99976
  20
1032
  0
VERTEX
  5
b3a
  8
Layer_6
  10
761.99976
  20
1020
  0
VERTEX
  5
b3b
  8
Layer_6
  10
781.99976
  20
1020
  0
VERTEX
  5
b3c
  8
Layer_6
  10
781.99976
  20
1114
  0
VERTEX
  5
b3d
  8
Layer_6
  10
769.99976
  20
1114
  0
VERTEX
  5
b3e
  8
Layer_6
  10
769.99976
  20
1126
  0
SEQEND
  0
POLYLINE
  5
b40
  8
Layer_6
  62
4
  70
1
  66
1
  10
0
  20
0
  30
0
  0
VERTEX
  5
b40
  8
Layer_6
  10
460.99963
  20
1044
  0
VERTEX
  5
b41
  8
Layer_6
  10
460.99963
  20
1140
  0
VERTEX
  5
b42
  8
Layer_6
  10
486.99963
  20
1140
  0
VERTEX
  5
b43
  8
Layer_6
  10
486.99963
  20
1152
  0
VERTEX
  5
b44
  8
Layer_6
  10
510.99976
  20
1152
  0
VERTEX
  5
b45
  8
Layer_6
  10
510.99976
  20
1140
  0
VERTEX
  5
b46
  8
Layer_6
  10
536.99976
  20
1140
  0
VERTEX
  5
b47
  8
Layer_6
  10
536.99976
  20
1044
  0
VERTEX
  5
b48
  8
Layer_6
  10
548.99976
  20
1044
  0
VERTEX
  5
b49
  8
Layer_6
  10
548.99976
  20
1032
  0
VERTEX
  5
b4a
  8
Layer_6
  10
448.99963
  20
1032
  0
VERTEX
  5
b4b
  8
Layer_6
  10
448.99963
  20
1044
  0
VERTEX
  5
b4c
  8
Layer_6
  10
460.99963
  20
1044
  0
SEQEND
  0
POLYLINE
  5
b4e
  8
Layer_6
  62
4
  70
1
  66
1
  10
0
  20
0
  30
0
  0
VERTEX
  5
b4e
  8
Layer_6
  10
613.99976
  20
1208
  0
VERTEX
  5
b4f
  8
Layer_6
  10
613.99976
  20
1220
  0
VERTEX
  5
b50
  8
Layer_6
  10
589.99976
  20
1220
  0
VERTEX
  5
b51
  8
Layer_6
  10
589.99976
  20
1208
  0
VERTEX
  5
b52
  8
Layer_6
  10
563.99976
  20
1208
  0
VERTEX
  5
b53
  8
Layer_6
  10
563.99976
  20
1132
  0
VERTEX
  5
b54
  8
Layer_6
  10
551.99976
  20
1132
  0
VERTEX
  5
b55
  8
Layer_6
  10
551.99976
  20
1108
  0
VERTEX
  5
b56
  8
Layer_6
  10
563.99976
  20
1108
  0
VERTEX
  5
b57
  8
Layer_6
  10
563.99976
  20
1032
  0
VERTEX
  5
b58
  8
Layer_6
  10
589.99976
  20
1032
  0
VERTEX
  5
b59
  8
Layer_6
  10
589.99976
  20
1020
  0
VERTEX
  5
b5a
  8
Layer_6
  10
613.99976
  20
1020
  0
VERTEX
  5
b5b
  8
Layer_6
  10
613.99976
  20
1032
  0
VERTEX
  5
b5c
  8
Layer_6
  10
639.99976
  20
1032
  0
VERTEX
  5
b5d
  8
Layer_6
  10
639.99976
  20
1108
  0
VERTEX
  5
b5e
  8
Layer_6
  10
651.99976
  20
1108
  0
VERTEX
  5
b5f
  8
Layer_6
  10
651.99976
  20
1132
  0
VERTEX
  5
b60
  8
Layer_6
  10
639.99976
  20
1132
  0
VERTEX
  5
b61
  8
Layer_6
  10
639.99976
  20
1208
  0
VERTEX
  5
b62
  8
Layer_6
  10
613.99976
  20
1208
  0
SEQEND
  0
POLYLINE
  5
b64
  8
Layer_6
  62
4
  70
1
  66
1
  10
0
  20
0
  30
0
  0
VERTEX
  5
b64
  8
Layer_6
  10
589.99976
  20
1126
  0
VERTEX
  5
b65
  8
Layer_6
  10
589.99976
  20
1114
  0
VERTEX
  5
b66
  8
Layer_6
  10
613.99976
  20
1114
  0
VERTEX
  5
b67
  8
Layer_6
  10
613.99976
  20
1126
  0
VERTEX
  5
b68
  8
Layer_6
  10
589.99976
  20
1126
  0
SEQEND
  0
POLYLINE
  5
b6a
  8
Layer_6
  62
4
  70
1
  66
1
  10
0
  20
0
  30
0
  0
VERTEX
  5
b6a
  8
Layer_6
  10
1540
  20
812
  0
VERTEX
  5
b6b
  8
Layer_6
  10
1520
  20
812
  0
VERTEX
  5
b6c
  8
Layer_6
  10
1520
  20
838
  0
VERTEX
  5
b6d
  8
Layer_6
  10
1532
  20
838
  0
VERTEX
  5
b6e
  8
Layer_6
  10
1532
  20
862
  0
VERTEX
  5
b6f
  8
Layer_6
  10
1520
  20
862
  0
VERTEX
  5
b70
  8
Layer_6
  10
1520
  20
888
  0
VERTEX
  5
b71
  8
Layer_6
  10
1540
  20
888
  0
VERTEX
  5
b72
  8
Layer_6
  10
1540
  20
900
  0
VERTEX
  5
b73
  8
Layer_6
  10
1564
  20
900
  0
VERTEX
  5
b74
  8
Layer_6
  10
1564
  20
888
  0
VERTEX
  5
b75
  8
Layer_6
  10
1596
  20
888
  0
VERTEX
  5
b76
  8
Layer_6
  10
1596
  20
900
  0
VERTEX
  5
b77
  8
Layer_6
  10
1620
  20
900
  0
VERTEX
  5
b78
  8
Layer_6
  10
1620
  20
888
  0
VERTEX
  5
b79
  8
Layer_6
  10
1640
  20
888
  0
VERTEX
  5
b7a
  8
Layer_6
  10
1640
  20
812
  0
VERTEX
  5
b7b
  8
Layer_6
  10
1620
  20
812
  0
VERTEX
  5
b7c
  8
Layer_6
  10
1620
  20
800
  0
VERTEX
  5
b7d
  8
Layer_6
  10
1596
  20
800
  0
VERTEX
  5
b7e
  8
Layer_6
  10
1596
  20
812
  0
VERTEX
  5
b7f
  8
Layer_6
  10
1564
  20
812
  0
VERTEX
  5
b80
  8
Layer_6
  10
1564
  20
800
  0
VERTEX
  5
b81
  8
Layer_6
  10
1540
  20
800
  0
VERTEX
  5
b82
  8
Layer_6
  10
1540
  20
812
  0
SEQEND
  0
POLYLINE
  5
b84
  8
Layer_6
  62
4
  70
1
  66
1
  10
0
  20
0
  30
0
  0
VERTEX
  5
b84
  8
Layer_6
  10
1498
  20
906
  0
VERTEX
  5
b85
  8
Layer_6
  10
1510
  20
906
  0
VERTEX
  5
b86
  8
Layer_6
  10
1510
  20
1000
  0
VERTEX
  5
b87
  8
Layer_6
  10
1490
  20
1000
  0
VERTEX
  5
b88
  8
Layer_6
  10
1490
  20
988
  0
VERTEX
  5
b89
  8
Layer_6
  10
1466
  20
988
  0
VERTEX
  5
b8a
  8
Layer_6
  10
1466
  20
1000
  0
VERTEX
  5
b8b
  8
Layer_6
  10
1434
  20
1000
  0
VERTEX
  5
b8c
  8
Layer_6
  10
1434
  20
988
  0
VERTEX
  5
b8d
  8
Layer_6
  10
1410
  20
988
  0
VERTEX
  5
b8e
  8
Layer_6
  10
1410
  20
1000
  0
VERTEX
  5
b8f
  8
Layer_6
  10
1390
  20
1000
  0
VERTEX
  5
b90
  8
Layer_6
  10
1390
  20
912
  0
VERTEX
  5
b91
  8
Layer_6
  10
1402
  20
912
  0
VERTEX
  5
b92
  8
Layer_6
  10
1402
  20
888
  0
VERTEX
  5
b93
  8
Layer_6
  10
1390
  20
888
  0
VERTEX
  5
b94
  8
Layer_6
  10
1390
  20
800
  0
VERTEX
  5
b95
  8
Layer_6
  10
1410
  20
800
  0
VERTEX
  5
b96
  8
Layer_6
  10
1410
  20
812
  0
VERTEX
  5
b97
  8
Layer_6
  10
1434
  20
812
  0
VERTEX
  5
b98
  8
Layer_6
  10
1434
  20
800
  0
VERTEX
  5
b99
  8
Layer_6
  10
1466
  20
800
  0
VERTEX
  5
b9a
  8
Layer_6
  10
1466
  20
812
  0
VERTEX
  5
b9b
  8
Layer_6
  10
1490
  20
812
  0
VERTEX
  5
b9c
  8
Layer_6
  10
1490
  20
800
  0
VERTEX
  5
b9d
  8
Layer_6
  10
1510
  20
800
  0
VERTEX
  5
b9e
  8
Layer_6
  10
1510
  20
894
  0
VERTEX
  5
b9f
  8
Layer_6
  10
1498
  20
894
  0
VERTEX
  5
ba0
  8
Layer_6
  10
1498
  20
906
  0
SEQEND
  0
POLYLINE
  5
ba2
  8
Layer_6
  62
4
  70
1
  66
1
  10
0
  20
0
  30
0
  0
VERTEX
  5
ba2
  8
Layer_6
  10
1540
  20
922
  0
VERTEX
  5
ba3
  8
Layer_6
  10
1520
  20
922
  0
VERTEX
  5
ba4
  8
Layer_6
  10
1520
  20
948
  0
VERTEX
  5
ba5
  8
Layer_6
  10
1532
  20
948
  0
VERTEX
  5
ba6
  8
Layer_6
  10
1532
  20
972
  0
VERTEX
  5
ba7
  8
Layer_6
  10
1520
  20
972
  0
VERTEX
  5
ba8
  8
Layer_6
  10
1520
  20
998
  0
VERTEX
  5
ba9
  8
Layer_6
  10
1540
  20
998
  0
VERTEX
  5
baa
  8
Layer_6
  10
1540
  20
1010
  0
VERTEX
  5
bab
  8
Layer_6
  10
1564
  20
1010
  0
VERTEX
  5
bac
  8
Layer_6
  10
1564
  20
998
  0
VERTEX
  5
bad
  8
Layer_6
  10
1596
  20
998
  0
VERTEX
  5
bae
  8
Layer_6
  10
1596
  20
1010
  0
VERTEX
  5
baf
  8
Layer_6
  10
1620
  20
1010
  0
VERTEX
  5
bb0
  8
Layer_6
  10
1620
  20
998
  0
VERTEX
  5
bb1
  8
Layer_6
  10
1640
  20
998
  0
VERTEX
  5
bb2
  8
Layer_6
  10
1640
  20
922
  0
VERTEX
  5
bb3
  8
Layer_6
  10
1620
  20
922
  0
VERTEX
  5
bb4
  8
Layer_6
  10
1620
  20
910
  0
VERTEX
  5
bb5
  8
Layer_6
  10
1596
  20
910
  0
VERTEX
  5
bb6
  8
Layer_6
  10
1596
  20
922
  0
VERTEX
  5
bb7
  8
Layer_6
  10
1564
  20
922
  0
VERTEX
  5
bb8
  8
Layer_6
  10
1564
  20
910
  0
VERTEX
  5
bb9
  8
Layer_6
  10
1540
  20
910
  0
VERTEX
  5
bba
  8
Layer_6
  10
1540
  20
922
  0
SEQEND
  0
POLYLINE
  5
bbc
  8
Layer_6
  62
4
  70
1
  66
1
  10
0
  20
0
  30
0
  0
VERTEX
  5
bbc
  8
Layer_6
  10
1368
  20
906
  0
VERTEX
  5
bbd
  8
Layer_6
  10
1380
  20
906
  0
VERTEX
  5
bbe
  8
Layer_6
  10
1380
  20
1000
  0
VERTEX
  5
bbf
  8
Layer_6
  10
1360
  20
1000
  0
VERTEX
  5
bc0
  8
Layer_6
  10
1360
  20
988
  0
VERTEX
  5
bc1
  8
Layer_6
  10
1336
  20
988
  0
VERTEX
  5
bc2
  8
Layer_6
  10
1336
  20
1000
  0
VERTEX
  5
bc3
  8
Layer_6
  10
1304
  20
1000
  0
VERTEX
  5
bc4
  8
Layer_6
  10
1304
  20
988
  0
VERTEX
  5
bc5
  8
Layer_6
  10
1280
  20
988
  0
VERTEX
  5
bc6
  8
Layer_6
  10
1280
  20
1000
  0
VERTEX
  5
bc7
  8
Layer_6
  10
1260
  20
1000
  0
VERTEX
  5
bc8
  8
Layer_6
  10
1260
  20
912
  0
VERTEX
  5
bc9
  8
Layer_6
  10
1272
  20
912
  0
VERTEX
  5
bca
  8
Layer_6
  10
1272
  20
888
  0
VERTEX
  5
bcb
  8
Layer_6
  10
1260
  20
888
  0
VERTEX
  5
bcc
  8
Layer_6
  10
1260
  20
800
  0
VERTEX
  5
bcd
  8
Layer_6
  10
1280
  20
800
  0
VERTEX
  5
bce
  8
Layer_6
  10
1280
  20
812
  0
VERTEX
  5
bcf
  8
Layer_6
  10
1304
  20
812
  0
VERTEX
  5
bd0
  8
Layer_6
  10
1304
  20
800
  0
VERTEX
  5
bd1
  8
Layer_6
  10
1336
  20
800
  0
VERTEX
  5
bd2
  8
Layer_6
  10
1336
  20
812
  0
VERTEX
  5
bd3
  8
Layer_6
  10
1360
  20
812
  0
VERTEX
  5
bd4
  8
Layer_6
  10
1360
  20
800
  0
VERTEX
  5
bd5
  8
Layer_6
  10
1380
  20
800
  0
VERTEX
  5
bd6
  8
Layer_6
  10
1380
  20
894
  0
VERTEX
  5
bd7
  8
Layer_6
  10
1368
  20
894
  0
VERTEX
  5
bd8
  8
Layer_6
  10
1368
  20
906
  0
SEQEND
  0
POLYLINE
  5
bda
  8
Layer_6
  62
4
  70
1
  66
1
  10
0
  20
0
  30
0
  0
VERTEX
  5
bda
  8
Layer_6
  10
1058.9999
  20
824
  0
VERTEX
  5
bdb
  8
Layer_6
  10
1058.9999
  20
920
  0
VERTEX
  5
bdc
  8
Layer_6
  10
1084.9999
  20
920
  0
VERTEX
  5
bdd
  8
Layer_6
  10
1084.9999
  20
932
  0
VERTEX
  5
bde
  8
Layer_6
  10
1109
  20
932
  0
VERTEX
  5
bdf
  8
Layer_6
  10
1109
  20
920
  0
VERTEX
  5
be0
  8
Layer_6
  10
1135
  20
920
  0
VERTEX
  5
be1
  8
Layer_6
  10
1135
  20
824
  0
VERTEX
  5
be2
  8
Layer_6
  10
1147
  20
824
  0
VERTEX
  5
be3
  8
Layer_6
  10
1147
  20
812
  0
VERTEX
  5
be4
  8
Layer_6
  10
1046.9999
  20
812
  0
VERTEX
  5
be5
  8
Layer_6
  10
1046.9999
  20
824
  0
VERTEX
  5
be6
  8
Layer_6
  10
1058.9999
  20
824
  0
SEQEND
  0
POLYLINE
  5
be8
  8
Layer_6
  62
4
  70
1
  66
1
  10
0
  20
0
  30
0
  0
VERTEX
  5
be8
  8
Layer_6
  10
1212
  20
988
  0
VERTEX
  5
be9
  8
Layer_6
  10
1212
  20
1000
  0
VERTEX
  5
bea
  8
Layer_6
  10
1188
  20
1000
  0
VERTEX
  5
beb
  8
Layer_6
  10
1188
  20
988
  0
VERTEX
  5
bec
  8
Layer_6
  10
1162
  20
988
  0
VERTEX
  5
bed
  8
Layer_6
  10
1162
  20
912
  0
VERTEX
  5
bee
  8
Layer_6
  10
1150
  20
912
  0
VERTEX
  5
bef
  8
Layer_6
  10
1150
  20
888
  0
VERTEX
  5
bf0
  8
Layer_6
  10
1162
  20
888
  0
VERTEX
  5
bf1
  8
Layer_6
  10
1162
  20
812
  0
VERTEX
  5
bf2
  8
Layer_6
  10
1188
  20
812
  0
VERTEX
  5
bf3
  8
Layer_6
  10
1188
  20
800
  0
VERTEX
  5
bf4
  8
Layer_6
  10
1212
  20
800
  0
VERTEX
  5
bf5
  8
Layer_6
  10
1212
  20
812
  0
VERTEX
  5
bf6
  8
Layer_6
  10
1238
  20
812
  0
VERTEX
  5
bf7
  8
Layer_6
  10
1238
  20
888
  0
VERTEX
  5
bf8
  8
Layer_6
  10
1250
  20
888
  0
VERTEX
  5
bf9
  8
Layer_6
  10
1250
  20
912
  0
VERTEX
  5
bfa
  8
Layer_6
  10
1238
  20
912
  0
VERTEX
  5
bfb
  8
Layer_6
  10
1238
  20
988
  0
VERTEX
  5
bfc
  8
Layer_6
  10
1212
  20
988
  0
SEQEND
  0
POLYLINE
  5
bfe
  8
Layer_6
  62
4
  70
1
  66
1
  10
0
  20
0
  30
0
  0
VERTEX
  5
bfe
  8
Layer_6
  10
1188
  20
906
  0
VERTEX
  5
bff
  8
Layer_6
  10
1188
  20
894
  0
VERTEX
  5
c00
  8
Layer_6
  10
1212
  20
894
  0
VERTEX
  5
c01
  8
Layer_6
  10
1212
  20
906
  0
VERTEX
  5
c02
  8
Layer_6
  10
1188
  20
906
  0
SEQEND
  0
POLYLINE
  5
c04
  8
Layer_6
  62
4
  70
1
  66
1
  10
0
  20
0
  30
0
  0
VERTEX
  5
c04
  8
Layer_6
  10
941.99976
  20
812
  0
VERTEX
  5
c05
  8
Layer_6
  10
921.99976
  20
812
  0
VERTEX
  5
c06
  8
Layer_6
  10
921.99976
  20
838
  0
VERTEX
  5
c07
  8
Layer_6
  10
933.99976
  20
838
  0
VERTEX
  5
c08
  8
Layer_6
  10
933.99976
  20
862
  0
VERTEX
  5
c09
  8
Layer_6
  10
921.99976
  20
862
  0
VERTEX
  5
c0a
  8
Layer_6
  10
921.99976
  20
888
  0
VERTEX
  5
c0b
  8
Layer_6
  10
941.99976
  20
888
  0
VERTEX
  5
c0c
  8
Layer_6
  10
941.99976
  20
900
  0
VERTEX
  5
c0d
  8
Layer_6
  10
965.99976
  20
900
  0
VERTEX
  5
c0e
  8
Layer_6
  10
965.99976
  20
888
  0
VERTEX
  5
c0f
  8
Layer_6
  10
997.99976
  20
888
  0
VERTEX
  5
c10
  8
Layer_6
  10
997.99976
  20
900
  0
VERTEX
  5
c11
  8
Layer_6
  10
1021.9998
  20
900
  0
VERTEX
  5
c12
  8
Layer_6
  10
1021.9998
  20
888
  0
VERTEX
  5
c13
  8
Layer_6
  10
1041.9998
  20
888
  0
VERTEX
  5
c14
  8
Layer_6
  10
1041.9998
  20
812
  0
VERTEX
  5
c15
  8
Layer_6
  10
1021.9998
  20
812
  0
VERTEX
  5
c16
  8
Layer_6
  10
1021.9998
  20
800
  0
VERTEX
  5
c17
  8
Layer_6
  10
997.99976
  20
800
  0
VERTEX
  5
c18
  8
Layer_6
  10
997.99976
  20
812
  0
VERTEX
  5
c19
  8
Layer_6
  10
965.99976
  20
812
  0
VERTEX
  5
c1a
  8
Layer_6
  10
965.99976
  20
800
  0
VERTEX
  5
c1b
  8
Layer_6
  10
941.99976
  20
800
  0
VERTEX
  5
c1c
  8
Layer_6
  10
941.99976
  20
812
  0
SEQEND
  0
POLYLINE
  5
c1e
  8
Layer_6
  62
4
  70
1
  66
1
  10
0
  20
0
  30
0
  0
VERTEX
  5
c1e
  8
Layer_6
  10
899.99976
  20
906
  0
VERTEX
  5
c1f
  8
Layer_6
  10
911.99976
  20
906
  0
VERTEX
  5
c20
  8
Layer_6
  10
911.99976
  20
1000
  0
VERTEX
  5
c21
  8
Layer_6
  10
891.99976
  20
1000
  0
VERTEX
  5
c22
  8
Layer_6
  10
891.99976
  20
988
  0
VERTEX
  5
c23
  8
Layer_6
  10
867.99976
  20
988
  0
VERTEX
  5
c24
  8
Layer_6
  10
867.99976
  20
1000
  0
VERTEX
  5
c25
  8
Layer_6
  10
835.99976
  20
1000
  0
VERTEX
  5
c26
  8
Layer_6
  10
835.99976
  20
988
  0
VERTEX
  5
c27
  8
Layer_6
  10
811.99976
  20
988
  0
VERTEX
  5
c28
  8
Layer_6
  10
811.99976
  20
1000
  0
VERTEX
  5
c29
  8
Layer_6
  10
791.99976
  20
1000
  0
VERTEX
  5
c2a
  8
Layer_6
  10
791.99976
  20
912
  0
VERTEX
  5
c2b
  8
Layer_6
  10
803.99976
  20
912
  0
VERTEX
  5
c2c
  8
Layer_6
  10
803.99976
  20
888
  0
VERTEX
  5
c2d
  8
Layer_6
  10
791.99976
  20
888
  0
VERTEX
  5
c2e
  8
Layer_6
  10
791.99976
  20
800
  0
VERTEX
  5
c2f
  8
Layer_6
  10
811.99976
  20
800
  0
VERTEX
  5
c30
  8
Layer_6
  10
811.99976
  20
812
  0
VERTEX
  5
c31
  8
Layer_6
  10
835.99976
  20
812
  0
VERTEX
  5
c32
  8
Layer_6
  10
835.99976
  20
800
  0
VERTEX
  5
c33
  8
Layer_6
  10
867.99976
  20
800
  0
VERTEX
  5
c34
  8
Layer_6
  10
867.99976
  20
812
  0
VERTEX
  5
c35
  8
Layer_6
  10
891.99976
  20
812
  0
VERTEX
  5
c36
  8
Layer_6
  10
891.99976
  20
800
  0
VERTEX
  5
c37
  8
Layer_6
  10
911.99976
  20
800
  0
VERTEX
  5
c38
  8
Layer_6
  10
911.99976
  20
894
  0
VERTEX
  5
c39
  8
Layer_6
  10
899.99976
  20
894
  0
VERTEX
  5
c3a
  8
Layer_6
  10
899.99976
  20
906
  0
SEQEND
  0
POLYLINE
  5
c3c
  8
Layer_6
  62
4
  70
1
  66
1
  10
0
  20
0
  30
0
  0
VERTEX
  5
c3c
  8
Layer_6
  10
941.99976
  20
922
  0
VERTEX
  5
c3d
  8
Layer_6
  10
921.99976
  20
922
  0
VERTEX
  5
c3e
  8
Layer_6
  10
921.99976
  20
948
  0
VERTEX
  5
c3f
  8
Layer_6
  10
933.99976
  20
948
  0
VERTEX
  5
c40
  8
Layer_6
  10
933.99976
  20
972
  0
VERTEX
  5
c41
  8
Layer_6
  10
921.99976
  20
972
  0
VERTEX
  5
c42
  8
Layer_6
  10
921.99976
  20
998
  0
VERTEX
  5
c43
  8
Layer_6
  10
941.99976
  20
998
  0
VERTEX
  5
c44
  8
Layer_6
  10
941.99976
  20
1010
  0
VERTEX
  5
c45
  8
Layer_6
  10
965.99976
  20
1010
  0
VERTEX
  5
c46
  8
Layer_6
  10
965.99976
  20
998
  0
VERTEX
  5
c47
  8
Layer_6
  10
997.99976
  20
998
  0
VERTEX
  5
c48
  8
Layer_6
  10
997.99976
  20
1010
  0
VERTEX
  5
c49
  8
Layer_6
  10
1021.9998
  20
1010
  0
VERTEX
  5
c4a
  8
Layer_6
  10
1021.9998
  20
998
  0
VERTEX
  5
c4b
  8
Layer_6
  10
1041.9998
  20
998
  0
VERTEX
  5
c4c
  8
Layer_6
  10
1041.9998
  20
922
  0
VERTEX
  5
c4d
  8
Layer_6
  10
1021.9998
  20
922
  0
VERTEX
  5
c4e
  8
Layer_6
  10
1021.9998
  20
910
  0
VERTEX
  5
c4f
  8
Layer_6
  10
997.99976
  20
910
  0
VERTEX
  5
c50
  8
Layer_6
  10
997.99976
  20
922
  0
VERTEX
  5
c51
  8
Layer_6
  10
965.99976
  20
922
  0
VERTEX
  5
c52
  8
Layer_6
  10
965.99976
  20
910
  0
VERTEX
  5
c53
  8
Layer_6
  10
941.99976
  20
910
  0
VERTEX
  5
c54
  8
Layer_6
  10
941.99976
  20
922
  0
SEQEND
  0
POLYLINE
  5
c56
  8
Layer_6
  62
4
  70
1
  66
1
  10
0
  20
0
  30
0
  0
VERTEX
  5
c56
  8
Layer_6
  10
769.99976
  20
906
  0
VERTEX
  5
c57
  8
Layer_6
  10
781.99976
  20
906
  0
VERTEX
  5
c58
  8
Layer_6
  10
781.99976
  20
1000
  0
VERTEX
  5
c59
  8
Layer_6
  10
761.99976
  20
1000
  0
VERTEX
  5
c5a
  8
Layer_6
  10
761.99976
  20
988
  0
VERTEX
  5
c5b
  8
Layer_6
  10
737.99976
  20
988
  0
VERTEX
  5
c5c
  8
Layer_6
  10
737.99976
  20
1000
  0
VERTEX
  5
c5d
  8
Layer_6
  10
705.99976
  20
1000
  0
VERTEX
  5
c5e
  8
Layer_6
  10
705.99976
  20
988
  0
VERTEX
  5
c5f
  8
Layer_6
  10
681.99976
  20
988
  0
VERTEX
  5
c60
  8
Layer_6
  10
681.99976
  20
1000
  0
VERTEX
  5
c61
  8
Layer_6
  10
661.99976
  20
1000
  0
VERTEX
  5
c62
  8
Layer_6
  10
661.99976
  20
912
  0
VERTEX
  5
c63
  8
Layer_6
  10
673.99976
  20
912
  0
VERTEX
  5
c64
  8
Layer_6
  10
673.99976
  20
888
  0
VERTEX
  5
c65
  8
Layer_6
  10
661.99976
  20
888
  0
VERTEX
  5
c66
  8
Layer_6
  10
661.99976
  20
800
  0
VERTEX
  5
c67
  8
Layer_6
  10
681.99976
  20
800
  0
VERTEX
  5
c68
  8
Layer_6
  10
681.99976
  20
812
  0
VERTEX
  5
c69
  8
Layer_6
  10
705.99976
  20
812
  0
VERTEX
  5
c6a
  8
Layer_6
  10
705.99976
  20
800
  0
VERTEX
  5
c6b
  8
Layer_6
  10
737.99976
  20
800
  0
VERTEX
  5
c6c
  8
Layer_6
  10
737.99976
  20
812
  0
VERTEX
  5
c6d
  8
Layer_6
  10
761.99976
  20
812
  0
VERTEX
  5
c6e
  8
Layer_6
  10
761.99976
  20
800
  0
VERTEX
  5
c6f
  8
Layer_6
  10
781.99976
  20
800
  0
VERTEX
  5
c70
  8
Layer_6
  10
781.99976
  20
894
  0
VERTEX
  5
c71
  8
Layer_6
  10
769.99976
  20
894
  0
VERTEX
  5
c72
  8
Layer_6
  10
769.99976
  20
906
  0
SEQEND
  0
POLYLINE
  5
c74
  8
Layer_6
  62
4
  70
1
  66
1
  10
0
  20
0
  30
0
  0
VERTEX
  5
c74
  8
Layer_6
  10
460.99963
  20
824
  0
VERTEX
  5
c75
  8
Layer_6
  10
460.99963
  20
920
  0
VERTEX
  5
c76
  8
Layer_6
  10
486.99963
  20
920
  0
VERTEX
  5
c77
  8
Layer_6
  10
486.99963
  20
932
  0
VERTEX
  5
c78
  8
Layer_6
  10
510.99976
  20
932
  0
VERTEX
  5
c79
  8
Layer_6
  10
510.99976
  20
920
  0
VERTEX
  5
c7a
  8
Layer_6
  10
536.99976
  20
920
  0
VERTEX
  5
c7b
  8
Layer_6
  10
536.99976
  20
824
  0
VERTEX
  5
c7c
  8
Layer_6
  10
548.99976
  20
824
  0
VERTEX
  5
c7d
  8
Layer_6
  10
548.99976
  20
812
  0
VERTEX
  5
c7e
  8
Layer_6
  10
448.99963
  20
812
  0
VERTEX
  5
c7f
  8
Layer_6
  10
448.99963
  20
824
  0
VERTEX
  5
c80
  8
Layer_6
  10
460.99963
  20
824
  0
SEQEND
  0
POLYLINE
  5
c82
  8
Layer_6
  62
4
  70
1
  66
1
  10
0
  20
0
  30
0
  0
VERTEX
  5
c82
  8
Layer_6
  10
613.99976
  20
988
  0
VERTEX
  5
c83
  8
Layer_6
  10
613.99976
  20
1000
  0
VERTEX
  5
c84
  8
Layer_6
  10
589.99976
  20
1000
  0
VERTEX
  5
c85
  8
Layer_6
  10
589.99976
  20
988
  0
VERTEX
  5
c86
  8
Layer_6
  10
563.99976
  20
988
  0
VERTEX
  5
c87
  8
Layer_6
  10
563.99976
  20
912
  0
VERTEX
  5
c88
  8
Layer_6
  10
551.99976
  20
912
  0
VERTEX
  5
c89
  8
Layer_6
  10
551.99976
  20
888
  0
VERTEX
  5
c8a
  8
Layer_6
  10
563.99976
  20
888
  0
VERTEX
  5
c8b
  8
Layer_6
  10
563.99976
  20
812
  0
VERTEX
  5
c8c
  8
Layer_6
  10
589.99976
  20
812
  0
VERTEX
  5
c8d
  8
Layer_6
  10
589.99976
  20
800
  0
VERTEX
  5
c8e
  8
Layer_6
  10
613.99976
  20
800
  0
VERTEX
  5
c8f
  8
Layer_6
  10
613.99976
  20
812
  0
VERTEX
  5
c90
  8
Layer_6
  10
639.99976
  20
812
  0
VERTEX
  5
c91
  8
Layer_6
  10
639.99976
  20
888
  0
VERTEX
  5
c92
  8
Layer_6
  10
651.99976
  20
888
  0
VERTEX
  5
c93
  8
Layer_6
  10
651.99976
  20
912
  0
VERTEX
  5
c94
  8
Layer_6
  10
639.99976
  20
912
  0
VERTEX
  5
c95
  8
Layer_6
  10
639.99976
  20
988
  0
VERTEX
  5
c96
  8
Layer_6
  10
613.99976
  20
988
  0
SEQEND
  0
POLYLINE
  5
c98
  8
Layer_6
  62
4
  70
1
  66
1
  10
0
  20
0
  30
0
  0
VERTEX
  5
c98
  8
Layer_6
  10
589.99976
  20
906
  0
VERTEX
  5
c99
  8
Layer_6
  10
589.99976
  20
894
  0
VERTEX
  5
c9a
  8
Layer_6
  10
613.99976
  20
894
  0
VERTEX
  5
c9b
  8
Layer_6
  10
613.99976
  20
906
  0
VERTEX
  5
c9c
  8
Layer_6
  10
589.99976
  20
906
  0
SEQEND
  0
POLYLINE
  5
c9e
  8
Layer_6
  62
4
  70
1
  66
1
  10
0
  20
0
  30
0
  0
VERTEX
  5
c9e
  8
Layer_6
  10
1540
  20
592
  0
VERTEX
  5
c9f
  8
Layer_6
  10
1520
  20
592
  0
VERTEX
  5
ca0
  8
Layer_6
  10
1520
  20
618
  0
VERTEX
  5
ca1
  8
Layer_6
  10
1532
  20
618
  0
VERTEX
  5
ca2
  8
Layer_6
  10
1532
  20
642
  0
VERTEX
  5
ca3
  8
Layer_6
  10
1520
  20
642
  0
VERTEX
  5
ca4
  8
Layer_6
  10
1520
  20
668
  0
VERTEX
  5
ca5
  8
Layer_6
  10
1540
  20
668
  0
VERTEX
  5
ca6
  8
Layer_6
  10
1540
  20
680
  0
VERTEX
  5
ca7
  8
Layer_6
  10
1564
  20
680
  0
VERTEX
  5
ca8
  8
Layer_6
  10
1564
  20
668
  0
VERTEX
  5
ca9
  8
Layer_6
  10
1596
  20
668
  0
VERTEX
  5
caa
  8
Layer_6
  10
1596
  20
680
  0
VERTEX
  5
cab
  8
Layer_6
  10
1620
  20
680
  0
VERTEX
  5
cac
  8
Layer_6
  10
1620
  20
668
  0
VERTEX
  5
cad
  8
Layer_6
  10
1640
  20
668
  0
VERTEX
  5
cae
  8
Layer_6
  10
1640
  20
592
  0
VERTEX
  5
caf
  8
Layer_6
  10
1620
  20
592
  0
VERTEX
  5
cb0
  8
Layer_6
  10
1620
  20
580
  0
VERTEX
  5
cb1
  8
Layer_6
  10
1596
  20
580
  0
VERTEX
  5
cb2
  8
Layer_6
  10
1596
  20
592
  0
VERTEX
  5
cb3
  8
Layer_6
  10
1564
  20
592
  0
VERTEX
  5
cb4
  8
Layer_6
  10
1564
  20
580
  0
VERTEX
  5
cb5
  8
Layer_6
  10
1540
  20
580
  0
VERTEX
  5
cb6
  8
Layer_6
  10
1540
  20
592
  0
SEQEND
  0
POLYLINE
  5
cb8
  8
Layer_6
  62
4
  70
1
  66
1
  10
0
  20
0
  30
0
  0
VERTEX
  5
cb8
  8
Layer_6
  10
1498
  20
686
  0
VERTEX
  5
cb9
  8
Layer_6
  10
1510
  20
686
  0
VERTEX
  5
cba
  8
Layer_6
  10
1510
  20
780
  0
VERTEX
  5
cbb
  8
Layer_6
  10
1490
  20
780
  0
VERTEX
  5
cbc
  8
Layer_6
  10
1490
  20
768
  0
VERTEX
  5
cbd
  8
Layer_6
  10
1466
  20
768
  0
VERTEX
  5
cbe
  8
Layer_6
  10
1466
  20
780
  0
VERTEX
  5
cbf
  8
Layer_6
  10
1434
  20
780
  0
VERTEX
  5
cc0
  8
Layer_6
  10
1434
  20
768
  0
VERTEX
  5
cc1
  8
Layer_6
  10
1410
  20
768
  0
VERTEX
  5
cc2
  8
Layer_6
  10
1410
  20
780
  0
VERTEX
  5
cc3
  8
Layer_6
  10
1390
  20
780
  0
VERTEX
  5
cc4
  8
Layer_6
  10
1390
  20
692
  0
VERTEX
  5
cc5
  8
Layer_6
  10
1402
  20
692
  0
VERTEX
  5
cc6
  8
Layer_6
  10
1402
  20
668
  0
VERTEX
  5
cc7
  8
Layer_6
  10
1390
  20
668
  0
VERTEX
  5
cc8
  8
Layer_6
  10
1390
  20
580
  0
VERTEX
  5
cc9
  8
Layer_6
  10
1410
  20
580
  0
VERTEX
  5
cca
  8
Layer_6
  10
1410
  20
592
  0
VERTEX
  5
ccb
  8
Layer_6
  10
1434
  20
592
  0
VERTEX
  5
ccc
  8
Layer_6
  10
1434
  20
580
  0
VERTEX
  5
ccd
  8
Layer_6
  10
1466
  20
580
  0
VERTEX
  5
cce
  8
Layer_6
  10
1466
  20
592
  0
VERTEX
  5
ccf
  8
Layer_6
  10
1490
  20
592
  0
VERTEX
  5
cd0
  8
Layer_6
  10
1490
  20
580
  0
VERTEX
  5
cd1
  8
Layer_6
  10
1510
  20
580
  0
VERTEX
  5
cd2
  8
Layer_6
  10
1510
  20
674
  0
VERTEX
  5
cd3
  8
Layer_6
  10
1498
  20
674
  0
VERTEX
  5
cd4
  8
Layer_6
  10
1498
  20
686
  0
SEQEND
  0
POLYLINE
  5
cd6
  8
Layer_6
  62
4
  70
1
  66
1
  10
0
  20
0
  30
0
  0
VERTEX
  5
cd6
  8
Layer_6
  10
1540
  20
702
  0
VERTEX
  5
cd7
  8
Layer_6
  10
1520
  20
702
  0
VERTEX
  5
cd8
  8
Layer_6
  10
1520
  20
728
  0
VERTEX
  5
cd9
  8
Layer_6
  10
1532
  20
728
  0
VERTEX
  5
cda
  8
Layer_6
  10
1532
  20
752
  0
VERTEX
  5
cdb
  8
Layer_6
  10
1520
  20
752
  0
VERTEX
  5
cdc
  8
Layer_6
  10
1520
  20
778
  0
VERTEX
  5
cdd
  8
Layer_6
  10
1540
  20
778
  0
VERTEX
  5
cde
  8
Layer_6
  10
1540
  20
790
  0
VERTEX
  5
cdf
  8
Layer_6
  10
1564
  20
790
  0
VERTEX
  5
ce0
  8
Layer_6
  10
1564
  20
778
  0
VERTEX
  5
ce1
  8
Layer_6
  10
1596
  20
778
  0
VERTEX
  5
ce2
  8
Layer_6
  10
1596
  20
790
  0
VERTEX
  5
ce3
  8
Layer_6
  10
1620
  20
790
  0
VERTEX
  5
ce4
  8
Layer_6
  10
1620
  20
778
  0
VERTEX
  5
ce5
  8
Layer_6
  10
1640
  20
778
  0
VERTEX
  5
ce6
  8
Layer_6
  10
1640
  20
702
  0
VERTEX
  5
ce7
  8
Layer_6
  10
1620
  20
702
  0
VERTEX
  5
ce8
  8
Layer_6
  10
1620
  20
690
  0
VERTEX
  5
ce9
  8
Layer_6
  10
1596
  20
690
  0
VERTEX
  5
cea
  8
Layer_6
  10
1596
  20
702
  0
VERTEX
  5
ceb
  8
Layer_6
  10
1564
  20
702
  0
VERTEX
  5
cec
  8
Layer_6
  10
1564
  20
690
  0
VERTEX
  5
ced
  8
Layer_6
  10
1540
  20
690
  0
VERTEX
  5
cee
  8
Layer_6
  10
1540
  20
702
  0
SEQEND
  0
POLYLINE
  5
cf0
  8
Layer_6
  62
4
  70
1
  66
1
  10
0
  20
0
  30
0
  0
VERTEX
  5
cf0
  8
Layer_6
  10
1368
  20
686
  0
VERTEX
  5
cf1
  8
Layer_6
  10
1380
  20
686
  0
VERTEX
  5
cf2
  8
Layer_6
  10
1380
  20
780
  0
VERTEX
  5
cf3
  8
Layer_6
  10
1360
  20
780
  0
VERTEX
  5
cf4
  8
Layer_6
  10
1360
  20
768
  0
VERTEX
  5
cf5
  8
Layer_6
  10
1336
  20
768
  0
VERTEX
  5
cf6
  8
Layer_6
  10
1336
  20
780
  0
VERTEX
  5
cf7
  8
Layer_6
  10
1304
  20
780
  0
VERTEX
  5
cf8
  8
Layer_6
  10
1304
  20
768
  0
VERTEX
  5
cf9
  8
Layer_6
  10
1280
  20
768
  0
VERTEX
  5
cfa
  8
Layer_6
  10
1280
  20
780
  0
VERTEX
  5
cfb
  8
Layer_6
  10
1260
  20
780
  0
VERTEX
  5
cfc
  8
Layer_6
  10
1260
  20
692
  0
VERTEX
  5
cfd
  8
Layer_6
  10
1272
  20
692
  0
VERTEX
  5
cfe
  8
Layer_6
  10
1272
  20
668
  0
VERTEX
  5
cff
  8
Layer_6
  10
1260
  20
668
  0
VERTEX
  5
d00
  8
Layer_6
  10
1260
  20
580
  0
VERTEX
  5
d01
  8
Layer_6
  10
1280
  20
580
  0
VERTEX
  5
d02
  8
Layer_6
  10
1280
  20
592
  0
VERTEX
  5
d03
  8
Layer_6
  10
1304
  20
592
  0
VERTEX
  5
d04
  8
Layer_6
  10
1304
  20
580
  0
VERTEX
  5
d05
  8
Layer_6
  10
1336
  20
580
  0
VERTEX
  5
d06
  8
Layer_6
  10
1336
  20
592
  0
VERTEX
  5
d07
  8
Layer_6
  10
1360
  20
592
  0
VERTEX
  5
d08
  8
Layer_6
  10
1360
  20
580
  0
VERTEX
  5
d09
  8
Layer_6
  10
1380
  20
580
  0
VERTEX
  5
d0a
  8
Layer_6
  10
1380
  20
674
  0
VERTEX
  5
d0b
  8
Layer_6
  10
1368
  20
674
  0
VERTEX
  5
d0c
  8
Layer_6
  10
1368
  20
686
  0
SEQEND
  0
POLYLINE
  5
d0e
  8
Layer_6
  62
4
  70
1
  66
1
  10
0
  20
0
  30
0
  0
VERTEX
  5
d0e
  8
Layer_6
  10
1058.9999
  20
604
  0
VERTEX
  5
d0f
  8
Layer_6
  10
1058.9999
  20
700
  0
VERTEX
  5
d10
  8
Layer_6
  10
1084.9999
  20
700
  0
VERTEX
  5
d11
  8
Layer_6
  10
1084.9999
  20
712
  0
VERTEX
  5
d12
  8
Layer_6
  10
1109
  20
712
  0
VERTEX
  5
d13
  8
Layer_6
  10
1109
  20
700
  0
VERTEX
  5
d14
  8
Layer_6
  10
1135
  20
700
  0
VERTEX
  5
d15
  8
Layer_6
  10
1135
  20
604
  0
VERTEX
  5
d16
  8
Layer_6
  10
1147
  20
604
  0
VERTEX
  5
d17
  8
Layer_6
  10
1147
  20
592
  0
VERTEX
  5
d18
  8
Layer_6
  10
1046.9999
  20
592
  0
VERTEX
  5
d19
  8
Layer_6
  10
1046.9999
  20
604
  0
VERTEX
  5
d1a
  8
Layer_6
  10
1058.9999
  20
604
  0
SEQEND
  0
POLYLINE
  5
d1c
  8
Layer_6
  62
4
  70
1
  66
1
  10
0
  20
0
  30
0
  0
VERTEX
  5
d1c
  8
Layer_6
  10
1212
  20
768
  0
VERTEX
  5
d1d
  8
Layer_6
  10
1212
  20
780
  0
VERTEX
  5
d1e
  8
Layer_6
  10
1188
  20
780
  0
VERTEX
  5
d1f
  8
Layer_6
  10
1188
  20
768
  0
VERTEX
  5
d20
  8
Layer_6
  10
1162
  20
768
  0
VERTEX
  5
d21
  8
Layer_6
  10
1162
  20
692
  0
VERTEX
  5
d22
  8
Layer_6
  10
1150
  20
692
  0
VERTEX
  5
d23
  8
Layer_6
  10
1150
  20
668
  0
VERTEX
  5
d24
  8
Layer_6
  10
1162
  20
668
  0
VERTEX
  5
d25
  8
Layer_6
  10
1162
  20
592
  0
VERTEX
  5
d26
  8
Layer_6
  10
1188
  20
592
  0
VERTEX
  5
d27
  8
Layer_6
  10
1188
  20
580
  0
VERTEX
  5
d28
  8
Layer_6
  10
1212
  20
580
  0
VERTEX
  5
d29
  8
Layer_6
  10
1212
  20
592
  0
VERTEX
  5
d2a
  8
Layer_6
  10
1238
  20
592
  0
VERTEX
  5
d2b
  8
Layer_6
  10
1238
  20
668
  0
VERTEX
  5
d2c
  8
Layer_6
  10
1250
  20
668
  0
VERTEX
  5
d2d
  8
Layer_6
  10
1250
  20
692
  0
VERTEX
  5
d2e
  8
Layer_6
  10
1238
  20
692
  0
VERTEX
  5
d2f
  8
Layer_6
  10
1238
  20
768
  0
VERTEX
  5
d30
  8
Layer_6
  10
1212
  20
768
  0
SEQEND
  0
POLYLINE
  5
d32
  8
Layer_6
  62
4
  70
1
  66
1
  10
0
  20
0
  30
0
  0
VERTEX
  5
d32
  8
Layer_6
  10
1188
  20
686
  0
VERTEX
  5
d33
  8
Layer_6
  10
1188
  20
674
  0
VERTEX
  5
d34
  8
Layer_6
  10
1212
  20
674
  0
VERTEX
  5
d35
  8
Layer_6
  10
1212
  20
686
  0
VERTEX
  5
d36
  8
Layer_6
  10
1188
  20
686
  0
SEQEND
  0
POLYLINE
  5
d38
  8
Layer_6
  62
4
  70
1
  66
1
  10
0
  20
0
  30
0
  0
VERTEX
  5
d38
  8
Layer_6
  10
941.99976
  20
592
  0
VERTEX
  5
d39
  8
Layer_6
  10
921.99976
  20
592
  0
VERTEX
  5
d3a
  8
Layer_6
  10
921.99976
  20
618
  0
VERTEX
  5
d3b
  8
Layer_6
  10
933.99976
  20
618
  0
VERTEX
  5
d3c
  8
Layer_6
  10
933.99976
  20
642
  0
VERTEX
  5
d3d
  8
Layer_6
  10
921.99976
  20
642
  0
VERTEX
  5
d3e
  8
Layer_6
  10
921.99976
  20
668
  0
VERTEX
  5
d3f
  8
Layer_6
  10
941.99976
  20
668
  0
VERTEX
  5
d40
  8
Layer_6
  10
941.99976
  20
680
  0
VERTEX
  5
d41
  8
Layer_6
  10
965.99976
  20
680
  0
VERTEX
  5
d42
  8
Layer_6
  10
965.99976
  20
668
  0
VERTEX
  5
d43
  8
Layer_6
  10
997.99976
  20
668
  0
VERTEX
  5
d44
  8
Layer_6
  10
997.99976
  20
680
  0
VERTEX
  5
d45
  8
Layer_6
  10
1021.9998
  20
680
  0
VERTEX
  5
d46
  8
Layer_6
  10
1021.9998
  20
668
  0
VERTEX
  5
d47
  8
Layer_6
  10
1041.9998
  20
668
  0
VERTEX
  5
d48
  8
Layer_6
  10
1041.9998
  20
592
  0
VERTEX
  5
d49
  8
Layer_6
  10
1021.9998
  20
592
  0
VERTEX
  5
d4a
  8
Layer_6
  10
1021.9998
  20
580
  0
VERTEX
  5
d4b
  8
Layer_6
  10
997.99976
  20
580
  0
VERTEX
  5
d4c
  8
Layer_6
  10
997.99976
  20
592
  0
VERTEX
  5
d4d
  8
Layer_6
  10
965.99976
  20
592
  0
VERTEX
  5
d4e
  8
Layer_6
  10
965.99976
  20
580
  0
VERTEX
  5
d4f
  8
Layer_6
  10
941.99976
  20
580
  0
VERTEX
  5
d50
  8
Layer_6
  10
941.99976
  20
592
  0
SEQEND
  0
POLYLINE
  5
d52
  8
Layer_6
  62
4
  70
1
  66
1
  10
0
  20
0
  30
0
  0
VERTEX
  5
d52
  8
Layer_6
  10
899.99976
  20
686
  0
VERTEX
  5
d53
  8
Layer_6
  10
911.99976
  20
686
  0
VERTEX
  5
d54
  8
Layer_6
  10
911.99976
  20
780
  0
VERTEX
  5
d55
  8
Layer_6
  10
891.99976
  20
780
  0
VERTEX
  5
d56
  8
Layer_6
  10
891.99976
  20
768
  0
VERTEX
  5
d57
  8
Layer_6
  10
867.99976
  20
768
  0
VERTEX
  5
d58
  8
Layer_6
  10
867.99976
  20
780
  0
VERTEX
  5
d59
  8
Layer_6
  10
835.99976
  20
780
  0
VERTEX
  5
d5a
  8
Layer_6
  10
835.99976
  20
768
  0
VERTEX
  5
d5b
  8
Layer_6
  10
811.99976
  20
768
  0
VERTEX
  5
d5c
  8
Layer_6
  10
811.99976
  20
780
  0
VERTEX
  5
d5d
  8
Layer_6
  10
791.99976
  20
780
  0
VERTEX
  5
d5e
  8
Layer_6
  10
791.99976
  20
692
  0
VERTEX
  5
d5f
  8
Layer_6
  10
803.99976
  20
692
  0
VERTEX
  5
d60
  8
Layer_6
  10
803.99976
  20
668
  0
VERTEX
  5
d61
  8
Layer_6
  10
791.99976
  20
668
  0
VERTEX
  5
d62
  8
Layer_6
  10
791.99976
  20
580
  0
VERTEX
  5
d63
  8
Layer_6
  10
811.99976
  20
580
  0
VERTEX
  5
d64
  8
Layer_6
  10
811.99976
  20
592
  0
VERTEX
  5
d65
  8
Layer_6
  10
835.99976
  20
592
  0
VERTEX
  5
d66
  8
Layer_6
  10
835.99976
  20
580
  0
VERTEX
  5
d67
  8
Layer_6
  10
867.99976
  20
580
  0
VERTEX
  5
d68
  8
Layer_6
  10
867.99976
  20
592
  0
VERTEX
  5
d69
  8
Layer_6
  10
891.99976
  20
592
  0
VERTEX
  5
d6a
  8
Layer_6
  10
891.99976
  20
580
  0
VERTEX
  5
d6b
  8
Layer_6
  10
911.99976
  20
580
  0
VERTEX
  5
d6c
  8
Layer_6
  10
911.99976
  20
674
  0
VERTEX
  5
d6d
  8
Layer_6
  10
899.99976
  20
674
  0
VERTEX
  5
d6e
  8
Layer_6
  10
899.99976
  20
686
  0
SEQEND
  0
POLYLINE
  5
d70
  8
Layer_6
  62
4
  70
1
  66
1
  10
0
  20
0
  30
0
  0
VERTEX
  5
d70
  8
Layer_6
  10
941.99976
  20
702
  0
VERTEX
  5
d71
  8
Layer_6
  10
921.99976
  20
702
  0
VERTEX
  5
d72
  8
Layer_6
  10
921.99976
  20
728
  0
VERTEX
  5
d73
  8
Layer_6
  10
933.99976
  20
728
  0
VERTEX
  5
d74
  8
Layer_6
  10
933.99976
  20
752
  0
VERTEX
  5
d75
  8
Layer_6
  10
921.99976
  20
752
  0
VERTEX
  5
d76
  8
Layer_6
  10
921.99976
  20
778
  0
VERTEX
  5
d77
  8
Layer_6
  10
941.99976
  20
778
  0
VERTEX
  5
d78
  8
Layer_6
  10
941.99976
  20
790
  0
VERTEX
  5
d79
  8
Layer_6
  10
965.99976
  20
790
  0
VERTEX
  5
d7a
  8
Layer_6
  10
965.99976
  20
778
  0
VERTEX
  5
d7b
  8
Layer_6
  10
997.99976
  20
778
  0
VERTEX
  5
d7c
  8
Layer_6
  10
997.99976
  20
790
  0
VERTEX
  5
d7d
  8
Layer_6
  10
1021.9998
  20
790
  0
VERTEX
  5
d7e
  8
Layer_6
  10
1021.9998
  20
778
  0
VERTEX
  5
d7f
  8
Layer_6
  10
1041.9998
  20
778
  0
VERTEX
  5
d80
  8
Layer_6
  10
1041.9998
  20
702
  0
VERTEX
  5
d81
  8
Layer_6
  10
1021.9998
  20
702
  0
VERTEX
  5
d82
  8
Layer_6
  10
1021.9998
  20
690
  0
VERTEX
  5
d83
  8
Layer_6
  10
997.99976
  20
690
  0
VERTEX
  5
d84
  8
Layer_6
  10
997.99976
  20
702
  0
VERTEX
  5
d85
  8
Layer_6
  10
965.99976
  20
702
  0
VERTEX
  5
d86
  8
Layer_6
  10
965.99976
  20
690
  0
VERTEX
  5
d87
  8
Layer_6
  10
941.99976
  20
690
  0
VERTEX
  5
d88
  8
Layer_6
  10
941.99976
  20
702
  0
SEQEND
  0
POLYLINE
  5
d8a
  8
Layer_6
  62
4
  70
1
  66
1
  10
0
  20
0
  30
0
  0
VERTEX
  5
d8a
  8
Layer_6
  10
769.99976
  20
686
  0
VERTEX
  5
d8b
  8
Layer_6
  10
781.99976
  20
686
  0
VERTEX
  5
d8c
  8
Layer_6
  10
781.99976
  20
780
  0
VERTEX
  5
d8d
  8
Layer_6
  10
761.99976
  20
780
  0
VERTEX
  5
d8e
  8
Layer_6
  10
761.99976
  20
768
  0
VERTEX
  5
d8f
  8
Layer_6
  10
737.99976
  20
768
  0
VERTEX
  5
d90
  8
Layer_6
  10
737.99976
  20
780
  0
VERTEX
  5
d91
  8
Layer_6
  10
705.99976
  20
780
  0
VERTEX
  5
d92
  8
Layer_6
  10
705.99976
  20
768
  0
VERTEX
  5
d93
  8
Layer_6
  10
681.99976
  20
768
  0
VERTEX
  5
d94
  8
Layer_6
  10
681.99976
  20
780
  0
VERTEX
  5
d95
  8
Layer_6
  10
661.99976
  20
780
  0
VERTEX
  5
d96
  8
Layer_6
  10
661.99976
  20
692
  0
VERTEX
  5
d97
  8
Layer_6
  10
673.99976
  20
692
  0
VERTEX
  5
d98
  8
Layer_6
  10
673.99976
  20
668
  0
VERTEX
  5
d99
  8
Layer_6
  10
661.99976
  20
668
  0
VERTEX
  5
d9a
  8
Layer_6
  10
661.99976
  20
580
  0
VERTEX
  5
d9b
  8
Layer_6
  10
681.99976
  20
580
  0
VERTEX
  5
d9c
  8
Layer_6
  10
681.99976
  20
592
  0
VERTEX
  5
d9d
  8
Layer_6
  10
705.99976
  20
592
  0
VERTEX
  5
d9e
  8
Layer_6
  10
705.99976
  20
580
  0
VERTEX
  5
d9f
  8
Layer_6
  10
737.99976
  20
580
  0
VERTEX
  5
da0
  8
Layer_6
  10
737.99976
  20
592
  0
VERTEX
  5
da1
  8
Layer_6
  10
761.99976
  20
592
  0
VERTEX
  5
da2
  8
Layer_6
  10
761.99976
  20
580
  0
VERTEX
  5
da3
  8
Layer_6
  10
781.99976
  20
580
  0
VERTEX
  5
da4
  8
Layer_6
  10
781.99976
  20
674
  0
VERTEX
  5
da5
  8
Layer_6
  10
769.99976
  20
674
  0
VERTEX
  5
da6
  8
Layer_6
  10
769.99976
  20
686
  0
SEQEND
  0
POLYLINE
  5
da8
  8
Layer_6
  62
4
  70
1
  66
1
  10
0
  20
0
  30
0
  0
VERTEX
  5
da8
  8
Layer_6
  10
460.99963
  20
604
  0
VERTEX
  5
da9
  8
Layer_6
  10
460.99963
  20
700
  0
VERTEX
  5
daa
  8
Layer_6
  10
486.99963
  20
700
  0
VERTEX
  5
dab
  8
Layer_6
  10
486.99963
  20
712
  0
VERTEX
  5
dac
  8
Layer_6
  10
510.99976
  20
712
  0
VERTEX
  5
dad
  8
Layer_6
  10
510.99976
  20
700
  0
VERTEX
  5
dae
  8
Layer_6
  10
536.99976
  20
700
  0
VERTEX
  5
daf
  8
Layer_6
  10
536.99976
  20
604
  0
VERTEX
  5
db0
  8
Layer_6
  10
548.99976
  20
604
  0
VERTEX
  5
db1
  8
Layer_6
  10
548.99976
  20
592
  0
VERTEX
  5
db2
  8
Layer_6
  10
448.99963
  20
592
  0
VERTEX
  5
db3
  8
Layer_6
  10
448.99963
  20
604
  0
VERTEX
  5
db4
  8
Layer_6
  10
460.99963
  20
604
  0
SEQEND
  0
POLYLINE
  5
db6
  8
Layer_6
  62
4
  70
1
  66
1
  10
0
  20
0
  30
0
  0
VERTEX
  5
db6
  8
Layer_6
  10
613.99976
  20
768
  0
VERTEX
  5
db7
  8
Layer_6
  10
613.99976
  20
780
  0
VERTEX
  5
db8
  8
Layer_6
  10
589.99976
  20
780
  0
VERTEX
  5
db9
  8
Layer_6
  10
589.99976
  20
768
  0
VERTEX
  5
dba
  8
Layer_6
  10
563.99976
  20
768
  0
VERTEX
  5
dbb
  8
Layer_6
  10
563.99976
  20
692
  0
VERTEX
  5
dbc
  8
Layer_6
  10
551.99976
  20
692
  0
VERTEX
  5
dbd
  8
Layer_6
  10
551.99976
  20
668
  0
VERTEX
  5
dbe
  8
Layer_6
  10
563.99976
  20
668
  0
VERTEX
  5
dbf
  8
Layer_6
  10
563.99976
  20
592
  0
VERTEX
  5
dc0
  8
Layer_6
  10
589.99976
  20
592
  0
VERTEX
  5
dc1
  8
Layer_6
  10
589.99976
  20
580
  0
VERTEX
  5
dc2
  8
Layer_6
  10
613.99976
  20
580
  0
VERTEX
  5
dc3
  8
Layer_6
  10
613.99976
  20
592
  0
VERTEX
  5
dc4
  8
Layer_6
  10
639.99976
  20
592
  0
VERTEX
  5
dc5
  8
Layer_6
  10
639.99976
  20
668
  0
VERTEX
  5
dc6
  8
Layer_6
  10
651.99976
  20
668
  0
VERTEX
  5
dc7
  8
Layer_6
  10
651.99976
  20
692
  0
VERTEX
  5
dc8
  8
Layer_6
  10
639.99976
  20
692
  0
VERTEX
  5
dc9
  8
Layer_6
  10
639.99976
  20
768
  0
VERTEX
  5
dca
  8
Layer_6
  10
613.99976
  20
768
  0
SEQEND
  0
POLYLINE
  5
dcc
  8
Layer_6
  62
4
  70
1
  66
1
  10
0
  20
0
  30
0
  0
VERTEX
  5
dcc
  8
Layer_6
  10
589.99976
  20
686
  0
VERTEX
  5
dcd
  8
Layer_6
  10
589.99976
  20
674
  0
VERTEX
  5
dce
  8
Layer_6
  10
613.99976
  20
674
  0
VERTEX
  5
dcf
  8
Layer_6
  10
613.99976
  20
686
  0
VERTEX
  5
dd0
  8
Layer_6
  10
589.99976
  20
686
  0
SEQEND
  0
POLYLINE
  5
dd2
  8
Layer_6
  62
4
  70
1
  66
1
  10
0
  20
0
  30
0
  0
VERTEX
  5
dd2
  8
Layer_6
  10
1540
  20
372
  0
VERTEX
  5
dd3
  8
Layer_6
  10
1520
  20
372
  0
VERTEX
  5
dd4
  8
Layer_6
  10
1520
  20
398
  0
VERTEX
  5
dd5
  8
Layer_6
  10
1532
  20
398
  0
VERTEX
  5
dd6
  8
Layer_6
  10
1532
  20
422
  0
VERTEX
  5
dd7
  8
Layer_6
  10
1520
  20
422
  0
VERTEX
  5
dd8
  8
Layer_6
  10
1520
  20
448
  0
VERTEX
  5
dd9
  8
Layer_6
  10
1540
  20
448
  0
VERTEX
  5
dda
  8
Layer_6
  10
1540
  20
460
  0
VERTEX
  5
ddb
  8
Layer_6
  10
1564
  20
460
  0
VERTEX
  5
ddc
  8
Layer_6
  10
1564
  20
448
  0
VERTEX
  5
ddd
  8
Layer_6
  10
1596
  20
448
  0
VERTEX
  5
dde
  8
Layer_6
  10
1596
  20
460
  0
VERTEX
  5
ddf
  8
Layer_6
  10
1620
  20
460
  0
VERTEX
  5
de0
  8
Layer_6
  10
1620
  20
448
  0
VERTEX
  5
de1
  8
Layer_6
  10
1640
  20
448
  0
VERTEX
  5
de2
  8
Layer_6
  10
1640
  20
372
  0
VERTEX
  5
de3
  8
Layer_6
  10
1620
  20
372
  0
VERTEX
  5
de4
  8
Layer_6
  10
1620
  20
360
  0
VERTEX
  5
de5
  8
Layer_6
  10
1596
  20
360
  0
VERTEX
  5
de6
  8
Layer_6
  10
1596
  20
372
  0
VERTEX
  5
de7
  8
Layer_6
  10
1564
  20
372
  0
VERTEX
  5
de8
  8
Layer_6
  10
1564
  20
360
  0
VERTEX
  5
de9
  8
Layer_6
  10
1540
  20
360
  0
VERTEX
  5
dea
  8
Layer_6
  10
1540
  20
372
  0
SEQEND
  0
POLYLINE
  5
dec
  8
Layer_6
  62
4
  70
1
  66
1
  10
0
  20
0
  30
0
  0
VERTEX
  5
dec
  8
Layer_6
  10
1498
  20
466
  0
VERTEX
  5
ded
  8
Layer_6
  10
1510
  20
466
  0
VERTEX
  5
dee
  8
Layer_6
  10
1510
  20
560
  0
VERTEX
  5
def
  8
Layer_6
  10
1490
  20
560
  0
VERTEX
  5
df0
  8
Layer_6
  10
1490
  20
548
  0
VERTEX
  5
df1
  8
Layer_6
  10
1466
  20
548
  0
VERTEX
  5
df2
  8
Layer_6
  10
1466
  20
560
  0
VERTEX
  5
df3
  8
Layer_6
  10
1434
  20
560
  0
VERTEX
  5
df4
  8
Layer_6
  10
1434
  20
548
  0
VERTEX
  5
df5
  8
Layer_6
  10
1410
  20
548
  0
VERTEX
  5
df6
  8
Layer_6
  10
1410
  20
560
  0
VERTEX
  5
df7
  8
Layer_6
  10
1390
  20
560
  0
VERTEX
  5
df8
  8
Layer_6
  10
1390
  20
472
  0
VERTEX
  5
df9
  8
Layer_6
  10
1402
  20
472
  0
VERTEX
  5
dfa
  8
Layer_6
  10
1402
  20
448
  0
VERTEX
  5
dfb
  8
Layer_6
  10
1390
  20
448
  0
VERTEX
  5
dfc
  8
Layer_6
  10
1390
  20
360
  0
VERTEX
  5
dfd
  8
Layer_6
  10
1410
  20
360
  0
VERTEX
  5
dfe
  8
Layer_6
  10
1410
  20
372
  0
VERTEX
  5
dff
  8
Layer_6
  10
1434
  20
372
  0
VERTEX
  5
e00
  8
Layer_6
  10
1434
  20
360
  0
VERTEX
  5
e01
  8
Layer_6
  10
1466
  20
360
  0
VERTEX
  5
e02
  8
Layer_6
  10
1466
  20
372
  0
VERTEX
  5
e03
  8
Layer_6
  10
1490
  20
372
  0
VERTEX
  5
e04
  8
Layer_6
  10
1490
  20
360
  0
VERTEX
  5
e05
  8
Layer_6
  10
1510
  20
360
  0
VERTEX
  5
e06
  8
Layer_6
  10
1510
  20
454
  0
VERTEX
  5
e07
  8
Layer_6
  10
1498
  20
454
  0
VERTEX
  5
e08
  8
Layer_6
  10
1498
  20
466
  0
SEQEND
  0
POLYLINE
  5
e0a
  8
Layer_6
  62
4
  70
1
  66
1
  10
0
  20
0
  30
0
  0
VERTEX
  5
e0a
  8
Layer_6
  10
1540
  20
482
  0
VERTEX
  5
e0b
  8
Layer_6
  10
1520
  20
482
  0
VERTEX
  5
e0c
  8
Layer_6
  10
1520
  20
508
  0
VERTEX
  5
e0d
  8
Layer_6
  10
1532
  20
508
  0
VERTEX
  5
e0e
  8
Layer_6
  10
1532
  20
532
  0
VERTEX
  5
e0f
  8
Layer_6
  10
1520
  20
532
  0
VERTEX
  5
e10
  8
Layer_6
  10
1520
  20
558
  0
VERTEX
  5
e11
  8
Layer_6
  10
1540
  20
558
  0
VERTEX
  5
e12
  8
Layer_6
  10
1540
  20
570
  0
VERTEX
  5
e13
  8
Layer_6
  10
1564
  20
570
  0
VERTEX
  5
e14
  8
Layer_6
  10
1564
  20
558
  0
VERTEX
  5
e15
  8
Layer_6
  10
1596
  20
558
  0
VERTEX
  5
e16
  8
Layer_6
  10
1596
  20
570
  0
VERTEX
  5
e17
  8
Layer_6
  10
1620
  20
570
  0
VERTEX
  5
e18
  8
Layer_6
  10
1620
  20
558
  0
VERTEX
  5
e19
  8
Layer_6
  10
1640
  20
558
  0
VERTEX
  5
e1a
  8
Layer_6
  10
1640
  20
482
  0
VERTEX
  5
e1b
  8
Layer_6
  10
1620
  20
482
  0
VERTEX
  5
e1c
  8
Layer_6
  10
1620
  20
470
  0
VERTEX
  5
e1d
  8
Layer_6
  10
1596
  20
470
  0
VERTEX
  5
e1e
  8
Layer_6
  10
1596
  20
482
  0
VERTEX
  5
e1f
  8
Layer_6
  10
1564
  20
482
  0
VERTEX
  5
e20
  8
Layer_6
  10
1564
  20
470
  0
VERTEX
  5
e21
  8
Layer_6
  10
1540
  20
470
  0
VERTEX
  5
e22
  8
Layer_6
  10
1540
  20
482
  0
SEQEND
  0
POLYLINE
  5
e24
  8
Layer_6
  62
4
  70
1
  66
1
  10
0
  20
0
  30
0
  0
VERTEX
  5
e24
  8
Layer_6
  10
1368
  20
466
  0
VERTEX
  5
e25
  8
Layer_6
  10
1380
  20
466
  0
VERTEX
  5
e26
  8
Layer_6
  10
1380
  20
560
  0
VERTEX
  5
e27
  8
Layer_6
  10
1360
  20
560
  0
VERTEX
  5
e28
  8
Layer_6
  10
1360
  20
548
  0
VERTEX
  5
e29
  8
Layer_6
  10
1336
  20
548
  0
VERTEX
  5
e2a
  8
Layer_6
  10
1336
  20
560
  0
VERTEX
  5
e2b
  8
Layer_6
  10
1304
  20
560
  0
VERTEX
  5
e2c
  8
Layer_6
  10
1304
  20
548
  0
VERTEX
  5
e2d
  8
Layer_6
  10
1280
  20
548
  0
VERTEX
  5
e2e
  8
Layer_6
  10
1280
  20
560
  0
VERTEX
  5
e2f
  8
Layer_6
  10
1260
  20
560
  0
VERTEX
  5
e30
  8
Layer_6
  10
1260
  20
472
  0
VERTEX
  5
e31
  8
Layer_6
  10
1272
  20
472
  0
VERTEX
  5
e32
  8
Layer_6
  10
1272
  20
448
  0
VERTEX
  5
e33
  8
Layer_6
  10
1260
  20
448
  0
VERTEX
  5
e34
  8
Layer_6
  10
1260
  20
360
  0
VERTEX
  5
e35
  8
Layer_6
  10
1280
  20
360
  0
VERTEX
  5
e36
  8
Layer_6
  10
1280
  20
372
  0
VERTEX
  5
e37
  8
Layer_6
  10
1304
  20
372
  0
VERTEX
  5
e38
  8
Layer_6
  10
1304
  20
360
  0
VERTEX
  5
e39
  8
Layer_6
  10
1336
  20
360
  0
VERTEX
  5
e3a
  8
Layer_6
  10
1336
  20
372
  0
VERTEX
  5
e3b
  8
Layer_6
  10
1360
  20
372
  0
VERTEX
  5
e3c
  8
Layer_6
  10
1360
  20
360
  0
VERTEX
  5
e3d
  8
Layer_6
  10
1380
  20
360
  0
VERTEX
  5
e3e
  8
Layer_6
  10
1380
  20
454
  0
VERTEX
  5
e3f
  8
Layer_6
  10
1368
  20
454
  0
VERTEX
  5
e40
  8
Layer_6
  10
1368
  20
466
  0
SEQEND
  0
POLYLINE
  5
e42
  8
Layer_6
  62
4
  70
1
  66
1
  10
0
  20
0
  30
0
  0
VERTEX
  5
e42
  8
Layer_6
  10
1058.9999
  20
384
  0
VERTEX
  5
e43
  8
Layer_6
  10
1058.9999
  20
480
  0
VERTEX
  5
e44
  8
Layer_6
  10
1084.9999
  20
480
  0
VERTEX
  5
e45
  8
Layer_6
  10
1084.9999
  20
492
  0
VERTEX
  5
e46
  8
Layer_6
  10
1109
  20
492
  0
VERTEX
  5
e47
  8
Layer_6
  10
1109
  20
480
  0
VERTEX
  5
e48
  8
Layer_6
  10
1135
  20
480
  0
VERTEX
  5
e49
  8
Layer_6
  10
1135
  20
384
  0
VERTEX
  5
e4a
  8
Layer_6
  10
1147
  20
384
  0
VERTEX
  5
e4b
  8
Layer_6
  10
1147
  20
372
  0
VERTEX
  5
e4c
  8
Layer_6
  10
1046.9999
  20
372
  0
VERTEX
  5
e4d
  8
Layer_6
  10
1046.9999
  20
384
  0
VERTEX
  5
e4e
  8
Layer_6
  10
1058.9999
  20
384
  0
SEQEND
  0
POLYLINE
  5
e50
  8
Layer_6
  62
4
  70
1
  66
1
  10
0
  20
0
  30
0
  0
VERTEX
  5
e50
  8
Layer_6
  10
1212
  20
548
  0
VERTEX
  5
e51
  8
Layer_6
  10
1212
  20
560
  0
VERTEX
  5
e52
  8
Layer_6
  10
1188
  20
560
  0
VERTEX
  5
e53
  8
Layer_6
  10
1188
  20
548
  0
VERTEX
  5
e54
  8
Layer_6
  10
1162
  20
548
  0
VERTEX
  5
e55
  8
Layer_6
  10
1162
  20
472
  0
VERTEX
  5
e56
  8
Layer_6
  10
1150
  20
472
  0
VERTEX
  5
e57
  8
Layer_6
  10
1150
  20
448
  0
VERTEX
  5
e58
  8
Layer_6
  10
1162
  20
448
  0
VERTEX
  5
e59
  8
Layer_6
  10
1162
  20
372
  0
VERTEX
  5
e5a
  8
Layer_6
  10
1188
  20
372
  0
VERTEX
  5
e5b
  8
Layer_6
  10
1188
  20
360
  0
VERTEX
  5
e5c
  8
Layer_6
  10
1212
  20
360
  0
VERTEX
  5
e5d
  8
Layer_6
  10
1212
  20
372
  0
VERTEX
  5
e5e
  8
Layer_6
  10
1238
  20
372
  0
VERTEX
  5
e5f
  8
Layer_6
  10
1238
  20
448
  0
VERTEX
  5
e60
  8
Layer_6
  10
1250
  20
448
  0
VERTEX
  5
e61
  8
Layer_6
  10
1250
  20
472
  0
VERTEX
  5
e62
  8
Layer_6
  10
1238
  20
472
  0
VERTEX
  5
e63
  8
Layer_6
  10
1238
  20
548
  0
VERTEX
  5
e64
  8
Layer_6
  10
1212
  20
548
  0
SEQEND
  0
POLYLINE
  5
e66
  8
Layer_6
  62
4
  70
1
  66
1
  10
0
  20
0
  30
0
  0
VERTEX
  5
e66
  8
Layer_6
  10
1188
  20
466
  0
VERTEX
  5
e67
  8
Layer_6
  10
1188
  20
454
  0
VERTEX
  5
e68
  8
Layer_6
  10
1212
  20
454
  0
VERTEX
  5
e69
  8
Layer_6
  10
1212
  20
466
  0
VERTEX
  5
e6a
  8
Layer_6
  10
1188
  20
466
  0
SEQEND
  0
POLYLINE
  5
e6c
  8
Layer_6
  62
4
  70
1
  66
1
  10
0
  20
0
  30
0
  0
VERTEX
  5
e6c
  8
Layer_6
  10
941.99976
  20
372
  0
VERTEX
  5
e6d
  8
Layer_6
  10
921.99976
  20
372
  0
VERTEX
  5
e6e
  8
Layer_6
  10
921.99976
  20
398
  0
VERTEX
  5
e6f
  8
Layer_6
  10
933.99976
  20
398
  0
VERTEX
  5
e70
  8
Layer_6
  10
933.99976
  20
422
  0
VERTEX
  5
e71
  8
Layer_6
  10
921.99976
  20
422
  0
VERTEX
  5
e72
  8
Layer_6
  10
921.99976
  20
448
  0
VERTEX
  5
e73
  8
Layer_6
  10
941.99976
  20
448
  0
VERTEX
  5
e74
  8
Layer_6
  10
941.99976
  20
460
  0
VERTEX
  5
e75
  8
Layer_6
  10
965.99976
  20
460
  0
VERTEX
  5
e76
  8
Layer_6
  10
965.99976
  20
448
  0
VERTEX
  5
e77
  8
Layer_6
  10
997.99976
  20
448
  0
VERTEX
  5
e78
  8
Layer_6
  10
997.99976
  20
460
  0
VERTEX
  5
e79
  8
Layer_6
  10
1021.9998
  20
460
  0
VERTEX
  5
e7a
  8
Layer_6
  10
1021.9998
  20
448
  0
VERTEX
  5
e7b
  8
Layer_6
  10
1041.9998
  20
448
  0
VERTEX
  5
e7c
  8
Layer_6
  10
1041.9998
  20
372
  0
VERTEX
  5
e7d
  8
Layer_6
  10
1021.9998
  20
372
  0
VERTEX
  5
e7e
  8
Layer_6
  10
1021.9998
  20
360
  0
VERTEX
  5
e7f
  8
Layer_6
  10
997.99976
  20
360
  0
VERTEX
  5
e80
  8
Layer_6
  10
997.99976
  20
372
  0
VERTEX
  5
e81
  8
Layer_6
  10
965.99976
  20
372
  0
VERTEX
  5
e82
  8
Layer_6
  10
965.99976
  20
360
  0
VERTEX
  5
e83
  8
Layer_6
  10
941.99976
  20
360
  0
VERTEX
  5
e84
  8
Layer_6
  10
941.99976
  20
372
  0
SEQEND
  0
POLYLINE
  5
e86
  8
Layer_6
  62
4
  70
1
  66
1
  10
0
  20
0
  30
0
  0
VERTEX
  5
e86
  8
Layer_6
  10
899.99976
  20
466
  0
VERTEX
  5
e87
  8
Layer_6
  10
911.99976
  20
466
  0
VERTEX
  5
e88
  8
Layer_6
  10
911.99976
  20
560
  0
VERTEX
  5
e89
  8
Layer_6
  10
891.99976
  20
560
  0
VERTEX
  5
e8a
  8
Layer_6
  10
891.99976
  20
548
  0
VERTEX
  5
e8b
  8
Layer_6
  10
867.99976
  20
548
  0
VERTEX
  5
e8c
  8
Layer_6
  10
867.99976
  20
560
  0
VERTEX
  5
e8d
  8
Layer_6
  10
835.99976
  20
560
  0
VERTEX
  5
e8e
  8
Layer_6
  10
835.99976
  20
548
  0
VERTEX
  5
e8f
  8
Layer_6
  10
811.99976
  20
548
  0
VERTEX
  5
e90
  8
Layer_6
  10
811.99976
  20
560
  0
VERTEX
  5
e91
  8
Layer_6
  10
791.99976
  20
560
  0
VERTEX
  5
e92
  8
Layer_6
  10
791.99976
  20
472
  0
VERTEX
  5
e93
  8
Layer_6
  10
803.99976
  20
472
  0
VERTEX
  5
e94
  8
Layer_6
  10
803.99976
  20
448
  0
VERTEX
  5
e95
  8
Layer_6
  10
791.99976
  20
448
  0
VERTEX
  5
e96
  8
Layer_6
  10
791.99976
  20
360
  0
VERTEX
  5
e97
  8
Layer_6
  10
811.99976
  20
360
  0
VERTEX
  5
e98
  8
Layer_6
  10
811.99976
  20
372
  0
VERTEX
  5
e99
  8
Layer_6
  10
835.99976
  20
372
  0
VERTEX
  5
e9a
  8
Layer_6
  10
835.99976
  20
360
  0
VERTEX
  5
e9b
  8
Layer_6
  10
867.99976
  20
360
  0
VERTEX
  5
e9c
  8
Layer_6
  10
867.99976
  20
372
  0
VERTEX
  5
e9d
  8
Layer_6
  10
891.99976
  20
372
  0
VERTEX
  5
e9e
  8
Layer_6
  10
891.99976
  20
360
  0
VERTEX
  5
e9f
  8
Layer_6
  10
911.99976
  20
360
  0
VERTEX
  5
ea0
  8
Layer_6
  10
911.99976
  20
454
  0
VERTEX
  5
ea1
  8
Layer_6
  10
899.99976
  20
454
  0
VERTEX
  5
ea2
  8
Layer_6
  10
899.99976
  20
466
  0
SEQEND
  0
POLYLINE
  5
ea4
  8
Layer_6
  62
4
  70
1
  66
1
  10
0
  20
0
  30
0
  0
VERTEX
  5
ea4
  8
Layer_6
  10
941.99976
  20
482
  0
VERTEX
  5
ea5
  8
Layer_6
  10
921.99976
  20
482
  0
VERTEX
  5
ea6
  8
Layer_6
  10
921.99976
  20
508
  0
VERTEX
  5
ea7
  8
Layer_6
  10
933.99976
  20
508
  0
VERTEX
  5
ea8
  8
Layer_6
  10
933.99976
  20
532
  0
VERTEX
  5
ea9
  8
Layer_6
  10
921.99976
  20
532
  0
VERTEX
  5
eaa
  8
Layer_6
  10
921.99976
  20
558
  0
VERTEX
  5
eab
  8
Layer_6
  10
941.99976
  20
558
  0
VERTEX
  5
eac
  8
Layer_6
  10
941.99976
  20
570
  0
VERTEX
  5
ead
  8
Layer_6
  10
965.99976
  20
570
  0
VERTEX
  5
eae
  8
Layer_6
  10
965.99976
  20
558
  0
VERTEX
  5
eaf
  8
Layer_6
  10
997.99976
  20
558
  0
VERTEX
  5
eb0
  8
Layer_6
  10
997.99976
  20
570
  0
VERTEX
  5
eb1
  8
Layer_6
  10
1021.9998
  20
570
  0
VERTEX
  5
eb2
  8
Layer_6
  10
1021.9998
  20
558
  0
VERTEX
  5
eb3
  8
Layer_6
  10
1041.9998
  20
558
  0
VERTEX
  5
eb4
  8
Layer_6
  10
1041.9998
  20
482
  0
VERTEX
  5
eb5
  8
Layer_6
  10
1021.9998
  20
482
  0
VERTEX
  5
eb6
  8
Layer_6
  10
1021.9998
  20
470
  0
VERTEX
  5
eb7
  8
Layer_6
  10
997.99976
  20
470
  0
VERTEX
  5
eb8
  8
Layer_6
  10
997.99976
  20
482
  0
VERTEX
  5
eb9
  8
Layer_6
  10
965.99976
  20
482
  0
VERTEX
  5
eba
  8
Layer_6
  10
965.99976
  20
470
  0
VERTEX
  5
ebb
  8
Layer_6
  10
941.99976
  20
470
  0
VERTEX
  5
ebc
  8
Layer_6
  10
941.99976
  20
482
  0
SEQEND
  0
POLYLINE
  5
ebe
  8
Layer_6
  62
4
  70
1
  66
1
  10
0
  20
0
  30
0
  0
VERTEX
  5
ebe
  8
Layer_6
  10
769.99976
  20
466
  0
VERTEX
  5
ebf
  8
Layer_6
  10
781.99976
  20
466
  0
VERTEX
  5
ec0
  8
Layer_6
  10
781.99976
  20
560
  0
VERTEX
  5
ec1
  8
Layer_6
  10
761.99976
  20
560
  0
VERTEX
  5
ec2
  8
Layer_6
  10
761.99976
  20
548
  0
VERTEX
  5
ec3
  8
Layer_6
  10
737.99976
  20
548
  0
VERTEX
  5
ec4
  8
Layer_6
  10
737.99976
  20
560
  0
VERTEX
  5
ec5
  8
Layer_6
  10
705.99976
  20
560
  0
VERTEX
  5
ec6
  8
Layer_6
  10
705.99976
  20
548
  0
VERTEX
  5
ec7
  8
Layer_6
  10
681.99976
  20
548
  0
VERTEX
  5
ec8
  8
Layer_6
  10
681.99976
  20
560
  0
VERTEX
  5
ec9
  8
Layer_6
  10
661.99976
  20
560
  0
VERTEX
  5
eca
  8
Layer_6
  10
661.99976
  20
472
  0
VERTEX
  5
ecb
  8
Layer_6
  10
673.99976
  20
472
  0
VERTEX
  5
ecc
  8
Layer_6
  10
673.99976
  20
448
  0
VERTEX
  5
ecd
  8
Layer_6
  10
661.99976
  20
448
  0
VERTEX
  5
ece
  8
Layer_6
  10
661.99976
  20
360
  0
VERTEX
  5
ecf
  8
Layer_6
  10
681.99976
  20
360
  0
VERTEX
  5
ed0
  8
Layer_6
  10
681.99976
  20
372
  0
VERTEX
  5
ed1
  8
Layer_6
  10
705.99976
  20
372
  0
VERTEX
  5
ed2
  8
Layer_6
  10
705.99976
  20
360
  0
VERTEX
  5
ed3
  8
Layer_6
  10
737.99976
  20
360
  0
VERTEX
  5
ed4
  8
Layer_6
  10
737.99976
  20
372
  0
VERTEX
  5
ed5
  8
Layer_6
  10
761.99976
  20
372
  0
VERTEX
  5
ed6
  8
Layer_6
  10
761.99976
  20
360
  0
VERTEX
  5
ed7
  8
Layer_6
  10
781.99976
  20
360
  0
VERTEX
  5
ed8
  8
Layer_6
  10
781.99976
  20
454
  0
VERTEX
  5
ed9
  8
Layer_6
  10
769.99976
  20
454
  0
VERTEX
  5
eda
  8
Layer_6
  10
769.99976
  20
466
  0
SEQEND
  0
POLYLINE
  5
edc
  8
Layer_6
  62
4
  70
1
  66
1
  10
0
  20
0
  30
0
  0
VERTEX
  5
edc
  8
Layer_6
  10
460.99963
  20
384
  0
VERTEX
  5
edd
  8
Layer_6
  10
460.99963
  20
480
  0
VERTEX
  5
ede
  8
Layer_6
  10
486.99963
  20
480
  0
VERTEX
  5
edf
  8
Layer_6
  10
486.99963
  20
492
  0
VERTEX
  5
ee0
  8
Layer_6
  10
510.99976
  20
492
  0
VERTEX
  5
ee1
  8
Layer_6
  10
510.99976
  20
480
  0
VERTEX
  5
ee2
  8
Layer_6
  10
536.99976
  20
480
  0
VERTEX
  5
ee3
  8
Layer_6
  10
536.99976
  20
384
  0
VERTEX
  5
ee4
  8
Layer_6
  10
548.99976
  20
384
  0
VERTEX
  5
ee5
  8
Layer_6
  10
548.99976
  20
372
  0
VERTEX
  5
ee6
  8
Layer_6
  10
448.99963
  20
372
  0
VERTEX
  5
ee7
  8
Layer_6
  10
448.99963
  20
384
  0
VERTEX
  5
ee8
  8
Layer_6
  10
460.99963
  20
384
  0
SEQEND
  0
POLYLINE
  5
eea
  8
Layer_6
  62
4
  70
1
  66
1
  10
0
  20
0
  30
0
  0
VERTEX
  5
eea
  8
Layer_6
  10
613.99976
  20
548
  0
VERTEX
  5
eeb
  8
Layer_6
  10
613.99976
  20
560
  0
VERTEX
  5
eec
  8
Layer_6
  10
589.99976
  20
560
  0
VERTEX
  5
eed
  8
Layer_6
  10
589.99976
  20
548
  0
VERTEX
  5
eee
  8
Layer_6
  10
563.99976
  20
548
  0
VERTEX
  5
eef
  8
Layer_6
  10
563.99976
  20
472
  0
VERTEX
  5
ef0
  8
Layer_6
  10
551.99976
  20
472
  0
VERTEX
  5
ef1
  8
Layer_6
  10
551.99976
  20
448
  0
VERTEX
  5
ef2
  8
Layer_6
  10
563.99976
  20
448
  0
VERTEX
  5
ef3
  8
Layer_6
  10
563.99976
  20
372
  0
VERTEX
  5
ef4
  8
Layer_6
  10
589.99976
  20
372
  0
VERTEX
  5
ef5
  8
Layer_6
  10
589.99976
  20
360
  0
VERTEX
  5
ef6
  8
Layer_6
  10
613.99976
  20
360
  0
VERTEX
  5
ef7
  8
Layer_6
  10
613.99976
  20
372
  0
VERTEX
  5
ef8
  8
Layer_6
  10
639.99976
  20
372
  0
VERTEX
  5
ef9
  8
Layer_6
  10
639.99976
  20
448
  0
VERTEX
  5
efa
  8
Layer_6
  10
651.99976
  20
448
  0
VERTEX
  5
efb
  8
Layer_6
  10
651.99976
  20
472
  0
VERTEX
  5
efc
  8
Layer_6
  10
639.99976
  20
472
  0
VERTEX
  5
efd
  8
Layer_6
  10
639.99976
  20
548
  0
VERTEX
  5
efe
  8
Layer_6
  10
613.99976
  20
548
  0
SEQEND
  0
POLYLINE
  5
f00
  8
Layer_6
  62
4
  70
1
  66
1
  10
0
  20
0
  30
0
  0
VERTEX
  5
f00
  8
Layer_6
  10
589.99976
  20
466
  0
VERTEX
  5
f01
  8
Layer_6
  10
589.99976
  20
454
  0
VERTEX
  5
f02
  8
Layer_6
  10
613.99976
  20
454
  0
VERTEX
  5
f03
  8
Layer_6
  10
613.99976
  20
466
  0
VERTEX
  5
f04
  8
Layer_6
  10
589.99976
  20
466
  0
SEQEND
  0
POLYLINE
  5
f06
  8
Layer_6
  62
4
  70
1
  66
1
  10
0
  20
0
  30
0
  0
VERTEX
  5
f06
  8
Layer_6
  10
1540
  20
152
  0
VERTEX
  5
f07
  8
Layer_6
  10
1520
  20
152
  0
VERTEX
  5
f08
  8
Layer_6
  10
1520
  20
178
  0
VERTEX
  5
f09
  8
Layer_6
  10
1532
  20
178
  0
VERTEX
  5
f0a
  8
Layer_6
  10
1532
  20
202
  0
VERTEX
  5
f0b
  8
Layer_6
  10
1520
  20
202
  0
VERTEX
  5
f0c
  8
Layer_6
  10
1520
  20
228
  0
VERTEX
  5
f0d
  8
Layer_6
  10
1540
  20
228
  0
VERTEX
  5
f0e
  8
Layer_6
  10
1540
  20
240
  0
VERTEX
  5
f0f
  8
Layer_6
  10
1564
  20
240
  0
VERTEX
  5
f10
  8
Layer_6
  10
1564
  20
228
  0
VERTEX
  5
f11
  8
Layer_6
  10
1596
  20
228
  0
VERTEX
  5
f12
  8
Layer_6
  10
1596
  20
240
  0
VERTEX
  5
f13
  8
Layer_6
  10
1620
  20
240
  0
VERTEX
  5
f14
  8
Layer_6
  10
1620
  20
228
  0
VERTEX
  5
f15
  8
Layer_6
  10
1640
  20
228
  0
VERTEX
  5
f16
  8
Layer_6
  10
1640
  20
152
  0
VERTEX
  5
f17
  8
Layer_6
  10
1620
  20
152
  0
VERTEX
  5
f18
  8
Layer_6
  10
1620
  20
140
  0
VERTEX
  5
f19
  8
Layer_6
  10
1596
  20
140
  0
VERTEX
  5
f1a
  8
Layer_6
  10
1596
  20
152
  0
VERTEX
  5
f1b
  8
Layer_6
  10
1564
  20
152
  0
VERTEX
  5
f1c
  8
Layer_6
  10
1564
  20
140
  0
VERTEX
  5
f1d
  8
Layer_6
  10
1540
  20
140
  0
VERTEX
  5
f1e
  8
Layer_6
  10
1540
  20
152
  0
SEQEND
  0
POLYLINE
  5
f20
  8
Layer_6
  62
4
  70
1
  66
1
  10
0
  20
0
  30
0
  0
VERTEX
  5
f20
  8
Layer_6
  10
1498
  20
246
  0
VERTEX
  5
f21
  8
Layer_6
  10
1510
  20
246
  0
VERTEX
  5
f22
  8
Layer_6
  10
1510
  20
340
  0
VERTEX
  5
f23
  8
Layer_6
  10
1490
  20
340
  0
VERTEX
  5
f24
  8
Layer_6
  10
1490
  20
328
  0
VERTEX
  5
f25
  8
Layer_6
  10
1466
  20
328
  0
VERTEX
  5
f26
  8
Layer_6
  10
1466
  20
340
  0
VERTEX
  5
f27
  8
Layer_6
  10
1434
  20
340
  0
VERTEX
  5
f28
  8
Layer_6
  10
1434
  20
328
  0
VERTEX
  5
f29
  8
Layer_6
  10
1410
  20
328
  0
VERTEX
  5
f2a
  8
Layer_6
  10
1410
  20
340
  0
VERTEX
  5
f2b
  8
Layer_6
  10
1390
  20
340
  0
VERTEX
  5
f2c
  8
Layer_6
  10
1390
  20
252
  0
VERTEX
  5
f2d
  8
Layer_6
  10
1402
  20
252
  0
VERTEX
  5
f2e
  8
Layer_6
  10
1402
  20
228
  0
VERTEX
  5
f2f
  8
Layer_6
  10
1390
  20
228
  0
VERTEX
  5
f30
  8
Layer_6
  10
1390
  20
140
  0
VERTEX
  5
f31
  8
Layer_6
  10
1410
  20
140
  0
VERTEX
  5
f32
  8
Layer_6
  10
1410
  20
152
  0
VERTEX
  5
f33
  8
Layer_6
  10
1434
  20
152
  0
VERTEX
  5
f34
  8
Layer_6
  10
1434
  20
140
  0
VERTEX
  5
f35
  8
Layer_6
  10
1466
  20
140
  0
VERTEX
  5
f36
  8
Layer_6
  10
1466
  20
152
  0
VERTEX
  5
f37
  8
Layer_6
  10
1490
  20
152
  0
VERTEX
  5
f38
  8
Layer_6
  10
1490
  20
140
  0
VERTEX
  5
f39
  8
Layer_6
  10
1510
  20
140
  0
VERTEX
  5
f3a
  8
Layer_6
  10
1510
  20
234
  0
VERTEX
  5
f3b
  8
Layer_6
  10
1498
  20
234
  0
VERTEX
  5
f3c
  8
Layer_6
  10
1498
  20
246
  0
SEQEND
  0
POLYLINE
  5
f3e
  8
Layer_6
  62
4
  70
1
  66
1
  10
0
  20
0
  30
0
  0
VERTEX
  5
f3e
  8
Layer_6
  10
1540
  20
262
  0
VERTEX
  5
f3f
  8
Layer_6
  10
1520
  20
262
  0
VERTEX
  5
f40
  8
Layer_6
  10
1520
  20
288
  0
VERTEX
  5
f41
  8
Layer_6
  10
1532
  20
288
  0
VERTEX
  5
f42
  8
Layer_6
  10
1532
  20
312
  0
VERTEX
  5
f43
  8
Layer_6
  10
1520
  20
312
  0
VERTEX
  5
f44
  8
Layer_6
  10
1520
  20
338
  0
VERTEX
  5
f45
  8
Layer_6
  10
1540
  20
338
  0
VERTEX
  5
f46
  8
Layer_6
  10
1540
  20
350
  0
VERTEX
  5
f47
  8
Layer_6
  10
1564
  20
350
  0
VERTEX
  5
f48
  8
Layer_6
  10
1564
  20
338
  0
VERTEX
  5
f49
  8
Layer_6
  10
1596
  20
338
  0
VERTEX
  5
f4a
  8
Layer_6
  10
1596
  20
350
  0
VERTEX
  5
f4b
  8
Layer_6
  10
1620
  20
350
  0
VERTEX
  5
f4c
  8
Layer_6
  10
1620
  20
338
  0
VERTEX
  5
f4d
  8
Layer_6
  10
1640
  20
338
  0
VERTEX
  5
f4e
  8
Layer_6
  10
1640
  20
262
  0
VERTEX
  5
f4f
  8
Layer_6
  10
1620
  20
262
  0
VERTEX
  5
f50
  8
Layer_6
  10
1620
  20
250
  0
VERTEX
  5
f51
  8
Layer_6
  10
1596
  20
250
  0
VERTEX
  5
f52
  8
Layer_6
  10
1596
  20
262
  0
VERTEX
  5
f53
  8
Layer_6
  10
1564
  20
262
  0
VERTEX
  5
f54
  8
Layer_6
  10
1564
  20
250
  0
VERTEX
  5
f55
  8
Layer_6
  10
1540
  20
250
  0
VERTEX
  5
f56
  8
Layer_6
  10
1540
  20
262
  0
SEQEND
  0
POLYLINE
  5
f58
  8
Layer_6
  62
4
  70
1
  66
1
  10
0
  20
0
  30
0
  0
VERTEX
  5
f58
  8
Layer_6
  10
1368
  20
246
  0
VERTEX
  5
f59
  8
Layer_6
  10
1380
  20
246
  0
VERTEX
  5
f5a
  8
Layer_6
  10
1380
  20
340
  0
VERTEX
  5
f5b
  8
Layer_6
  10
1360
  20
340
  0
VERTEX
  5
f5c
  8
Layer_6
  10
1360
  20
328
  0
VERTEX
  5
f5d
  8
Layer_6
  10
1336
  20
328
  0
VERTEX
  5
f5e
  8
Layer_6
  10
1336
  20
340
  0
VERTEX
  5
f5f
  8
Layer_6
  10
1304
  20
340
  0
VERTEX
  5
f60
  8
Layer_6
  10
1304
  20
328
  0
VERTEX
  5
f61
  8
Layer_6
  10
1280
  20
328
  0
VERTEX
  5
f62
  8
Layer_6
  10
1280
  20
340
  0
VERTEX
  5
f63
  8
Layer_6
  10
1260
  20
340
  0
VERTEX
  5
f64
  8
Layer_6
  10
1260
  20
252
  0
VERTEX
  5
f65
  8
Layer_6
  10
1272
  20
252
  0
VERTEX
  5
f66
  8
Layer_6
  10
1272
  20
228
  0
VERTEX
  5
f67
  8
Layer_6
  10
1260
  20
228
  0
VERTEX
  5
f68
  8
Layer_6
  10
1260
  20
140
  0
VERTEX
  5
f69
  8
Layer_6
  10
1280
  20
140
  0
VERTEX
  5
f6a
  8
Layer_6
  10
1280
  20
152
  0
VERTEX
  5
f6b
  8
Layer_6
  10
1304
  20
152
  0
VERTEX
  5
f6c
  8
Layer_6
  10
1304
  20
140
  0
VERTEX
  5
f6d
  8
Layer_6
  10
1336
  20
140
  0
VERTEX
  5
f6e
  8
Layer_6
  10
1336
  20
152
  0
VERTEX
  5
f6f
  8
Layer_6
  10
1360
  20
152
  0
VERTEX
  5
f70
  8
Layer_6
  10
1360
  20
140
  0
VERTEX
  5
f71
  8
Layer_6
  10
1380
  20
140
  0
VERTEX
  5
f72
  8
Layer_6
  10
1380
  20
234
  0
VERTEX
  5
f73
  8
Layer_6
  10
1368
  20
234
  0
VERTEX
  5
f74
  8
Layer_6
  10
1368
  20
246
  0
SEQEND
  0
POLYLINE
  5
f76
  8
Layer_6
  62
4
  70
1
  66
1
  10
0
  20
0
  30
0
  0
VERTEX
  5
f76
  8
Layer_6
  10
1058.9999
  20
164
  0
VERTEX
  5
f77
  8
Layer_6
  10
1058.9999
  20
260
  0
VERTEX
  5
f78
  8
Layer_6
  10
1084.9999
  20
260
  0
VERTEX
  5
f79
  8
Layer_6
  10
1084.9999
  20
272
  0
VERTEX
  5
f7a
  8
Layer_6
  10
1109
  20
272
  0
VERTEX
  5
f7b
  8
Layer_6
  10
1109
  20
260
  0
VERTEX
  5
f7c
  8
Layer_6
  10
1135
  20
260
  0
VERTEX
  5
f7d
  8
Layer_6
  10
1135
  20
164
  0
VERTEX
  5
f7e
  8
Layer_6
  10
1147
  20
164
  0
VERTEX
  5
f7f
  8
Layer_6
  10
1147
  20
152
  0
VERTEX
  5
f80
  8
Layer_6
  10
1046.9999
  20
152
  0
VERTEX
  5
f81
  8
Layer_6
  10
1046.9999
  20
164
  0
VERTEX
  5
f82
  8
Layer_6
  10
1058.9999
  20
164
  0
SEQEND
  0
POLYLINE
  5
f84
  8
Layer_6
  62
4
  70
1
  66
1
  10
0
  20
0
  30
0
  0
VERTEX
  5
f84
  8
Layer_6
  10
1212
  20
328
  0
VERTEX
  5
f85
  8
Layer_6
  10
1212
  20
340
  0
VERTEX
  5
f86
  8
Layer_6
  10
1188
  20
340
  0
VERTEX
  5
f87
  8
Layer_6
  10
1188
  20
328
  0
VERTEX
  5
f88
  8
Layer_6
  10
1162
  20
328
  0
VERTEX
  5
f89
  8
Layer_6
  10
1162
  20
252
  0
VERTEX
  5
f8a
  8
Layer_6
  10
1150
  20
252
  0
VERTEX
  5
f8b
  8
Layer_6
  10
1150
  20
228
  0
VERTEX
  5
f8c
  8
Layer_6
  10
1162
  20
228
  0
VERTEX
  5
f8d
  8
Layer_6
  10
1162
  20
152
  0
VERTEX
  5
f8e
  8
Layer_6
  10
1188
  20
152
  0
VERTEX
  5
f8f
  8
Layer_6
  10
1188
  20
140
  0
VERTEX
  5
f90
  8
Layer_6
  10
1212
  20
140
  0
VERTEX
  5
f91
  8
Layer_6
  10
1212
  20
152
  0
VERTEX
  5
f92
  8
Layer_6
  10
1238
  20
152
  0
VERTEX
  5
f93
  8
Layer_6
  10
1238
  20
228
  0
VERTEX
  5
f94
  8
Layer_6
  10
1250
  20
228
  0
VERTEX
  5
f95
  8
Layer_6
  10
1250
  20
252
  0
VERTEX
  5
f96
  8
Layer_6
  10
1238
  20
252
  0
VERTEX
  5
f97
  8
Layer_6
  10
1238
  20
328
  0
VERTEX
  5
f98
  8
Layer_6
  10
1212
  20
328
  0
SEQEND
  0
POLYLINE
  5
f9a
  8
Layer_6
  62
4
  70
1
  66
1
  10
0
  20
0
  30
0
  0
VERTEX
  5
f9a
  8
Layer_6
  10
1188
  20
246
  0
VERTEX
  5
f9b
  8
Layer_6
  10
1188
  20
234
  0
VERTEX
  5
f9c
  8
Layer_6
  10
1212
  20
234
  0
VERTEX
  5
f9d
  8
Layer_6
  10
1212
  20
246
  0
VERTEX
  5
f9e
  8
Layer_6
  10
1188
  20
246
  0
SEQEND
  0
POLYLINE
  5
fa0
  8
Layer_6
  62
4
  70
1
  66
1
  10
0
  20
0
  30
0
  0
VERTEX
  5
fa0
  8
Layer_6
  10
941.99976
  20
152
  0
VERTEX
  5
fa1
  8
Layer_6
  10
921.99976
  20
152
  0
VERTEX
  5
fa2
  8
Layer_6
  10
921.99976
  20
178
  0
VERTEX
  5
fa3
  8
Layer_6
  10
933.99976
  20
178
  0
VERTEX
  5
fa4
  8
Layer_6
  10
933.99976
  20
202
  0
VERTEX
  5
fa5
  8
Layer_6
  10
921.99976
  20
202
  0
VERTEX
  5
fa6
  8
Layer_6
  10
921.99976
  20
228
  0
VERTEX
  5
fa7
  8
Layer_6
  10
941.99976
  20
228
  0
VERTEX
  5
fa8
  8
Layer_6
  10
941.99976
  20
240
  0
VERTEX
  5
fa9
  8
Layer_6
  10
965.99976
  20
240
  0
VERTEX
  5
faa
  8
Layer_6
  10
965.99976
  20
228
  0
VERTEX
  5
fab
  8
Layer_6
  10
997.99976
  20
228
  0
VERTEX
  5
fac
  8
Layer_6
  10
997.99976
  20
240
  0
VERTEX
  5
fad
  8
Layer_6
  10
1021.9998
  20
240
  0
VERTEX
  5
fae
  8
Layer_6
  10
1021.9998
  20
228
  0
VERTEX
  5
faf
  8
Layer_6
  10
1041.9998
  20
228
  0
VERTEX
  5
fb0
  8
Layer_6
  10
1041.9998
  20
152
  0
VERTEX
  5
fb1
  8
Layer_6
  10
1021.9998
  20
152
  0
VERTEX
  5
fb2
  8
Layer_6
  10
1021.9998
  20
140
  0
VERTEX
  5
fb3
  8
Layer_6
  10
997.99976
  20
140
  0
VERTEX
  5
fb4
  8
Layer_6
  10
997.99976
  20
152
  0
VERTEX
  5
fb5
  8
Layer_6
  10
965.99976
  20
152
  0
VERTEX
  5
fb6
  8
Layer_6
  10
965.99976
  20
140
  0
VERTEX
  5
fb7
  8
Layer_6
  10
941.99976
  20
140
  0
VERTEX
  5
fb8
  8
Layer_6
  10
941.99976
  20
152
  0
SEQEND
  0
POLYLINE
  5
fba
  8
Layer_6
  62
4
  70
1
  66
1
  10
0
  20
0
  30
0
  0
VERTEX
  5
fba
  8
Layer_6
  10
899.99976
  20
246
  0
VERTEX
  5
fbb
  8
Layer_6
  10
911.99976
  20
246
  0
VERTEX
  5
fbc
  8
Layer_6
  10
911.99976
  20
340
  0
VERTEX
  5
fbd
  8
Layer_6
  10
891.99976
  20
340
  0
VERTEX
  5
fbe
  8
Layer_6
  10
891.99976
  20
328
  0
VERTEX
  5
fbf
  8
Layer_6
  10
867.99976
  20
328
  0
VERTEX
  5
fc0
  8
Layer_6
  10
867.99976
  20
340
  0
VERTEX
  5
fc1
  8
Layer_6
  10
835.99976
  20
340
  0
VERTEX
  5
fc2
  8
Layer_6
  10
835.99976
  20
328
  0
VERTEX
  5
fc3
  8
Layer_6
  10
811.99976
  20
328
  0
VERTEX
  5
fc4
  8
Layer_6
  10
811.99976
  20
340
  0
VERTEX
  5
fc5
  8
Layer_6
  10
791.99976
  20
340
  0
VERTEX
  5
fc6
  8
Layer_6
  10
791.99976
  20
252
  0
VERTEX
  5
fc7
  8
Layer_6
  10
803.99976
  20
252
  0
VERTEX
  5
fc8
  8
Layer_6
  10
803.99976
  20
228
  0
VERTEX
  5
fc9
  8
Layer_6
  10
791.99976
  20
228
  0
VERTEX
  5
fca
  8
Layer_6
  10
791.99976
  20
140
  0
VERTEX
  5
fcb
  8
Layer_6
  10
811.99976
  20
140
  0
VERTEX
  5
fcc
  8
Layer_6
  10
811.99976
  20
152
  0
VERTEX
  5
fcd
  8
Layer_6
  10
835.99976
  20
152
  0
VERTEX
  5
fce
  8
Layer_6
  10
835.99976
  20
140
  0
VERTEX
  5
fcf
  8
Layer_6
  10
867.99976
  20
140
  0
VERTEX
  5
fd0
  8
Layer_6
  10
867.99976
  20
152
  0
VERTEX
  5
fd1
  8
Layer_6
  10
891.99976
  20
152
  0
VERTEX
  5
fd2
  8
Layer_6
  10
891.99976
  20
140
  0
VERTEX
  5
fd3
  8
Layer_6
  10
911.99976
  20
140
  0
VERTEX
  5
fd4
  8
Layer_6
  10
911.99976
  20
234
  0
VERTEX
  5
fd5
  8
Layer_6
  10
899.99976
  20
234
  0
VERTEX
  5
fd6
  8
Layer_6
  10
899.99976
  20
246
  0
SEQEND
  0
POLYLINE
  5
fd8
  8
Layer_6
  62
4
  70
1
  66
1
  10
0
  20
0
  30
0
  0
VERTEX
  5
fd8
  8
Layer_6
  10
941.99976
  20
262
  0
VERTEX
  5
fd9
  8
Layer_6
  10
921.99976
  20
262
  0
VERTEX
  5
fda
  8
Layer_6
  10
921.99976
  20
288
  0
VERTEX
  5
fdb
  8
Layer_6
  10
933.99976
  20
288
  0
VERTEX
  5
fdc
  8
Layer_6
  10
933.99976
  20
312
  0
VERTEX
  5
fdd
  8
Layer_6
  10
921.99976
  20
312
  0
VERTEX
  5
fde
  8
Layer_6
  10
921.99976
  20
338
  0
VERTEX
  5
fdf
  8
Layer_6
  10
941.99976
  20
338
  0
VERTEX
  5
fe0
  8
Layer_6
  10
941.99976
  20
350
  0
VERTEX
  5
fe1
  8
Layer_6
  10
965.99976
  20
350
  0
VERTEX
  5
fe2
  8
Layer_6
  10
965.99976
  20
338
  0
VERTEX
  5
fe3
  8
Layer_6
  10
997.99976
  20
338
  0
VERTEX
  5
fe4
  8
Layer_6
  10
997.99976
  20
350
  0
VERTEX
  5
fe5
  8
Layer_6
  10
1021.9998
  20
350
  0
VERTEX
  5
fe6
  8
Layer_6
  10
1021.9998
  20
338
  0
VERTEX
  5
fe7
  8
Layer_6
  10
1041.9998
  20
338
  0
VERTEX
  5
fe8
  8
Layer_6
  10
1041.9998
  20
262
  0
VERTEX
  5
fe9
  8
Layer_6
  10
1021.9998
  20
262
  0
VERTEX
  5
fea
  8
Layer_6
  10
1021.9998
  20
250
  0
VERTEX
  5
feb
  8
Layer_6
  10
997.99976
  20
250
  0
VERTEX
  5
fec
  8
Layer_6
  10
997.99976
  20
262
  0
VERTEX
  5
fed
  8
Layer_6
  10
965.99976
  20
262
  0
VERTEX
  5
fee
  8
Layer_6
  10
965.99976
  20
250
  0
VERTEX
  5
fef
  8
Layer_6
  10
941.99976
  20
250
  0
VERTEX
  5
ff0
  8
Layer_6
  10
941.99976
  20
262
  0
SEQEND
  0
POLYLINE
  5
ff2
  8
Layer_6
  62
4
  70
1
  66
1
  10
0
  20
0
  30
0
  0
VERTEX
  5
ff2
  8
Layer_6
  10
769.99976
  20
246
  0
VERTEX
  5
ff3
  8
Layer_6
  10
781.99976
  20
246
  0
VERTEX
  5
ff4
  8
Layer_6
  10
781.99976
  20
340
  0
VERTEX
  5
ff5
  8
Layer_6
  10
761.99976
  20
340
  0
VERTEX
  5
ff6
  8
Layer_6
  10
761.99976
  20
328
  0
VERTEX
  5
ff7
  8
Layer_6
  10
737.99976
  20
328
  0
VERTEX
  5
ff8
  8
Layer_6
  10
737.99976
  20
340
  0
VERTEX
  5
ff9
  8
Layer_6
  10
705.99976
  20
340
  0
VERTEX
  5
ffa
  8
Layer_6
  10
705.99976
  20
328
  0
VERTEX
  5
ffb
  8
Layer_6
  10
681.99976
  20
328
  0
VERTEX
  5
ffc
  8
Layer_6
  10
681.99976
  20
340
  0
VERTEX
  5
ffd
  8
Layer_6
  10
661.99976
  20
340
  0
VERTEX
  5
ffe
  8
Layer_6
  10
661.99976
  20
252
  0
VERTEX
  5
fff
  8
Layer_6
  10
673.99976
  20
252
  0
VERTEX
  5
1000
  8
Layer_6
  10
673.99976
  20
228
  0
VERTEX
  5
1001
  8
Layer_6
  10
661.99976
  20
228
  0
VERTEX
  5
1002
  8
Layer_6
  10
661.99976
  20
140
  0
VERTEX
  5
1003
  8
Layer_6
  10
681.99976
  20
140
  0
VERTEX
  5
1004
  8
Layer_6
  10
681.99976
  20
152
  0
VERTEX
  5
1005
  8
Layer_6
  10
705.99976
  20
152
  0
VERTEX
  5
1006
  8
Layer_6
  10
705.99976
  20
140
  0
VERTEX
  5
1007
  8
Layer_6
  10
737.99976
  20
140
  0
VERTEX
  5
1008
  8
Layer_6
  10
737.99976
  20
152
  0
VERTEX
  5
1009
  8
Layer_6
  10
761.99976
  20
152
  0
VERTEX
  5
100a
  8
Layer_6
  10
761.99976
  20
140
  0
VERTEX
  5
100b
  8
Layer_6
  10
781.99976
  20
140
  0
VERTEX
  5
100c
  8
Layer_6
  10
781.99976
  20
234
  0
VERTEX
  5
100d
  8
Layer_6
  10
769.99976
  20
234
  0
VERTEX
  5
100e
  8
Layer_6
  10
769.99976
  20
246
  0
SEQEND
  0
POLYLINE
  5
1010
  8
Layer_6
  62
4
  70
1
  66
1
  10
0
  20
0
  30
0
  0
VERTEX
  5
1010
  8
Layer_6
  10
460.99963
  20
164
  0
VERTEX
  5
1011
  8
Layer_6
  10
460.99963
  20
260
  0
VERTEX
  5
1012
  8
Layer_6
  10
486.99963
  20
260
  0
VERTEX
  5
1013
  8
Layer_6
  10
486.99963
  20
272
  0
VERTEX
  5
1014
  8
Layer_6
  10
510.99976
  20
272
  0
VERTEX
  5
1015
  8
Layer_6
  10
510.99976
  20
260
  0
VERTEX
  5
1016
  8
Layer_6
  10
536.99976
  20
260
  0
VERTEX
  5
1017
  8
Layer_6
  10
536.99976
  20
164
  0
VERTEX
  5
1018
  8
Layer_6
  10
548.99976
  20
164
  0
VERTEX
  5
1019
  8
Layer_6
  10
548.99976
  20
152
  0
VERTEX
  5
101a
  8
Layer_6
  10
448.99963
  20
152
  0
VERTEX
  5
101b
  8
Layer_6
  10
448.99963
  20
164
  0
VERTEX
  5
101c
  8
Layer_6
  10
460.99963
  20
164
  0
SEQEND
  0
POLYLINE
  5
101e
  8
Layer_6
  62
4
  70
1
  66
1
  10
0
  20
0
  30
0
  0
VERTEX
  5
101e
  8
Layer_6
  10
613.99976
  20
328
  0
VERTEX
  5
101f
  8
Layer_6
  10
613.99976
  20
340
  0
VERTEX
  5
1020
  8
Layer_6
  10
589.99976
  20
340
  0
VERTEX
  5
1021
  8
Layer_6
  10
589.99976
  20
328
  0
VERTEX
  5
1022
  8
Layer_6
  10
563.99976
  20
328
  0
VERTEX
  5
1023
  8
Layer_6
  10
563.99976
  20
252
  0
VERTEX
  5
1024
  8
Layer_6
  10
551.99976
  20
252
  0
VERTEX
  5
1025
  8
Layer_6
  10
551.99976
  20
228
  0
VERTEX
  5
1026
  8
Layer_6
  10
563.99976
  20
228
  0
VERTEX
  5
1027
  8
Layer_6
  10
563.99976
  20
152
  0
VERTEX
  5
1028
  8
Layer_6
  10
589.99976
  20
152
  0
VERTEX
  5
1029
  8
Layer_6
  10
589.99976
  20
140
  0
VERTEX
  5
102a
  8
Layer_6
  10
613.99976
  20
140
  0
VERTEX
  5
102b
  8
Layer_6
  10
613.99976
  20
152
  0
VERTEX
  5
102c
  8
Layer_6
  10
639.99976
  20
152
  0
VERTEX
  5
102d
  8
Layer_6
  10
639.99976
  20
228
  0
VERTEX
  5
102e
  8
Layer_6
  10
651.99976
  20
228
  0
VERTEX
  5
102f
  8
Layer_6
  10
651.99976
  20
252
  0
VERTEX
  5
1030
  8
Layer_6
  10
639.99976
  20
252
  0
VERTEX
  5
1031
  8
Layer_6
  10
639.99976
  20
328
  0
VERTEX
  5
1032
  8
Layer_6
  10
613.99976
  20
328
  0
SEQEND
  0
POLYLINE
  5
1034
  8
Layer_6
  62
4
  70
1
  66
1
  10
0
  20
0
  30
0
  0
VERTEX
  5
1034
  8
Layer_6
  10
589.99976
  20
246
  0
VERTEX
  5
1035
  8
Layer_6
  10
589.99976
  20
234
  0
VERTEX
  5
1036
  8
Layer_6
  10
613.99976
  20
234
  0
VERTEX
  5
1037
  8
Layer_6
  10
613.99976
  20
246
  0
VERTEX
  5
1038
  8
Layer_6
  10
589.99976
  20
246
  0
SEQEND
  0
ENDSEC
  0
EOF
