  0
SECTION
  2
HEADER
  9
$ACADVER
  1
AC1009
  0
ENDSEC
  0
SECTION
  2
TABLES
  0
TABLE
  2
LAYER
  70
3
  0
LAYER
  2
Layer_0
  70
0
  62
7
  6
CONTINUOUS
  0
LAYER
  2
Layer_4
  70
0
  62
52
  6
CONTINUOUS
  0
LAYER
  2
Layer_3
  70
0
  62
3
  6
CONTINUOUS
  0
ENDTAB
  0
ENDSEC
  0
SECTION
  2
ENTITIES
  0
POLYLINE
  5
90
  8
Layer_4
  62
52
  66
1
  10
0
  20
0
  30
0
  0
VERTEX
  5
90
  8
Layer_4
  10
461.19324
  20
260.00024
  0
VERTEX
  5
91
  8
Layer_4
  10
455.71924
  20
493.01807
  0
VERTEX
  5
92
  8
Layer_4
  10
455.66797
  20
495.19629
  0
VERTEX
  5
93
  8
Layer_4
  10
455.61707
  20
497.36694
  0
VERTEX
  5
94
  8
Layer_4
  10
455.56653
  20
499.52954
  0
VERTEX
  5
95
  8
Layer_4
  10
455.51599
  20
501.68433
  0
VERTEX
  5
96
  8
Layer_4
  10
455.46582
  20
503.8313
  0
VERTEX
  5
97
  8
Layer_4
  10
455.41589
  20
505.9707
  0
VERTEX
  5
98
  8
Layer_4
  10
455.36621
  20
508.10229
  0
VERTEX
  5
99
  8
Layer_4
  10
455.31665
  20
510.22632
  0
VERTEX
  5
9a
  8
Layer_4
  10
455.26746
  20
512.34302
  0
VERTEX
  5
9b
  8
Layer_4
  10
455.21851
  20
514.45215
  0
VERTEX
  5
9c
  8
Layer_4
  10
455.1698
  20
516.55371
  0
VERTEX
  5
9d
  8
Layer_4
  10
455.12134
  20
518.64819
  0
VERTEX
  5
9e
  8
Layer_4
  10
455.073
  20
520.7356
  0
VERTEX
  5
9f
  8
Layer_4
  10
455.02502
  20
522.81543
  0
VERTEX
  5
a0
  8
Layer_4
  10
454.97717
  20
524.88818
  0
VERTEX
  5
a1
  8
Layer_4
  10
454.92957
  20
526.9541
  0
VERTEX
  5
a2
  8
Layer_4
  10
454.88232
  20
529.0127
  0
VERTEX
  5
a3
  8
Layer_4
  10
454.83533
  20
531.0647
  0
VERTEX
  5
a4
  8
Layer_4
  10
454.78845
  20
533.10962
  0
VERTEX
  5
a5
  8
Layer_4
  10
454.74194
  20
535.14771
  0
VERTEX
  5
a6
  8
Layer_4
  10
454.69556
  20
537.1792
  0
VERTEX
  5
a7
  8
Layer_4
  10
454.64941
  20
539.20361
  0
VERTEX
  5
a8
  8
Layer_4
  10
454.60364
  20
541.22168
  0
VERTEX
  5
a9
  8
Layer_4
  10
454.55798
  20
543.23315
  0
VERTEX
  5
aa
  8
Layer_4
  10
454.51257
  20
545.23828
  0
VERTEX
  5
ab
  8
Layer_4
  10
454.46741
  20
547.23682
  0
VERTEX
  5
ac
  8
Layer_4
  10
454.42249
  20
549.229
  0
VERTEX
  5
ad
  8
Layer_4
  10
454.37793
  20
551.2146
  0
VERTEX
  5
ae
  8
Layer_4
  10
454.3335
  20
553.19409
  0
VERTEX
  5
af
  8
Layer_4
  10
454.28931
  20
555.16748
  0
VERTEX
  5
b0
  8
Layer_4
  10
454.24536
  20
557.13477
  0
VERTEX
  5
b1
  8
Layer_4
  10
454.20166
  20
559.09595
  0
VERTEX
  5
b2
  8
Layer_4
  10
454.1582
  20
561.05127
  0
VERTEX
  5
b3
  8
Layer_4
  10
454.11499
  20
563.00049
  0
VERTEX
  5
b4
  8
Layer_4
  10
454.07202
  20
564.9436
  0
VERTEX
  5
b5
  8
Layer_4
  10
454.0293
  20
566.8811
  0
VERTEX
  5
b6
  8
Layer_4
  10
453.98682
  20
568.81299
  0
VERTEX
  5
b7
  8
Layer_4
  10
453.94446
  20
570.73901
  0
VERTEX
  5
b8
  8
Layer_4
  10
453.90247
  20
572.65942
  0
VERTEX
  5
b9
  8
Layer_4
  10
453.86072
  20
574.57446
  0
VERTEX
  5
ba
  8
Layer_4
  10
453.81921
  20
576.48389
  0
VERTEX
  5
bb
  8
Layer_4
  10
453.77795
  20
578.3877
  0
VERTEX
  5
bc
  8
Layer_4
  10
453.73694
  20
580.28638
  0
VERTEX
  5
bd
  8
Layer_4
  10
453.69604
  20
582.17944
  0
VERTEX
  5
be
  8
Layer_4
  10
453.65552
  20
584.06738
  0
VERTEX
  5
bf
  8
Layer_4
  10
453.61523
  20
585.9502
  0
VERTEX
  5
c0
  8
Layer_4
  10
453.57507
  20
587.82788
  0
VERTEX
  5
c1
  8
Layer_4
  10
453.53516
  20
589.70068
  0
VERTEX
  5
c2
  8
Layer_4
  10
453.49561
  20
591.56812
  0
VERTEX
  5
c3
  8
Layer_4
  10
453.45618
  20
593.43091
  0
VERTEX
  5
c4
  8
Layer_4
  10
453.41711
  20
595.28882
  0
VERTEX
  5
c5
  8
Layer_4
  10
453.37817
  20
597.1416
  0
VERTEX
  5
c6
  8
Layer_4
  10
453.3396
  20
598.98999
  0
VERTEX
  5
c7
  8
Layer_4
  10
453.30115
  20
600.8335
  0
VERTEX
  5
c8
  8
Layer_4
  10
453.26294
  20
602.67236
  0
VERTEX
  5
c9
  8
Layer_4
  10
453.2251
  20
604.50659
  0
VERTEX
  5
ca
  8
Layer_4
  10
453.18738
  20
606.33667
  0
VERTEX
  5
cb
  8
Layer_4
  10
453.1499
  20
608.16211
  0
VERTEX
  5
cc
  8
Layer_4
  10
453.11267
  20
609.98291
  0
VERTEX
  5
cd
  8
Layer_4
  10
453.07581
  20
611.7998
  0
VERTEX
  5
ce
  8
Layer_4
  10
453.03906
  20
613.6123
  0
VERTEX
  5
cf
  8
Layer_4
  10
453.00256
  20
615.42041
  0
VERTEX
  5
d0
  8
Layer_4
  10
452.96631
  20
617.22461
  0
VERTEX
  5
d1
  8
Layer_4
  10
452.9303
  20
619.0249
  0
VERTEX
  5
d2
  8
Layer_4
  10
452.89465
  20
620.8208
  0
VERTEX
  5
d3
  8
Layer_4
  10
452.85901
  20
622.61304
  0
VERTEX
  5
d4
  8
Layer_4
  10
452.82385
  20
624.40137
  0
VERTEX
  5
d5
  8
Layer_4
  10
452.7887
  20
626.18579
  0
VERTEX
  5
d6
  8
Layer_4
  10
452.75391
  20
627.9668
  0
VERTEX
  5
d7
  8
Layer_4
  10
452.71936
  20
629.74365
  0
VERTEX
  5
d8
  8
Layer_4
  10
452.68506
  20
631.51709
  0
VERTEX
  5
d9
  8
Layer_4
  10
452.651
  20
633.28711
  0
VERTEX
  5
da
  8
Layer_4
  10
452.61707
  20
635.05347
  0
VERTEX
  5
db
  8
Layer_4
  10
452.5835
  20
636.81641
  0
VERTEX
  5
dc
  8
Layer_4
  10
452.55017
  20
638.57593
  0
VERTEX
  5
dd
  8
Layer_4
  10
452.51709
  20
640.33228
  0
VERTEX
  5
de
  8
Layer_4
  10
452.48425
  20
642.08521
  0
VERTEX
  5
df
  8
Layer_4
  10
452.45154
  20
643.83521
  0
VERTEX
  5
e0
  8
Layer_4
  10
452.41919
  20
645.58179
  0
VERTEX
  5
e1
  8
Layer_4
  10
452.38696
  20
647.32544
  0
VERTEX
  5
e2
  8
Layer_4
  10
452.3551
  20
649.06616
  0
VERTEX
  5
e3
  8
Layer_4
  10
452.32336
  20
650.80396
  0
VERTEX
  5
e4
  8
Layer_4
  10
452.29199
  20
652.53882
  0
VERTEX
  5
e5
  8
Layer_4
  10
452.26074
  20
654.27075
  0
VERTEX
  5
e6
  8
Layer_4
  10
452.22986
  20
656
  0
VERTEX
  5
e7
  8
Layer_4
  10
452.1991
  20
657.72681
  0
VERTEX
  5
e8
  8
Layer_4
  10
452.16858
  20
659.45068
  0
VERTEX
  5
e9
  8
Layer_4
  10
452.13843
  20
661.17212
  0
VERTEX
  5
ea
  8
Layer_4
  10
452.07874
  20
664.60767
  0
VERTEX
  5
eb
  8
Layer_4
  10
452.0199
  20
668.03369
  0
VERTEX
  5
ec
  8
Layer_4
  10
451.96216
  20
671.45068
  0
VERTEX
  5
ed
  8
Layer_4
  10
451.90515
  20
674.85938
  0
VERTEX
  5
ee
  8
Layer_4
  10
451.84924
  20
678.26001
  0
VERTEX
  5
ef
  8
Layer_4
  10
451.79443
  20
681.65332
  0
VERTEX
  5
f0
  8
Layer_4
  10
451.74036
  20
685.03931
  0
VERTEX
  5
f1
  8
Layer_4
  10
451.68738
  20
688.41919
  0
VERTEX
  5
f2
  8
Layer_4
  10
451.63538
  20
691.79297
  0
VERTEX
  5
f3
  8
Layer_4
  10
451.58435
  20
695.16113
  0
VERTEX
  5
f4
  8
Layer_4
  10
451.53418
  20
698.52466
  0
VERTEX
  5
f5
  8
Layer_4
  10
451.48499
  20
701.88354
  0
VERTEX
  5
f6
  8
Layer_4
  10
451.43677
  20
705.23853
  0
VERTEX
  5
f7
  8
Layer_4
  10
451.38965
  20
708.59009
  0
VERTEX
  5
f8
  8
Layer_4
  10
451.34326
  20
711.93848
  0
VERTEX
  5
f9
  8
Layer_4
  10
451.29797
  20
715.28467
  0
VERTEX
  5
fa
  8
Layer_4
  10
451.21033
  20
721.97144
  0
VERTEX
  5
fb
  8
Layer_4
  10
451.12634
  20
728.65454
  0
VERTEX
  5
fc
  8
Layer_4
  10
451.04626
  20
735.33789
  0
VERTEX
  5
fd
  8
Layer_4
  10
450.97021
  20
742.02563
  0
VERTEX
  5
fe
  8
Layer_4
  10
450.93347
  20
745.37231
  0
VERTEX
  5
ff
  8
Layer_4
  10
450.89783
  20
748.72144
  0
VERTEX
  5
100
  8
Layer_4
  10
450.86316
  20
752.07373
  0
VERTEX
  5
101
  8
Layer_4
  10
450.82935
  20
755.42969
  0
VERTEX
  5
102
  8
Layer_4
  10
450.79651
  20
758.78955
  0
VERTEX
  5
103
  8
Layer_4
  10
450.76465
  20
762.15405
  0
VERTEX
  5
104
  8
Layer_4
  10
450.73376
  20
765.52368
  0
VERTEX
  5
105
  8
Layer_4
  10
450.70386
  20
768.89893
  0
VERTEX
  5
106
  8
Layer_4
  10
450.67493
  20
772.28027
  0
VERTEX
  5
107
  8
Layer_4
  10
450.64685
  20
775.66797
  0
VERTEX
  5
108
  8
Layer_4
  10
450.61987
  20
779.06299
  0
VERTEX
  5
109
  8
Layer_4
  10
450.59375
  20
782.46533
  0
VERTEX
  5
10a
  8
Layer_4
  10
450.56873
  20
785.87598
  0
VERTEX
  5
10b
  8
Layer_4
  10
450.54456
  20
789.29517
  0
VERTEX
  5
10c
  8
Layer_4
  10
450.52136
  20
792.72339
  0
VERTEX
  5
10d
  8
Layer_4
  10
450.49915
  20
796.16138
  0
VERTEX
  5
10e
  8
Layer_4
  10
450.4884
  20
797.88403
  0
VERTEX
  5
10f
  8
Layer_4
  10
450.47791
  20
799.60938
  0
VERTEX
  5
110
  8
Layer_4
  10
450.46765
  20
801.3374
  0
VERTEX
  5
111
  8
Layer_4
  10
450.45764
  20
803.06787
  0
VERTEX
  5
112
  8
Layer_4
  10
450.44775
  20
804.80127
  0
VERTEX
  5
113
  8
Layer_4
  10
450.43835
  20
806.5376
  0
VERTEX
  5
114
  8
Layer_4
  10
450.42896
  20
808.27661
  0
VERTEX
  5
115
  8
Layer_4
  10
450.41992
  20
810.0188
  0
VERTEX
  5
116
  8
Layer_4
  10
450.41113
  20
811.76392
  0
VERTEX
  5
117
  8
Layer_4
  10
450.40247
  20
813.51221
  0
VERTEX
  5
118
  8
Layer_4
  10
450.39417
  20
815.26367
  0
VERTEX
  5
119
  8
Layer_4
  10
450.38611
  20
817.01807
  0
VERTEX
  5
11a
  8
Layer_4
  10
450.37817
  20
818.77588
  0
VERTEX
  5
11b
  8
Layer_4
  10
450.37061
  20
820.53711
  0
VERTEX
  5
11c
  8
Layer_4
  10
450.36316
  20
822.30176
  0
VERTEX
  5
11d
  8
Layer_4
  10
450.35608
  20
824.06982
  0
VERTEX
  5
11e
  8
Layer_4
  10
450.34924
  20
825.84155
  0
VERTEX
  5
11f
  8
Layer_4
  10
450.34253
  20
827.6167
  0
VERTEX
  5
120
  8
Layer_4
  10
450.33606
  20
829.39551
  0
VERTEX
  5
121
  8
Layer_4
  10
450.32996
  20
831.17798
  0
VERTEX
  5
122
  8
Layer_4
  10
450.32397
  20
832.96436
  0
VERTEX
  5
123
  8
Layer_4
  10
450.31836
  20
834.75464
  0
VERTEX
  5
124
  8
Layer_4
  10
450.31274
  20
836.54858
  0
VERTEX
  5
125
  8
Layer_4
  10
450.30762
  20
838.34668
  0
VERTEX
  5
126
  8
Layer_4
  10
450.30261
  20
840.14868
  0
VERTEX
  5
127
  8
Layer_4
  10
450.29785
  20
841.95483
  0
VERTEX
  5
128
  8
Layer_4
  10
450.29346
  20
843.76514
  0
VERTEX
  5
129
  8
Layer_4
  10
450.28906
  20
845.57983
  0
VERTEX
  5
12a
  8
Layer_4
  10
450.28516
  20
847.39868
  0
VERTEX
  5
12b
  8
Layer_4
  10
450.28137
  20
849.22168
  0
VERTEX
  5
12c
  8
Layer_4
  10
450.27783
  20
851.04932
  0
VERTEX
  5
12d
  8
Layer_4
  10
450.27454
  20
852.88135
  0
VERTEX
  5
12e
  8
Layer_4
  10
450.27148
  20
854.71802
  0
VERTEX
  5
12f
  8
Layer_4
  10
450.26868
  20
856.55908
  0
VERTEX
  5
130
  8
Layer_4
  10
450.26611
  20
858.40479
  0
VERTEX
  5
131
  8
Layer_4
  10
450.26379
  20
860.25537
  0
VERTEX
  5
132
  8
Layer_4
  10
450.26172
  20
862.1106
  0
VERTEX
  5
133
  8
Layer_4
  10
450.25977
  20
863.9707
  0
VERTEX
  5
134
  8
Layer_4
  10
450.25818
  20
865.83594
  0
VERTEX
  5
135
  8
Layer_4
  10
450.25696
  20
867.70581
  0
VERTEX
  5
136
  8
Layer_4
  10
450.25574
  20
869.58105
  0
VERTEX
  5
137
  8
Layer_4
  10
450.25488
  20
871.46118
  0
VERTEX
  5
138
  8
Layer_4
  10
450.25415
  20
873.34644
  0
VERTEX
  5
139
  8
Layer_4
  10
450.25378
  20
875.23706
  0
VERTEX
  5
13a
  8
Layer_4
  10
450.25366
  20
877.13281
  0
VERTEX
  5
13b
  8
Layer_4
  10
450.25366
  20
879.03394
  0
VERTEX
  5
13c
  8
Layer_4
  10
450.25403
  20
880.94043
  0
VERTEX
  5
13d
  8
Layer_4
  10
450.25464
  20
882.85254
  0
VERTEX
  5
13e
  8
Layer_4
  10
450.25537
  20
884.77002
  0
VERTEX
  5
13f
  8
Layer_4
  10
450.25635
  20
886.69336
  0
VERTEX
  5
140
  8
Layer_4
  10
450.25769
  20
888.62207
  0
VERTEX
  5
141
  8
Layer_4
  10
450.25916
  20
890.55664
  0
VERTEX
  5
142
  8
Layer_4
  10
450.26099
  20
892.49707
  0
VERTEX
  5
143
  8
Layer_4
  10
450.26294
  20
894.44312
  0
VERTEX
  5
144
  8
Layer_4
  10
450.26526
  20
896.39526
  0
VERTEX
  5
145
  8
Layer_4
  10
450.2677
  20
898.35327
  0
VERTEX
  5
146
  8
Layer_4
  10
450.27051
  20
900.31738
  0
VERTEX
  5
147
  8
Layer_4
  10
450.27344
  20
902.2876
  0
VERTEX
  5
148
  8
Layer_4
  10
450.27661
  20
904.26392
  0
VERTEX
  5
149
  8
Layer_4
  10
450.28015
  20
906.24658
  0
VERTEX
  5
14a
  8
Layer_4
  10
450.28381
  20
908.23535
  0
VERTEX
  5
14b
  8
Layer_4
  10
450.28772
  20
910.23071
  0
VERTEX
  5
14c
  8
Layer_4
  10
450.29187
  20
912.23242
  0
VERTEX
  5
14d
  8
Layer_4
  10
450.29626
  20
914.24048
  0
VERTEX
  5
14e
  8
Layer_4
  10
450.3009
  20
916.25488
  0
VERTEX
  5
14f
  8
Layer_4
  10
450.30579
  20
918.27637
  0
VERTEX
  5
150
  8
Layer_4
  10
450.31091
  20
920.3042
  0
VERTEX
  5
151
  8
Layer_4
  10
450.31628
  20
922.33887
  0
VERTEX
  5
152
  8
Layer_4
  10
450.3219
  20
924.38013
  0
VERTEX
  5
153
  8
Layer_4
  10
450.32776
  20
926.42847
  0
VERTEX
  5
154
  8
Layer_4
  10
450.33386
  20
928.48364
  0
VERTEX
  5
155
  8
Layer_4
  10
450.34021
  20
930.5459
  0
VERTEX
  5
156
  8
Layer_4
  10
450.3468
  20
932.61499
  0
VERTEX
  5
157
  8
Layer_4
  10
450.35364
  20
934.69141
  0
VERTEX
  5
158
  8
Layer_4
  10
450.3606
  20
936.7749
  0
VERTEX
  5
159
  8
Layer_4
  10
450.36792
  20
938.86548
  0
VERTEX
  5
15a
  8
Layer_4
  10
450.37549
  20
940.96338
  0
VERTEX
  5
15b
  8
Layer_4
  10
450.38318
  20
943.06885
  0
VERTEX
  5
15c
  8
Layer_4
  10
450.39136
  20
945.1814
  0
VERTEX
  5
15d
  8
Layer_4
  10
450.39954
  20
947.30176
  0
VERTEX
  5
15e
  8
Layer_4
  10
450.40796
  20
949.42944
  0
VERTEX
  5
15f
  8
Layer_4
  10
450.41675
  20
951.56494
  0
VERTEX
  5
160
  8
Layer_4
  10
450.42566
  20
953.70801
  0
VERTEX
  5
161
  8
Layer_4
  10
450.43506
  20
955.85864
  0
VERTEX
  5
162
  8
Layer_4
  10
450.44446
  20
958.01709
  0
VERTEX
  5
163
  8
Layer_4
  10
450.4541
  20
960.18359
  0
VERTEX
  5
164
  8
Layer_4
  10
450.46411
  20
962.35791
  0
VERTEX
  5
165
  8
Layer_4
  10
450.47424
  20
964.54028
  0
VERTEX
  5
166
  8
Layer_4
  10
450.47644
  20
964.97388
  0
VERTEX
  5
167
  8
Layer_4
  10
450.47876
  20
965.4104
  0
VERTEX
  5
168
  8
Layer_4
  10
450.48132
  20
965.84961
  0
VERTEX
  5
169
  8
Layer_4
  10
450.48401
  20
966.29175
  0
VERTEX
  5
16a
  8
Layer_4
  10
450.48694
  20
966.73682
  0
VERTEX
  5
16b
  8
Layer_4
  10
450.49011
  20
967.18481
  0
VERTEX
  5
16c
  8
Layer_4
  10
450.49341
  20
967.6355
  0
VERTEX
  5
16d
  8
Layer_4
  10
450.49695
  20
968.08887
  0
VERTEX
  5
16e
  8
Layer_4
  10
450.50061
  20
968.54517
  0
VERTEX
  5
16f
  8
Layer_4
  10
450.50464
  20
969.00439
  0
VERTEX
  5
170
  8
Layer_4
  10
450.50867
  20
969.46631
  0
VERTEX
  5
171
  8
Layer_4
  10
450.51294
  20
969.93091
  0
VERTEX
  5
172
  8
Layer_4
  10
450.51746
  20
970.39819
  0
VERTEX
  5
173
  8
Layer_4
  10
450.52222
  20
970.86841
  0
VERTEX
  5
174
  8
Layer_4
  10
450.5271
  20
971.34131
  0
VERTEX
  5
175
  8
Layer_4
  10
450.5321
  20
971.81689
  0
VERTEX
  5
176
  8
Layer_4
  10
450.53735
  20
972.29541
  0
VERTEX
  5
177
  8
Layer_4
  10
450.54285
  20
972.77637
  0
VERTEX
  5
178
  8
Layer_4
  10
450.54846
  20
973.26025
  0
VERTEX
  5
179
  8
Layer_4
  10
450.55432
  20
973.74658
  0
VERTEX
  5
17a
  8
Layer_4
  10
450.56042
  20
974.2356
  0
VERTEX
  5
17b
  8
Layer_4
  10
450.56665
  20
974.72729
  0
VERTEX
  5
17c
  8
Layer_4
  10
450.573
  20
975.22168
  0
VERTEX
  5
17d
  8
Layer_4
  10
450.57947
  20
975.71875
  0
VERTEX
  5
17e
  8
Layer_4
  10
450.5863
  20
976.21851
  0
VERTEX
  5
17f
  8
Layer_4
  10
450.59326
  20
976.7207
  0
VERTEX
  5
180
  8
Layer_4
  10
450.60034
  20
977.22559
  0
VERTEX
  5
181
  8
Layer_4
  10
450.60767
  20
977.73315
  0
VERTEX
  5
182
  8
Layer_4
  10
450.61523
  20
978.24316
  0
VERTEX
  5
183
  8
Layer_4
  10
450.62292
  20
978.75562
  0
VERTEX
  5
184
  8
Layer_4
  10
450.63074
  20
979.27075
  0
VERTEX
  5
185
  8
Layer_4
  10
450.63879
  20
979.78857
  0
VERTEX
  5
186
  8
Layer_4
  10
450.64697
  20
980.30859
  0
VERTEX
  5
187
  8
Layer_4
  10
450.6554
  20
980.83154
  0
VERTEX
  5
188
  8
Layer_4
  10
450.66394
  20
981.35669
  0
VERTEX
  5
189
  8
Layer_4
  10
450.67273
  20
981.88452
  0
VERTEX
  5
18a
  8
Layer_4
  10
450.6908
  20
982.94751
  0
VERTEX
  5
18b
  8
Layer_4
  10
450.70947
  20
984.02026
  0
VERTEX
  5
18c
  8
Layer_4
  10
450.72888
  20
985.10278
  0
VERTEX
  5
18d
  8
Layer_4
  10
450.74902
  20
986.19507
  0
VERTEX
  5
18e
  8
Layer_4
  10
450.76978
  20
987.29712
  0
VERTEX
  5
18f
  8
Layer_4
  10
450.79126
  20
988.4082
  0
VERTEX
  5
190
  8
Layer_4
  10
450.81348
  20
989.52905
  0
VERTEX
  5
191
  8
Layer_4
  10
450.8363
  20
990.65918
  0
VERTEX
  5
192
  8
Layer_4
  10
450.85974
  20
991.79834
  0
VERTEX
  5
193
  8
Layer_4
  10
450.88391
  20
992.94678
  0
VERTEX
  5
194
  8
Layer_4
  10
450.90869
  20
994.10425
  0
VERTEX
  5
195
  8
Layer_4
  10
450.9342
  20
995.27075
  0
VERTEX
  5
196
  8
Layer_4
  10
450.96021
  20
996.44604
  0
VERTEX
  5
197
  8
Layer_4
  10
450.98706
  20
997.62988
  0
VERTEX
  5
198
  8
Layer_4
  10
451.01428
  20
998.82275
  0
VERTEX
  5
199
  8
Layer_4
  10
451.04236
  20
1000.0242
  0
VERTEX
  5
19a
  8
Layer_4
  10
451.07092
  20
1001.2339
  0
VERTEX
  5
19b
  8
Layer_4
  10
451.09998
  20
1002.4521
  0
VERTEX
  5
19c
  8
Layer_4
  10
451.12988
  20
1003.6787
  0
VERTEX
  5
19d
  8
Layer_4
  10
451.16028
  20
1004.9133
  0
VERTEX
  5
19e
  8
Layer_4
  10
451.19128
  20
1006.1565
  0
VERTEX
  5
19f
  8
Layer_4
  10
451.22278
  20
1007.4072
  0
VERTEX
  5
1a0
  8
Layer_4
  10
451.255
  20
1008.6663
  0
VERTEX
  5
1a1
  8
Layer_4
  10
451.28784
  20
1009.9331
  0
VERTEX
  5
1a2
  8
Layer_4
  10
451.32104
  20
1011.2075
  0
VERTEX
  5
1a3
  8
Layer_4
  10
451.35498
  20
1012.4897
  0
VERTEX
  5
1a4
  8
Layer_4
  10
451.38953
  20
1013.7795
  0
VERTEX
  5
1a5
  8
Layer_4
  10
451.42456
  20
1015.0769
  0
VERTEX
  5
1a6
  8
Layer_4
  10
451.46008
  20
1016.3816
  0
VERTEX
  5
1a7
  8
Layer_4
  10
451.49622
  20
1017.6938
  0
VERTEX
  5
1a8
  8
Layer_4
  10
451.53284
  20
1019.0132
  0
VERTEX
  5
1a9
  8
Layer_4
  10
451.56995
  20
1020.3396
  0
VERTEX
  5
1aa
  8
Layer_4
  10
451.60767
  20
1021.6731
  0
VERTEX
  5
1ab
  8
Layer_4
  10
451.646
  20
1023.0134
  0
VERTEX
  5
1ac
  8
Layer_4
  10
451.68481
  20
1024.3608
  0
VERTEX
  5
1ad
  8
Layer_4
  10
451.724
  20
1025.7148
  0
VERTEX
  5
1ae
  8
Layer_4
  10
451.76379
  20
1027.0757
  0
VERTEX
  5
1af
  8
Layer_4
  10
451.80408
  20
1028.4431
  0
VERTEX
  5
1b0
  8
Layer_4
  10
451.84485
  20
1029.8169
  0
VERTEX
  5
1b1
  8
Layer_4
  10
451.88623
  20
1031.1973
  0
VERTEX
  5
1b2
  8
Layer_4
  10
451.92786
  20
1032.584
  0
VERTEX
  5
1b3
  8
Layer_4
  10
451.97021
  20
1033.9768
  0
VERTEX
  5
1b4
  8
Layer_4
  10
452.01294
  20
1035.3757
  0
VERTEX
  5
1b5
  8
Layer_4
  10
452.05615
  20
1036.781
  0
VERTEX
  5
1b6
  8
Layer_4
  10
452.09973
  20
1038.1919
  0
VERTEX
  5
1b7
  8
Layer_4
  10
452.1438
  20
1039.6089
  0
VERTEX
  5
1b8
  8
Layer_4
  10
452.18835
  20
1041.0315
  0
VERTEX
  5
1b9
  8
Layer_4
  10
452.2334
  20
1042.46
  0
VERTEX
  5
1ba
  8
Layer_4
  10
452.27881
  20
1043.8938
  0
VERTEX
  5
1bb
  8
Layer_4
  10
452.32471
  20
1045.3335
  0
VERTEX
  5
1bc
  8
Layer_4
  10
452.37097
  20
1046.7783
  0
VERTEX
  5
1bd
  8
Layer_4
  10
452.41785
  20
1048.2285
  0
VERTEX
  5
1be
  8
Layer_4
  10
452.46484
  20
1049.6841
  0
VERTEX
  5
1bf
  8
Layer_4
  10
452.51245
  20
1051.1445
  0
VERTEX
  5
1c0
  8
Layer_4
  10
452.56055
  20
1052.6104
  0
VERTEX
  5
1c1
  8
Layer_4
  10
452.60876
  20
1054.0811
  0
VERTEX
  5
1c2
  8
Layer_4
  10
452.65759
  20
1055.5564
  0
VERTEX
  5
1c3
  8
Layer_4
  10
452.70679
  20
1057.0369
  0
VERTEX
  5
1c4
  8
Layer_4
  10
452.75635
  20
1058.5217
  0
VERTEX
  5
1c5
  8
Layer_4
  10
452.80627
  20
1060.0115
  0
VERTEX
  5
1c6
  8
Layer_4
  10
452.85657
  20
1061.5056
  0
VERTEX
  5
1c7
  8
Layer_4
  10
452.90735
  20
1063.0042
  0
VERTEX
  5
1c8
  8
Layer_4
  10
452.95825
  20
1064.5071
  0
VERTEX
  5
1c9
  8
Layer_4
  10
453.00964
  20
1066.0142
  0
VERTEX
  5
1ca
  8
Layer_4
  10
453.06152
  20
1067.5254
  0
VERTEX
  5
1cb
  8
Layer_4
  10
453.11365
  20
1069.0408
  0
VERTEX
  5
1cc
  8
Layer_4
  10
453.16602
  20
1070.5601
  0
VERTEX
  5
1cd
  8
Layer_4
  10
453.21875
  20
1072.0833
  0
VERTEX
  5
1ce
  8
Layer_4
  10
453.27185
  20
1073.6104
  0
VERTEX
  5
1cf
  8
Layer_4
  10
453.32544
  20
1075.1411
  0
VERTEX
  5
1d0
  8
Layer_4
  10
453.37915
  20
1076.6753
  0
VERTEX
  5
1d1
  8
Layer_4
  10
453.43323
  20
1078.2131
  0
VERTEX
  5
1d2
  8
Layer_4
  10
453.48755
  20
1079.7544
  0
VERTEX
  5
1d3
  8
Layer_4
  10
453.54236
  20
1081.2988
  0
VERTEX
  5
1d4
  8
Layer_4
  10
453.59717
  20
1082.8467
  0
VERTEX
  5
1d5
  8
Layer_4
  10
453.65247
  20
1084.3977
  0
VERTEX
  5
1d6
  8
Layer_4
  10
453.70813
  20
1085.9519
  0
VERTEX
  5
1d7
  8
Layer_4
  10
453.76392
  20
1087.5088
  0
VERTEX
  5
1d8
  8
Layer_4
  10
453.81995
  20
1089.0686
  0
VERTEX
  5
1d9
  8
Layer_4
  10
453.87634
  20
1090.6313
  0
VERTEX
  5
1da
  8
Layer_4
  10
453.93311
  20
1092.1968
  0
VERTEX
  5
1db
  8
Layer_4
  10
453.98999
  20
1093.7649
  0
VERTEX
  5
1dc
  8
Layer_4
  10
454.10461
  20
1096.9082
  0
VERTEX
  5
1dd
  8
Layer_4
  10
454.22009
  20
1100.0613
  0
VERTEX
  5
1de
  8
Layer_4
  10
454.33655
  20
1103.2227
  0
VERTEX
  5
1df
  8
Layer_4
  10
454.45398
  20
1106.3921
  0
VERTEX
  5
1e0
  8
Layer_4
  10
454.57214
  20
1109.5686
  0
VERTEX
  5
1e1
  8
Layer_4
  10
454.69116
  20
1112.7517
  0
VERTEX
  5
1e2
  8
Layer_4
  10
454.81091
  20
1115.9407
  0
VERTEX
  5
1e3
  8
Layer_4
  10
454.93127
  20
1119.1345
  0
VERTEX
  5
1e4
  8
Layer_4
  10
455.05249
  20
1122.3325
  0
VERTEX
  5
1e5
  8
Layer_4
  10
455.17419
  20
1125.5342
  0
VERTEX
  5
1e6
  8
Layer_4
  10
455.41931
  20
1131.9453
  0
VERTEX
  5
1e7
  8
Layer_4
  10
455.66638
  20
1138.3621
  0
VERTEX
  5
1e8
  8
Layer_4
  10
455.91504
  20
1144.7788
  0
VERTEX
  5
1e9
  8
Layer_4
  10
456.16492
  20
1151.189
  0
VERTEX
  5
1ea
  8
Layer_4
  10
456.29016
  20
1154.3901
  0
VERTEX
  5
1eb
  8
Layer_4
  10
456.41565
  20
1157.5879
  0
VERTEX
  5
1ec
  8
Layer_4
  10
456.54126
  20
1160.7808
  0
VERTEX
  5
1ed
  8
Layer_4
  10
456.66687
  20
1163.9688
  0
VERTEX
  5
1ee
  8
Layer_4
  10
456.79272
  20
1167.1509
  0
VERTEX
  5
1ef
  8
Layer_4
  10
456.91846
  20
1170.3267
  0
VERTEX
  5
1f0
  8
Layer_4
  10
457.04407
  20
1173.4946
  0
VERTEX
  5
1f1
  8
Layer_4
  10
457.16968
  20
1176.6548
  0
VERTEX
  5
1f2
  8
Layer_4
  10
457.29504
  20
1179.8066
  0
VERTEX
  5
1f3
  8
Layer_4
  10
457.42041
  20
1182.9482
  0
VERTEX
  5
1f4
  8
Layer_4
  10
457.48303
  20
1184.5156
  0
VERTEX
  5
1f5
  8
Layer_4
  10
457.54553
  20
1186.0801
  0
VERTEX
  5
1f6
  8
Layer_4
  10
457.60791
  20
1187.6421
  0
VERTEX
  5
1f7
  8
Layer_4
  10
457.67029
  20
1189.2012
  0
VERTEX
  5
1f8
  8
Layer_4
  10
457.73254
  20
1190.7573
  0
VERTEX
  5
1f9
  8
Layer_4
  10
457.7948
  20
1192.3101
  0
VERTEX
  5
1fa
  8
Layer_4
  10
457.85693
  20
1193.8604
  0
VERTEX
  5
1fb
  8
Layer_4
  10
457.91895
  20
1195.4072
  0
VERTEX
  5
1fc
  8
Layer_4
  10
457.98083
  20
1196.9507
  0
VERTEX
  5
1fd
  8
Layer_4
  10
458.0426
  20
1198.4907
  0
VERTEX
  5
1fe
  8
Layer_4
  10
458.10425
  20
1200.0273
  0
VERTEX
  5
1ff
  8
Layer_4
  10
458.16589
  20
1201.5605
  0
VERTEX
  5
200
  8
Layer_4
  10
458.22742
  20
1203.0903
  0
VERTEX
  5
201
  8
Layer_4
  10
458.2887
  20
1204.6162
  0
VERTEX
  5
202
  8
Layer_4
  10
458.34985
  20
1206.1382
  0
VERTEX
  5
203
  8
Layer_4
  10
458.41101
  20
1207.6563
  0
VERTEX
  5
204
  8
Layer_4
  10
458.47192
  20
1209.1704
  0
VERTEX
  5
205
  8
Layer_4
  10
458.53271
  20
1210.6802
  0
VERTEX
  5
206
  8
Layer_4
  10
458.59326
  20
1212.186
  0
VERTEX
  5
207
  8
Layer_4
  10
458.65369
  20
1213.6875
  0
VERTEX
  5
208
  8
Layer_4
  10
458.71399
  20
1215.1846
  0
VERTEX
  5
209
  8
Layer_4
  10
458.77405
  20
1216.6777
  0
VERTEX
  5
20a
  8
Layer_4
  10
458.83411
  20
1218.166
  0
VERTEX
  5
20b
  8
Layer_4
  10
458.8938
  20
1219.6494
  0
VERTEX
  5
20c
  8
Layer_4
  10
458.95337
  20
1221.1284
  0
VERTEX
  5
20d
  8
Layer_4
  10
459.01282
  20
1222.6021
  0
VERTEX
  5
20e
  8
Layer_4
  10
459.07202
  20
1224.0713
  0
VERTEX
  5
20f
  8
Layer_4
  10
459.13086
  20
1225.5352
  0
VERTEX
  5
210
  8
Layer_4
  10
459.1897
  20
1226.9946
  0
VERTEX
  5
211
  8
Layer_4
  10
459.24829
  20
1228.4482
  0
VERTEX
  5
212
  8
Layer_4
  10
459.30664
  20
1229.897
  0
VERTEX
  5
213
  8
Layer_4
  10
459.36475
  20
1231.3403
  0
VERTEX
  5
214
  8
Layer_4
  10
459.42261
  20
1232.7778
  0
VERTEX
  5
215
  8
Layer_4
  10
459.48022
  20
1234.21
  0
VERTEX
  5
216
  8
Layer_4
  10
459.5376
  20
1235.6367
  0
VERTEX
  5
217
  8
Layer_4
  10
459.59473
  20
1237.0576
  0
VERTEX
  5
218
  8
Layer_4
  10
459.65161
  20
1238.4727
  0
VERTEX
  5
219
  8
Layer_4
  10
459.70825
  20
1239.8818
  0
VERTEX
  5
21a
  8
Layer_4
  10
459.76465
  20
1241.2852
  0
VERTEX
  5
21b
  8
Layer_4
  10
459.82068
  20
1242.6821
  0
VERTEX
  5
21c
  8
Layer_4
  10
459.87646
  20
1244.0732
  0
VERTEX
  5
21d
  8
Layer_4
  10
459.93201
  20
1245.458
  0
VERTEX
  5
21e
  8
Layer_4
  10
459.9873
  20
1246.8364
  0
VERTEX
  5
21f
  8
Layer_4
  10
460.04224
  20
1248.208
  0
VERTEX
  5
220
  8
Layer_4
  10
460.09692
  20
1249.5732
  0
VERTEX
  5
221
  8
Layer_4
  10
460.15125
  20
1250.9321
  0
VERTEX
  5
222
  8
Layer_4
  10
460.20532
  20
1252.2842
  0
VERTEX
  5
223
  8
Layer_4
  10
460.25903
  20
1253.6294
  0
VERTEX
  5
224
  8
Layer_4
  10
460.31238
  20
1254.9678
  0
VERTEX
  5
225
  8
Layer_4
  10
460.36548
  20
1256.2988
  0
VERTEX
  5
226
  8
Layer_4
  10
460.41821
  20
1257.623
  0
VERTEX
  5
227
  8
Layer_4
  10
460.47058
  20
1258.9404
  0
VERTEX
  5
228
  8
Layer_4
  10
460.52271
  20
1260.25
  0
VERTEX
  5
229
  8
Layer_4
  10
460.57434
  20
1261.5527
  0
VERTEX
  5
22a
  8
Layer_4
  10
460.62585
  20
1262.8477
  0
VERTEX
  5
22b
  8
Layer_4
  10
460.67676
  20
1264.1348
  0
VERTEX
  5
22c
  8
Layer_4
  10
460.72742
  20
1265.415
  0
VERTEX
  5
22d
  8
Layer_4
  10
460.77771
  20
1266.687
  0
VERTEX
  5
22e
  8
Layer_4
  10
460.82764
  20
1267.9512
  0
VERTEX
  5
22f
  8
Layer_4
  10
460.87708
  20
1269.2075
  0
VERTEX
  5
230
  8
Layer_4
  10
460.92615
  20
1270.4561
  0
VERTEX
  5
231
  8
Layer_4
  10
460.97498
  20
1271.6968
  0
VERTEX
  5
232
  8
Layer_4
  10
461.02332
  20
1272.9287
  0
VERTEX
  5
233
  8
Layer_4
  10
461.07117
  20
1274.1528
  0
VERTEX
  5
234
  8
Layer_4
  10
461.11877
  20
1275.3682
  0
VERTEX
  5
235
  8
Layer_4
  10
461.16589
  20
1276.5757
  0
VERTEX
  5
236
  8
Layer_4
  10
461.21265
  20
1277.7744
  0
VERTEX
  5
237
  8
Layer_4
  10
461.25879
  20
1278.9644
  0
VERTEX
  5
238
  8
Layer_4
  10
461.30469
  20
1280.1455
  0
VERTEX
  5
239
  8
Layer_4
  10
461.3501
  20
1281.3179
  0
VERTEX
  5
23a
  8
Layer_4
  10
461.39502
  20
1282.4819
  0
VERTEX
  5
23b
  8
Layer_4
  10
461.43945
  20
1283.6362
  0
VERTEX
  5
23c
  8
Layer_4
  10
461.48364
  20
1284.7822
  0
VERTEX
  5
23d
  8
Layer_4
  10
461.52722
  20
1285.9185
  0
VERTEX
  5
23e
  8
Layer_4
  10
461.57031
  20
1287.0454
  0
VERTEX
  5
23f
  8
Layer_4
  10
461.61304
  20
1288.1636
  0
VERTEX
  5
240
  8
Layer_4
  10
461.65515
  20
1289.272
  0
VERTEX
  5
241
  8
Layer_4
  10
461.6969
  20
1290.3706
  0
VERTEX
  5
242
  8
Layer_4
  10
461.73816
  20
1291.46
  0
VERTEX
  5
243
  8
Layer_4
  10
461.77881
  20
1292.5396
  0
VERTEX
  5
244
  8
Layer_4
  10
461.81909
  20
1293.6094
  0
VERTEX
  5
245
  8
Layer_4
  10
461.85876
  20
1294.6689
  0
VERTEX
  5
246
  8
Layer_4
  10
461.87854
  20
1295.1953
  0
VERTEX
  5
247
  8
Layer_4
  10
461.89795
  20
1295.7192
  0
VERTEX
  5
248
  8
Layer_4
  10
461.91736
  20
1296.2402
  0
VERTEX
  5
249
  8
Layer_4
  10
461.93665
  20
1296.7588
  0
VERTEX
  5
24a
  8
Layer_4
  10
461.95593
  20
1297.2749
  0
VERTEX
  5
24b
  8
Layer_4
  10
461.97485
  20
1297.7886
  0
VERTEX
  5
24c
  8
Layer_4
  10
461.99377
  20
1298.2993
  0
VERTEX
  5
24d
  8
Layer_4
  10
462.01257
  20
1298.8081
  0
VERTEX
  5
24e
  8
Layer_4
  10
462.03125
  20
1299.314
  0
VERTEX
  5
24f
  8
Layer_4
  10
462.04968
  20
1299.8169
  0
VERTEX
  5
250
  8
Layer_4
  10
462.06812
  20
1300.3174
  0
VERTEX
  5
251
  8
Layer_4
  10
462.0863
  20
1300.8159
  0
VERTEX
  5
252
  8
Layer_4
  10
462.10437
  20
1301.311
  0
VERTEX
  5
253
  8
Layer_4
  10
462.12244
  20
1301.8037
  0
VERTEX
  5
254
  8
Layer_4
  10
462.14026
  20
1302.2939
  0
VERTEX
  5
255
  8
Layer_4
  10
462.15796
  20
1302.7813
  0
VERTEX
  5
256
  8
Layer_4
  10
462.17542
  20
1303.2661
  0
VERTEX
  5
257
  8
Layer_4
  10
462.19275
  20
1303.748
  0
VERTEX
  5
258
  8
Layer_4
  10
462.21008
  20
1304.2275
  0
VERTEX
  5
259
  8
Layer_4
  10
462.22717
  20
1304.7041
  0
VERTEX
  5
25a
  8
Layer_4
  10
462.24414
  20
1305.1782
  0
VERTEX
  5
25b
  8
Layer_4
  10
462.26111
  20
1305.6494
  0
VERTEX
  5
25c
  8
Layer_4
  10
462.27783
  20
1306.1177
  0
VERTEX
  5
25d
  8
Layer_4
  10
462.29431
  20
1306.5835
  0
VERTEX
  5
25e
  8
Layer_4
  10
462.31067
  20
1307.0464
  0
VERTEX
  5
25f
  8
Layer_4
  10
462.32703
  20
1307.5068
  0
VERTEX
  5
260
  8
Layer_4
  10
462.34314
  20
1307.9639
  0
VERTEX
  5
261
  8
Layer_4
  10
462.35913
  20
1308.4185
  0
VERTEX
  5
262
  8
Layer_4
  10
462.375
  20
1308.8701
  0
VERTEX
  5
263
  8
Layer_4
  10
462.39075
  20
1309.3193
  0
VERTEX
  5
264
  8
Layer_4
  10
462.40625
  20
1309.7651
  0
VERTEX
  5
265
  8
Layer_4
  10
462.42163
  20
1310.2085
  0
VERTEX
  5
266
  8
Layer_4
  10
462.43677
  20
1310.6489
  0
VERTEX
  5
267
  8
Layer_4
  10
462.4519
  20
1311.0864
  0
VERTEX
  5
268
  8
Layer_4
  10
462.46692
  20
1311.521
  0
VERTEX
  5
269
  8
Layer_4
  10
462.48169
  20
1311.9531
  0
VERTEX
  5
26a
  8
Layer_4
  10
477.95984
  20
1742.8462
  0
VERTEX
  5
26b
  8
Layer_4
  10
478.09412
  20
1746.7954
  0
VERTEX
  5
26c
  8
Layer_4
  10
478.22644
  20
1750.7368
  0
VERTEX
  5
26d
  8
Layer_4
  10
478.35706
  20
1754.6694
  0
VERTEX
  5
26e
  8
Layer_4
  10
478.48572
  20
1758.5947
  0
VERTEX
  5
26f
  8
Layer_4
  10
478.61255
  20
1762.5117
  0
VERTEX
  5
270
  8
Layer_4
  10
478.73755
  20
1766.4209
  0
VERTEX
  5
271
  8
Layer_4
  10
478.86084
  20
1770.3223
  0
VERTEX
  5
272
  8
Layer_4
  10
478.98206
  20
1774.2158
  0
VERTEX
  5
273
  8
Layer_4
  10
479.10168
  20
1778.1016
  0
VERTEX
  5
274
  8
Layer_4
  10
479.21936
  20
1781.98
  0
VERTEX
  5
275
  8
Layer_4
  10
479.33533
  20
1785.8511
  0
VERTEX
  5
276
  8
Layer_4
  10
479.44946
  20
1789.7144
  0
VERTEX
  5
277
  8
Layer_4
  10
479.56177
  20
1793.5703
  0
VERTEX
  5
278
  8
Layer_4
  10
479.67236
  20
1797.4189
  0
VERTEX
  5
279
  8
Layer_4
  10
479.78125
  20
1801.2603
  0
VERTEX
  5
27a
  8
Layer_4
  10
479.88818
  20
1805.0942
  0
VERTEX
  5
27b
  8
Layer_4
  10
479.99353
  20
1808.9214
  0
VERTEX
  5
27c
  8
Layer_4
  10
480.09705
  20
1812.7412
  0
VERTEX
  5
27d
  8
Layer_4
  10
480.19885
  20
1816.5537
  0
VERTEX
  5
27e
  8
Layer_4
  10
480.29883
  20
1820.3599
  0
VERTEX
  5
27f
  8
Layer_4
  10
480.39709
  20
1824.1587
  0
VERTEX
  5
280
  8
Layer_4
  10
480.49365
  20
1827.9507
  0
VERTEX
  5
281
  8
Layer_4
  10
480.58862
  20
1831.7363
  0
VERTEX
  5
282
  8
Layer_4
  10
480.68176
  20
1835.5146
  0
VERTEX
  5
283
  8
Layer_4
  10
480.77319
  20
1839.2866
  0
VERTEX
  5
284
  8
Layer_4
  10
480.86304
  20
1843.0522
  0
VERTEX
  5
285
  8
Layer_4
  10
480.95105
  20
1846.811
  0
VERTEX
  5
286
  8
Layer_4
  10
481.03748
  20
1850.5635
  0
VERTEX
  5
287
  8
Layer_4
  10
481.12231
  20
1854.3096
  0
VERTEX
  5
288
  8
Layer_4
  10
481.20544
  20
1858.0493
  0
VERTEX
  5
289
  8
Layer_4
  10
481.28674
  20
1861.7827
  0
VERTEX
  5
28a
  8
Layer_4
  10
481.36658
  20
1865.5098
  0
VERTEX
  5
28b
  8
Layer_4
  10
481.4447
  20
1869.231
  0
VERTEX
  5
28c
  8
Layer_4
  10
481.52124
  20
1872.9463
  0
VERTEX
  5
28d
  8
Layer_4
  10
481.59607
  20
1876.6553
  0
VERTEX
  5
28e
  8
Layer_4
  10
481.66931
  20
1880.3584
  0
VERTEX
  5
28f
  8
Layer_4
  10
481.74097
  20
1884.0557
  0
VERTEX
  5
290
  8
Layer_4
  10
481.81104
  20
1887.7471
  0
VERTEX
  5
291
  8
Layer_4
  10
481.87939
  20
1891.4326
  0
VERTEX
  5
292
  8
Layer_4
  10
481.94629
  20
1895.1128
  0
VERTEX
  5
293
  8
Layer_4
  10
482.01147
  20
1898.7871
  0
VERTEX
  5
294
  8
Layer_4
  10
482.0752
  20
1902.4556
  0
VERTEX
  5
295
  8
Layer_4
  10
482.13733
  20
1906.1191
  0
VERTEX
  5
296
  8
Layer_4
  10
482.19788
  20
1909.7769
  0
VERTEX
  5
297
  8
Layer_4
  10
482.25696
  20
1913.4297
  0
VERTEX
  5
298
  8
Layer_4
  10
482.31445
  20
1917.0767
  0
VERTEX
  5
299
  8
Layer_4
  10
482.37024
  20
1920.7188
  0
VERTEX
  5
29a
  8
Layer_4
  10
482.42468
  20
1924.3555
  0
VERTEX
  5
29b
  8
Layer_4
  10
482.47754
  20
1927.9873
  0
VERTEX
  5
29c
  8
Layer_4
  10
482.52893
  20
1931.6143
  0
VERTEX
  5
29d
  8
Layer_4
  10
482.57874
  20
1935.2358
  0
VERTEX
  5
29e
  8
Layer_4
  10
482.62695
  20
1938.8525
  0
VERTEX
  5
29f
  8
Layer_4
  10
482.67383
  20
1942.4648
  0
VERTEX
  5
2a0
  8
Layer_4
  10
482.71924
  20
1946.0718
  0
VERTEX
  5
2a1
  8
Layer_4
  10
482.76294
  20
1949.6743
  0
VERTEX
  5
2a2
  8
Layer_4
  10
482.80542
  20
1953.272
  0
VERTEX
  5
2a3
  8
Layer_4
  10
482.84644
  20
1956.8652
  0
VERTEX
  5
2a4
  8
Layer_4
  10
482.88574
  20
1960.4541
  0
VERTEX
  5
2a5
  8
Layer_4
  10
482.92383
  20
1964.0381
  0
VERTEX
  5
2a6
  8
Layer_4
  10
482.96045
  20
1967.6177
  0
VERTEX
  5
2a7
  8
Layer_4
  10
482.99548
  20
1971.1934
  0
VERTEX
  5
2a8
  8
Layer_4
  10
483.02917
  20
1974.7646
  0
VERTEX
  5
2a9
  8
Layer_4
  10
483.06152
  20
1978.3315
  0
VERTEX
  5
2aa
  8
Layer_4
  10
483.09229
  20
1981.8945
  0
VERTEX
  5
2ab
  8
Layer_4
  10
483.12183
  20
1985.4531
  0
VERTEX
  5
2ac
  8
Layer_4
  10
483.14978
  20
1989.0078
  0
VERTEX
  5
2ad
  8
Layer_4
  10
483.17651
  20
1992.5586
  0
VERTEX
  5
2ae
  8
Layer_4
  10
483.20166
  20
1996.1055
  0
VERTEX
  5
2af
  8
Layer_4
  10
483.22559
  20
1999.6489
  0
VERTEX
  5
2b0
  8
Layer_4
  10
483.24805
  20
2003.188
  0
VERTEX
  5
2b1
  8
Layer_4
  10
483.26929
  20
2006.7236
  0
VERTEX
  5
2b2
  8
Layer_4
  10
483.28906
  20
2010.2559
  0
VERTEX
  5
2b3
  8
Layer_4
  10
483.3075
  20
2013.7842
  0
VERTEX
  5
2b4
  8
Layer_4
  10
483.32458
  20
2017.3091
  0
VERTEX
  5
2b5
  8
Layer_4
  10
483.34033
  20
2020.8306
  0
VERTEX
  5
2b6
  8
Layer_4
  10
483.35486
  20
2024.3486
  0
VERTEX
  5
2b7
  8
Layer_4
  10
483.36792
  20
2027.8638
  0
VERTEX
  5
2b8
  8
Layer_4
  10
483.37976
  20
2031.375
  0
VERTEX
  5
2b9
  8
Layer_4
  10
483.39026
  20
2034.8833
  0
VERTEX
  5
2ba
  8
Layer_4
  10
483.39929
  20
2038.3887
  0
VERTEX
  5
2bb
  8
Layer_4
  10
483.40723
  20
2041.8911
  0
VERTEX
  5
2bc
  8
Layer_4
  10
483.41394
  20
2045.3901
  0
VERTEX
  5
2bd
  8
Layer_4
  10
483.41919
  20
2048.8867
  0
VERTEX
  5
2be
  8
Layer_4
  10
483.42322
  20
2052.3799
  0
VERTEX
  5
2bf
  8
Layer_4
  10
483.42603
  20
2055.8706
  0
VERTEX
  5
2c0
  8
Layer_4
  10
483.42761
  20
2059.3584
  0
VERTEX
  5
2c1
  8
Layer_4
  10
483.42786
  20
2062.8438
  0
VERTEX
  5
2c2
  8
Layer_4
  10
483.42688
  20
2066.3267
  0
VERTEX
  5
2c3
  8
Layer_4
  10
483.42468
  20
2069.8066
  0
VERTEX
  5
2c4
  8
Layer_4
  10
483.42126
  20
2073.2842
  0
VERTEX
  5
2c5
  8
Layer_4
  10
483.41675
  20
2076.7593
  0
VERTEX
  5
2c6
  8
Layer_4
  10
483.41089
  20
2080.2324
  0
VERTEX
  5
2c7
  8
Layer_4
  10
483.39563
  20
2087.1714
  0
VERTEX
  5
2c8
  8
Layer_4
  10
483.37549
  20
2094.1016
  0
VERTEX
  5
2c9
  8
Layer_4
  10
483.35083
  20
2101.0239
  0
VERTEX
  5
2ca
  8
Layer_4
  10
483.32141
  20
2107.9385
  0
VERTEX
  5
2cb
  8
Layer_4
  10
483.28735
  20
2114.8457
  0
VERTEX
  5
2cc
  8
Layer_4
  10
483.2489
  20
2121.7471
  0
VERTEX
  5
2cd
  8
Layer_4
  10
483.20593
  20
2128.6416
  0
VERTEX
  5
2ce
  8
Layer_4
  10
483.15845
  20
2135.5313
  0
VERTEX
  5
2cf
  8
Layer_4
  10
483.10669
  20
2142.4155
  0
VERTEX
  5
2d0
  8
Layer_4
  10
483.05066
  20
2149.2954
  0
VERTEX
  5
2d1
  8
Layer_4
  10
482.99036
  20
2156.1714
  0
VERTEX
  5
2d2
  8
Layer_4
  10
482.9259
  20
2163.0435
  0
VERTEX
  5
2d3
  8
Layer_4
  10
482.8573
  20
2169.9131
  0
VERTEX
  5
2d4
  8
Layer_4
  10
482.78455
  20
2176.7798
  0
VERTEX
  5
2d5
  8
Layer_4
  10
482.70801
  20
2183.6445
  0
VERTEX
  5
2d6
  8
Layer_4
  10
482.62732
  20
2190.5083
  0
VERTEX
  5
2d7
  8
Layer_4
  10
482.54285
  20
2197.3706
  0
VERTEX
  5
2d8
  8
Layer_4
  10
482.45447
  20
2204.2329
  0
VERTEX
  5
2d9
  8
Layer_4
  10
482.36243
  20
2211.0952
  0
VERTEX
  5
2da
  8
Layer_4
  10
482.2666
  20
2217.958
  0
VERTEX
  5
2db
  8
Layer_4
  10
482.16711
  20
2224.8223
  0
VERTEX
  5
2dc
  8
Layer_4
  10
482.06396
  20
2231.688
  0
VERTEX
  5
2dd
  8
Layer_4
  10
481.9574
  20
2238.5557
  0
VERTEX
  5
2de
  8
Layer_4
  10
481.84729
  20
2245.4258
  0
VERTEX
  5
2df
  8
Layer_4
  10
481.73376
  20
2252.2998
  0
VERTEX
  5
2e0
  8
Layer_4
  10
481.61694
  20
2259.1768
  0
VERTEX
  5
2e1
  8
Layer_4
  10
481.4967
  20
2266.0586
  0
VERTEX
  5
2e2
  8
Layer_4
  10
481.37329
  20
2272.9448
  0
VERTEX
  5
2e3
  8
Layer_4
  10
481.2467
  20
2279.8364
  0
VERTEX
  5
2e4
  8
Layer_4
  10
481.11694
  20
2286.7334
  0
VERTEX
  5
2e5
  8
Layer_4
  10
480.98413
  20
2293.6372
  0
VERTEX
  5
2e6
  8
Layer_4
  10
480.84814
  20
2300.5474
  0
VERTEX
  5
2e7
  8
Layer_4
  10
480.70935
  20
2307.4648
  0
VERTEX
  5
2e8
  8
Layer_4
  10
480.56775
  20
2314.3901
  0
VERTEX
  5
2e9
  8
Layer_4
  10
480.4231
  20
2321.3237
  0
VERTEX
  5
2ea
  8
Layer_4
  10
480.27576
  20
2328.2666
  0
VERTEX
  5
2eb
  8
Layer_4
  10
480.20105
  20
2331.7412
  0
VERTEX
  5
2ec
  8
Layer_4
  10
480.12573
  20
2335.2183
  0
VERTEX
  5
2ed
  8
Layer_4
  10
480.04968
  20
2338.6978
  0
VERTEX
  5
2ee
  8
Layer_4
  10
479.97302
  20
2342.1797
  0
VERTEX
  5
2ef
  8
Layer_4
  10
479.89575
  20
2345.6646
  0
VERTEX
  5
2f0
  8
Layer_4
  10
479.81775
  20
2349.1519
  0
VERTEX
  5
2f1
  8
Layer_4
  10
479.73901
  20
2352.6421
  0
VERTEX
  5
2f2
  8
Layer_4
  10
479.65979
  20
2356.1348
  0
VERTEX
  5
2f3
  8
Layer_4
  10
479.57996
  20
2359.6304
  0
VERTEX
  5
2f4
  8
Layer_4
  10
479.49939
  20
2363.1294
  0
VERTEX
  5
2f5
  8
Layer_4
  10
479.41833
  20
2366.6309
  0
VERTEX
  5
2f6
  8
Layer_4
  10
479.33655
  20
2370.1353
  0
VERTEX
  5
2f7
  8
Layer_4
  10
479.25427
  20
2373.6431
  0
VERTEX
  5
2f8
  8
Layer_4
  10
479.17139
  20
2377.1538
  0
VERTEX
  5
2f9
  8
Layer_4
  10
479.08789
  20
2380.668
  0
VERTEX
  5
2fa
  8
Layer_4
  10
479.00391
  20
2384.1855
  0
VERTEX
  5
2fb
  8
Layer_4
  10
478.91931
  20
2387.7065
  0
VERTEX
  5
2fc
  8
Layer_4
  10
478.83411
  20
2391.2305
  0
VERTEX
  5
2fd
  8
Layer_4
  10
478.74841
  20
2394.7583
  0
VERTEX
  5
2fe
  8
Layer_4
  10
478.66211
  20
2398.2896
  0
VERTEX
  5
2ff
  8
Layer_4
  10
478.57532
  20
2401.8242
  0
VERTEX
  5
300
  8
Layer_4
  10
478.48804
  20
2405.3628
  0
VERTEX
  5
301
  8
Layer_4
  10
478.40015
  20
2408.9053
  0
VERTEX
  5
302
  8
Layer_4
  10
478.31177
  20
2412.4512
  0
VERTEX
  5
303
  8
Layer_4
  10
478.22302
  20
2416.0015
  0
VERTEX
  5
304
  8
Layer_4
  10
478.13354
  20
2419.5552
  0
VERTEX
  5
305
  8
Layer_4
  10
478.0437
  20
2423.1133
  0
VERTEX
  5
306
  8
Layer_4
  10
477.95337
  20
2426.6753
  0
VERTEX
  5
307
  8
Layer_4
  10
477.86255
  20
2430.2412
  0
VERTEX
  5
308
  8
Layer_4
  10
477.77124
  20
2433.8115
  0
VERTEX
  5
309
  8
Layer_4
  10
477.67944
  20
2437.3862
  0
VERTEX
  5
30a
  8
Layer_4
  10
477.58728
  20
2440.9648
  0
VERTEX
  5
30b
  8
Layer_4
  10
477.49475
  20
2444.5483
  0
VERTEX
  5
30c
  8
Layer_4
  10
477.40161
  20
2448.1362
  0
VERTEX
  5
30d
  8
Layer_4
  10
477.30811
  20
2451.728
  0
VERTEX
  5
30e
  8
Layer_4
  10
477.21411
  20
2455.3252
  0
VERTEX
  5
30f
  8
Layer_4
  10
477.11975
  20
2458.9263
  0
VERTEX
  5
310
  8
Layer_4
  10
477.0249
  20
2462.5327
  0
VERTEX
  5
311
  8
Layer_4
  10
476.92969
  20
2466.1436
  0
VERTEX
  5
312
  8
Layer_4
  10
476.83423
  20
2469.7593
  0
VERTEX
  5
313
  8
Layer_4
  10
476.73816
  20
2473.3799
  0
VERTEX
  5
314
  8
Layer_4
  10
476.64185
  20
2477.0059
  0
VERTEX
  5
315
  8
Layer_4
  10
476.54504
  20
2480.6362
  0
VERTEX
  5
316
  8
Layer_4
  10
476.448
  20
2484.272
  0
VERTEX
  5
317
  8
Layer_4
  10
476.35046
  20
2487.9131
  0
VERTEX
  5
318
  8
Layer_4
  10
476.25269
  20
2491.5591
  0
VERTEX
  5
319
  8
Layer_4
  10
476.15454
  20
2495.2104
  0
VERTEX
  5
31a
  8
Layer_4
  10
476.05603
  20
2498.8672
  0
VERTEX
  5
31b
  8
Layer_4
  10
475.95715
  20
2502.5293
  0
VERTEX
  5
31c
  8
Layer_4
  10
475.85803
  20
2506.1973
  0
VERTEX
  5
31d
  8
Layer_4
  10
475.75854
  20
2509.8706
  0
VERTEX
  5
31e
  8
Layer_4
  10
475.65869
  20
2513.5493
  0
VERTEX
  5
31f
  8
Layer_4
  10
475.55859
  20
2517.2339
  0
VERTEX
  5
320
  8
Layer_4
  10
475.45825
  20
2520.9238
  0
VERTEX
  5
321
  8
Layer_4
  10
475.35754
  20
2524.6201
  0
VERTEX
  5
322
  8
Layer_4
  10
475.25659
  20
2528.3218
  0
VERTEX
  5
323
  8
Layer_4
  10
475.15527
  20
2532.0293
  0
VERTEX
  5
324
  8
Layer_4
  10
475.05383
  20
2535.7432
  0
VERTEX
  5
325
  8
Layer_4
  10
474.95215
  20
2539.4634
  0
VERTEX
  5
326
  8
Layer_4
  10
474.84998
  20
2543.189
  0
VERTEX
  5
327
  8
Layer_4
  10
474.7478
  20
2546.9214
  0
VERTEX
  5
328
  8
Layer_4
  10
474.64526
  20
2550.6597
  0
VERTEX
  5
329
  8
Layer_4
  10
474.5426
  20
2554.4043
  0
VERTEX
  5
32a
  8
Layer_4
  10
474.43958
  20
2558.1553
  0
VERTEX
  5
32b
  8
Layer_4
  10
474.33643
  20
2561.9131
  0
VERTEX
  5
32c
  8
Layer_4
  10
474.23315
  20
2565.6768
  0
VERTEX
  5
32d
  8
Layer_4
  10
474.12952
  20
2569.4473
  0
VERTEX
  5
32e
  8
Layer_4
  10
474.02576
  20
2573.2246
  0
VERTEX
  5
32f
  8
Layer_4
  10
473.92175
  20
2577.0088
  0
VERTEX
  5
330
  8
Layer_4
  10
473.81763
  20
2580.7993
  0
VERTEX
  5
331
  8
Layer_4
  10
473.71326
  20
2584.5967
  0
VERTEX
  5
332
  8
Layer_4
  10
473.60876
  20
2588.4009
  0
VERTEX
  5
333
  8
Layer_4
  10
473.50415
  20
2592.2124
  0
VERTEX
  5
334
  8
Layer_4
  10
473.39941
  20
2596.0308
  0
VERTEX
  5
335
  8
Layer_4
  10
473.29456
  20
2599.856
  0
VERTEX
  5
336
  8
Layer_4
  10
473.18945
  20
2603.689
  0
VERTEX
  5
337
  8
Layer_4
  10
473.08435
  20
2607.5288
  0
VERTEX
  5
338
  8
Layer_4
  10
472.979
  20
2611.3755
  0
VERTEX
  5
339
  8
Layer_4
  10
472.87354
  20
2615.23
  0
VERTEX
  5
33a
  8
Layer_4
  10
472.76794
  20
2619.0918
  0
VERTEX
  5
33b
  8
Layer_4
  10
472.66235
  20
2622.9609
  0
VERTEX
  5
33c
  8
Layer_4
  10
472.55664
  20
2626.8379
  0
VERTEX
  5
33d
  8
Layer_4
  10
472.45081
  20
2630.7222
  0
VERTEX
  5
33e
  8
Layer_4
  10
472.34497
  20
2634.6143
  0
VERTEX
  5
33f
  8
Layer_4
  10
472.23901
  20
2638.5142
  0
VERTEX
  5
340
  8
Layer_4
  10
472.13306
  20
2642.4214
  0
VERTEX
  5
341
  8
Layer_4
  10
472.02686
  20
2646.3369
  0
VERTEX
  5
342
  8
Layer_4
  10
471.92078
  20
2650.2603
  0
VERTEX
  5
343
  8
Layer_4
  10
471.81458
  20
2654.1914
  0
VERTEX
  5
344
  8
Layer_4
  10
471.70837
  20
2658.1309
  0
VERTEX
  5
345
  8
Layer_4
  10
471.60217
  20
2662.0781
  0
VERTEX
  5
346
  8
Layer_4
  10
471.49597
  20
2666.0337
  0
VERTEX
  5
347
  8
Layer_4
  10
461.19324
  20
3050
  0
SEQEND
  0
POLYLINE
  5
349
  8
Layer_4
  62
52
  66
1
  10
0
  20
0
  30
0
  0
VERTEX
  5
349
  8
Layer_4
  10
515.94934
  20
260.00049
  0
VERTEX
  5
34a
  8
Layer_4
  10
502.00671
  20
493.01831
  42
-0.017945656
  0
VERTEX
  5
34b
  8
Layer_4
  10
488.64746
  20
1052.4199
  0
VERTEX
  5
34c
  8
Layer_4
  10
488.69104
  20
1055.877
  0
VERTEX
  5
34d
  8
Layer_4
  10
488.73926
  20
1059.3337
  0
VERTEX
  5
34e
  8
Layer_4
  10
488.7915
  20
1062.7905
  0
VERTEX
  5
34f
  8
Layer_4
  10
488.84814
  20
1066.2471
  0
VERTEX
  5
350
  8
Layer_4
  10
488.90918
  20
1069.7036
  0
VERTEX
  5
351
  8
Layer_4
  10
488.97449
  20
1073.1599
  0
VERTEX
  5
352
  8
Layer_4
  10
489.04407
  20
1076.6162
  0
VERTEX
  5
353
  8
Layer_4
  10
489.11804
  20
1080.0723
  0
VERTEX
  5
354
  8
Layer_4
  10
489.19617
  20
1083.5281
  0
VERTEX
  5
355
  8
Layer_4
  10
489.27856
  20
1086.9839
  0
VERTEX
  5
356
  8
Layer_4
  10
489.36536
  20
1090.4397
  0
VERTEX
  5
357
  8
Layer_4
  10
489.4563
  20
1093.895
  0
VERTEX
  5
358
  8
Layer_4
  10
489.55151
  20
1097.3506
  0
VERTEX
  5
359
  8
Layer_4
  10
489.65088
  20
1100.8057
  0
VERTEX
  5
35a
  8
Layer_4
  10
489.75452
  20
1104.2607
  0
VERTEX
  5
35b
  8
Layer_4
  10
489.8623
  20
1107.7156
  0
VERTEX
  5
35c
  8
Layer_4
  10
489.97424
  20
1111.1704
  0
VERTEX
  5
35d
  8
Layer_4
  10
490.09058
  20
1114.625
  0
VERTEX
  5
35e
  8
Layer_4
  10
490.21106
  20
1118.0793
  0
VERTEX
  5
35f
  8
Layer_4
  10
490.33545
  20
1121.5334
  0
VERTEX
  5
360
  8
Layer_4
  10
490.46423
  20
1124.9875
  0
VERTEX
  5
361
  8
Layer_4
  10
490.59705
  20
1128.4414
  0
VERTEX
  5
362
  8
Layer_4
  10
490.73413
  20
1131.895
  0
VERTEX
  5
363
  8
Layer_4
  10
490.87524
  20
1135.3484
  0
VERTEX
  5
364
  8
Layer_4
  10
491.02051
  20
1138.8015
  0
VERTEX
  5
365
  8
Layer_4
  10
491.1698
  20
1142.2546
  0
VERTEX
  5
366
  8
Layer_4
  10
491.32324
  20
1145.7075
  0
VERTEX
  5
367
  8
Layer_4
  10
491.48083
  20
1149.1602
  0
VERTEX
  5
368
  8
Layer_4
  10
491.64246
  20
1152.6128
  0
VERTEX
  5
369
  8
Layer_4
  10
491.80811
  20
1156.0649
  0
VERTEX
  5
36a
  8
Layer_4
  10
491.97791
  20
1159.5166
  0
VERTEX
  5
36b
  8
Layer_4
  10
492.15173
  20
1162.9688
  0
VERTEX
  5
36c
  8
Layer_4
  10
492.32947
  20
1166.4199
  0
VERTEX
  5
36d
  8
Layer_4
  10
492.51135
  20
1169.8716
  0
VERTEX
  5
36e
  8
Layer_4
  10
492.69714
  20
1173.3223
  0
VERTEX
  5
36f
  8
Layer_4
  10
492.88708
  20
1176.7734
  0
VERTEX
  5
370
  8
Layer_4
  10
493.08105
  20
1180.2241
  0
VERTEX
  5
371
  8
Layer_4
  10
493.27881
  20
1183.6743
  0
VERTEX
  5
372
  8
Layer_4
  10
493.48071
  20
1187.1245
  0
VERTEX
  5
373
  8
Layer_4
  10
493.68652
  20
1190.5742
  0
VERTEX
  5
374
  8
Layer_4
  10
493.89624
  20
1194.0239
  0
VERTEX
  5
375
  8
Layer_4
  10
494.10999
  20
1197.4731
  0
VERTEX
  5
376
  8
Layer_4
  10
494.32764
  20
1200.9224
  0
VERTEX
  5
377
  8
Layer_4
  10
494.54919
  20
1204.3711
  0
VERTEX
  5
378
  8
Layer_4
  10
494.77466
  20
1207.8198
  0
VERTEX
  5
379
  8
Layer_4
  10
495.00415
  20
1211.2681
  0
VERTEX
  5
37a
  8
Layer_4
  10
495.23743
  20
1214.7163
  0
VERTEX
  5
37b
  8
Layer_4
  10
495.47461
  20
1218.1636
  0
VERTEX
  5
37c
  8
Layer_4
  10
495.7157
  20
1221.6113
  0
VERTEX
  5
37d
  8
Layer_4
  10
495.96057
  20
1225.0586
  0
VERTEX
  5
37e
  8
Layer_4
  10
496.20935
  20
1228.5054
  0
VERTEX
  5
37f
  8
Layer_4
  10
496.46216
  20
1231.9517
  0
VERTEX
  5
380
  8
Layer_4
  10
496.71851
  20
1235.3979
  0
VERTEX
  5
381
  8
Layer_4
  10
496.97876
  20
1238.8442
  0
VERTEX
  5
382
  8
Layer_4
  10
497.24304
  20
1242.2896
  0
VERTEX
  5
383
  8
Layer_4
  10
497.51086
  20
1245.7349
  0
VERTEX
  5
384
  8
Layer_4
  10
497.78259
  20
1249.1802
  0
VERTEX
  5
385
  8
Layer_4
  10
498.05811
  20
1252.625
  0
VERTEX
  5
386
  8
Layer_4
  10
498.3374
  20
1256.0693
  0
VERTEX
  5
387
  8
Layer_4
  10
498.62048
  20
1259.5132
  0
VERTEX
  5
388
  8
Layer_4
  10
498.90735
  20
1262.957
  0
VERTEX
  5
389
  8
Layer_4
  10
499.19788
  20
1266.4004
  0
VERTEX
  5
38a
  8
Layer_4
  10
499.49219
  20
1269.8433
  0
VERTEX
  5
38b
  8
Layer_4
  10
499.79028
  20
1273.2861
  0
VERTEX
  5
38c
  8
Layer_4
  10
532.73389
  20
1651.4521
  42
0.038803393
  0
VERTEX
  5
38d
  8
Layer_4
  10
542.19128
  20
2666.0342
  0
VERTEX
  5
38e
  8
Layer_4
  10
515.94934
  20
3050
  0
SEQEND
  0
POLYLINE
  5
390
  8
Layer_4
  62
52
  66
1
  10
0
  20
0
  30
0
  0
VERTEX
  5
390
  8
Layer_4
  10
589.09705
  20
260.00049
  0
VERTEX
  5
391
  8
Layer_4
  10
548.73474
  20
1186.0815
  0
VERTEX
  5
392
  8
Layer_4
  10
548.52625
  20
1190.9648
  0
VERTEX
  5
393
  8
Layer_4
  10
548.32642
  20
1195.8486
  0
VERTEX
  5
394
  8
Layer_4
  10
548.13525
  20
1200.7319
  0
VERTEX
  5
395
  8
Layer_4
  10
547.95276
  20
1205.6157
  0
VERTEX
  5
396
  8
Layer_4
  10
547.77881
  20
1210.5
  0
VERTEX
  5
397
  8
Layer_4
  10
547.61365
  20
1215.3838
  0
VERTEX
  5
398
  8
Layer_4
  10
547.45703
  20
1220.2681
  0
VERTEX
  5
399
  8
Layer_4
  10
547.30908
  20
1225.1523
  0
VERTEX
  5
39a
  8
Layer_4
  10
547.16992
  20
1230.0366
  0
VERTEX
  5
39b
  8
Layer_4
  10
547.03931
  20
1234.9209
  0
VERTEX
  5
39c
  8
Layer_4
  10
546.91736
  20
1239.8052
  0
VERTEX
  5
39d
  8
Layer_4
  10
546.80408
  20
1244.6895
  0
VERTEX
  5
39e
  8
Layer_4
  10
546.69934
  20
1249.5737
  0
VERTEX
  5
39f
  8
Layer_4
  10
546.60339
  20
1254.458
  0
VERTEX
  5
3a0
  8
Layer_4
  10
546.51611
  20
1259.3423
  0
VERTEX
  5
3a1
  8
Layer_4
  10
546.43738
  20
1264.2266
  0
VERTEX
  5
3a2
  8
Layer_4
  10
546.36731
  20
1269.1108
  0
VERTEX
  5
3a3
  8
Layer_4
  10
546.30591
  20
1273.9946
  0
VERTEX
  5
3a4
  8
Layer_4
  10
546.25305
  20
1278.8789
  0
VERTEX
  5
3a5
  8
Layer_4
  10
546.20898
  20
1283.7627
  0
VERTEX
  5
3a6
  8
Layer_4
  10
546.17346
  20
1288.646
  0
VERTEX
  5
3a7
  8
Layer_4
  10
546.14661
  20
1293.5298
  0
VERTEX
  5
3a8
  8
Layer_4
  10
546.12842
  20
1298.4131
  0
VERTEX
  5
3a9
  8
Layer_4
  10
546.11877
  20
1303.2964
  0
VERTEX
  5
3aa
  8
Layer_4
  10
546.11792
  20
1308.1792
  0
VERTEX
  5
3ab
  8
Layer_4
  10
546.12549
  20
1313.062
  0
VERTEX
  5
3ac
  8
Layer_4
  10
546.14185
  20
1317.9443
  0
VERTEX
  5
3ad
  8
Layer_4
  10
546.16675
  20
1322.8267
  0
VERTEX
  5
3ae
  8
Layer_4
  10
546.20044
  20
1327.7085
  0
VERTEX
  5
3af
  8
Layer_4
  10
546.24255
  20
1332.5903
  0
VERTEX
  5
3b0
  8
Layer_4
  10
546.29346
  20
1337.4717
  0
VERTEX
  5
3b1
  8
Layer_4
  10
546.35291
  20
1342.3525
  0
VERTEX
  5
3b2
  8
Layer_4
  10
546.42102
  20
1347.2334
  0
VERTEX
  5
3b3
  8
Layer_4
  10
546.49768
  20
1352.1138
  0
VERTEX
  5
3b4
  8
Layer_4
  10
546.58301
  20
1356.9937
  0
VERTEX
  5
3b5
  8
Layer_4
  10
546.677
  20
1361.8735
  0
VERTEX
  5
3b6
  8
Layer_4
  10
546.77954
  20
1366.7524
  0
VERTEX
  5
3b7
  8
Layer_4
  10
546.89075
  20
1371.6313
  0
VERTEX
  5
3b8
  8
Layer_4
  10
547.01062
  20
1376.5098
  0
VERTEX
  5
3b9
  8
Layer_4
  10
547.13904
  20
1381.3877
  0
VERTEX
  5
3ba
  8
Layer_4
  10
547.276
  20
1386.2651
  0
VERTEX
  5
3bb
  8
Layer_4
  10
547.42175
  20
1391.1421
  0
VERTEX
  5
3bc
  8
Layer_4
  10
547.57605
  20
1396.0186
  0
VERTEX
  5
3bd
  8
Layer_4
  10
547.73889
  20
1400.8945
  0
VERTEX
  5
3be
  8
Layer_4
  10
547.9104
  20
1405.77
  0
VERTEX
  5
3bf
  8
Layer_4
  10
548.09045
  20
1410.6445
  0
VERTEX
  5
3c0
  8
Layer_4
  10
548.27917
  20
1415.519
  0
VERTEX
  5
3c1
  8
Layer_4
  10
548.47644
  20
1420.3926
  0
VERTEX
  5
3c2
  8
Layer_4
  10
548.6825
  20
1425.2656
  0
VERTEX
  5
3c3
  8
Layer_4
  10
548.89697
  20
1430.1382
  0
VERTEX
  5
3c4
  8
Layer_4
  10
549.12024
  20
1435.0103
  0
VERTEX
  5
3c5
  8
Layer_4
  10
549.35193
  20
1439.8813
  0
VERTEX
  5
3c6
  8
Layer_4
  10
549.59229
  20
1444.752
  0
VERTEX
  5
3c7
  8
Layer_4
  10
549.84131
  20
1449.6216
  0
VERTEX
  5
3c8
  8
Layer_4
  10
550.09875
  20
1454.4912
  0
VERTEX
  5
3c9
  8
Layer_4
  10
550.36499
  20
1459.3594
  0
VERTEX
  5
3ca
  8
Layer_4
  10
550.63965
  20
1464.2271
  0
VERTEX
  5
3cb
  8
Layer_4
  10
550.9231
  20
1469.0942
  0
VERTEX
  5
3cc
  8
Layer_4
  10
551.21497
  20
1473.9604
  0
VERTEX
  5
3cd
  8
Layer_4
  10
551.51563
  20
1478.8257
  0
VERTEX
  5
3ce
  8
Layer_4
  10
551.82471
  20
1483.6904
  0
VERTEX
  5
3cf
  8
Layer_4
  10
552.14246
  20
1488.5542
  0
VERTEX
  5
3d0
  8
Layer_4
  10
552.46875
  20
1493.4175
  0
VERTEX
  5
3d1
  8
Layer_4
  10
552.80371
  20
1498.2793
  0
VERTEX
  5
3d2
  8
Layer_4
  10
553.14722
  20
1503.1406
  0
VERTEX
  5
3d3
  8
Layer_4
  10
553.49927
  20
1508.001
  0
VERTEX
  5
3d4
  8
Layer_4
  10
553.85999
  20
1512.8608
  0
VERTEX
  5
3d5
  8
Layer_4
  10
554.22925
  20
1517.7192
  0
VERTEX
  5
3d6
  8
Layer_4
  10
554.60706
  20
1522.5771
  0
VERTEX
  5
3d7
  8
Layer_4
  10
554.99353
  20
1527.4341
  0
VERTEX
  5
3d8
  8
Layer_4
  10
555.38855
  20
1532.2896
  0
VERTEX
  5
3d9
  8
Layer_4
  10
555.79211
  20
1537.1445
  0
VERTEX
  5
3da
  8
Layer_4
  10
556.20435
  20
1541.9985
  0
VERTEX
  5
3db
  8
Layer_4
  10
556.625
  20
1546.8511
  0
VERTEX
  5
3dc
  8
Layer_4
  10
557.05444
  20
1551.7031
  0
VERTEX
  5
3dd
  8
Layer_4
  10
557.49231
  20
1556.5537
  0
VERTEX
  5
3de
  8
Layer_4
  10
557.93872
  20
1561.4033
  0
VERTEX
  5
3df
  8
Layer_4
  10
558.3938
  20
1566.252
  0
VERTEX
  5
3e0
  8
Layer_4
  10
558.85742
  20
1571.0996
  0
VERTEX
  5
3e1
  8
Layer_4
  10
559.32959
  20
1575.9458
  0
VERTEX
  5
3e2
  8
Layer_4
  10
559.81042
  20
1580.7915
  0
VERTEX
  5
3e3
  8
Layer_4
  10
560.29968
  20
1585.6357
  0
VERTEX
  5
3e4
  8
Layer_4
  10
560.79773
  20
1590.4785
  0
VERTEX
  5
3e5
  8
Layer_4
  10
561.30408
  20
1595.3203
  0
VERTEX
  5
3e6
  8
Layer_4
  10
561.81921
  20
1600.1611
  0
VERTEX
  5
3e7
  8
Layer_4
  10
562.34277
  20
1605.0005
  0
VERTEX
  5
3e8
  8
Layer_4
  10
562.875
  20
1609.8389
  0
VERTEX
  5
3e9
  8
Layer_4
  10
563.41565
  20
1614.6758
  0
VERTEX
  5
3ea
  8
Layer_4
  10
563.96497
  20
1619.5112
  0
VERTEX
  5
3eb
  8
Layer_4
  10
564.52283
  20
1624.3457
  0
VERTEX
  5
3ec
  8
Layer_4
  10
565.08936
  20
1629.1792
  0
VERTEX
  5
3ed
  8
Layer_4
  10
565.66418
  20
1634.0107
  0
VERTEX
  5
3ee
  8
Layer_4
  10
566.2478
  20
1638.8413
  0
VERTEX
  5
3ef
  8
Layer_4
  10
566.83984
  20
1643.6709
  0
VERTEX
  5
3f0
  8
Layer_4
  10
567.44055
  20
1648.4985
  0
VERTEX
  5
3f1
  8
Layer_4
  10
568.04968
  20
1653.3252
  0
VERTEX
  5
3f2
  8
Layer_4
  10
568.66736
  20
1658.1504
  0
VERTEX
  5
3f3
  8
Layer_4
  10
569.2937
  20
1662.9741
  0
VERTEX
  5
3f4
  8
Layer_4
  10
569.92859
  20
1667.7964
  0
VERTEX
  5
3f5
  8
Layer_4
  10
570.57202
  20
1672.6172
  0
VERTEX
  5
3f6
  8
Layer_4
  10
571.22388
  20
1677.4365
  0
VERTEX
  5
3f7
  8
Layer_4
  10
571.8844
  20
1682.2544
  0
VERTEX
  5
3f8
  8
Layer_4
  10
572.55347
  20
1687.0708
  0
VERTEX
  5
3f9
  8
Layer_4
  10
573.23096
  20
1691.8857
  0
VERTEX
  5
3fa
  8
Layer_4
  10
573.91724
  20
1696.6992
  0
VERTEX
  5
3fb
  8
Layer_4
  10
574.61182
  20
1701.5112
  0
VERTEX
  5
3fc
  8
Layer_4
  10
575.31494
  20
1706.3218
  0
VERTEX
  5
3fd
  8
Layer_4
  10
576.02686
  20
1711.1304
  0
VERTEX
  5
3fe
  8
Layer_4
  10
576.74707
  20
1715.9375
  0
VERTEX
  5
3ff
  8
Layer_4
  10
577.47595
  20
1720.7432
  0
VERTEX
  5
400
  8
Layer_4
  10
578.21326
  20
1725.5474
  0
VERTEX
  5
401
  8
Layer_4
  10
578.95923
  20
1730.3496
  0
VERTEX
  5
402
  8
Layer_4
  10
579.71362
  20
1735.1504
  0
VERTEX
  5
403
  8
Layer_4
  10
580.47656
  20
1739.9492
  0
VERTEX
  5
404
  8
Layer_4
  10
581.24805
  20
1744.7466
  0
VERTEX
  5
405
  8
Layer_4
  10
582.02808
  20
1749.5425
  0
VERTEX
  5
406
  8
Layer_4
  10
582.81665
  20
1754.3364
  0
VERTEX
  5
407
  8
Layer_4
  10
583.61365
  20
1759.1289
  0
VERTEX
  5
408
  8
Layer_4
  10
584.41943
  20
1763.9194
  0
VERTEX
  5
409
  8
Layer_4
  10
585.23352
  20
1768.708
  0
VERTEX
  5
40a
  8
Layer_4
  10
586.05615
  20
1773.4951
  0
VERTEX
  5
40b
  8
Layer_4
  10
586.88733
  20
1778.2803
  0
VERTEX
  5
40c
  8
Layer_4
  10
587.72705
  20
1783.0635
  0
VERTEX
  5
40d
  8
Layer_4
  10
588.57532
  20
1787.8452
  0
VERTEX
  5
40e
  8
Layer_4
  10
589.43201
  20
1792.6245
  0
VERTEX
  5
40f
  8
Layer_4
  10
590.29724
  20
1797.4023
  0
VERTEX
  5
410
  8
Layer_4
  10
591.17114
  20
1802.1787
  0
VERTEX
  5
411
  8
Layer_4
  10
592.05334
  20
1806.9526
  0
VERTEX
  5
412
  8
Layer_4
  10
592.84363
  20
1811.2295
  0
VERTEX
  5
413
  8
Layer_4
  10
593.62573
  20
1815.5078
  0
VERTEX
  5
414
  8
Layer_4
  10
594.39978
  20
1819.7881
  0
VERTEX
  5
415
  8
Layer_4
  10
595.16577
  20
1824.0698
  0
VERTEX
  5
416
  8
Layer_4
  10
595.92383
  20
1828.3535
  0
VERTEX
  5
417
  8
Layer_4
  10
596.67371
  20
1832.6392
  0
VERTEX
  5
418
  8
Layer_4
  10
597.41565
  20
1836.9263
  0
VERTEX
  5
419
  8
Layer_4
  10
598.14954
  20
1841.2148
  0
VERTEX
  5
41a
  8
Layer_4
  10
598.87524
  20
1845.5054
  0
VERTEX
  5
41b
  8
Layer_4
  10
599.59302
  20
1849.7974
  0
VERTEX
  5
41c
  8
Layer_4
  10
600.30261
  20
1854.0908
  0
VERTEX
  5
41d
  8
Layer_4
  10
601.00427
  20
1858.3862
  0
VERTEX
  5
41e
  8
Layer_4
  10
601.69775
  20
1862.6831
  0
VERTEX
  5
41f
  8
Layer_4
  10
602.3833
  20
1866.9814
  0
VERTEX
  5
420
  8
Layer_4
  10
603.06067
  20
1871.2813
  0
VERTEX
  5
421
  8
Layer_4
  10
603.7301
  20
1875.583
  0
VERTEX
  5
422
  8
Layer_4
  10
604.39136
  20
1879.8857
  0
VERTEX
  5
423
  8
Layer_4
  10
605.04468
  20
1884.1904
  0
VERTEX
  5
424
  8
Layer_4
  10
605.68994
  20
1888.4966
  0
VERTEX
  5
425
  8
Layer_4
  10
606.32703
  20
1892.8042
  0
VERTEX
  5
426
  8
Layer_4
  10
606.95605
  20
1897.1128
  0
VERTEX
  5
427
  8
Layer_4
  10
607.57715
  20
1901.4233
  0
VERTEX
  5
428
  8
Layer_4
  10
608.18994
  20
1905.7354
  0
VERTEX
  5
429
  8
Layer_4
  10
608.79492
  20
1910.0483
  0
VERTEX
  5
42a
  8
Layer_4
  10
609.3916
  20
1914.3633
  0
VERTEX
  5
42b
  8
Layer_4
  10
609.98035
  20
1918.6792
  0
VERTEX
  5
42c
  8
Layer_4
  10
610.56104
  20
1922.9966
  0
VERTEX
  5
42d
  8
Layer_4
  10
611.13354
  20
1927.3154
  0
VERTEX
  5
42e
  8
Layer_4
  10
611.69812
  20
1931.6353
  0
VERTEX
  5
42f
  8
Layer_4
  10
612.25452
  20
1935.9565
  0
VERTEX
  5
430
  8
Layer_4
  10
612.80286
  20
1940.2793
  0
VERTEX
  5
431
  8
Layer_4
  10
613.34314
  20
1944.6035
  0
VERTEX
  5
432
  8
Layer_4
  10
613.87524
  20
1948.9287
  0
VERTEX
  5
433
  8
Layer_4
  10
614.39941
  20
1953.2549
  0
VERTEX
  5
434
  8
Layer_4
  10
614.91553
  20
1957.5825
  0
VERTEX
  5
435
  8
Layer_4
  10
615.42334
  20
1961.9116
  0
VERTEX
  5
436
  8
Layer_4
  10
615.92334
  20
1966.2417
  0
VERTEX
  5
437
  8
Layer_4
  10
616.41504
  20
1970.5728
  0
VERTEX
  5
438
  8
Layer_4
  10
616.8988
  20
1974.9053
  0
VERTEX
  5
439
  8
Layer_4
  10
617.37439
  20
1979.2388
  0
VERTEX
  5
43a
  8
Layer_4
  10
617.84192
  20
1983.5737
  0
VERTEX
  5
43b
  8
Layer_4
  10
618.30139
  20
1987.9097
  0
VERTEX
  5
43c
  8
Layer_4
  10
618.75269
  20
1992.2466
  0
VERTEX
  5
43d
  8
Layer_4
  10
619.19604
  20
1996.5845
  0
VERTEX
  5
43e
  8
Layer_4
  10
619.63123
  20
2000.9233
  0
VERTEX
  5
43f
  8
Layer_4
  10
620.05835
  20
2005.2637
  0
VERTEX
  5
440
  8
Layer_4
  10
620.47729
  20
2009.605
  0
VERTEX
  5
441
  8
Layer_4
  10
620.88818
  20
2013.9468
  0
VERTEX
  5
442
  8
Layer_4
  10
621.29102
  20
2018.29
  0
VERTEX
  5
443
  8
Layer_4
  10
621.68567
  20
2022.6343
  0
VERTEX
  5
444
  8
Layer_4
  10
622.07227
  20
2026.9795
  0
VERTEX
  5
445
  8
Layer_4
  10
622.45081
  20
2031.3257
  0
VERTEX
  5
446
  8
Layer_4
  10
622.82117
  20
2035.6724
  0
VERTEX
  5
447
  8
Layer_4
  10
623.18347
  20
2040.0205
  0
VERTEX
  5
448
  8
Layer_4
  10
623.53784
  20
2044.3696
  0
VERTEX
  5
449
  8
Layer_4
  10
623.88391
  20
2048.7192
  0
VERTEX
  5
44a
  8
Layer_4
  10
624.22192
  20
2053.0698
  0
VERTEX
  5
44b
  8
Layer_4
  10
624.55176
  20
2057.4214
  0
VERTEX
  5
44c
  8
Layer_4
  10
624.87366
  20
2061.7734
  0
VERTEX
  5
44d
  8
Layer_4
  10
625.18726
  20
2066.127
  0
VERTEX
  5
44e
  8
Layer_4
  10
625.49292
  20
2070.4805
  0
VERTEX
  5
44f
  8
Layer_4
  10
625.79041
  20
2074.8354
  0
VERTEX
  5
450
  8
Layer_4
  10
626.07971
  20
2079.1909
  0
VERTEX
  5
451
  8
Layer_4
  10
626.36096
  20
2083.5474
  0
VERTEX
  5
452
  8
Layer_4
  10
626.63416
  20
2087.9043
  0
VERTEX
  5
453
  8
Layer_4
  10
626.89917
  20
2092.2617
  0
VERTEX
  5
454
  8
Layer_4
  10
627.15613
  20
2096.6206
  0
VERTEX
  5
455
  8
Layer_4
  10
627.40491
  20
2100.9795
  0
VERTEX
  5
456
  8
Layer_4
  10
627.64563
  20
2105.3394
  0
VERTEX
  5
457
  8
Layer_4
  10
627.87817
  20
2109.6997
  0
VERTEX
  5
458
  8
Layer_4
  10
628.10254
  20
2114.061
  0
VERTEX
  5
459
  8
Layer_4
  10
628.31897
  20
2118.4224
  0
VERTEX
  5
45a
  8
Layer_4
  10
628.52722
  20
2122.7852
  0
VERTEX
  5
45b
  8
Layer_4
  10
628.72729
  20
2127.1479
  0
VERTEX
  5
45c
  8
Layer_4
  10
628.91931
  20
2131.5112
  0
VERTEX
  5
45d
  8
Layer_4
  10
629.10315
  20
2135.8755
  0
VERTEX
  5
45e
  8
Layer_4
  10
629.27893
  20
2140.2402
  0
VERTEX
  5
45f
  8
Layer_4
  10
629.44653
  20
2144.6055
  0
VERTEX
  5
460
  8
Layer_4
  10
629.60596
  20
2148.9707
  0
VERTEX
  5
461
  8
Layer_4
  10
629.75745
  20
2153.3369
  0
VERTEX
  5
462
  8
Layer_4
  10
629.90063
  20
2157.7036
  0
VERTEX
  5
463
  8
Layer_4
  10
630.03564
  20
2162.0708
  0
VERTEX
  5
464
  8
Layer_4
  10
630.16272
  20
2166.4385
  0
VERTEX
  5
465
  8
Layer_4
  10
630.28149
  20
2170.8066
  0
VERTEX
  5
466
  8
Layer_4
  10
630.39221
  20
2175.1748
  0
VERTEX
  5
467
  8
Layer_4
  10
630.49475
  20
2179.5435
  0
VERTEX
  5
468
  8
Layer_4
  10
630.58923
  20
2183.9126
  0
VERTEX
  5
469
  8
Layer_4
  10
630.67554
  20
2188.2822
  0
VERTEX
  5
46a
  8
Layer_4
  10
630.75366
  20
2192.6523
  0
VERTEX
  5
46b
  8
Layer_4
  10
630.82373
  20
2197.0225
  0
VERTEX
  5
46c
  8
Layer_4
  10
630.88562
  20
2201.3931
  0
VERTEX
  5
46d
  8
Layer_4
  10
630.93945
  20
2205.7637
  0
VERTEX
  5
46e
  8
Layer_4
  10
630.98499
  20
2210.1348
  0
VERTEX
  5
46f
  8
Layer_4
  10
631.02246
  20
2214.5063
  0
VERTEX
  5
470
  8
Layer_4
  10
631.05176
  20
2218.8779
  0
VERTEX
  5
471
  8
Layer_4
  10
631.073
  20
2223.25
  0
VERTEX
  5
472
  8
Layer_4
  10
631.08606
  20
2227.6221
  0
VERTEX
  5
473
  8
Layer_4
  10
631.09094
  20
2231.9946
  0
VERTEX
  5
474
  8
Layer_4
  10
631.08765
  20
2236.3667
  0
VERTEX
  5
475
  8
Layer_4
  10
631.07629
  20
2240.7393
  0
VERTEX
  5
476
  8
Layer_4
  10
631.05676
  20
2245.1123
  0
VERTEX
  5
477
  8
Layer_4
  10
631.02905
  20
2249.4854
  0
VERTEX
  5
478
  8
Layer_4
  10
630.99316
  20
2253.8584
  0
VERTEX
  5
479
  8
Layer_4
  10
630.94934
  20
2258.2314
  0
VERTEX
  5
47a
  8
Layer_4
  10
630.89709
  20
2262.605
  0
VERTEX
  5
47b
  8
Layer_4
  10
630.83679
  20
2266.978
  0
VERTEX
  5
47c
  8
Layer_4
  10
630.76843
  20
2271.3516
  0
VERTEX
  5
47d
  8
Layer_4
  10
630.69165
  20
2275.7251
  0
VERTEX
  5
47e
  8
Layer_4
  10
630.60706
  20
2280.0986
  0
VERTEX
  5
47f
  8
Layer_4
  10
630.51404
  20
2284.4722
  0
VERTEX
  5
480
  8
Layer_4
  10
630.41296
  20
2288.8457
  0
VERTEX
  5
481
  8
Layer_4
  10
630.30371
  20
2293.2188
  0
VERTEX
  5
482
  8
Layer_4
  10
630.18628
  20
2297.5923
  0
VERTEX
  5
483
  8
Layer_4
  10
630.06067
  20
2301.9658
  0
VERTEX
  5
484
  8
Layer_4
  10
629.927
  20
2306.3389
  0
VERTEX
  5
485
  8
Layer_4
  10
629.78516
  20
2310.7119
  0
VERTEX
  5
486
  8
Layer_4
  10
629.63513
  20
2315.085
  0
VERTEX
  5
487
  8
Layer_4
  10
629.47681
  20
2319.458
  0
VERTEX
  5
488
  8
Layer_4
  10
629.31042
  20
2323.8311
  0
VERTEX
  5
489
  8
Layer_4
  10
629.13586
  20
2328.2036
  0
VERTEX
  5
48a
  8
Layer_4
  10
628.95325
  20
2332.5762
  0
VERTEX
  5
48b
  8
Layer_4
  10
628.76233
  20
2336.9482
  0
VERTEX
  5
48c
  8
Layer_4
  10
628.56323
  20
2341.3203
  0
VERTEX
  5
48d
  8
Layer_4
  10
628.35596
  20
2345.6924
  0
VERTEX
  5
48e
  8
Layer_4
  10
628.1405
  20
2350.064
  0
VERTEX
  5
48f
  8
Layer_4
  10
627.91687
  20
2354.4351
  0
VERTEX
  5
490
  8
Layer_4
  10
627.68518
  20
2358.8066
  0
VERTEX
  5
491
  8
Layer_4
  10
627.44519
  20
2363.1772
  0
VERTEX
  5
492
  8
Layer_4
  10
589.09705
  20
3050
  0
SEQEND
  0
POLYLINE
  5
494
  8
Layer_4
  62
52
  66
1
  10
0
  20
0
  30
0
  0
VERTEX
  5
494
  8
Layer_4
  10
645.80396
  20
3050
  0
VERTEX
  5
495
  8
Layer_4
  10
680.96106
  20
2123.9189
  0
VERTEX
  5
496
  8
Layer_4
  10
681.14258
  20
2119.0352
  0
VERTEX
  5
497
  8
Layer_4
  10
681.31665
  20
2114.1519
  0
VERTEX
  5
498
  8
Layer_4
  10
681.48315
  20
2109.2681
  0
VERTEX
  5
499
  8
Layer_4
  10
681.64221
  20
2104.3843
  0
VERTEX
  5
49a
  8
Layer_4
  10
681.79358
  20
2099.5005
  0
VERTEX
  5
49b
  8
Layer_4
  10
681.9375
  20
2094.6162
  0
VERTEX
  5
49c
  8
Layer_4
  10
682.07385
  20
2089.7324
  0
VERTEX
  5
49d
  8
Layer_4
  10
682.20276
  20
2084.8481
  0
VERTEX
  5
49e
  8
Layer_4
  10
682.32397
  20
2079.9639
  0
VERTEX
  5
49f
  8
Layer_4
  10
682.43774
  20
2075.0796
  0
VERTEX
  5
4a0
  8
Layer_4
  10
682.54395
  20
2070.1953
  0
VERTEX
  5
4a1
  8
Layer_4
  10
682.64258
  20
2065.311
  0
VERTEX
  5
4a2
  8
Layer_4
  10
682.73376
  20
2060.4263
  0
VERTEX
  5
4a3
  8
Layer_4
  10
682.81738
  20
2055.542
  0
VERTEX
  5
4a4
  8
Layer_4
  10
682.89355
  20
2050.6577
  0
VERTEX
  5
4a5
  8
Layer_4
  10
682.96204
  20
2045.7739
  0
VERTEX
  5
4a6
  8
Layer_4
  10
683.02307
  20
2040.8896
  0
VERTEX
  5
4a7
  8
Layer_4
  10
683.07666
  20
2036.0054
  0
VERTEX
  5
4a8
  8
Layer_4
  10
683.12256
  20
2031.1216
  0
VERTEX
  5
4a9
  8
Layer_4
  10
683.16101
  20
2026.2378
  0
VERTEX
  5
4aa
  8
Layer_4
  10
683.19189
  20
2021.354
  0
VERTEX
  5
4ab
  8
Layer_4
  10
683.21533
  20
2016.4707
  0
VERTEX
  5
4ac
  8
Layer_4
  10
683.2312
  20
2011.5874
  0
VERTEX
  5
4ad
  8
Layer_4
  10
683.2395
  20
2006.7041
  0
VERTEX
  5
4ae
  8
Layer_4
  10
683.24036
  20
2001.8213
  0
VERTEX
  5
4af
  8
Layer_4
  10
683.23364
  20
1996.9385
  0
VERTEX
  5
4b0
  8
Layer_4
  10
683.21936
  20
1992.0557
  0
VERTEX
  5
4b1
  8
Layer_4
  10
683.19775
  20
1987.1738
  0
VERTEX
  5
4b2
  8
Layer_4
  10
683.16846
  20
1982.2915
  0
VERTEX
  5
4b3
  8
Layer_4
  10
683.13171
  20
1977.4102
  0
VERTEX
  5
4b4
  8
Layer_4
  10
683.0874
  20
1972.5288
  0
VERTEX
  5
4b5
  8
Layer_4
  10
683.03564
  20
1967.6475
  0
VERTEX
  5
4b6
  8
Layer_4
  10
682.97632
  20
1962.7666
  0
VERTEX
  5
4b7
  8
Layer_4
  10
682.90955
  20
1957.8862
  0
VERTEX
  5
4b8
  8
Layer_4
  10
682.83521
  20
1953.0063
  0
VERTEX
  5
4b9
  8
Layer_4
  10
682.7533
  20
1948.127
  0
VERTEX
  5
4ba
  8
Layer_4
  10
682.66394
  20
1943.2476
  0
VERTEX
  5
4bb
  8
Layer_4
  10
682.56714
  20
1938.3687
  0
VERTEX
  5
4bc
  8
Layer_4
  10
682.46277
  20
1933.4907
  0
VERTEX
  5
4bd
  8
Layer_4
  10
682.35095
  20
1928.6128
  0
VERTEX
  5
4be
  8
Layer_4
  10
682.23145
  20
1923.7349
  0
VERTEX
  5
4bf
  8
Layer_4
  10
682.10474
  20
1918.8584
  0
VERTEX
  5
4c0
  8
Layer_4
  10
681.97034
  20
1913.9819
  0
VERTEX
  5
4c1
  8
Layer_4
  10
681.82837
  20
1909.106
  0
VERTEX
  5
4c2
  8
Layer_4
  10
681.67896
  20
1904.2305
  0
VERTEX
  5
4c3
  8
Layer_4
  10
681.52209
  20
1899.3555
  0
VERTEX
  5
4c4
  8
Layer_4
  10
681.35767
  20
1894.481
  0
VERTEX
  5
4c5
  8
Layer_4
  10
681.18591
  20
1889.6074
  0
VERTEX
  5
4c6
  8
Layer_4
  10
681.00647
  20
1884.7344
  0
VERTEX
  5
4c7
  8
Layer_4
  10
680.81958
  20
1879.8618
  0
VERTEX
  5
4c8
  8
Layer_4
  10
680.62524
  20
1874.9902
  0
VERTEX
  5
4c9
  8
Layer_4
  10
680.42334
  20
1870.1187
  0
VERTEX
  5
4ca
  8
Layer_4
  10
680.21399
  20
1865.2485
  0
VERTEX
  5
4cb
  8
Layer_4
  10
679.99707
  20
1860.3784
  0
VERTEX
  5
4cc
  8
Layer_4
  10
679.77283
  20
1855.5093
  0
VERTEX
  5
4cd
  8
Layer_4
  10
679.54102
  20
1850.6406
  0
VERTEX
  5
4ce
  8
Layer_4
  10
679.30164
  20
1845.7729
  0
VERTEX
  5
4cf
  8
Layer_4
  10
679.05481
  20
1840.9063
  0
VERTEX
  5
4d0
  8
Layer_4
  10
678.80054
  20
1836.04
  0
VERTEX
  5
4d1
  8
Layer_4
  10
678.5387
  20
1831.1743
  0
VERTEX
  5
4d2
  8
Layer_4
  10
678.26953
  20
1826.3096
  0
VERTEX
  5
4d3
  8
Layer_4
  10
677.99268
  20
1821.4458
  0
VERTEX
  5
4d4
  8
Layer_4
  10
677.7085
  20
1816.583
  0
VERTEX
  5
4d5
  8
Layer_4
  10
677.41675
  20
1811.7207
  0
VERTEX
  5
4d6
  8
Layer_4
  10
677.11755
  20
1806.8594
  0
VERTEX
  5
4d7
  8
Layer_4
  10
676.81091
  20
1801.999
  0
VERTEX
  5
4d8
  8
Layer_4
  10
676.4967
  20
1797.1392
  0
VERTEX
  5
4d9
  8
Layer_4
  10
676.17505
  20
1792.2808
  0
VERTEX
  5
4da
  8
Layer_4
  10
675.84595
  20
1787.4233
  0
VERTEX
  5
4db
  8
Layer_4
  10
675.5094
  20
1782.5664
  0
VERTEX
  5
4dc
  8
Layer_4
  10
675.16528
  20
1777.7104
  0
VERTEX
  5
4dd
  8
Layer_4
  10
674.81384
  20
1772.8555
  0
VERTEX
  5
4de
  8
Layer_4
  10
674.45471
  20
1768.002
  0
VERTEX
  5
4df
  8
Layer_4
  10
674.08826
  20
1763.1489
  0
VERTEX
  5
4e0
  8
Layer_4
  10
673.71436
  20
1758.2974
  0
VERTEX
  5
4e1
  8
Layer_4
  10
673.33289
  20
1753.4463
  0
VERTEX
  5
4e2
  8
Layer_4
  10
672.94397
  20
1748.5967
  0
VERTEX
  5
4e3
  8
Layer_4
  10
672.54761
  20
1743.748
  0
VERTEX
  5
4e4
  8
Layer_4
  10
672.1438
  20
1738.9009
  0
VERTEX
  5
4e5
  8
Layer_4
  10
671.73254
  20
1734.0542
  0
VERTEX
  5
4e6
  8
Layer_4
  10
671.31372
  20
1729.209
  0
VERTEX
  5
4e7
  8
Layer_4
  10
670.88745
  20
1724.3647
  0
VERTEX
  5
4e8
  8
Layer_4
  10
670.45386
  20
1719.5215
  0
VERTEX
  5
4e9
  8
Layer_4
  10
670.01257
  20
1714.6797
  0
VERTEX
  5
4ea
  8
Layer_4
  10
669.56396
  20
1709.8394
  0
VERTEX
  5
4eb
  8
Layer_4
  10
669.10791
  20
1705
  0
VERTEX
  5
4ec
  8
Layer_4
  10
668.64441
  20
1700.1616
  0
VERTEX
  5
4ed
  8
Layer_4
  10
668.17334
  20
1695.3247
  0
VERTEX
  5
4ee
  8
Layer_4
  10
667.69495
  20
1690.4888
  0
VERTEX
  5
4ef
  8
Layer_4
  10
667.20898
  20
1685.6543
  0
VERTEX
  5
4f0
  8
Layer_4
  10
666.71558
  20
1680.8213
  0
VERTEX
  5
4f1
  8
Layer_4
  10
666.21484
  20
1675.9893
  0
VERTEX
  5
4f2
  8
Layer_4
  10
665.70654
  20
1671.1587
  0
VERTEX
  5
4f3
  8
Layer_4
  10
665.1908
  20
1666.3296
  0
VERTEX
  5
4f4
  8
Layer_4
  10
664.6676
  20
1661.5015
  0
VERTEX
  5
4f5
  8
Layer_4
  10
664.13696
  20
1656.6753
  0
VERTEX
  5
4f6
  8
Layer_4
  10
663.59888
  20
1651.8501
  0
VERTEX
  5
4f7
  8
Layer_4
  10
663.05334
  20
1647.0264
  0
VERTEX
  5
4f8
  8
Layer_4
  10
662.50037
  20
1642.2041
  0
VERTEX
  5
4f9
  8
Layer_4
  10
661.93994
  20
1637.3833
  0
VERTEX
  5
4fa
  8
Layer_4
  10
661.37207
  20
1632.564
  0
VERTEX
  5
4fb
  8
Layer_4
  10
660.79675
  20
1627.7456
  0
VERTEX
  5
4fc
  8
Layer_4
  10
660.21411
  20
1622.9292
  0
VERTEX
  5
4fd
  8
Layer_4
  10
659.6239
  20
1618.1143
  0
VERTEX
  5
4fe
  8
Layer_4
  10
659.02625
  20
1613.3008
  0
VERTEX
  5
4ff
  8
Layer_4
  10
658.42114
  20
1608.4888
  0
VERTEX
  5
500
  8
Layer_4
  10
657.80859
  20
1603.6787
  0
VERTEX
  5
501
  8
Layer_4
  10
657.18872
  20
1598.8701
  0
VERTEX
  5
502
  8
Layer_4
  10
656.56128
  20
1594.0625
  0
VERTEX
  5
503
  8
Layer_4
  10
655.92639
  20
1589.2568
  0
VERTEX
  5
504
  8
Layer_4
  10
655.28418
  20
1584.4531
  0
VERTEX
  5
505
  8
Layer_4
  10
654.63452
  20
1579.6504
  0
VERTEX
  5
506
  8
Layer_4
  10
653.97729
  20
1574.8501
  0
VERTEX
  5
507
  8
Layer_4
  10
653.31274
  20
1570.0508
  0
VERTEX
  5
508
  8
Layer_4
  10
652.64075
  20
1565.2534
  0
VERTEX
  5
509
  8
Layer_4
  10
651.9613
  20
1560.4575
  0
VERTEX
  5
50a
  8
Layer_4
  10
651.27454
  20
1555.6636
  0
VERTEX
  5
50b
  8
Layer_4
  10
650.5802
  20
1550.8716
  0
VERTEX
  5
50c
  8
Layer_4
  10
649.87854
  20
1546.0811
  0
VERTEX
  5
50d
  8
Layer_4
  10
649.16931
  20
1541.292
  0
VERTEX
  5
50e
  8
Layer_4
  10
648.45276
  20
1536.5054
  0
VERTEX
  5
50f
  8
Layer_4
  10
647.72876
  20
1531.7202
  0
VERTEX
  5
510
  8
Layer_4
  10
646.99744
  20
1526.9365
  0
VERTEX
  5
511
  8
Layer_4
  10
646.25854
  20
1522.1553
  0
VERTEX
  5
512
  8
Layer_4
  10
645.51233
  20
1517.3755
  0
VERTEX
  5
513
  8
Layer_4
  10
644.75854
  20
1512.5977
  0
VERTEX
  5
514
  8
Layer_4
  10
643.99756
  20
1507.8218
  0
VERTEX
  5
515
  8
Layer_4
  10
643.22888
  20
1503.0479
  0
VERTEX
  5
516
  8
Layer_4
  10
642.54065
  20
1498.771
  0
VERTEX
  5
517
  8
Layer_4
  10
641.85938
  20
1494.4927
  0
VERTEX
  5
518
  8
Layer_4
  10
641.18518
  20
1490.2124
  0
VERTEX
  5
519
  8
Layer_4
  10
640.51794
  20
1485.9302
  0
VERTEX
  5
51a
  8
Layer_4
  10
639.85767
  20
1481.6465
  0
VERTEX
  5
51b
  8
Layer_4
  10
639.20447
  20
1477.3613
  0
VERTEX
  5
51c
  8
Layer_4
  10
638.55835
  20
1473.0742
  0
VERTEX
  5
51d
  8
Layer_4
  10
637.91907
  20
1468.7852
  0
VERTEX
  5
51e
  8
Layer_4
  10
637.28687
  20
1464.4951
  0
VERTEX
  5
51f
  8
Layer_4
  10
636.66174
  20
1460.2031
  0
VERTEX
  5
520
  8
Layer_4
  10
636.04358
  20
1455.9092
  0
VERTEX
  5
521
  8
Layer_4
  10
635.43237
  20
1451.6143
  0
VERTEX
  5
522
  8
Layer_4
  10
634.82825
  20
1447.3174
  0
VERTEX
  5
523
  8
Layer_4
  10
634.2312
  20
1443.019
  0
VERTEX
  5
524
  8
Layer_4
  10
633.64124
  20
1438.7188
  0
VERTEX
  5
525
  8
Layer_4
  10
633.05811
  20
1434.4175
  0
VERTEX
  5
526
  8
Layer_4
  10
632.48206
  20
1430.1143
  0
VERTEX
  5
527
  8
Layer_4
  10
631.91309
  20
1425.8096
  0
VERTEX
  5
528
  8
Layer_4
  10
631.35107
  20
1421.5039
  0
VERTEX
  5
529
  8
Layer_4
  10
630.79614
  20
1417.1963
  0
VERTEX
  5
52a
  8
Layer_4
  10
630.24817
  20
1412.8872
  0
VERTEX
  5
52b
  8
Layer_4
  10
629.70728
  20
1408.5767
  0
VERTEX
  5
52c
  8
Layer_4
  10
629.17334
  20
1404.2651
  0
VERTEX
  5
52d
  8
Layer_4
  10
628.64661
  20
1399.9517
  0
VERTEX
  5
52e
  8
Layer_4
  10
628.12671
  20
1395.6372
  0
VERTEX
  5
52f
  8
Layer_4
  10
627.61389
  20
1391.3213
  0
VERTEX
  5
530
  8
Layer_4
  10
627.10815
  20
1387.0039
  0
VERTEX
  5
531
  8
Layer_4
  10
626.60938
  20
1382.6851
  0
VERTEX
  5
532
  8
Layer_4
  10
626.11768
  20
1378.3647
  0
VERTEX
  5
533
  8
Layer_4
  10
625.63306
  20
1374.0435
  0
VERTEX
  5
534
  8
Layer_4
  10
625.1554
  20
1369.7207
  0
VERTEX
  5
535
  8
Layer_4
  10
624.68481
  20
1365.397
  0
VERTEX
  5
536
  8
Layer_4
  10
624.22131
  20
1361.0718
  0
VERTEX
  5
537
  8
Layer_4
  10
623.76477
  20
1356.7451
  0
VERTEX
  5
538
  8
Layer_4
  10
623.31531
  20
1352.4175
  0
VERTEX
  5
539
  8
Layer_4
  10
622.8728
  20
1348.0889
  0
VERTEX
  5
53a
  8
Layer_4
  10
622.43738
  20
1343.7588
  0
VERTEX
  5
53b
  8
Layer_4
  10
622.00916
  20
1339.4272
  0
VERTEX
  5
53c
  8
Layer_4
  10
621.58765
  20
1335.0947
  0
VERTEX
  5
53d
  8
Layer_4
  10
621.17346
  20
1330.7612
  0
VERTEX
  5
53e
  8
Layer_4
  10
620.76624
  20
1326.4268
  0
VERTEX
  5
53f
  8
Layer_4
  10
620.36597
  20
1322.0908
  0
VERTEX
  5
540
  8
Layer_4
  10
619.9729
  20
1317.7539
  0
VERTEX
  5
541
  8
Layer_4
  10
619.58679
  20
1313.416
  0
VERTEX
  5
542
  8
Layer_4
  10
619.20764
  20
1309.0767
  0
VERTEX
  5
543
  8
Layer_4
  10
618.83569
  20
1304.7368
  0
VERTEX
  5
544
  8
Layer_4
  10
618.47083
  20
1300.3955
  0
VERTEX
  5
545
  8
Layer_4
  10
618.11279
  20
1296.0532
  0
VERTEX
  5
546
  8
Layer_4
  10
617.76196
  20
1291.71
  0
VERTEX
  5
547
  8
Layer_4
  10
617.41821
  20
1287.3657
  0
VERTEX
  5
548
  8
Layer_4
  10
617.08142
  20
1283.0205
  0
VERTEX
  5
549
  8
Layer_4
  10
616.75171
  20
1278.6748
  0
VERTEX
  5
54a
  8
Layer_4
  10
616.42908
  20
1274.3276
  0
VERTEX
  5
54b
  8
Layer_4
  10
616.11353
  20
1269.9795
  0
VERTEX
  5
54c
  8
Layer_4
  10
615.80505
  20
1265.6309
  0
VERTEX
  5
54d
  8
Layer_4
  10
615.50354
  20
1261.2808
  0
VERTEX
  5
54e
  8
Layer_4
  10
615.20911
  20
1256.9302
  0
VERTEX
  5
54f
  8
Layer_4
  10
614.92175
  20
1252.5791
  0
VERTEX
  5
550
  8
Layer_4
  10
614.64136
  20
1248.2266
  0
VERTEX
  5
551
  8
Layer_4
  10
614.36816
  20
1243.8735
  0
VERTEX
  5
552
  8
Layer_4
  10
614.10205
  20
1239.5195
  0
VERTEX
  5
553
  8
Layer_4
  10
613.8429
  20
1235.165
  0
VERTEX
  5
554
  8
Layer_4
  10
613.59082
  20
1230.8091
  0
VERTEX
  5
555
  8
Layer_4
  10
613.34583
  20
1226.4531
  0
VERTEX
  5
556
  8
Layer_4
  10
613.10791
  20
1222.0962
  0
VERTEX
  5
557
  8
Layer_4
  10
612.87695
  20
1217.7383
  0
VERTEX
  5
558
  8
Layer_4
  10
612.65332
  20
1213.3799
  0
VERTEX
  5
559
  8
Layer_4
  10
612.43652
  20
1209.021
  0
VERTEX
  5
55a
  8
Layer_4
  10
612.22693
  20
1204.6611
  0
VERTEX
  5
55b
  8
Layer_4
  10
612.02429
  20
1200.3003
  0
VERTEX
  5
55c
  8
Layer_4
  10
611.82886
  20
1195.9395
  0
VERTEX
  5
55d
  8
Layer_4
  10
611.64026
  20
1191.5776
  0
VERTEX
  5
55e
  8
Layer_4
  10
611.45898
  20
1187.2153
  0
VERTEX
  5
55f
  8
Layer_4
  10
611.28467
  20
1182.8525
  0
VERTEX
  5
560
  8
Layer_4
  10
611.11743
  20
1178.4888
  0
VERTEX
  5
561
  8
Layer_4
  10
610.95728
  20
1174.125
  0
VERTEX
  5
562
  8
Layer_4
  10
610.8042
  20
1169.7603
  0
VERTEX
  5
563
  8
Layer_4
  10
610.6582
  20
1165.395
  0
VERTEX
  5
564
  8
Layer_4
  10
610.51929
  20
1161.0293
  0
VERTEX
  5
565
  8
Layer_4
  10
610.38745
  20
1156.6631
  0
VERTEX
  5
566
  8
Layer_4
  10
610.2627
  20
1152.2964
  0
VERTEX
  5
567
  8
Layer_4
  10
610.14502
  20
1147.9292
  0
VERTEX
  5
568
  8
Layer_4
  10
610.03442
  20
1143.562
  0
VERTEX
  5
569
  8
Layer_4
  10
609.93091
  20
1139.1938
  0
VERTEX
  5
56a
  8
Layer_4
  10
609.83447
  20
1134.8254
  0
VERTEX
  5
56b
  8
Layer_4
  10
609.74512
  20
1130.4568
  0
VERTEX
  5
56c
  8
Layer_4
  10
609.66284
  20
1126.0874
  0
VERTEX
  5
56d
  8
Layer_4
  10
609.58765
  20
1121.718
  0
VERTEX
  5
56e
  8
Layer_4
  10
609.51965
  20
1117.3479
  0
VERTEX
  5
56f
  8
Layer_4
  10
609.45862
  20
1112.9778
  0
VERTEX
  5
570
  8
Layer_4
  10
609.40466
  20
1108.6074
  0
VERTEX
  5
571
  8
Layer_4
  10
609.35791
  20
1104.2363
  0
VERTEX
  5
572
  8
Layer_4
  10
609.31812
  20
1099.8652
  0
VERTEX
  5
573
  8
Layer_4
  10
609.28552
  20
1095.4939
  0
VERTEX
  5
574
  8
Layer_4
  10
609.26001
  20
1091.1223
  0
VERTEX
  5
575
  8
Layer_4
  10
609.24146
  20
1086.7502
  0
VERTEX
  5
576
  8
Layer_4
  10
609.2301
  20
1082.3782
  0
VERTEX
  5
577
  8
Layer_4
  10
609.22595
  20
1078.0059
  0
VERTEX
  5
578
  8
Layer_4
  10
609.22876
  20
1073.6333
  0
VERTEX
  5
579
  8
Layer_4
  10
609.23865
  20
1069.2607
  0
VERTEX
  5
57a
  8
Layer_4
  10
609.25562
  20
1064.8879
  0
VERTEX
  5
57b
  8
Layer_4
  10
609.27979
  20
1060.5149
  0
VERTEX
  5
57c
  8
Layer_4
  10
609.31104
  20
1056.1418
  0
VERTEX
  5
57d
  8
Layer_4
  10
609.34924
  20
1051.7688
  0
VERTEX
  5
57e
  8
Layer_4
  10
609.39465
  20
1047.3955
  0
VERTEX
  5
57f
  8
Layer_4
  10
609.44714
  20
1043.0222
  0
VERTEX
  5
580
  8
Layer_4
  10
609.50696
  20
1038.6487
  0
VERTEX
  5
581
  8
Layer_4
  10
609.57361
  20
1034.2751
  0
VERTEX
  5
582
  8
Layer_4
  10
609.64746
  20
1029.9019
  0
VERTEX
  5
583
  8
Layer_4
  10
609.72839
  20
1025.5283
  0
VERTEX
  5
584
  8
Layer_4
  10
609.81641
  20
1021.1548
  0
VERTEX
  5
585
  8
Layer_4
  10
609.91162
  20
1016.7815
  0
VERTEX
  5
586
  8
Layer_4
  10
610.01392
  20
1012.408
  0
VERTEX
  5
587
  8
Layer_4
  10
610.12317
  20
1008.0347
  0
VERTEX
  5
588
  8
Layer_4
  10
610.23975
  20
1003.6614
  0
VERTEX
  5
589
  8
Layer_4
  10
610.36328
  20
999.28809
  0
VERTEX
  5
58a
  8
Layer_4
  10
610.49402
  20
994.91504
  0
VERTEX
  5
58b
  8
Layer_4
  10
610.63184
  20
990.54224
  0
VERTEX
  5
58c
  8
Layer_4
  10
610.77686
  20
986.16943
  0
VERTEX
  5
58d
  8
Layer_4
  10
610.92883
  20
981.79663
  0
VERTEX
  5
58e
  8
Layer_4
  10
611.08801
  20
977.42432
  0
VERTEX
  5
58f
  8
Layer_4
  10
611.25427
  20
973.052
  0
VERTEX
  5
590
  8
Layer_4
  10
611.42773
  20
968.67993
  0
VERTEX
  5
591
  8
Layer_4
  10
611.60815
  20
964.30811
  0
VERTEX
  5
592
  8
Layer_4
  10
611.79578
  20
959.93628
  0
VERTEX
  5
593
  8
Layer_4
  10
611.9906
  20
955.56494
  0
VERTEX
  5
594
  8
Layer_4
  10
612.1925
  20
951.19385
  0
VERTEX
  5
595
  8
Layer_4
  10
612.40149
  20
946.823
  0
VERTEX
  5
596
  8
Layer_4
  10
645.80396
  20
260.00049
  0
SEQEND
  0
POLYLINE
  5
598
  8
Layer_4
  62
52
  66
1
  10
0
  20
0
  30
0
  0
VERTEX
  5
598
  8
Layer_4
  10
703.56384
  20
3050
  0
VERTEX
  5
599
  8
Layer_4
  10
738.72083
  20
2123.9189
  0
VERTEX
  5
59a
  8
Layer_4
  10
738.90234
  20
2119.0352
  0
VERTEX
  5
59b
  8
Layer_4
  10
739.07654
  20
2114.1519
  0
VERTEX
  5
59c
  8
Layer_4
  10
739.24304
  20
2109.2681
  0
VERTEX
  5
59d
  8
Layer_4
  10
739.40198
  20
2104.3843
  0
VERTEX
  5
59e
  8
Layer_4
  10
739.55347
  20
2099.5005
  0
VERTEX
  5
59f
  8
Layer_4
  10
739.69739
  20
2094.6162
  0
VERTEX
  5
5a0
  8
Layer_4
  10
739.83374
  20
2089.7324
  0
VERTEX
  5
5a1
  8
Layer_4
  10
739.96252
  20
2084.8481
  0
VERTEX
  5
5a2
  8
Layer_4
  10
740.08374
  20
2079.9639
  0
VERTEX
  5
5a3
  8
Layer_4
  10
740.19763
  20
2075.0796
  0
VERTEX
  5
5a4
  8
Layer_4
  10
740.30383
  20
2070.1953
  0
VERTEX
  5
5a5
  8
Layer_4
  10
740.40247
  20
2065.311
  0
VERTEX
  5
5a6
  8
Layer_4
  10
740.49365
  20
2060.4263
  0
VERTEX
  5
5a7
  8
Layer_4
  10
740.57715
  20
2055.542
  0
VERTEX
  5
5a8
  8
Layer_4
  10
740.65332
  20
2050.6577
  0
VERTEX
  5
5a9
  8
Layer_4
  10
740.72192
  20
2045.7739
  0
VERTEX
  5
5aa
  8
Layer_4
  10
740.78296
  20
2040.8896
  0
VERTEX
  5
5ab
  8
Layer_4
  10
740.83643
  20
2036.0054
  0
VERTEX
  5
5ac
  8
Layer_4
  10
740.88245
  20
2031.1216
  0
VERTEX
  5
5ad
  8
Layer_4
  10
740.92078
  20
2026.2378
  0
VERTEX
  5
5ae
  8
Layer_4
  10
740.95166
  20
2021.354
  0
VERTEX
  5
5af
  8
Layer_4
  10
740.9751
  20
2016.4707
  0
VERTEX
  5
5b0
  8
Layer_4
  10
740.99097
  20
2011.5874
  0
VERTEX
  5
5b1
  8
Layer_4
  10
740.99939
  20
2006.7041
  0
VERTEX
  5
5b2
  8
Layer_4
  10
741.00024
  20
2001.8213
  0
VERTEX
  5
5b3
  8
Layer_4
  10
740.99353
  20
1996.9385
  0
VERTEX
  5
5b4
  8
Layer_4
  10
740.97925
  20
1992.0557
  0
VERTEX
  5
5b5
  8
Layer_4
  10
740.95752
  20
1987.1738
  0
VERTEX
  5
5b6
  8
Layer_4
  10
740.92834
  20
1982.2915
  0
VERTEX
  5
5b7
  8
Layer_4
  10
740.89148
  20
1977.4102
  0
VERTEX
  5
5b8
  8
Layer_4
  10
740.84729
  20
1972.5288
  0
VERTEX
  5
5b9
  8
Layer_4
  10
740.79553
  20
1967.6475
  0
VERTEX
  5
5ba
  8
Layer_4
  10
740.73621
  20
1962.7666
  0
VERTEX
  5
5bb
  8
Layer_4
  10
740.66931
  20
1957.8862
  0
VERTEX
  5
5bc
  8
Layer_4
  10
740.59497
  20
1953.0063
  0
VERTEX
  5
5bd
  8
Layer_4
  10
740.51318
  20
1948.127
  0
VERTEX
  5
5be
  8
Layer_4
  10
740.42383
  20
1943.2476
  0
VERTEX
  5
5bf
  8
Layer_4
  10
740.32703
  20
1938.3687
  0
VERTEX
  5
5c0
  8
Layer_4
  10
740.22266
  20
1933.4907
  0
VERTEX
  5
5c1
  8
Layer_4
  10
740.11072
  20
1928.6128
  0
VERTEX
  5
5c2
  8
Layer_4
  10
739.99146
  20
1923.7349
  0
VERTEX
  5
5c3
  8
Layer_4
  10
739.8645
  20
1918.8584
  0
VERTEX
  5
5c4
  8
Layer_4
  10
739.7301
  20
1913.9819
  0
VERTEX
  5
5c5
  8
Layer_4
  10
739.58826
  20
1909.106
  0
VERTEX
  5
5c6
  8
Layer_4
  10
739.43884
  20
1904.2305
  0
VERTEX
  5
5c7
  8
Layer_4
  10
739.28198
  20
1899.3555
  0
VERTEX
  5
5c8
  8
Layer_4
  10
739.11755
  20
1894.481
  0
VERTEX
  5
5c9
  8
Layer_4
  10
738.94568
  20
1889.6074
  0
VERTEX
  5
5ca
  8
Layer_4
  10
738.76636
  20
1884.7344
  0
VERTEX
  5
5cb
  8
Layer_4
  10
738.57935
  20
1879.8618
  0
VERTEX
  5
5cc
  8
Layer_4
  10
738.38513
  20
1874.9902
  0
VERTEX
  5
5cd
  8
Layer_4
  10
738.18323
  20
1870.1187
  0
VERTEX
  5
5ce
  8
Layer_4
  10
737.97375
  20
1865.2485
  0
VERTEX
  5
5cf
  8
Layer_4
  10
737.75696
  20
1860.3784
  0
VERTEX
  5
5d0
  8
Layer_4
  10
737.53259
  20
1855.5093
  0
VERTEX
  5
5d1
  8
Layer_4
  10
737.30078
  20
1850.6406
  0
VERTEX
  5
5d2
  8
Layer_4
  10
737.06152
  20
1845.7729
  0
VERTEX
  5
5d3
  8
Layer_4
  10
736.8147
  20
1840.9063
  0
VERTEX
  5
5d4
  8
Layer_4
  10
736.56042
  20
1836.04
  0
VERTEX
  5
5d5
  8
Layer_4
  10
736.29858
  20
1831.1743
  0
VERTEX
  5
5d6
  8
Layer_4
  10
736.0293
  20
1826.3096
  0
VERTEX
  5
5d7
  8
Layer_4
  10
735.75244
  20
1821.4458
  0
VERTEX
  5
5d8
  8
Layer_4
  10
735.46826
  20
1816.583
  0
VERTEX
  5
5d9
  8
Layer_4
  10
735.17664
  20
1811.7207
  0
VERTEX
  5
5da
  8
Layer_4
  10
734.87744
  20
1806.8594
  0
VERTEX
  5
5db
  8
Layer_4
  10
734.57068
  20
1801.999
  0
VERTEX
  5
5dc
  8
Layer_4
  10
734.25647
  20
1797.1392
  0
VERTEX
  5
5dd
  8
Layer_4
  10
733.93494
  20
1792.2808
  0
VERTEX
  5
5de
  8
Layer_4
  10
733.60583
  20
1787.4233
  0
VERTEX
  5
5df
  8
Layer_4
  10
733.26917
  20
1782.5664
  0
VERTEX
  5
5e0
  8
Layer_4
  10
732.92505
  20
1777.7104
  0
VERTEX
  5
5e1
  8
Layer_4
  10
732.57361
  20
1772.8555
  0
VERTEX
  5
5e2
  8
Layer_4
  10
732.2146
  20
1768.002
  0
VERTEX
  5
5e3
  8
Layer_4
  10
731.84814
  20
1763.1489
  0
VERTEX
  5
5e4
  8
Layer_4
  10
731.47412
  20
1758.2974
  0
VERTEX
  5
5e5
  8
Layer_4
  10
731.09265
  20
1753.4463
  0
VERTEX
  5
5e6
  8
Layer_4
  10
730.70386
  20
1748.5967
  0
VERTEX
  5
5e7
  8
Layer_4
  10
730.30737
  20
1743.748
  0
VERTEX
  5
5e8
  8
Layer_4
  10
729.90356
  20
1738.9009
  0
VERTEX
  5
5e9
  8
Layer_4
  10
729.49231
  20
1734.0542
  0
VERTEX
  5
5ea
  8
Layer_4
  10
729.07349
  20
1729.209
  0
VERTEX
  5
5eb
  8
Layer_4
  10
728.64734
  20
1724.3647
  0
VERTEX
  5
5ec
  8
Layer_4
  10
728.21362
  20
1719.5215
  0
VERTEX
  5
5ed
  8
Layer_4
  10
727.77246
  20
1714.6797
  0
VERTEX
  5
5ee
  8
Layer_4
  10
727.32385
  20
1709.8394
  0
VERTEX
  5
5ef
  8
Layer_4
  10
726.86768
  20
1705
  0
VERTEX
  5
5f0
  8
Layer_4
  10
726.40417
  20
1700.1616
  0
VERTEX
  5
5f1
  8
Layer_4
  10
725.93323
  20
1695.3247
  0
VERTEX
  5
5f2
  8
Layer_4
  10
725.45471
  20
1690.4888
  0
VERTEX
  5
5f3
  8
Layer_4
  10
724.96875
  20
1685.6543
  0
VERTEX
  5
5f4
  8
Layer_4
  10
724.47534
  20
1680.8213
  0
VERTEX
  5
5f5
  8
Layer_4
  10
723.97461
  20
1675.9893
  0
VERTEX
  5
5f6
  8
Layer_4
  10
723.46631
  20
1671.1587
  0
VERTEX
  5
5f7
  8
Layer_4
  10
722.95056
  20
1666.3296
  0
VERTEX
  5
5f8
  8
Layer_4
  10
722.42737
  20
1661.5015
  0
VERTEX
  5
5f9
  8
Layer_4
  10
721.89685
  20
1656.6753
  0
VERTEX
  5
5fa
  8
Layer_4
  10
721.35864
  20
1651.8501
  0
VERTEX
  5
5fb
  8
Layer_4
  10
720.81323
  20
1647.0264
  0
VERTEX
  5
5fc
  8
Layer_4
  10
720.26025
  20
1642.2041
  0
VERTEX
  5
5fd
  8
Layer_4
  10
719.69983
  20
1637.3833
  0
VERTEX
  5
5fe
  8
Layer_4
  10
719.13196
  20
1632.564
  0
VERTEX
  5
5ff
  8
Layer_4
  10
718.55664
  20
1627.7456
  0
VERTEX
  5
600
  8
Layer_4
  10
717.97388
  20
1622.9292
  0
VERTEX
  5
601
  8
Layer_4
  10
717.38367
  20
1618.1143
  0
VERTEX
  5
602
  8
Layer_4
  10
716.78601
  20
1613.3008
  0
VERTEX
  5
603
  8
Layer_4
  10
716.18091
  20
1608.4888
  0
VERTEX
  5
604
  8
Layer_4
  10
715.56836
  20
1603.6787
  0
VERTEX
  5
605
  8
Layer_4
  10
714.94849
  20
1598.8701
  0
VERTEX
  5
606
  8
Layer_4
  10
714.32104
  20
1594.0625
  0
VERTEX
  5
607
  8
Layer_4
  10
713.68616
  20
1589.2568
  0
VERTEX
  5
608
  8
Layer_4
  10
713.04395
  20
1584.4531
  0
VERTEX
  5
609
  8
Layer_4
  10
712.39429
  20
1579.6504
  0
VERTEX
  5
60a
  8
Layer_4
  10
711.73706
  20
1574.8501
  0
VERTEX
  5
60b
  8
Layer_4
  10
711.07263
  20
1570.0508
  0
VERTEX
  5
60c
  8
Layer_4
  10
710.40063
  20
1565.2534
  0
VERTEX
  5
60d
  8
Layer_4
  10
709.72107
  20
1560.4575
  0
VERTEX
  5
60e
  8
Layer_4
  10
709.0343
  20
1555.6636
  0
VERTEX
  5
60f
  8
Layer_4
  10
708.33997
  20
1550.8716
  0
VERTEX
  5
610
  8
Layer_4
  10
707.63831
  20
1546.0811
  0
VERTEX
  5
611
  8
Layer_4
  10
706.92908
  20
1541.292
  0
VERTEX
  5
612
  8
Layer_4
  10
706.21265
  20
1536.5054
  0
VERTEX
  5
613
  8
Layer_4
  10
705.48865
  20
1531.7202
  0
VERTEX
  5
614
  8
Layer_4
  10
704.75708
  20
1526.9365
  0
VERTEX
  5
615
  8
Layer_4
  10
704.01831
  20
1522.1553
  0
VERTEX
  5
616
  8
Layer_4
  10
703.27197
  20
1517.3755
  0
VERTEX
  5
617
  8
Layer_4
  10
702.51843
  20
1512.5977
  0
VERTEX
  5
618
  8
Layer_4
  10
701.75732
  20
1507.8218
  0
VERTEX
  5
619
  8
Layer_4
  10
700.98865
  20
1503.0479
  0
VERTEX
  5
61a
  8
Layer_4
  10
700.30054
  20
1498.771
  0
VERTEX
  5
61b
  8
Layer_4
  10
699.61914
  20
1494.4927
  0
VERTEX
  5
61c
  8
Layer_4
  10
698.94495
  20
1490.2124
  0
VERTEX
  5
61d
  8
Layer_4
  10
698.27771
  20
1485.9302
  0
VERTEX
  5
61e
  8
Layer_4
  10
697.61755
  20
1481.6465
  0
VERTEX
  5
61f
  8
Layer_4
  10
696.96436
  20
1477.3613
  0
VERTEX
  5
620
  8
Layer_4
  10
696.31812
  20
1473.0742
  0
VERTEX
  5
621
  8
Layer_4
  10
695.67896
  20
1468.7852
  0
VERTEX
  5
622
  8
Layer_4
  10
695.04675
  20
1464.4951
  0
VERTEX
  5
623
  8
Layer_4
  10
694.42151
  20
1460.2031
  0
VERTEX
  5
624
  8
Layer_4
  10
693.80334
  20
1455.9092
  0
VERTEX
  5
625
  8
Layer_4
  10
693.19226
  20
1451.6143
  0
VERTEX
  5
626
  8
Layer_4
  10
692.58813
  20
1447.3174
  0
VERTEX
  5
627
  8
Layer_4
  10
691.99097
  20
1443.019
  0
VERTEX
  5
628
  8
Layer_4
  10
691.401
  20
1438.7188
  0
VERTEX
  5
629
  8
Layer_4
  10
690.81787
  20
1434.4175
  0
VERTEX
  5
62a
  8
Layer_4
  10
690.24194
  20
1430.1143
  0
VERTEX
  5
62b
  8
Layer_4
  10
689.67285
  20
1425.8096
  0
VERTEX
  5
62c
  8
Layer_4
  10
689.11084
  20
1421.5039
  0
VERTEX
  5
62d
  8
Layer_4
  10
688.55591
  20
1417.1963
  0
VERTEX
  5
62e
  8
Layer_4
  10
688.00806
  20
1412.8872
  0
VERTEX
  5
62f
  8
Layer_4
  10
687.46704
  20
1408.5767
  0
VERTEX
  5
630
  8
Layer_4
  10
686.93323
  20
1404.2651
  0
VERTEX
  5
631
  8
Layer_4
  10
686.40637
  20
1399.9517
  0
VERTEX
  5
632
  8
Layer_4
  10
685.88647
  20
1395.6372
  0
VERTEX
  5
633
  8
Layer_4
  10
685.37378
  20
1391.3213
  0
VERTEX
  5
634
  8
Layer_4
  10
684.86804
  20
1387.0039
  0
VERTEX
  5
635
  8
Layer_4
  10
684.36926
  20
1382.6851
  0
VERTEX
  5
636
  8
Layer_4
  10
683.87756
  20
1378.3647
  0
VERTEX
  5
637
  8
Layer_4
  10
683.39294
  20
1374.0435
  0
VERTEX
  5
638
  8
Layer_4
  10
682.91528
  20
1369.7207
  0
VERTEX
  5
639
  8
Layer_4
  10
682.4447
  20
1365.397
  0
VERTEX
  5
63a
  8
Layer_4
  10
681.98108
  20
1361.0718
  0
VERTEX
  5
63b
  8
Layer_4
  10
681.52466
  20
1356.7451
  0
VERTEX
  5
63c
  8
Layer_4
  10
681.07507
  20
1352.4175
  0
VERTEX
  5
63d
  8
Layer_4
  10
680.63269
  20
1348.0889
  0
VERTEX
  5
63e
  8
Layer_4
  10
680.19727
  20
1343.7588
  0
VERTEX
  5
63f
  8
Layer_4
  10
679.76892
  20
1339.4272
  0
VERTEX
  5
640
  8
Layer_4
  10
679.34766
  20
1335.0947
  0
VERTEX
  5
641
  8
Layer_4
  10
678.93335
  20
1330.7612
  0
VERTEX
  5
642
  8
Layer_4
  10
678.526
  20
1326.4268
  0
VERTEX
  5
643
  8
Layer_4
  10
678.12585
  20
1322.0908
  0
VERTEX
  5
644
  8
Layer_4
  10
677.73267
  20
1317.7539
  0
VERTEX
  5
645
  8
Layer_4
  10
677.34656
  20
1313.416
  0
VERTEX
  5
646
  8
Layer_4
  10
676.96765
  20
1309.0767
  0
VERTEX
  5
647
  8
Layer_4
  10
676.59546
  20
1304.7368
  0
VERTEX
  5
648
  8
Layer_4
  10
676.23059
  20
1300.3955
  0
VERTEX
  5
649
  8
Layer_4
  10
675.87268
  20
1296.0532
  0
VERTEX
  5
64a
  8
Layer_4
  10
675.52185
  20
1291.71
  0
VERTEX
  5
64b
  8
Layer_4
  10
675.17798
  20
1287.3657
  0
VERTEX
  5
64c
  8
Layer_4
  10
674.84131
  20
1283.0205
  0
VERTEX
  5
64d
  8
Layer_4
  10
674.5116
  20
1278.6748
  0
VERTEX
  5
64e
  8
Layer_4
  10
674.18884
  20
1274.3276
  0
VERTEX
  5
64f
  8
Layer_4
  10
673.87329
  20
1269.9795
  0
VERTEX
  5
650
  8
Layer_4
  10
673.56482
  20
1265.6309
  0
VERTEX
  5
651
  8
Layer_4
  10
673.26331
  20
1261.2808
  0
VERTEX
  5
652
  8
Layer_4
  10
672.96887
  20
1256.9302
  0
VERTEX
  5
653
  8
Layer_4
  10
672.68152
  20
1252.5791
  0
VERTEX
  5
654
  8
Layer_4
  10
672.40125
  20
1248.2266
  0
VERTEX
  5
655
  8
Layer_4
  10
672.12805
  20
1243.8735
  0
VERTEX
  5
656
  8
Layer_4
  10
671.86182
  20
1239.5195
  0
VERTEX
  5
657
  8
Layer_4
  10
671.60266
  20
1235.165
  0
VERTEX
  5
658
  8
Layer_4
  10
671.35059
  20
1230.8091
  0
VERTEX
  5
659
  8
Layer_4
  10
671.10571
  20
1226.4531
  0
VERTEX
  5
65a
  8
Layer_4
  10
670.86768
  20
1222.0962
  0
VERTEX
  5
65b
  8
Layer_4
  10
670.63684
  20
1217.7383
  0
VERTEX
  5
65c
  8
Layer_4
  10
670.41309
  20
1213.3799
  0
VERTEX
  5
65d
  8
Layer_4
  10
670.19641
  20
1209.021
  0
VERTEX
  5
65e
  8
Layer_4
  10
669.98669
  20
1204.6611
  0
VERTEX
  5
65f
  8
Layer_4
  10
669.78406
  20
1200.3003
  0
VERTEX
  5
660
  8
Layer_4
  10
669.58862
  20
1195.9395
  0
VERTEX
  5
661
  8
Layer_4
  10
669.40015
  20
1191.5776
  0
VERTEX
  5
662
  8
Layer_4
  10
669.21875
  20
1187.2153
  0
VERTEX
  5
663
  8
Layer_4
  10
669.04456
  20
1182.8525
  0
VERTEX
  5
664
  8
Layer_4
  10
668.87732
  20
1178.4888
  0
VERTEX
  5
665
  8
Layer_4
  10
668.71704
  20
1174.125
  0
VERTEX
  5
666
  8
Layer_4
  10
668.56409
  20
1169.7603
  0
VERTEX
  5
667
  8
Layer_4
  10
668.41809
  20
1165.395
  0
VERTEX
  5
668
  8
Layer_4
  10
668.27905
  20
1161.0293
  0
VERTEX
  5
669
  8
Layer_4
  10
668.14734
  20
1156.6631
  0
VERTEX
  5
66a
  8
Layer_4
  10
668.02246
  20
1152.2964
  0
VERTEX
  5
66b
  8
Layer_4
  10
667.90491
  20
1147.9292
  0
VERTEX
  5
66c
  8
Layer_4
  10
667.79431
  20
1143.562
  0
VERTEX
  5
66d
  8
Layer_4
  10
667.6908
  20
1139.1938
  0
VERTEX
  5
66e
  8
Layer_4
  10
667.59436
  20
1134.8254
  0
VERTEX
  5
66f
  8
Layer_4
  10
667.505
  20
1130.4568
  0
VERTEX
  5
670
  8
Layer_4
  10
667.42273
  20
1126.0874
  0
VERTEX
  5
671
  8
Layer_4
  10
667.34753
  20
1121.718
  0
VERTEX
  5
672
  8
Layer_4
  10
667.27942
  20
1117.3479
  0
VERTEX
  5
673
  8
Layer_4
  10
667.21838
  20
1112.9778
  0
VERTEX
  5
674
  8
Layer_4
  10
667.16455
  20
1108.6074
  0
VERTEX
  5
675
  8
Layer_4
  10
667.11768
  20
1104.2363
  0
VERTEX
  5
676
  8
Layer_4
  10
667.078
  20
1099.8652
  0
VERTEX
  5
677
  8
Layer_4
  10
667.04529
  20
1095.4939
  0
VERTEX
  5
678
  8
Layer_4
  10
667.01978
  20
1091.1223
  0
VERTEX
  5
679
  8
Layer_4
  10
667.00134
  20
1086.7502
  0
VERTEX
  5
67a
  8
Layer_4
  10
666.98999
  20
1082.3782
  0
VERTEX
  5
67b
  8
Layer_4
  10
666.98572
  20
1078.0059
  0
VERTEX
  5
67c
  8
Layer_4
  10
666.98853
  20
1073.6333
  0
VERTEX
  5
67d
  8
Layer_4
  10
666.99841
  20
1069.2607
  0
VERTEX
  5
67e
  8
Layer_4
  10
667.0155
  20
1064.8879
  0
VERTEX
  5
67f
  8
Layer_4
  10
667.03955
  20
1060.5149
  0
VERTEX
  5
680
  8
Layer_4
  10
667.0708
  20
1056.1418
  0
VERTEX
  5
681
  8
Layer_4
  10
667.10913
  20
1051.7688
  0
VERTEX
  5
682
  8
Layer_4
  10
667.15454
  20
1047.3955
  0
VERTEX
  5
683
  8
Layer_4
  10
667.20715
  20
1043.0222
  0
VERTEX
  5
684
  8
Layer_4
  10
667.26672
  20
1038.6487
  0
VERTEX
  5
685
  8
Layer_4
  10
667.33337
  20
1034.2751
  0
VERTEX
  5
686
  8
Layer_4
  10
667.40735
  20
1029.9019
  0
VERTEX
  5
687
  8
Layer_4
  10
667.48816
  20
1025.5283
  0
VERTEX
  5
688
  8
Layer_4
  10
667.57617
  20
1021.1548
  0
VERTEX
  5
689
  8
Layer_4
  10
667.67139
  20
1016.7815
  0
VERTEX
  5
68a
  8
Layer_4
  10
667.77368
  20
1012.408
  0
VERTEX
  5
68b
  8
Layer_4
  10
667.88306
  20
1008.0347
  0
VERTEX
  5
68c
  8
Layer_4
  10
667.99951
  20
1003.6614
  0
VERTEX
  5
68d
  8
Layer_4
  10
668.12305
  20
999.28809
  0
VERTEX
  5
68e
  8
Layer_4
  10
668.25378
  20
994.91504
  0
VERTEX
  5
68f
  8
Layer_4
  10
668.3916
  20
990.54224
  0
VERTEX
  5
690
  8
Layer_4
  10
668.53662
  20
986.16943
  0
VERTEX
  5
691
  8
Layer_4
  10
668.6886
  20
981.79663
  0
VERTEX
  5
692
  8
Layer_4
  10
668.84778
  20
977.42432
  0
VERTEX
  5
693
  8
Layer_4
  10
669.01416
  20
973.052
  0
VERTEX
  5
694
  8
Layer_4
  10
669.1875
  20
968.67993
  0
VERTEX
  5
695
  8
Layer_4
  10
669.36804
  20
964.30811
  0
VERTEX
  5
696
  8
Layer_4
  10
669.55554
  20
959.93628
  0
VERTEX
  5
697
  8
Layer_4
  10
669.75037
  20
955.56494
  0
VERTEX
  5
698
  8
Layer_4
  10
669.95215
  20
951.19385
  0
VERTEX
  5
699
  8
Layer_4
  10
670.16125
  20
946.823
  0
VERTEX
  5
69a
  8
Layer_4
  10
703.56384
  20
260.00049
  0
SEQEND
  0
POLYLINE
  5
69c
  8
Layer_4
  62
52
  66
1
  10
0
  20
0
  30
0
  0
VERTEX
  5
69c
  8
Layer_4
  10
790.9519
  20
260
  0
VERTEX
  5
69d
  8
Layer_4
  10
825.82776
  20
957.14648
  42
0.024191723
  0
VERTEX
  5
69e
  8
Layer_4
  10
826.56738
  20
1417.6089
  0
VERTEX
  5
69f
  8
Layer_4
  10
782.33826
  20
1938.3657
  0
VERTEX
  5
6a0
  8
Layer_4
  10
782.00305
  20
1942.3325
  0
VERTEX
  5
6a1
  8
Layer_4
  10
781.67175
  20
1946.3003
  0
VERTEX
  5
6a2
  8
Layer_4
  10
781.34424
  20
1950.2681
  0
VERTEX
  5
6a3
  8
Layer_4
  10
781.02026
  20
1954.2368
  0
VERTEX
  5
6a4
  8
Layer_4
  10
780.7002
  20
1958.2056
  0
VERTEX
  5
6a5
  8
Layer_4
  10
780.38367
  20
1962.1753
  0
VERTEX
  5
6a6
  8
Layer_4
  10
780.07104
  20
1966.145
  0
VERTEX
  5
6a7
  8
Layer_4
  10
779.76196
  20
1970.1157
  0
VERTEX
  5
6a8
  8
Layer_4
  10
779.45679
  20
1974.0864
  0
VERTEX
  5
6a9
  8
Layer_4
  10
779.15515
  20
1978.0576
  0
VERTEX
  5
6aa
  8
Layer_4
  10
778.85742
  20
1982.0298
  0
VERTEX
  5
6ab
  8
Layer_4
  10
778.56335
  20
1986.002
  0
VERTEX
  5
6ac
  8
Layer_4
  10
778.27295
  20
1989.9746
  0
VERTEX
  5
6ad
  8
Layer_4
  10
777.98633
  20
1993.9478
  0
VERTEX
  5
6ae
  8
Layer_4
  10
777.70337
  20
1997.9214
  0
VERTEX
  5
6af
  8
Layer_4
  10
777.42419
  20
2001.8955
  0
VERTEX
  5
6b0
  8
Layer_4
  10
777.1488
  20
2005.8696
  0
VERTEX
  5
6b1
  8
Layer_4
  10
776.87695
  20
2009.8447
  0
VERTEX
  5
6b2
  8
Layer_4
  10
776.60901
  20
2013.8198
  0
VERTEX
  5
6b3
  8
Layer_4
  10
776.34473
  20
2017.7954
  0
VERTEX
  5
6b4
  8
Layer_4
  10
776.08411
  20
2021.7715
  0
VERTEX
  5
6b5
  8
Layer_4
  10
775.82727
  20
2025.748
  0
VERTEX
  5
6b6
  8
Layer_4
  10
775.57422
  20
2029.7251
  0
VERTEX
  5
6b7
  8
Layer_4
  10
775.32483
  20
2033.7021
  0
VERTEX
  5
6b8
  8
Layer_4
  10
775.0791
  20
2037.6797
  0
VERTEX
  5
6b9
  8
Layer_4
  10
774.83716
  20
2041.6577
  0
VERTEX
  5
6ba
  8
Layer_4
  10
774.59888
  20
2045.6362
  0
VERTEX
  5
6bb
  8
Layer_4
  10
774.3645
  20
2049.6152
  0
VERTEX
  5
6bc
  8
Layer_4
  10
774.13367
  20
2053.5942
  0
VERTEX
  5
6bd
  8
Layer_4
  10
773.90674
  20
2057.5737
  0
VERTEX
  5
6be
  8
Layer_4
  10
773.68335
  20
2061.5532
  0
VERTEX
  5
6bf
  8
Layer_4
  10
773.46375
  20
2065.5337
  0
VERTEX
  5
6c0
  8
Layer_4
  10
773.24792
  20
2069.5142
  0
VERTEX
  5
6c1
  8
Layer_4
  10
773.03577
  20
2073.4951
  0
VERTEX
  5
6c2
  8
Layer_4
  10
772.82739
  20
2077.4761
  0
VERTEX
  5
6c3
  8
Layer_4
  10
772.62268
  20
2081.4575
  0
VERTEX
  5
6c4
  8
Layer_4
  10
772.42175
  20
2085.4395
  0
VERTEX
  5
6c5
  8
Layer_4
  10
772.22449
  20
2089.4219
  0
VERTEX
  5
6c6
  8
Layer_4
  10
772.03101
  20
2093.4043
  0
VERTEX
  5
6c7
  8
Layer_4
  10
771.84119
  20
2097.3872
  0
VERTEX
  5
6c8
  8
Layer_4
  10
771.65515
  20
2101.3701
  0
VERTEX
  5
6c9
  8
Layer_4
  10
771.4729
  20
2105.3535
  0
VERTEX
  5
6ca
  8
Layer_4
  10
771.29431
  20
2109.3369
  0
VERTEX
  5
6cb
  8
Layer_4
  10
771.11938
  20
2113.3213
  0
VERTEX
  5
6cc
  8
Layer_4
  10
770.94824
  20
2117.3052
  0
VERTEX
  5
6cd
  8
Layer_4
  10
770.78088
  20
2121.29
  0
VERTEX
  5
6ce
  8
Layer_4
  10
770.61719
  20
2125.2744
  0
VERTEX
  5
6cf
  8
Layer_4
  10
770.45728
  20
2129.2598
  0
VERTEX
  5
6d0
  8
Layer_4
  10
770.30115
  20
2133.2451
  0
VERTEX
  5
6d1
  8
Layer_4
  10
770.14856
  20
2137.2305
  0
VERTEX
  5
6d2
  8
Layer_4
  10
769.99976
  20
2141.2163
  0
VERTEX
  5
6d3
  8
Layer_4
  10
769.85486
  20
2145.2026
  0
VERTEX
  5
6d4
  8
Layer_4
  10
769.7135
  20
2149.1885
  0
VERTEX
  5
6d5
  8
Layer_4
  10
769.57593
  20
2153.1753
  0
VERTEX
  5
6d6
  8
Layer_4
  10
769.44214
  20
2157.1621
  0
VERTEX
  5
6d7
  8
Layer_4
  10
769.31201
  20
2161.1489
  0
VERTEX
  5
6d8
  8
Layer_4
  10
769.18555
  20
2165.1362
  0
VERTEX
  5
6d9
  8
Layer_4
  10
769.06287
  20
2169.1235
  0
VERTEX
  5
6da
  8
Layer_4
  10
768.94397
  20
2173.1113
  0
VERTEX
  5
6db
  8
Layer_4
  10
768.82886
  20
2177.0991
  0
VERTEX
  5
6dc
  8
Layer_4
  10
768.71729
  20
2181.0874
  0
VERTEX
  5
6dd
  8
Layer_4
  10
768.60962
  20
2185.0757
  0
VERTEX
  5
6de
  8
Layer_4
  10
768.50562
  20
2189.064
  0
VERTEX
  5
6df
  8
Layer_4
  10
768.40527
  20
2193.0527
  0
VERTEX
  5
6e0
  8
Layer_4
  10
768.30884
  20
2197.0415
  0
VERTEX
  5
6e1
  8
Layer_4
  10
768.21594
  20
2201.0303
  0
VERTEX
  5
6e2
  8
Layer_4
  10
768.12695
  20
2205.0195
  0
VERTEX
  5
6e3
  8
Layer_4
  10
768.04163
  20
2209.0088
  0
VERTEX
  5
6e4
  8
Layer_4
  10
767.95996
  20
2212.998
  0
VERTEX
  5
6e5
  8
Layer_4
  10
767.88208
  20
2216.9878
  0
VERTEX
  5
6e6
  8
Layer_4
  10
767.80786
  20
2220.9775
  0
VERTEX
  5
6e7
  8
Layer_4
  10
767.73755
  20
2224.9673
  0
VERTEX
  5
6e8
  8
Layer_4
  10
767.67078
  20
2228.9575
  0
VERTEX
  5
6e9
  8
Layer_4
  10
767.60779
  20
2232.9478
  0
VERTEX
  5
6ea
  8
Layer_4
  10
767.54858
  20
2236.938
  0
VERTEX
  5
6eb
  8
Layer_4
  10
767.49304
  20
2240.9287
  0
VERTEX
  5
6ec
  8
Layer_4
  10
767.44128
  20
2244.9189
  0
VERTEX
  5
6ed
  8
Layer_4
  10
767.39331
  20
2248.9097
  0
VERTEX
  5
6ee
  8
Layer_4
  10
767.349
  20
2252.9004
  0
VERTEX
  5
6ef
  8
Layer_4
  10
767.30835
  20
2256.8916
  0
VERTEX
  5
6f0
  8
Layer_4
  10
767.27161
  20
2260.8823
  0
VERTEX
  5
6f1
  8
Layer_4
  10
767.23853
  20
2264.8735
  0
VERTEX
  5
6f2
  8
Layer_4
  10
767.20911
  20
2268.8647
  0
VERTEX
  5
6f3
  8
Layer_4
  10
767.18347
  20
2272.856
  0
VERTEX
  5
6f4
  8
Layer_4
  10
767.16162
  20
2276.8472
  0
VERTEX
  5
6f5
  8
Layer_4
  10
767.14343
  20
2280.8384
  0
VERTEX
  5
6f6
  8
Layer_4
  10
767.12903
  20
2284.8301
  0
VERTEX
  5
6f7
  8
Layer_4
  10
767.11829
  20
2288.8213
  0
VERTEX
  5
6f8
  8
Layer_4
  10
767.11133
  20
2292.813
  0
VERTEX
  5
6f9
  8
Layer_4
  10
767.10815
  20
2296.8047
  0
VERTEX
  5
6fa
  8
Layer_4
  10
767.10864
  20
2300.7964
  0
VERTEX
  5
6fb
  8
Layer_4
  10
767.11279
  20
2304.7881
  0
VERTEX
  5
6fc
  8
Layer_4
  10
767.12085
  20
2308.7798
  0
VERTEX
  5
6fd
  8
Layer_4
  10
767.13245
  20
2312.7715
  0
VERTEX
  5
6fe
  8
Layer_4
  10
767.14795
  20
2316.7632
  0
VERTEX
  5
6ff
  8
Layer_4
  10
767.16711
  20
2320.7554
  0
VERTEX
  5
700
  8
Layer_4
  10
767.18994
  20
2324.7471
  0
VERTEX
  5
701
  8
Layer_4
  10
767.21655
  20
2328.7388
  0
VERTEX
  5
702
  8
Layer_4
  10
767.24695
  20
2332.731
  0
VERTEX
  5
703
  8
Layer_4
  10
767.28113
  20
2336.7227
  0
VERTEX
  5
704
  8
Layer_4
  10
767.31885
  20
2340.7144
  0
VERTEX
  5
705
  8
Layer_4
  10
767.36047
  20
2344.7065
  0
VERTEX
  5
706
  8
Layer_4
  10
767.40576
  20
2348.6982
  0
VERTEX
  5
707
  8
Layer_4
  10
767.45496
  20
2352.6899
  0
VERTEX
  5
708
  8
Layer_4
  10
767.50769
  20
2356.6816
  0
VERTEX
  5
709
  8
Layer_4
  10
767.56421
  20
2360.6733
  0
VERTEX
  5
70a
  8
Layer_4
  10
767.62439
  20
2364.665
  0
VERTEX
  5
70b
  8
Layer_4
  10
767.68835
  20
2368.6567
  0
VERTEX
  5
70c
  8
Layer_4
  10
767.75623
  20
2372.6484
  0
VERTEX
  5
70d
  8
Layer_4
  10
767.82764
  20
2376.6401
  0
VERTEX
  5
70e
  8
Layer_4
  10
767.90283
  20
2380.6318
  0
VERTEX
  5
70f
  8
Layer_4
  10
767.98181
  20
2384.623
  0
VERTEX
  5
710
  8
Layer_4
  10
768.06445
  20
2388.6143
  0
VERTEX
  5
711
  8
Layer_4
  10
768.15088
  20
2392.606
  0
VERTEX
  5
712
  8
Layer_4
  10
768.24097
  20
2396.5972
  0
VERTEX
  5
713
  8
Layer_4
  10
768.33496
  20
2400.5884
  0
VERTEX
  5
714
  8
Layer_4
  10
768.4325
  20
2404.5796
  0
VERTEX
  5
715
  8
Layer_4
  10
768.53394
  20
2408.5703
  0
VERTEX
  5
716
  8
Layer_4
  10
768.63904
  20
2412.5615
  0
VERTEX
  5
717
  8
Layer_4
  10
768.7478
  20
2416.5522
  0
VERTEX
  5
718
  8
Layer_4
  10
768.86035
  20
2420.543
  0
VERTEX
  5
719
  8
Layer_4
  10
768.97668
  20
2424.5332
  0
VERTEX
  5
71a
  8
Layer_4
  10
769.09668
  20
2428.5239
  0
VERTEX
  5
71b
  8
Layer_4
  10
769.22046
  20
2432.5142
  0
VERTEX
  5
71c
  8
Layer_4
  10
769.34814
  20
2436.5044
  0
VERTEX
  5
71d
  8
Layer_4
  10
769.47925
  20
2440.4946
  0
VERTEX
  5
71e
  8
Layer_4
  10
769.61426
  20
2444.4844
  0
VERTEX
  5
71f
  8
Layer_4
  10
769.75305
  20
2448.4741
  0
VERTEX
  5
720
  8
Layer_4
  10
790.95251
  20
3050
  0
SEQEND
  0
POLYLINE
  5
722
  8
Layer_4
  62
52
  66
1
  10
0
  20
0
  30
0
  0
VERTEX
  5
722
  8
Layer_4
  10
853.46252
  20
260.00049
  0
VERTEX
  5
723
  8
Layer_4
  10
862.22729
  20
493.01831
  42
0.011291359
  0
VERTEX
  5
724
  8
Layer_4
  10
870.62524
  20
1052.4199
  0
VERTEX
  5
725
  8
Layer_4
  10
870.59778
  20
1055.877
  0
VERTEX
  5
726
  8
Layer_4
  10
870.56763
  20
1059.3337
  0
VERTEX
  5
727
  8
Layer_4
  10
870.53467
  20
1062.7905
  0
VERTEX
  5
728
  8
Layer_4
  10
870.49902
  20
1066.2471
  0
VERTEX
  5
729
  8
Layer_4
  10
870.46069
  20
1069.7036
  0
VERTEX
  5
72a
  8
Layer_4
  10
870.41956
  20
1073.1599
  0
VERTEX
  5
72b
  8
Layer_4
  10
870.37585
  20
1076.6162
  0
VERTEX
  5
72c
  8
Layer_4
  10
870.32935
  20
1080.0723
  0
VERTEX
  5
72d
  8
Layer_4
  10
870.28027
  20
1083.5281
  0
VERTEX
  5
72e
  8
Layer_4
  10
870.22852
  20
1086.9839
  0
VERTEX
  5
72f
  8
Layer_4
  10
870.17395
  20
1090.4397
  0
VERTEX
  5
730
  8
Layer_4
  10
870.11682
  20
1093.895
  0
VERTEX
  5
731
  8
Layer_4
  10
870.05701
  20
1097.3506
  0
VERTEX
  5
732
  8
Layer_4
  10
869.99451
  20
1100.8057
  0
VERTEX
  5
733
  8
Layer_4
  10
869.92944
  20
1104.2607
  0
VERTEX
  5
734
  8
Layer_4
  10
869.86157
  20
1107.7156
  0
VERTEX
  5
735
  8
Layer_4
  10
869.79114
  20
1111.1704
  0
VERTEX
  5
736
  8
Layer_4
  10
869.71814
  20
1114.625
  0
VERTEX
  5
737
  8
Layer_4
  10
869.64246
  20
1118.0793
  0
VERTEX
  5
738
  8
Layer_4
  10
869.56409
  20
1121.5334
  0
VERTEX
  5
739
  8
Layer_4
  10
869.48315
  20
1124.9875
  0
VERTEX
  5
73a
  8
Layer_4
  10
869.39966
  20
1128.4414
  0
VERTEX
  5
73b
  8
Layer_4
  10
869.3136
  20
1131.895
  0
VERTEX
  5
73c
  8
Layer_4
  10
869.22485
  20
1135.3484
  0
VERTEX
  5
73d
  8
Layer_4
  10
869.13354
  20
1138.8015
  0
VERTEX
  5
73e
  8
Layer_4
  10
869.03955
  20
1142.2546
  0
VERTEX
  5
73f
  8
Layer_4
  10
868.94324
  20
1145.7075
  0
VERTEX
  5
740
  8
Layer_4
  10
868.84424
  20
1149.1602
  0
VERTEX
  5
741
  8
Layer_4
  10
868.74255
  20
1152.6128
  0
VERTEX
  5
742
  8
Layer_4
  10
868.63843
  20
1156.0649
  0
VERTEX
  5
743
  8
Layer_4
  10
868.53174
  20
1159.5166
  0
VERTEX
  5
744
  8
Layer_4
  10
868.42236
  20
1162.9688
  0
VERTEX
  5
745
  8
Layer_4
  10
868.31067
  20
1166.4199
  0
VERTEX
  5
746
  8
Layer_4
  10
868.19629
  20
1169.8716
  0
VERTEX
  5
747
  8
Layer_4
  10
868.07947
  20
1173.3223
  0
VERTEX
  5
748
  8
Layer_4
  10
867.96008
  20
1176.7734
  0
VERTEX
  5
749
  8
Layer_4
  10
867.83826
  20
1180.2241
  0
VERTEX
  5
74a
  8
Layer_4
  10
867.71387
  20
1183.6743
  0
VERTEX
  5
74b
  8
Layer_4
  10
867.58704
  20
1187.1245
  0
VERTEX
  5
74c
  8
Layer_4
  10
867.45764
  20
1190.5742
  0
VERTEX
  5
74d
  8
Layer_4
  10
867.19141
  20
1197.4731
  0
VERTEX
  5
74e
  8
Layer_4
  10
866.91528
  20
1204.3711
  0
VERTEX
  5
74f
  8
Layer_4
  10
866.62927
  20
1211.2681
  0
VERTEX
  5
750
  8
Layer_4
  10
866.33362
  20
1218.1636
  0
VERTEX
  5
751
  8
Layer_4
  10
866.02795
  20
1225.0586
  0
VERTEX
  5
752
  8
Layer_4
  10
865.71277
  20
1231.9517
  0
VERTEX
  5
753
  8
Layer_4
  10
865.38794
  20
1238.8442
  0
VERTEX
  5
754
  8
Layer_4
  10
865.05347
  20
1245.7349
  0
VERTEX
  5
755
  8
Layer_4
  10
864.70947
  20
1252.625
  0
VERTEX
  5
756
  8
Layer_4
  10
864.35596
  20
1259.5132
  0
VERTEX
  5
757
  8
Layer_4
  10
863.99304
  20
1266.4004
  0
VERTEX
  5
758
  8
Layer_4
  10
863.62061
  20
1273.2861
  0
VERTEX
  5
759
  8
Layer_4
  10
842.91138
  20
1651.4521
  0
VERTEX
  5
75a
  8
Layer_4
  10
842.48145
  20
1659.3589
  0
VERTEX
  5
75b
  8
Layer_4
  10
842.0575
  20
1667.2666
  0
VERTEX
  5
75c
  8
Layer_4
  10
841.63965
  20
1675.1748
  0
VERTEX
  5
75d
  8
Layer_4
  10
841.22778
  20
1683.0835
  0
VERTEX
  5
75e
  8
Layer_4
  10
840.82202
  20
1690.9932
  0
VERTEX
  5
75f
  8
Layer_4
  10
840.42224
  20
1698.9038
  0
VERTEX
  5
760
  8
Layer_4
  10
840.02844
  20
1706.8149
  0
VERTEX
  5
761
  8
Layer_4
  10
839.64075
  20
1714.7266
  0
VERTEX
  5
762
  8
Layer_4
  10
839.25916
  20
1722.6387
  0
VERTEX
  5
763
  8
Layer_4
  10
838.88354
  20
1730.5518
  0
VERTEX
  5
764
  8
Layer_4
  10
838.51392
  20
1738.4653
  0
VERTEX
  5
765
  8
Layer_4
  10
838.15027
  20
1746.3799
  0
VERTEX
  5
766
  8
Layer_4
  10
837.79285
  20
1754.2944
  0
VERTEX
  5
767
  8
Layer_4
  10
837.44141
  20
1762.21
  0
VERTEX
  5
768
  8
Layer_4
  10
837.09595
  20
1770.126
  0
VERTEX
  5
769
  8
Layer_4
  10
836.75647
  20
1778.0425
  0
VERTEX
  5
76a
  8
Layer_4
  10
836.42322
  20
1785.96
  0
VERTEX
  5
76b
  8
Layer_4
  10
836.09583
  20
1793.8779
  0
VERTEX
  5
76c
  8
Layer_4
  10
835.77466
  20
1801.7959
  0
VERTEX
  5
76d
  8
Layer_4
  10
835.45935
  20
1809.7148
  0
VERTEX
  5
76e
  8
Layer_4
  10
835.15015
  20
1817.6343
  0
VERTEX
  5
76f
  8
Layer_4
  10
834.84692
  20
1825.5542
  0
VERTEX
  5
770
  8
Layer_4
  10
834.5498
  20
1833.4746
  0
VERTEX
  5
771
  8
Layer_4
  10
834.25867
  20
1841.3955
  0
VERTEX
  5
772
  8
Layer_4
  10
833.97375
  20
1849.3174
  0
VERTEX
  5
773
  8
Layer_4
  10
833.6947
  20
1857.2393
  0
VERTEX
  5
774
  8
Layer_4
  10
833.42175
  20
1865.1616
  0
VERTEX
  5
775
  8
Layer_4
  10
833.15466
  20
1873.0845
  0
VERTEX
  5
776
  8
Layer_4
  10
832.8938
  20
1881.0078
  0
VERTEX
  5
777
  8
Layer_4
  10
832.63904
  20
1888.9316
  0
VERTEX
  5
778
  8
Layer_4
  10
832.39026
  20
1896.856
  0
VERTEX
  5
779
  8
Layer_4
  10
832.14746
  20
1904.7803
  0
VERTEX
  5
77a
  8
Layer_4
  10
831.91064
  20
1912.7056
  0
VERTEX
  5
77b
  8
Layer_4
  10
831.67993
  20
1920.6309
  0
VERTEX
  5
77c
  8
Layer_4
  10
831.45532
  20
1928.5571
  0
VERTEX
  5
77d
  8
Layer_4
  10
831.23657
  20
1936.4834
  0
VERTEX
  5
77e
  8
Layer_4
  10
831.02405
  20
1944.4097
  0
VERTEX
  5
77f
  8
Layer_4
  10
830.8175
  20
1952.3369
  0
VERTEX
  5
780
  8
Layer_4
  10
830.61694
  20
1960.2642
  0
VERTEX
  5
781
  8
Layer_4
  10
830.42249
  20
1968.1919
  0
VERTEX
  5
782
  8
Layer_4
  10
830.23413
  20
1976.1201
  0
VERTEX
  5
783
  8
Layer_4
  10
830.05176
  20
1984.0483
  0
VERTEX
  5
784
  8
Layer_4
  10
829.87537
  20
1991.9771
  0
VERTEX
  5
785
  8
Layer_4
  10
829.70508
  20
1999.9063
  0
VERTEX
  5
786
  8
Layer_4
  10
829.54077
  20
2007.8354
  0
VERTEX
  5
787
  8
Layer_4
  10
829.38245
  20
2015.7651
  0
VERTEX
  5
788
  8
Layer_4
  10
829.23035
  20
2023.6948
  0
VERTEX
  5
789
  8
Layer_4
  10
829.08423
  20
2031.625
  0
VERTEX
  5
78a
  8
Layer_4
  10
828.94409
  20
2039.5557
  0
VERTEX
  5
78b
  8
Layer_4
  10
828.81006
  20
2047.4863
  0
VERTEX
  5
78c
  8
Layer_4
  10
828.68201
  20
2055.417
  0
VERTEX
  5
78d
  8
Layer_4
  10
828.56006
  20
2063.3481
  0
VERTEX
  5
78e
  8
Layer_4
  10
828.44397
  20
2071.2793
  0
VERTEX
  5
78f
  8
Layer_4
  10
828.33411
  20
2079.2109
  0
VERTEX
  5
790
  8
Layer_4
  10
828.23035
  20
2087.1426
  0
VERTEX
  5
791
  8
Layer_4
  10
828.13245
  20
2095.0747
  0
VERTEX
  5
792
  8
Layer_4
  10
828.04065
  20
2103.0068
  0
VERTEX
  5
793
  8
Layer_4
  10
827.95496
  20
2110.939
  0
VERTEX
  5
794
  8
Layer_4
  10
827.87524
  20
2118.8716
  0
VERTEX
  5
795
  8
Layer_4
  10
827.80151
  20
2126.8042
  0
VERTEX
  5
796
  8
Layer_4
  10
827.73389
  20
2134.7368
  0
VERTEX
  5
797
  8
Layer_4
  10
827.67224
  20
2142.6699
  0
VERTEX
  5
798
  8
Layer_4
  10
827.6167
  20
2150.603
  0
VERTEX
  5
799
  8
Layer_4
  10
827.56726
  20
2158.5361
  0
VERTEX
  5
79a
  8
Layer_4
  10
827.5238
  20
2166.4692
  0
VERTEX
  5
79b
  8
Layer_4
  10
827.48645
  20
2174.4023
  0
VERTEX
  5
79c
  8
Layer_4
  10
827.45496
  20
2182.3359
  0
VERTEX
  5
79d
  8
Layer_4
  10
827.42957
  20
2190.2695
  0
VERTEX
  5
79e
  8
Layer_4
  10
827.41028
  20
2198.2026
  0
VERTEX
  5
79f
  8
Layer_4
  10
827.39709
  20
2206.1362
  0
VERTEX
  5
7a0
  8
Layer_4
  10
827.38977
  20
2214.0698
  0
VERTEX
  5
7a1
  8
Layer_4
  10
827.38867
  20
2222.0034
  0
VERTEX
  5
7a2
  8
Layer_4
  10
827.39355
  20
2229.9375
  0
VERTEX
  5
7a3
  8
Layer_4
  10
827.40442
  20
2237.8711
  0
VERTEX
  5
7a4
  8
Layer_4
  10
827.42139
  20
2245.8047
  0
VERTEX
  5
7a5
  8
Layer_4
  10
827.44446
  20
2253.7383
  0
VERTEX
  5
7a6
  8
Layer_4
  10
827.47339
  20
2261.6719
  0
VERTEX
  5
7a7
  8
Layer_4
  10
827.50854
  20
2269.6055
  0
VERTEX
  5
7a8
  8
Layer_4
  10
827.54956
  20
2277.5391
  0
VERTEX
  5
7a9
  8
Layer_4
  10
827.59668
  20
2285.4727
  0
VERTEX
  5
7aa
  8
Layer_4
  10
827.6499
  20
2293.4063
  0
VERTEX
  5
7ab
  8
Layer_4
  10
827.70923
  20
2301.3398
  0
VERTEX
  5
7ac
  8
Layer_4
  10
827.77441
  20
2309.2729
  0
VERTEX
  5
7ad
  8
Layer_4
  10
827.84583
  20
2317.2061
  0
VERTEX
  5
7ae
  8
Layer_4
  10
827.9231
  20
2325.1392
  0
VERTEX
  5
7af
  8
Layer_4
  10
828.00647
  20
2333.0723
  0
VERTEX
  5
7b0
  8
Layer_4
  10
828.09595
  20
2341.0054
  0
VERTEX
  5
7b1
  8
Layer_4
  10
828.19153
  20
2348.938
  0
VERTEX
  5
7b2
  8
Layer_4
  10
828.29297
  20
2356.8706
  0
VERTEX
  5
7b3
  8
Layer_4
  10
828.40063
  20
2364.8032
  0
VERTEX
  5
7b4
  8
Layer_4
  10
828.51416
  20
2372.7358
  0
VERTEX
  5
7b5
  8
Layer_4
  10
828.63379
  20
2380.668
  0
VERTEX
  5
7b6
  8
Layer_4
  10
828.75952
  20
2388.6001
  0
VERTEX
  5
7b7
  8
Layer_4
  10
828.89136
  20
2396.5317
  0
VERTEX
  5
7b8
  8
Layer_4
  10
829.02905
  20
2404.4634
  0
VERTEX
  5
7b9
  8
Layer_4
  10
829.17285
  20
2412.395
  0
VERTEX
  5
7ba
  8
Layer_4
  10
829.32275
  20
2420.3262
  0
VERTEX
  5
7bb
  8
Layer_4
  10
829.47876
  20
2428.2573
  0
VERTEX
  5
7bc
  8
Layer_4
  10
829.64063
  20
2436.188
  0
VERTEX
  5
7bd
  8
Layer_4
  10
829.80859
  20
2444.1187
  0
VERTEX
  5
7be
  8
Layer_4
  10
829.98267
  20
2452.0488
  0
VERTEX
  5
7bf
  8
Layer_4
  10
830.16284
  20
2459.979
  0
VERTEX
  5
7c0
  8
Layer_4
  10
830.34888
  20
2467.9087
  0
VERTEX
  5
7c1
  8
Layer_4
  10
830.54114
  20
2475.8379
  0
VERTEX
  5
7c2
  8
Layer_4
  10
830.73926
  20
2483.7671
  0
VERTEX
  5
7c3
  8
Layer_4
  10
830.94348
  20
2491.6958
  0
VERTEX
  5
7c4
  8
Layer_4
  10
831.15381
  20
2499.6245
  0
VERTEX
  5
7c5
  8
Layer_4
  10
831.37024
  20
2507.5527
  0
VERTEX
  5
7c6
  8
Layer_4
  10
831.59265
  20
2515.4805
  0
VERTEX
  5
7c7
  8
Layer_4
  10
831.82104
  20
2523.4082
  0
VERTEX
  5
7c8
  8
Layer_4
  10
832.05554
  20
2531.3354
  0
VERTEX
  5
7c9
  8
Layer_4
  10
832.29602
  20
2539.2622
  0
VERTEX
  5
7ca
  8
Layer_4
  10
832.54248
  20
2547.1885
  0
VERTEX
  5
7cb
  8
Layer_4
  10
832.79517
  20
2555.1147
  0
VERTEX
  5
7cc
  8
Layer_4
  10
833.05383
  20
2563.0405
  0
VERTEX
  5
7cd
  8
Layer_4
  10
833.31848
  20
2570.9658
  0
VERTEX
  5
7ce
  8
Layer_4
  10
833.58923
  20
2578.8906
  0
VERTEX
  5
7cf
  8
Layer_4
  10
833.86597
  20
2586.8149
  0
VERTEX
  5
7d0
  8
Layer_4
  10
834.1488
  20
2594.7393
  0
VERTEX
  5
7d1
  8
Layer_4
  10
834.43774
  20
2602.6626
  0
VERTEX
  5
7d2
  8
Layer_4
  10
834.73254
  20
2610.5859
  0
VERTEX
  5
7d3
  8
Layer_4
  10
835.03357
  20
2618.5083
  0
VERTEX
  5
7d4
  8
Layer_4
  10
835.34058
  20
2626.4307
  0
VERTEX
  5
7d5
  8
Layer_4
  10
835.65356
  20
2634.3525
  0
VERTEX
  5
7d6
  8
Layer_4
  10
835.97266
  20
2642.2734
  0
VERTEX
  5
7d7
  8
Layer_4
  10
836.29785
  20
2650.1943
  0
VERTEX
  5
7d8
  8
Layer_4
  10
836.62903
  20
2658.1143
  0
VERTEX
  5
7d9
  8
Layer_4
  10
836.96619
  20
2666.0342
  0
VERTEX
  5
7da
  8
Layer_4
  10
853.46252
  20
3050
  0
SEQEND
  0
POLYLINE
  5
7dc
  8
Layer_4
  62
52
  66
1
  10
0
  20
0
  30
0
  0
VERTEX
  5
7dc
  8
Layer_4
  10
929.4231
  20
260.00024
  0
VERTEX
  5
7dd
  8
Layer_4
  10
906.21021
  20
896.98804
  42
-0.017992327
  0
VERTEX
  5
7de
  8
Layer_4
  10
905.97668
  20
1422.4536
  0
VERTEX
  5
7df
  8
Layer_4
  10
930.92883
  20
1792.4736
  0
VERTEX
  5
7e0
  8
Layer_4
  10
931.41309
  20
1799.7012
  0
VERTEX
  5
7e1
  8
Layer_4
  10
931.89136
  20
1806.9302
  0
VERTEX
  5
7e2
  8
Layer_4
  10
932.36328
  20
1814.1606
  0
VERTEX
  5
7e3
  8
Layer_4
  10
932.8291
  20
1821.3926
  0
VERTEX
  5
7e4
  8
Layer_4
  10
933.28894
  20
1828.625
  0
VERTEX
  5
7e5
  8
Layer_4
  10
933.74255
  20
1835.8594
  0
VERTEX
  5
7e6
  8
Layer_4
  10
934.18994
  20
1843.0947
  0
VERTEX
  5
7e7
  8
Layer_4
  10
934.63123
  20
1850.3311
  0
VERTEX
  5
7e8
  8
Layer_4
  10
935.06641
  20
1857.5684
  0
VERTEX
  5
7e9
  8
Layer_4
  10
935.49536
  20
1864.8071
  0
VERTEX
  5
7ea
  8
Layer_4
  10
935.91833
  20
1872.0469
  0
VERTEX
  5
7eb
  8
Layer_4
  10
936.33496
  20
1879.2881
  0
VERTEX
  5
7ec
  8
Layer_4
  10
936.74561
  20
1886.5298
  0
VERTEX
  5
7ed
  8
Layer_4
  10
937.15002
  20
1893.7734
  0
VERTEX
  5
7ee
  8
Layer_4
  10
937.54834
  20
1901.0176
  0
VERTEX
  5
7ef
  8
Layer_4
  10
937.94055
  20
1908.2627
  0
VERTEX
  5
7f0
  8
Layer_4
  10
938.32654
  20
1915.5088
  0
VERTEX
  5
7f1
  8
Layer_4
  10
938.70642
  20
1922.7563
  0
VERTEX
  5
7f2
  8
Layer_4
  10
939.0802
  20
1930.0049
  0
VERTEX
  5
7f3
  8
Layer_4
  10
939.44775
  20
1937.2539
  0
VERTEX
  5
7f4
  8
Layer_4
  10
939.8092
  20
1944.5044
  0
VERTEX
  5
7f5
  8
Layer_4
  10
940.16455
  20
1951.7559
  0
VERTEX
  5
7f6
  8
Layer_4
  10
940.51355
  20
1959.0078
  0
VERTEX
  5
7f7
  8
Layer_4
  10
940.85669
  20
1966.2612
  0
VERTEX
  5
7f8
  8
Layer_4
  10
941.19348
  20
1973.5151
  0
VERTEX
  5
7f9
  8
Layer_4
  10
941.52417
  20
1980.7705
  0
VERTEX
  5
7fa
  8
Layer_4
  10
941.84875
  20
1988.0264
  0
VERTEX
  5
7fb
  8
Layer_4
  10
942.16736
  20
1995.2832
  0
VERTEX
  5
7fc
  8
Layer_4
  10
942.47949
  20
2002.5405
  0
VERTEX
  5
7fd
  8
Layer_4
  10
942.78564
  20
2009.7993
  0
VERTEX
  5
7fe
  8
Layer_4
  10
943.08569
  20
2017.0586
  0
VERTEX
  5
7ff
  8
Layer_4
  10
943.37952
  20
2024.3184
  0
VERTEX
  5
800
  8
Layer_4
  10
943.66724
  20
2031.5796
  0
VERTEX
  5
801
  8
Layer_4
  10
943.94885
  20
2038.8413
  0
VERTEX
  5
802
  8
Layer_4
  10
944.22424
  20
2046.1035
  0
VERTEX
  5
803
  8
Layer_4
  10
944.49341
  20
2053.3667
  0
VERTEX
  5
804
  8
Layer_4
  10
944.75647
  20
2060.6309
  0
VERTEX
  5
805
  8
Layer_4
  10
945.01355
  20
2067.8955
  0
VERTEX
  5
806
  8
Layer_4
  10
945.26428
  20
2075.1611
  0
VERTEX
  5
807
  8
Layer_4
  10
945.50903
  20
2082.4268
  0
VERTEX
  5
808
  8
Layer_4
  10
945.74756
  20
2089.6938
  0
VERTEX
  5
809
  8
Layer_4
  10
945.97986
  20
2096.9609
  0
VERTEX
  5
80a
  8
Layer_4
  10
946.20605
  20
2104.229
  0
VERTEX
  5
80b
  8
Layer_4
  10
946.42615
  20
2111.498
  0
VERTEX
  5
80c
  8
Layer_4
  10
946.64014
  20
2118.7671
  0
VERTEX
  5
80d
  8
Layer_4
  10
946.8479
  20
2126.0371
  0
VERTEX
  5
80e
  8
Layer_4
  10
947.04956
  20
2133.3076
  0
VERTEX
  5
80f
  8
Layer_4
  10
947.245
  20
2140.5786
  0
VERTEX
  5
810
  8
Layer_4
  10
947.43433
  20
2147.8501
  0
VERTEX
  5
811
  8
Layer_4
  10
947.61755
  20
2155.1226
  0
VERTEX
  5
812
  8
Layer_4
  10
947.79456
  20
2162.395
  0
VERTEX
  5
813
  8
Layer_4
  10
947.96545
  20
2169.6685
  0
VERTEX
  5
814
  8
Layer_4
  10
948.13025
  20
2176.9419
  0
VERTEX
  5
815
  8
Layer_4
  10
948.2887
  20
2184.2163
  0
VERTEX
  5
816
  8
Layer_4
  10
948.44116
  20
2191.4907
  0
VERTEX
  5
817
  8
Layer_4
  10
948.5874
  20
2198.7656
  0
VERTEX
  5
818
  8
Layer_4
  10
948.72754
  20
2206.0415
  0
VERTEX
  5
819
  8
Layer_4
  10
948.86145
  20
2213.3174
  0
VERTEX
  5
81a
  8
Layer_4
  10
948.98938
  20
2220.5933
  0
VERTEX
  5
81b
  8
Layer_4
  10
949.11096
  20
2227.8701
  0
VERTEX
  5
81c
  8
Layer_4
  10
949.22644
  20
2235.1475
  0
VERTEX
  5
81d
  8
Layer_4
  10
949.33594
  20
2242.4248
  0
VERTEX
  5
81e
  8
Layer_4
  10
949.43909
  20
2249.7026
  0
VERTEX
  5
81f
  8
Layer_4
  10
949.53625
  20
2256.9805
  0
VERTEX
  5
820
  8
Layer_4
  10
949.62708
  20
2264.2588
  0
VERTEX
  5
821
  8
Layer_4
  10
949.71179
  20
2271.5376
  0
VERTEX
  5
822
  8
Layer_4
  10
949.79041
  20
2278.8169
  0
VERTEX
  5
823
  8
Layer_4
  10
949.86292
  20
2286.0957
  0
VERTEX
  5
824
  8
Layer_4
  10
949.9292
  20
2293.3755
  0
VERTEX
  5
825
  8
Layer_4
  10
949.98926
  20
2300.6553
  0
VERTEX
  5
826
  8
Layer_4
  10
950.04333
  20
2307.9351
  0
VERTEX
  5
827
  8
Layer_4
  10
950.09106
  20
2315.2153
  0
VERTEX
  5
828
  8
Layer_4
  10
950.13281
  20
2322.4956
  0
VERTEX
  5
829
  8
Layer_4
  10
950.16833
  20
2329.7759
  0
VERTEX
  5
82a
  8
Layer_4
  10
950.19775
  20
2337.0566
  0
VERTEX
  5
82b
  8
Layer_4
  10
950.22095
  20
2344.3374
  0
VERTEX
  5
82c
  8
Layer_4
  10
950.23804
  20
2351.6187
  0
VERTEX
  5
82d
  8
Layer_4
  10
950.2489
  20
2358.8994
  0
VERTEX
  5
82e
  8
Layer_4
  10
950.25354
  20
2366.1807
  0
VERTEX
  5
82f
  8
Layer_4
  10
950.2522
  20
2373.4619
  0
VERTEX
  5
830
  8
Layer_4
  10
950.24475
  20
2380.7432
  0
VERTEX
  5
831
  8
Layer_4
  10
950.23096
  20
2388.0244
  0
VERTEX
  5
832
  8
Layer_4
  10
950.21106
  20
2395.3057
  0
VERTEX
  5
833
  8
Layer_4
  10
950.18506
  20
2402.5874
  0
VERTEX
  5
834
  8
Layer_4
  10
950.15283
  20
2409.8687
  0
VERTEX
  5
835
  8
Layer_4
  10
950.1145
  20
2417.1499
  0
VERTEX
  5
836
  8
Layer_4
  10
950.06995
  20
2424.4316
  0
VERTEX
  5
837
  8
Layer_4
  10
950.01929
  20
2431.7129
  0
VERTEX
  5
838
  8
Layer_4
  10
949.96252
  20
2438.9941
  0
VERTEX
  5
839
  8
Layer_4
  10
949.89954
  20
2446.2754
  0
VERTEX
  5
83a
  8
Layer_4
  10
949.83044
  20
2453.5566
  0
VERTEX
  5
83b
  8
Layer_4
  10
949.75513
  20
2460.8374
  0
VERTEX
  5
83c
  8
Layer_4
  10
949.67371
  20
2468.1182
  0
VERTEX
  5
83d
  8
Layer_4
  10
949.58606
  20
2475.3989
  0
VERTEX
  5
83e
  8
Layer_4
  10
949.49231
  20
2482.6797
  0
VERTEX
  5
83f
  8
Layer_4
  10
949.39246
  20
2489.96
  0
VERTEX
  5
840
  8
Layer_4
  10
949.28625
  20
2497.2402
  0
VERTEX
  5
841
  8
Layer_4
  10
949.17395
  20
2504.5205
  0
VERTEX
  5
842
  8
Layer_4
  10
949.05554
  20
2511.8003
  0
VERTEX
  5
843
  8
Layer_4
  10
948.93115
  20
2519.0801
  0
VERTEX
  5
844
  8
Layer_4
  10
948.80029
  20
2526.3594
  0
VERTEX
  5
845
  8
Layer_4
  10
948.66345
  20
2533.6387
  0
VERTEX
  5
846
  8
Layer_4
  10
948.52039
  20
2540.9175
  0
VERTEX
  5
847
  8
Layer_4
  10
948.37122
  20
2548.1963
  0
VERTEX
  5
848
  8
Layer_4
  10
948.21582
  20
2555.4746
  0
VERTEX
  5
849
  8
Layer_4
  10
948.05432
  20
2562.7524
  0
VERTEX
  5
84a
  8
Layer_4
  10
947.8866
  20
2570.0298
  0
VERTEX
  5
84b
  8
Layer_4
  10
947.71277
  20
2577.3076
  0
VERTEX
  5
84c
  8
Layer_4
  10
947.53284
  20
2584.5845
  0
VERTEX
  5
84d
  8
Layer_4
  10
947.34656
  20
2591.8608
  0
VERTEX
  5
84e
  8
Layer_4
  10
947.1543
  20
2599.1372
  0
VERTEX
  5
84f
  8
Layer_4
  10
946.95581
  20
2606.4131
  0
VERTEX
  5
850
  8
Layer_4
  10
946.7511
  20
2613.688
  0
VERTEX
  5
851
  8
Layer_4
  10
946.54028
  20
2620.9629
  0
VERTEX
  5
852
  8
Layer_4
  10
946.32324
  20
2628.2378
  0
VERTEX
  5
853
  8
Layer_4
  10
946.10022
  20
2635.5117
  0
VERTEX
  5
854
  8
Layer_4
  10
945.87085
  20
2642.7852
  0
VERTEX
  5
855
  8
Layer_4
  10
945.63538
  20
2650.0581
  0
VERTEX
  5
856
  8
Layer_4
  10
945.39368
  20
2657.3306
  0
VERTEX
  5
857
  8
Layer_4
  10
945.14587
  20
2664.6025
  0
VERTEX
  5
858
  8
Layer_4
  10
944.89197
  20
2671.874
  0
VERTEX
  5
859
  8
Layer_4
  10
944.63184
  20
2679.145
  0
VERTEX
  5
85a
  8
Layer_4
  10
944.3656
  20
2686.4155
  0
VERTEX
  5
85b
  8
Layer_4
  10
944.09314
  20
2693.6851
  0
VERTEX
  5
85c
  8
Layer_4
  10
943.81445
  20
2700.9541
  0
VERTEX
  5
85d
  8
Layer_4
  10
943.52966
  20
2708.2227
  0
VERTEX
  5
85e
  8
Layer_4
  10
943.23865
  20
2715.4902
  0
VERTEX
  5
85f
  8
Layer_4
  10
942.94165
  20
2722.7578
  0
VERTEX
  5
860
  8
Layer_4
  10
929.4231
  20
3050
  0
SEQEND
  0
POLYLINE
  5
862
  8
Layer_4
  62
52
  66
1
  10
0
  20
0
  30
0
  0
VERTEX
  5
862
  8
Layer_4
  10
1061.1932
  20
260.00024
  0
VERTEX
  5
863
  8
Layer_4
  10
1055.7192
  20
493.01807
  0
VERTEX
  5
864
  8
Layer_4
  10
1055.668
  20
495.19629
  0
VERTEX
  5
865
  8
Layer_4
  10
1055.6171
  20
497.36694
  0
VERTEX
  5
866
  8
Layer_4
  10
1055.5665
  20
499.52954
  0
VERTEX
  5
867
  8
Layer_4
  10
1055.516
  20
501.68433
  0
VERTEX
  5
868
  8
Layer_4
  10
1055.4658
  20
503.8313
  0
VERTEX
  5
869
  8
Layer_4
  10
1055.4159
  20
505.9707
  0
VERTEX
  5
86a
  8
Layer_4
  10
1055.3662
  20
508.10229
  0
VERTEX
  5
86b
  8
Layer_4
  10
1055.3167
  20
510.22632
  0
VERTEX
  5
86c
  8
Layer_4
  10
1055.2675
  20
512.34302
  0
VERTEX
  5
86d
  8
Layer_4
  10
1055.2185
  20
514.45215
  0
VERTEX
  5
86e
  8
Layer_4
  10
1055.1698
  20
516.55371
  0
VERTEX
  5
86f
  8
Layer_4
  10
1055.1213
  20
518.64819
  0
VERTEX
  5
870
  8
Layer_4
  10
1055.073
  20
520.7356
  0
VERTEX
  5
871
  8
Layer_4
  10
1055.025
  20
522.81543
  0
VERTEX
  5
872
  8
Layer_4
  10
1054.9772
  20
524.88818
  0
VERTEX
  5
873
  8
Layer_4
  10
1054.9296
  20
526.9541
  0
VERTEX
  5
874
  8
Layer_4
  10
1054.8823
  20
529.0127
  0
VERTEX
  5
875
  8
Layer_4
  10
1054.8353
  20
531.0647
  0
VERTEX
  5
876
  8
Layer_4
  10
1054.7885
  20
533.10962
  0
VERTEX
  5
877
  8
Layer_4
  10
1054.7419
  20
535.14771
  0
VERTEX
  5
878
  8
Layer_4
  10
1054.6956
  20
537.1792
  0
VERTEX
  5
879
  8
Layer_4
  10
1054.6494
  20
539.20361
  0
VERTEX
  5
87a
  8
Layer_4
  10
1054.6036
  20
541.22168
  0
VERTEX
  5
87b
  8
Layer_4
  10
1054.558
  20
543.23315
  0
VERTEX
  5
87c
  8
Layer_4
  10
1054.5126
  20
545.23828
  0
VERTEX
  5
87d
  8
Layer_4
  10
1054.4674
  20
547.23682
  0
VERTEX
  5
87e
  8
Layer_4
  10
1054.4225
  20
549.229
  0
VERTEX
  5
87f
  8
Layer_4
  10
1054.3779
  20
551.2146
  0
VERTEX
  5
880
  8
Layer_4
  10
1054.3335
  20
553.19409
  0
VERTEX
  5
881
  8
Layer_4
  10
1054.2893
  20
555.16748
  0
VERTEX
  5
882
  8
Layer_4
  10
1054.2454
  20
557.13477
  0
VERTEX
  5
883
  8
Layer_4
  10
1054.2017
  20
559.09595
  0
VERTEX
  5
884
  8
Layer_4
  10
1054.1582
  20
561.05127
  0
VERTEX
  5
885
  8
Layer_4
  10
1054.115
  20
563.00049
  0
VERTEX
  5
886
  8
Layer_4
  10
1054.072
  20
564.9436
  0
VERTEX
  5
887
  8
Layer_4
  10
1054.0293
  20
566.8811
  0
VERTEX
  5
888
  8
Layer_4
  10
1053.9868
  20
568.81299
  0
VERTEX
  5
889
  8
Layer_4
  10
1053.9445
  20
570.73901
  0
VERTEX
  5
88a
  8
Layer_4
  10
1053.9025
  20
572.65942
  0
VERTEX
  5
88b
  8
Layer_4
  10
1053.8607
  20
574.57446
  0
VERTEX
  5
88c
  8
Layer_4
  10
1053.8192
  20
576.48389
  0
VERTEX
  5
88d
  8
Layer_4
  10
1053.778
  20
578.3877
  0
VERTEX
  5
88e
  8
Layer_4
  10
1053.7369
  20
580.28638
  0
VERTEX
  5
88f
  8
Layer_4
  10
1053.696
  20
582.17944
  0
VERTEX
  5
890
  8
Layer_4
  10
1053.6555
  20
584.06738
  0
VERTEX
  5
891
  8
Layer_4
  10
1053.6152
  20
585.9502
  0
VERTEX
  5
892
  8
Layer_4
  10
1053.5751
  20
587.82788
  0
VERTEX
  5
893
  8
Layer_4
  10
1053.5352
  20
589.70068
  0
VERTEX
  5
894
  8
Layer_4
  10
1053.4956
  20
591.56812
  0
VERTEX
  5
895
  8
Layer_4
  10
1053.4562
  20
593.43091
  0
VERTEX
  5
896
  8
Layer_4
  10
1053.4171
  20
595.28882
  0
VERTEX
  5
897
  8
Layer_4
  10
1053.3782
  20
597.1416
  0
VERTEX
  5
898
  8
Layer_4
  10
1053.3396
  20
598.98999
  0
VERTEX
  5
899
  8
Layer_4
  10
1053.3011
  20
600.8335
  0
VERTEX
  5
89a
  8
Layer_4
  10
1053.2629
  20
602.67236
  0
VERTEX
  5
89b
  8
Layer_4
  10
1053.2251
  20
604.50659
  0
VERTEX
  5
89c
  8
Layer_4
  10
1053.1874
  20
606.33667
  0
VERTEX
  5
89d
  8
Layer_4
  10
1053.1499
  20
608.16211
  0
VERTEX
  5
89e
  8
Layer_4
  10
1053.1127
  20
609.98291
  0
VERTEX
  5
89f
  8
Layer_4
  10
1053.0758
  20
611.7998
  0
VERTEX
  5
8a0
  8
Layer_4
  10
1053.0391
  20
613.6123
  0
VERTEX
  5
8a1
  8
Layer_4
  10
1053.0026
  20
615.42041
  0
VERTEX
  5
8a2
  8
Layer_4
  10
1052.9663
  20
617.22461
  0
VERTEX
  5
8a3
  8
Layer_4
  10
1052.9303
  20
619.0249
  0
VERTEX
  5
8a4
  8
Layer_4
  10
1052.8947
  20
620.8208
  0
VERTEX
  5
8a5
  8
Layer_4
  10
1052.859
  20
622.61304
  0
VERTEX
  5
8a6
  8
Layer_4
  10
1052.8239
  20
624.40137
  0
VERTEX
  5
8a7
  8
Layer_4
  10
1052.7887
  20
626.18579
  0
VERTEX
  5
8a8
  8
Layer_4
  10
1052.7539
  20
627.9668
  0
VERTEX
  5
8a9
  8
Layer_4
  10
1052.7194
  20
629.74365
  0
VERTEX
  5
8aa
  8
Layer_4
  10
1052.6851
  20
631.51709
  0
VERTEX
  5
8ab
  8
Layer_4
  10
1052.651
  20
633.28711
  0
VERTEX
  5
8ac
  8
Layer_4
  10
1052.6171
  20
635.05347
  0
VERTEX
  5
8ad
  8
Layer_4
  10
1052.5835
  20
636.81641
  0
VERTEX
  5
8ae
  8
Layer_4
  10
1052.5502
  20
638.57593
  0
VERTEX
  5
8af
  8
Layer_4
  10
1052.5171
  20
640.33228
  0
VERTEX
  5
8b0
  8
Layer_4
  10
1052.4843
  20
642.08521
  0
VERTEX
  5
8b1
  8
Layer_4
  10
1052.4515
  20
643.83521
  0
VERTEX
  5
8b2
  8
Layer_4
  10
1052.4192
  20
645.58179
  0
VERTEX
  5
8b3
  8
Layer_4
  10
1052.387
  20
647.32544
  0
VERTEX
  5
8b4
  8
Layer_4
  10
1052.3551
  20
649.06616
  0
VERTEX
  5
8b5
  8
Layer_4
  10
1052.3234
  20
650.80396
  0
VERTEX
  5
8b6
  8
Layer_4
  10
1052.292
  20
652.53882
  0
VERTEX
  5
8b7
  8
Layer_4
  10
1052.2607
  20
654.27075
  0
VERTEX
  5
8b8
  8
Layer_4
  10
1052.2299
  20
656
  0
VERTEX
  5
8b9
  8
Layer_4
  10
1052.1991
  20
657.72681
  0
VERTEX
  5
8ba
  8
Layer_4
  10
1052.1686
  20
659.45068
  0
VERTEX
  5
8bb
  8
Layer_4
  10
1052.1384
  20
661.17212
  0
VERTEX
  5
8bc
  8
Layer_4
  10
1052.0787
  20
664.60767
  0
VERTEX
  5
8bd
  8
Layer_4
  10
1052.0199
  20
668.03369
  0
VERTEX
  5
8be
  8
Layer_4
  10
1051.9622
  20
671.45068
  0
VERTEX
  5
8bf
  8
Layer_4
  10
1051.9052
  20
674.85938
  0
VERTEX
  5
8c0
  8
Layer_4
  10
1051.8492
  20
678.26001
  0
VERTEX
  5
8c1
  8
Layer_4
  10
1051.7944
  20
681.65332
  0
VERTEX
  5
8c2
  8
Layer_4
  10
1051.7404
  20
685.03931
  0
VERTEX
  5
8c3
  8
Layer_4
  10
1051.6874
  20
688.41919
  0
VERTEX
  5
8c4
  8
Layer_4
  10
1051.6354
  20
691.79297
  0
VERTEX
  5
8c5
  8
Layer_4
  10
1051.5844
  20
695.16113
  0
VERTEX
  5
8c6
  8
Layer_4
  10
1051.5342
  20
698.52466
  0
VERTEX
  5
8c7
  8
Layer_4
  10
1051.485
  20
701.88354
  0
VERTEX
  5
8c8
  8
Layer_4
  10
1051.4368
  20
705.23853
  0
VERTEX
  5
8c9
  8
Layer_4
  10
1051.3896
  20
708.59009
  0
VERTEX
  5
8ca
  8
Layer_4
  10
1051.3433
  20
711.93848
  0
VERTEX
  5
8cb
  8
Layer_4
  10
1051.298
  20
715.28467
  0
VERTEX
  5
8cc
  8
Layer_4
  10
1051.2103
  20
721.97144
  0
VERTEX
  5
8cd
  8
Layer_4
  10
1051.1263
  20
728.65454
  0
VERTEX
  5
8ce
  8
Layer_4
  10
1051.0463
  20
735.33789
  0
VERTEX
  5
8cf
  8
Layer_4
  10
1050.9702
  20
742.02563
  0
VERTEX
  5
8d0
  8
Layer_4
  10
1050.9335
  20
745.37231
  0
VERTEX
  5
8d1
  8
Layer_4
  10
1050.8978
  20
748.72144
  0
VERTEX
  5
8d2
  8
Layer_4
  10
1050.8632
  20
752.07373
  0
VERTEX
  5
8d3
  8
Layer_4
  10
1050.8293
  20
755.42969
  0
VERTEX
  5
8d4
  8
Layer_4
  10
1050.7965
  20
758.78955
  0
VERTEX
  5
8d5
  8
Layer_4
  10
1050.7646
  20
762.15405
  0
VERTEX
  5
8d6
  8
Layer_4
  10
1050.7338
  20
765.52368
  0
VERTEX
  5
8d7
  8
Layer_4
  10
1050.7039
  20
768.89893
  0
VERTEX
  5
8d8
  8
Layer_4
  10
1050.6749
  20
772.28027
  0
VERTEX
  5
8d9
  8
Layer_4
  10
1050.6469
  20
775.66797
  0
VERTEX
  5
8da
  8
Layer_4
  10
1050.6199
  20
779.06299
  0
VERTEX
  5
8db
  8
Layer_4
  10
1050.5938
  20
782.46533
  0
VERTEX
  5
8dc
  8
Layer_4
  10
1050.5687
  20
785.87598
  0
VERTEX
  5
8dd
  8
Layer_4
  10
1050.5446
  20
789.29517
  0
VERTEX
  5
8de
  8
Layer_4
  10
1050.5214
  20
792.72339
  0
VERTEX
  5
8df
  8
Layer_4
  10
1050.4991
  20
796.16138
  0
VERTEX
  5
8e0
  8
Layer_4
  10
1050.4884
  20
797.88403
  0
VERTEX
  5
8e1
  8
Layer_4
  10
1050.4779
  20
799.60938
  0
VERTEX
  5
8e2
  8
Layer_4
  10
1050.4677
  20
801.3374
  0
VERTEX
  5
8e3
  8
Layer_4
  10
1050.4576
  20
803.06787
  0
VERTEX
  5
8e4
  8
Layer_4
  10
1050.4478
  20
804.80127
  0
VERTEX
  5
8e5
  8
Layer_4
  10
1050.4384
  20
806.5376
  0
VERTEX
  5
8e6
  8
Layer_4
  10
1050.429
  20
808.27661
  0
VERTEX
  5
8e7
  8
Layer_4
  10
1050.4199
  20
810.0188
  0
VERTEX
  5
8e8
  8
Layer_4
  10
1050.4111
  20
811.76392
  0
VERTEX
  5
8e9
  8
Layer_4
  10
1050.4025
  20
813.51221
  0
VERTEX
  5
8ea
  8
Layer_4
  10
1050.3942
  20
815.26367
  0
VERTEX
  5
8eb
  8
Layer_4
  10
1050.3861
  20
817.01807
  0
VERTEX
  5
8ec
  8
Layer_4
  10
1050.3782
  20
818.77588
  0
VERTEX
  5
8ed
  8
Layer_4
  10
1050.3706
  20
820.53711
  0
VERTEX
  5
8ee
  8
Layer_4
  10
1050.3632
  20
822.30176
  0
VERTEX
  5
8ef
  8
Layer_4
  10
1050.3561
  20
824.06982
  0
VERTEX
  5
8f0
  8
Layer_4
  10
1050.3492
  20
825.84155
  0
VERTEX
  5
8f1
  8
Layer_4
  10
1050.3425
  20
827.6167
  0
VERTEX
  5
8f2
  8
Layer_4
  10
1050.3361
  20
829.39551
  0
VERTEX
  5
8f3
  8
Layer_4
  10
1050.33
  20
831.17798
  0
VERTEX
  5
8f4
  8
Layer_4
  10
1050.324
  20
832.96436
  0
VERTEX
  5
8f5
  8
Layer_4
  10
1050.3184
  20
834.75464
  0
VERTEX
  5
8f6
  8
Layer_4
  10
1050.3127
  20
836.54858
  0
VERTEX
  5
8f7
  8
Layer_4
  10
1050.3076
  20
838.34668
  0
VERTEX
  5
8f8
  8
Layer_4
  10
1050.3026
  20
840.14868
  0
VERTEX
  5
8f9
  8
Layer_4
  10
1050.2979
  20
841.95483
  0
VERTEX
  5
8fa
  8
Layer_4
  10
1050.2935
  20
843.76514
  0
VERTEX
  5
8fb
  8
Layer_4
  10
1050.2891
  20
845.57983
  0
VERTEX
  5
8fc
  8
Layer_4
  10
1050.2852
  20
847.39868
  0
VERTEX
  5
8fd
  8
Layer_4
  10
1050.2814
  20
849.22168
  0
VERTEX
  5
8fe
  8
Layer_4
  10
1050.2778
  20
851.04932
  0
VERTEX
  5
8ff
  8
Layer_4
  10
1050.2745
  20
852.88135
  0
VERTEX
  5
900
  8
Layer_4
  10
1050.2715
  20
854.71802
  0
VERTEX
  5
901
  8
Layer_4
  10
1050.2687
  20
856.55908
  0
VERTEX
  5
902
  8
Layer_4
  10
1050.2661
  20
858.40479
  0
VERTEX
  5
903
  8
Layer_4
  10
1050.2638
  20
860.25537
  0
VERTEX
  5
904
  8
Layer_4
  10
1050.2617
  20
862.1106
  0
VERTEX
  5
905
  8
Layer_4
  10
1050.2598
  20
863.9707
  0
VERTEX
  5
906
  8
Layer_4
  10
1050.2582
  20
865.83594
  0
VERTEX
  5
907
  8
Layer_4
  10
1050.257
  20
867.70581
  0
VERTEX
  5
908
  8
Layer_4
  10
1050.2557
  20
869.58105
  0
VERTEX
  5
909
  8
Layer_4
  10
1050.2549
  20
871.46118
  0
VERTEX
  5
90a
  8
Layer_4
  10
1050.2542
  20
873.34644
  0
VERTEX
  5
90b
  8
Layer_4
  10
1050.2538
  20
875.23706
  0
VERTEX
  5
90c
  8
Layer_4
  10
1050.2537
  20
877.13281
  0
VERTEX
  5
90d
  8
Layer_4
  10
1050.2537
  20
879.03394
  0
VERTEX
  5
90e
  8
Layer_4
  10
1050.254
  20
880.94043
  0
VERTEX
  5
90f
  8
Layer_4
  10
1050.2546
  20
882.85254
  0
VERTEX
  5
910
  8
Layer_4
  10
1050.2554
  20
884.77002
  0
VERTEX
  5
911
  8
Layer_4
  10
1050.2563
  20
886.69336
  0
VERTEX
  5
912
  8
Layer_4
  10
1050.2577
  20
888.62207
  0
VERTEX
  5
913
  8
Layer_4
  10
1050.2592
  20
890.55664
  0
VERTEX
  5
914
  8
Layer_4
  10
1050.261
  20
892.49707
  0
VERTEX
  5
915
  8
Layer_4
  10
1050.2629
  20
894.44312
  0
VERTEX
  5
916
  8
Layer_4
  10
1050.2653
  20
896.39526
  0
VERTEX
  5
917
  8
Layer_4
  10
1050.2677
  20
898.35327
  0
VERTEX
  5
918
  8
Layer_4
  10
1050.2705
  20
900.31738
  0
VERTEX
  5
919
  8
Layer_4
  10
1050.2734
  20
902.2876
  0
VERTEX
  5
91a
  8
Layer_4
  10
1050.2766
  20
904.26392
  0
VERTEX
  5
91b
  8
Layer_4
  10
1050.2802
  20
906.24658
  0
VERTEX
  5
91c
  8
Layer_4
  10
1050.2838
  20
908.23535
  0
VERTEX
  5
91d
  8
Layer_4
  10
1050.2877
  20
910.23071
  0
VERTEX
  5
91e
  8
Layer_4
  10
1050.2919
  20
912.23242
  0
VERTEX
  5
91f
  8
Layer_4
  10
1050.2963
  20
914.24048
  0
VERTEX
  5
920
  8
Layer_4
  10
1050.3009
  20
916.25488
  0
VERTEX
  5
921
  8
Layer_4
  10
1050.3058
  20
918.27637
  0
VERTEX
  5
922
  8
Layer_4
  10
1050.3109
  20
920.3042
  0
VERTEX
  5
923
  8
Layer_4
  10
1050.3163
  20
922.33887
  0
VERTEX
  5
924
  8
Layer_4
  10
1050.3219
  20
924.38013
  0
VERTEX
  5
925
  8
Layer_4
  10
1050.3278
  20
926.42847
  0
VERTEX
  5
926
  8
Layer_4
  10
1050.3339
  20
928.48364
  0
VERTEX
  5
927
  8
Layer_4
  10
1050.3402
  20
930.5459
  0
VERTEX
  5
928
  8
Layer_4
  10
1050.3468
  20
932.61499
  0
VERTEX
  5
929
  8
Layer_4
  10
1050.3536
  20
934.69141
  0
VERTEX
  5
92a
  8
Layer_4
  10
1050.3606
  20
936.7749
  0
VERTEX
  5
92b
  8
Layer_4
  10
1050.3679
  20
938.86548
  0
VERTEX
  5
92c
  8
Layer_4
  10
1050.3755
  20
940.96338
  0
VERTEX
  5
92d
  8
Layer_4
  10
1050.3832
  20
943.06885
  0
VERTEX
  5
92e
  8
Layer_4
  10
1050.3914
  20
945.1814
  0
VERTEX
  5
92f
  8
Layer_4
  10
1050.3995
  20
947.30176
  0
VERTEX
  5
930
  8
Layer_4
  10
1050.408
  20
949.42944
  0
VERTEX
  5
931
  8
Layer_4
  10
1050.4167
  20
951.56494
  0
VERTEX
  5
932
  8
Layer_4
  10
1050.4257
  20
953.70801
  0
VERTEX
  5
933
  8
Layer_4
  10
1050.4351
  20
955.85864
  0
VERTEX
  5
934
  8
Layer_4
  10
1050.4445
  20
958.01709
  0
VERTEX
  5
935
  8
Layer_4
  10
1050.4541
  20
960.18359
  0
VERTEX
  5
936
  8
Layer_4
  10
1050.4641
  20
962.35791
  0
VERTEX
  5
937
  8
Layer_4
  10
1050.4742
  20
964.54028
  0
VERTEX
  5
938
  8
Layer_4
  10
1050.4764
  20
964.97388
  0
VERTEX
  5
939
  8
Layer_4
  10
1050.4788
  20
965.4104
  0
VERTEX
  5
93a
  8
Layer_4
  10
1050.4813
  20
965.84961
  0
VERTEX
  5
93b
  8
Layer_4
  10
1050.484
  20
966.29175
  0
VERTEX
  5
93c
  8
Layer_4
  10
1050.4869
  20
966.73682
  0
VERTEX
  5
93d
  8
Layer_4
  10
1050.4901
  20
967.18481
  0
VERTEX
  5
93e
  8
Layer_4
  10
1050.4934
  20
967.6355
  0
VERTEX
  5
93f
  8
Layer_4
  10
1050.4969
  20
968.08887
  0
VERTEX
  5
940
  8
Layer_4
  10
1050.5006
  20
968.54517
  0
VERTEX
  5
941
  8
Layer_4
  10
1050.5046
  20
969.00439
  0
VERTEX
  5
942
  8
Layer_4
  10
1050.5087
  20
969.46631
  0
VERTEX
  5
943
  8
Layer_4
  10
1050.5129
  20
969.93091
  0
VERTEX
  5
944
  8
Layer_4
  10
1050.5175
  20
970.39819
  0
VERTEX
  5
945
  8
Layer_4
  10
1050.5222
  20
970.86841
  0
VERTEX
  5
946
  8
Layer_4
  10
1050.5271
  20
971.34131
  0
VERTEX
  5
947
  8
Layer_4
  10
1050.5321
  20
971.81689
  0
VERTEX
  5
948
  8
Layer_4
  10
1050.5374
  20
972.29541
  0
VERTEX
  5
949
  8
Layer_4
  10
1050.5428
  20
972.77637
  0
VERTEX
  5
94a
  8
Layer_4
  10
1050.5485
  20
973.26025
  0
VERTEX
  5
94b
  8
Layer_4
  10
1050.5543
  20
973.74658
  0
VERTEX
  5
94c
  8
Layer_4
  10
1050.5604
  20
974.2356
  0
VERTEX
  5
94d
  8
Layer_4
  10
1050.5667
  20
974.72729
  0
VERTEX
  5
94e
  8
Layer_4
  10
1050.573
  20
975.22168
  0
VERTEX
  5
94f
  8
Layer_4
  10
1050.5795
  20
975.71875
  0
VERTEX
  5
950
  8
Layer_4
  10
1050.5863
  20
976.21851
  0
VERTEX
  5
951
  8
Layer_4
  10
1050.5933
  20
976.7207
  0
VERTEX
  5
952
  8
Layer_4
  10
1050.6003
  20
977.22559
  0
VERTEX
  5
953
  8
Layer_4
  10
1050.6077
  20
977.73315
  0
VERTEX
  5
954
  8
Layer_4
  10
1050.6152
  20
978.24316
  0
VERTEX
  5
955
  8
Layer_4
  10
1050.6229
  20
978.75562
  0
VERTEX
  5
956
  8
Layer_4
  10
1050.6307
  20
979.27075
  0
VERTEX
  5
957
  8
Layer_4
  10
1050.6388
  20
979.78857
  0
VERTEX
  5
958
  8
Layer_4
  10
1050.647
  20
980.30859
  0
VERTEX
  5
959
  8
Layer_4
  10
1050.6554
  20
980.83154
  0
VERTEX
  5
95a
  8
Layer_4
  10
1050.6639
  20
981.35669
  0
VERTEX
  5
95b
  8
Layer_4
  10
1050.6727
  20
981.88452
  0
VERTEX
  5
95c
  8
Layer_4
  10
1050.6908
  20
982.94751
  0
VERTEX
  5
95d
  8
Layer_4
  10
1050.7095
  20
984.02026
  0
VERTEX
  5
95e
  8
Layer_4
  10
1050.7289
  20
985.10278
  0
VERTEX
  5
95f
  8
Layer_4
  10
1050.749
  20
986.19507
  0
VERTEX
  5
960
  8
Layer_4
  10
1050.7698
  20
987.29712
  0
VERTEX
  5
961
  8
Layer_4
  10
1050.7913
  20
988.4082
  0
VERTEX
  5
962
  8
Layer_4
  10
1050.8135
  20
989.52905
  0
VERTEX
  5
963
  8
Layer_4
  10
1050.8363
  20
990.65918
  0
VERTEX
  5
964
  8
Layer_4
  10
1050.8597
  20
991.79834
  0
VERTEX
  5
965
  8
Layer_4
  10
1050.8839
  20
992.94678
  0
VERTEX
  5
966
  8
Layer_4
  10
1050.9087
  20
994.10425
  0
VERTEX
  5
967
  8
Layer_4
  10
1050.9342
  20
995.27075
  0
VERTEX
  5
968
  8
Layer_4
  10
1050.9602
  20
996.44604
  0
VERTEX
  5
969
  8
Layer_4
  10
1050.9871
  20
997.62988
  0
VERTEX
  5
96a
  8
Layer_4
  10
1051.0143
  20
998.82275
  0
VERTEX
  5
96b
  8
Layer_4
  10
1051.0424
  20
1000.0242
  0
VERTEX
  5
96c
  8
Layer_4
  10
1051.0709
  20
1001.2339
  0
VERTEX
  5
96d
  8
Layer_4
  10
1051.1
  20
1002.4521
  0
VERTEX
  5
96e
  8
Layer_4
  10
1051.1299
  20
1003.6787
  0
VERTEX
  5
96f
  8
Layer_4
  10
1051.1603
  20
1004.9133
  0
VERTEX
  5
970
  8
Layer_4
  10
1051.1913
  20
1006.1565
  0
VERTEX
  5
971
  8
Layer_4
  10
1051.2228
  20
1007.4072
  0
VERTEX
  5
972
  8
Layer_4
  10
1051.255
  20
1008.6663
  0
VERTEX
  5
973
  8
Layer_4
  10
1051.2878
  20
1009.9331
  0
VERTEX
  5
974
  8
Layer_4
  10
1051.321
  20
1011.2075
  0
VERTEX
  5
975
  8
Layer_4
  10
1051.355
  20
1012.4897
  0
VERTEX
  5
976
  8
Layer_4
  10
1051.3895
  20
1013.7795
  0
VERTEX
  5
977
  8
Layer_4
  10
1051.4246
  20
1015.0769
  0
VERTEX
  5
978
  8
Layer_4
  10
1051.4601
  20
1016.3816
  0
VERTEX
  5
979
  8
Layer_4
  10
1051.4962
  20
1017.6938
  0
VERTEX
  5
97a
  8
Layer_4
  10
1051.5328
  20
1019.0132
  0
VERTEX
  5
97b
  8
Layer_4
  10
1051.5699
  20
1020.3396
  0
VERTEX
  5
97c
  8
Layer_4
  10
1051.6077
  20
1021.6731
  0
VERTEX
  5
97d
  8
Layer_4
  10
1051.646
  20
1023.0134
  0
VERTEX
  5
97e
  8
Layer_4
  10
1051.6848
  20
1024.3608
  0
VERTEX
  5
97f
  8
Layer_4
  10
1051.724
  20
1025.7148
  0
VERTEX
  5
980
  8
Layer_4
  10
1051.7638
  20
1027.0757
  0
VERTEX
  5
981
  8
Layer_4
  10
1051.8041
  20
1028.4431
  0
VERTEX
  5
982
  8
Layer_4
  10
1051.8448
  20
1029.8169
  0
VERTEX
  5
983
  8
Layer_4
  10
1051.8862
  20
1031.1973
  0
VERTEX
  5
984
  8
Layer_4
  10
1051.9279
  20
1032.584
  0
VERTEX
  5
985
  8
Layer_4
  10
1051.9702
  20
1033.9768
  0
VERTEX
  5
986
  8
Layer_4
  10
1052.0129
  20
1035.3757
  0
VERTEX
  5
987
  8
Layer_4
  10
1052.0562
  20
1036.781
  0
VERTEX
  5
988
  8
Layer_4
  10
1052.0997
  20
1038.1919
  0
VERTEX
  5
989
  8
Layer_4
  10
1052.1438
  20
1039.6089
  0
VERTEX
  5
98a
  8
Layer_4
  10
1052.1884
  20
1041.0315
  0
VERTEX
  5
98b
  8
Layer_4
  10
1052.2334
  20
1042.46
  0
VERTEX
  5
98c
  8
Layer_4
  10
1052.2788
  20
1043.8938
  0
VERTEX
  5
98d
  8
Layer_4
  10
1052.3247
  20
1045.3335
  0
VERTEX
  5
98e
  8
Layer_4
  10
1052.371
  20
1046.7783
  0
VERTEX
  5
98f
  8
Layer_4
  10
1052.4178
  20
1048.2285
  0
VERTEX
  5
990
  8
Layer_4
  10
1052.4648
  20
1049.6841
  0
VERTEX
  5
991
  8
Layer_4
  10
1052.5125
  20
1051.1445
  0
VERTEX
  5
992
  8
Layer_4
  10
1052.5605
  20
1052.6104
  0
VERTEX
  5
993
  8
Layer_4
  10
1052.6088
  20
1054.0811
  0
VERTEX
  5
994
  8
Layer_4
  10
1052.6576
  20
1055.5564
  0
VERTEX
  5
995
  8
Layer_4
  10
1052.7068
  20
1057.0369
  0
VERTEX
  5
996
  8
Layer_4
  10
1052.7563
  20
1058.5217
  0
VERTEX
  5
997
  8
Layer_4
  10
1052.8063
  20
1060.0115
  0
VERTEX
  5
998
  8
Layer_4
  10
1052.8566
  20
1061.5056
  0
VERTEX
  5
999
  8
Layer_4
  10
1052.9073
  20
1063.0042
  0
VERTEX
  5
99a
  8
Layer_4
  10
1052.9583
  20
1064.5071
  0
VERTEX
  5
99b
  8
Layer_4
  10
1053.0096
  20
1066.0142
  0
VERTEX
  5
99c
  8
Layer_4
  10
1053.0615
  20
1067.5254
  0
VERTEX
  5
99d
  8
Layer_4
  10
1053.1136
  20
1069.0408
  0
VERTEX
  5
99e
  8
Layer_4
  10
1053.166
  20
1070.5601
  0
VERTEX
  5
99f
  8
Layer_4
  10
1053.2188
  20
1072.0833
  0
VERTEX
  5
9a0
  8
Layer_4
  10
1053.2719
  20
1073.6104
  0
VERTEX
  5
9a1
  8
Layer_4
  10
1053.3254
  20
1075.1411
  0
VERTEX
  5
9a2
  8
Layer_4
  10
1053.3792
  20
1076.6753
  0
VERTEX
  5
9a3
  8
Layer_4
  10
1053.4332
  20
1078.2131
  0
VERTEX
  5
9a4
  8
Layer_4
  10
1053.4875
  20
1079.7544
  0
VERTEX
  5
9a5
  8
Layer_4
  10
1053.5424
  20
1081.2988
  0
VERTEX
  5
9a6
  8
Layer_4
  10
1053.5972
  20
1082.8467
  0
VERTEX
  5
9a7
  8
Layer_4
  10
1053.6525
  20
1084.3977
  0
VERTEX
  5
9a8
  8
Layer_4
  10
1053.7081
  20
1085.9519
  0
VERTEX
  5
9a9
  8
Layer_4
  10
1053.7639
  20
1087.5088
  0
VERTEX
  5
9aa
  8
Layer_4
  10
1053.8199
  20
1089.0686
  0
VERTEX
  5
9ab
  8
Layer_4
  10
1053.8763
  20
1090.6313
  0
VERTEX
  5
9ac
  8
Layer_4
  10
1053.9331
  20
1092.1968
  0
VERTEX
  5
9ad
  8
Layer_4
  10
1053.99
  20
1093.7649
  0
VERTEX
  5
9ae
  8
Layer_4
  10
1054.1046
  20
1096.9082
  0
VERTEX
  5
9af
  8
Layer_4
  10
1054.2201
  20
1100.0613
  0
VERTEX
  5
9b0
  8
Layer_4
  10
1054.3365
  20
1103.2227
  0
VERTEX
  5
9b1
  8
Layer_4
  10
1054.454
  20
1106.3921
  0
VERTEX
  5
9b2
  8
Layer_4
  10
1054.5721
  20
1109.5686
  0
VERTEX
  5
9b3
  8
Layer_4
  10
1054.6912
  20
1112.7517
  0
VERTEX
  5
9b4
  8
Layer_4
  10
1054.8109
  20
1115.9407
  0
VERTEX
  5
9b5
  8
Layer_4
  10
1054.9313
  20
1119.1345
  0
VERTEX
  5
9b6
  8
Layer_4
  10
1055.0525
  20
1122.3325
  0
VERTEX
  5
9b7
  8
Layer_4
  10
1055.1742
  20
1125.5342
  0
VERTEX
  5
9b8
  8
Layer_4
  10
1055.4193
  20
1131.9453
  0
VERTEX
  5
9b9
  8
Layer_4
  10
1055.6664
  20
1138.3621
  0
VERTEX
  5
9ba
  8
Layer_4
  10
1055.915
  20
1144.7788
  0
VERTEX
  5
9bb
  8
Layer_4
  10
1056.1649
  20
1151.189
  0
VERTEX
  5
9bc
  8
Layer_4
  10
1056.2902
  20
1154.3901
  0
VERTEX
  5
9bd
  8
Layer_4
  10
1056.4156
  20
1157.5879
  0
VERTEX
  5
9be
  8
Layer_4
  10
1056.5413
  20
1160.7808
  0
VERTEX
  5
9bf
  8
Layer_4
  10
1056.6669
  20
1163.9688
  0
VERTEX
  5
9c0
  8
Layer_4
  10
1056.7927
  20
1167.1509
  0
VERTEX
  5
9c1
  8
Layer_4
  10
1056.9185
  20
1170.3267
  0
VERTEX
  5
9c2
  8
Layer_4
  10
1057.0441
  20
1173.4946
  0
VERTEX
  5
9c3
  8
Layer_4
  10
1057.1697
  20
1176.6548
  0
VERTEX
  5
9c4
  8
Layer_4
  10
1057.295
  20
1179.8066
  0
VERTEX
  5
9c5
  8
Layer_4
  10
1057.4204
  20
1182.9482
  0
VERTEX
  5
9c6
  8
Layer_4
  10
1057.483
  20
1184.5156
  0
VERTEX
  5
9c7
  8
Layer_4
  10
1057.5455
  20
1186.0801
  0
VERTEX
  5
9c8
  8
Layer_4
  10
1057.6079
  20
1187.6421
  0
VERTEX
  5
9c9
  8
Layer_4
  10
1057.6703
  20
1189.2012
  0
VERTEX
  5
9ca
  8
Layer_4
  10
1057.7325
  20
1190.7573
  0
VERTEX
  5
9cb
  8
Layer_4
  10
1057.7948
  20
1192.3101
  0
VERTEX
  5
9cc
  8
Layer_4
  10
1057.8569
  20
1193.8604
  0
VERTEX
  5
9cd
  8
Layer_4
  10
1057.9189
  20
1195.4072
  0
VERTEX
  5
9ce
  8
Layer_4
  10
1057.9808
  20
1196.9507
  0
VERTEX
  5
9cf
  8
Layer_4
  10
1058.0426
  20
1198.4907
  0
VERTEX
  5
9d0
  8
Layer_4
  10
1058.1042
  20
1200.0273
  0
VERTEX
  5
9d1
  8
Layer_4
  10
1058.1659
  20
1201.5605
  0
VERTEX
  5
9d2
  8
Layer_4
  10
1058.2274
  20
1203.0903
  0
VERTEX
  5
9d3
  8
Layer_4
  10
1058.2887
  20
1204.6162
  0
VERTEX
  5
9d4
  8
Layer_4
  10
1058.3499
  20
1206.1382
  0
VERTEX
  5
9d5
  8
Layer_4
  10
1058.411
  20
1207.6563
  0
VERTEX
  5
9d6
  8
Layer_4
  10
1058.4719
  20
1209.1704
  0
VERTEX
  5
9d7
  8
Layer_4
  10
1058.5327
  20
1210.6802
  0
VERTEX
  5
9d8
  8
Layer_4
  10
1058.5933
  20
1212.186
  0
VERTEX
  5
9d9
  8
Layer_4
  10
1058.6537
  20
1213.6875
  0
VERTEX
  5
9da
  8
Layer_4
  10
1058.714
  20
1215.1846
  0
VERTEX
  5
9db
  8
Layer_4
  10
1058.774
  20
1216.6777
  0
VERTEX
  5
9dc
  8
Layer_4
  10
1058.8341
  20
1218.166
  0
VERTEX
  5
9dd
  8
Layer_4
  10
1058.8938
  20
1219.6494
  0
VERTEX
  5
9de
  8
Layer_4
  10
1058.9534
  20
1221.1284
  0
VERTEX
  5
9df
  8
Layer_4
  10
1059.0128
  20
1222.6021
  0
VERTEX
  5
9e0
  8
Layer_4
  10
1059.072
  20
1224.0713
  0
VERTEX
  5
9e1
  8
Layer_4
  10
1059.1309
  20
1225.5352
  0
VERTEX
  5
9e2
  8
Layer_4
  10
1059.1897
  20
1226.9946
  0
VERTEX
  5
9e3
  8
Layer_4
  10
1059.2483
  20
1228.4482
  0
VERTEX
  5
9e4
  8
Layer_4
  10
1059.3066
  20
1229.897
  0
VERTEX
  5
9e5
  8
Layer_4
  10
1059.3647
  20
1231.3403
  0
VERTEX
  5
9e6
  8
Layer_4
  10
1059.4226
  20
1232.7778
  0
VERTEX
  5
9e7
  8
Layer_4
  10
1059.4802
  20
1234.21
  0
VERTEX
  5
9e8
  8
Layer_4
  10
1059.5376
  20
1235.6367
  0
VERTEX
  5
9e9
  8
Layer_4
  10
1059.5947
  20
1237.0576
  0
VERTEX
  5
9ea
  8
Layer_4
  10
1059.6516
  20
1238.4727
  0
VERTEX
  5
9eb
  8
Layer_4
  10
1059.7083
  20
1239.8818
  0
VERTEX
  5
9ec
  8
Layer_4
  10
1059.7646
  20
1241.2852
  0
VERTEX
  5
9ed
  8
Layer_4
  10
1059.8207
  20
1242.6821
  0
VERTEX
  5
9ee
  8
Layer_4
  10
1059.8765
  20
1244.0732
  0
VERTEX
  5
9ef
  8
Layer_4
  10
1059.932
  20
1245.458
  0
VERTEX
  5
9f0
  8
Layer_4
  10
1059.9873
  20
1246.8364
  0
VERTEX
  5
9f1
  8
Layer_4
  10
1060.0422
  20
1248.208
  0
VERTEX
  5
9f2
  8
Layer_4
  10
1060.0969
  20
1249.5732
  0
VERTEX
  5
9f3
  8
Layer_4
  10
1060.1512
  20
1250.9321
  0
VERTEX
  5
9f4
  8
Layer_4
  10
1060.2053
  20
1252.2842
  0
VERTEX
  5
9f5
  8
Layer_4
  10
1060.259
  20
1253.6294
  0
VERTEX
  5
9f6
  8
Layer_4
  10
1060.3124
  20
1254.9678
  0
VERTEX
  5
9f7
  8
Layer_4
  10
1060.3655
  20
1256.2988
  0
VERTEX
  5
9f8
  8
Layer_4
  10
1060.4182
  20
1257.623
  0
VERTEX
  5
9f9
  8
Layer_4
  10
1060.4706
  20
1258.9404
  0
VERTEX
  5
9fa
  8
Layer_4
  10
1060.5227
  20
1260.25
  0
VERTEX
  5
9fb
  8
Layer_4
  10
1060.5743
  20
1261.5527
  0
VERTEX
  5
9fc
  8
Layer_4
  10
1060.6259
  20
1262.8477
  0
VERTEX
  5
9fd
  8
Layer_4
  10
1060.6768
  20
1264.1348
  0
VERTEX
  5
9fe
  8
Layer_4
  10
1060.7274
  20
1265.415
  0
VERTEX
  5
9ff
  8
Layer_4
  10
1060.7777
  20
1266.687
  0
VERTEX
  5
a00
  8
Layer_4
  10
1060.8276
  20
1267.9512
  0
VERTEX
  5
a01
  8
Layer_4
  10
1060.8771
  20
1269.2075
  0
VERTEX
  5
a02
  8
Layer_4
  10
1060.9261
  20
1270.4561
  0
VERTEX
  5
a03
  8
Layer_4
  10
1060.975
  20
1271.6968
  0
VERTEX
  5
a04
  8
Layer_4
  10
1061.0233
  20
1272.9287
  0
VERTEX
  5
a05
  8
Layer_4
  10
1061.0712
  20
1274.1528
  0
VERTEX
  5
a06
  8
Layer_4
  10
1061.1188
  20
1275.3682
  0
VERTEX
  5
a07
  8
Layer_4
  10
1061.1659
  20
1276.5757
  0
VERTEX
  5
a08
  8
Layer_4
  10
1061.2126
  20
1277.7744
  0
VERTEX
  5
a09
  8
Layer_4
  10
1061.2588
  20
1278.9644
  0
VERTEX
  5
a0a
  8
Layer_4
  10
1061.3047
  20
1280.1455
  0
VERTEX
  5
a0b
  8
Layer_4
  10
1061.3501
  20
1281.3179
  0
VERTEX
  5
a0c
  8
Layer_4
  10
1061.395
  20
1282.4819
  0
VERTEX
  5
a0d
  8
Layer_4
  10
1061.4395
  20
1283.6362
  0
VERTEX
  5
a0e
  8
Layer_4
  10
1061.4836
  20
1284.7822
  0
VERTEX
  5
a0f
  8
Layer_4
  10
1061.5272
  20
1285.9185
  0
VERTEX
  5
a10
  8
Layer_4
  10
1061.5703
  20
1287.0454
  0
VERTEX
  5
a11
  8
Layer_4
  10
1061.613
  20
1288.1636
  0
VERTEX
  5
a12
  8
Layer_4
  10
1061.6552
  20
1289.272
  0
VERTEX
  5
a13
  8
Layer_4
  10
1061.6969
  20
1290.3706
  0
VERTEX
  5
a14
  8
Layer_4
  10
1061.7382
  20
1291.46
  0
VERTEX
  5
a15
  8
Layer_4
  10
1061.7788
  20
1292.5396
  0
VERTEX
  5
a16
  8
Layer_4
  10
1061.8191
  20
1293.6094
  0
VERTEX
  5
a17
  8
Layer_4
  10
1061.8588
  20
1294.6689
  0
VERTEX
  5
a18
  8
Layer_4
  10
1061.8785
  20
1295.1953
  0
VERTEX
  5
a19
  8
Layer_4
  10
1061.8979
  20
1295.7192
  0
VERTEX
  5
a1a
  8
Layer_4
  10
1061.9174
  20
1296.2402
  0
VERTEX
  5
a1b
  8
Layer_4
  10
1061.9366
  20
1296.7588
  0
VERTEX
  5
a1c
  8
Layer_4
  10
1061.9559
  20
1297.2749
  0
VERTEX
  5
a1d
  8
Layer_4
  10
1061.9749
  20
1297.7886
  0
VERTEX
  5
a1e
  8
Layer_4
  10
1061.9938
  20
1298.2993
  0
VERTEX
  5
a1f
  8
Layer_4
  10
1062.0126
  20
1298.8081
  0
VERTEX
  5
a20
  8
Layer_4
  10
1062.0313
  20
1299.314
  0
VERTEX
  5
a21
  8
Layer_4
  10
1062.0497
  20
1299.8169
  0
VERTEX
  5
a22
  8
Layer_4
  10
1062.0681
  20
1300.3174
  0
VERTEX
  5
a23
  8
Layer_4
  10
1062.0863
  20
1300.8159
  0
VERTEX
  5
a24
  8
Layer_4
  10
1062.1044
  20
1301.311
  0
VERTEX
  5
a25
  8
Layer_4
  10
1062.1224
  20
1301.8037
  0
VERTEX
  5
a26
  8
Layer_4
  10
1062.1403
  20
1302.2939
  0
VERTEX
  5
a27
  8
Layer_4
  10
1062.158
  20
1302.7813
  0
VERTEX
  5
a28
  8
Layer_4
  10
1062.1754
  20
1303.2661
  0
VERTEX
  5
a29
  8
Layer_4
  10
1062.1927
  20
1303.748
  0
VERTEX
  5
a2a
  8
Layer_4
  10
1062.2101
  20
1304.2275
  0
VERTEX
  5
a2b
  8
Layer_4
  10
1062.2272
  20
1304.7041
  0
VERTEX
  5
a2c
  8
Layer_4
  10
1062.2441
  20
1305.1782
  0
VERTEX
  5
a2d
  8
Layer_4
  10
1062.2611
  20
1305.6494
  0
VERTEX
  5
a2e
  8
Layer_4
  10
1062.2778
  20
1306.1177
  0
VERTEX
  5
a2f
  8
Layer_4
  10
1062.2943
  20
1306.5835
  0
VERTEX
  5
a30
  8
Layer_4
  10
1062.3107
  20
1307.0464
  0
VERTEX
  5
a31
  8
Layer_4
  10
1062.327
  20
1307.5068
  0
VERTEX
  5
a32
  8
Layer_4
  10
1062.3431
  20
1307.9639
  0
VERTEX
  5
a33
  8
Layer_4
  10
1062.3591
  20
1308.4185
  0
VERTEX
  5
a34
  8
Layer_4
  10
1062.375
  20
1308.8701
  0
VERTEX
  5
a35
  8
Layer_4
  10
1062.3907
  20
1309.3193
  0
VERTEX
  5
a36
  8
Layer_4
  10
1062.4063
  20
1309.7651
  0
VERTEX
  5
a37
  8
Layer_4
  10
1062.4216
  20
1310.2085
  0
VERTEX
  5
a38
  8
Layer_4
  10
1062.4368
  20
1310.6489
  0
VERTEX
  5
a39
  8
Layer_4
  10
1062.4519
  20
1311.0864
  0
VERTEX
  5
a3a
  8
Layer_4
  10
1062.4669
  20
1311.521
  0
VERTEX
  5
a3b
  8
Layer_4
  10
1062.4817
  20
1311.9531
  0
VERTEX
  5
a3c
  8
Layer_4
  10
1077.9598
  20
1742.8462
  0
VERTEX
  5
a3d
  8
Layer_4
  10
1078.0941
  20
1746.7954
  0
VERTEX
  5
a3e
  8
Layer_4
  10
1078.2264
  20
1750.7368
  0
VERTEX
  5
a3f
  8
Layer_4
  10
1078.3571
  20
1754.6694
  0
VERTEX
  5
a40
  8
Layer_4
  10
1078.4857
  20
1758.5947
  0
VERTEX
  5
a41
  8
Layer_4
  10
1078.6125
  20
1762.5117
  0
VERTEX
  5
a42
  8
Layer_4
  10
1078.7375
  20
1766.4209
  0
VERTEX
  5
a43
  8
Layer_4
  10
1078.8608
  20
1770.3223
  0
VERTEX
  5
a44
  8
Layer_4
  10
1078.9821
  20
1774.2158
  0
VERTEX
  5
a45
  8
Layer_4
  10
1079.1017
  20
1778.1016
  0
VERTEX
  5
a46
  8
Layer_4
  10
1079.2194
  20
1781.98
  0
VERTEX
  5
a47
  8
Layer_4
  10
1079.3353
  20
1785.8511
  0
VERTEX
  5
a48
  8
Layer_4
  10
1079.4495
  20
1789.7144
  0
VERTEX
  5
a49
  8
Layer_4
  10
1079.5618
  20
1793.5703
  0
VERTEX
  5
a4a
  8
Layer_4
  10
1079.6724
  20
1797.4189
  0
VERTEX
  5
a4b
  8
Layer_4
  10
1079.7813
  20
1801.2603
  0
VERTEX
  5
a4c
  8
Layer_4
  10
1079.8882
  20
1805.0942
  0
VERTEX
  5
a4d
  8
Layer_4
  10
1079.9935
  20
1808.9214
  0
VERTEX
  5
a4e
  8
Layer_4
  10
1080.097
  20
1812.7412
  0
VERTEX
  5
a4f
  8
Layer_4
  10
1080.1989
  20
1816.5537
  0
VERTEX
  5
a50
  8
Layer_4
  10
1080.2988
  20
1820.3599
  0
VERTEX
  5
a51
  8
Layer_4
  10
1080.3971
  20
1824.1587
  0
VERTEX
  5
a52
  8
Layer_4
  10
1080.4937
  20
1827.9507
  0
VERTEX
  5
a53
  8
Layer_4
  10
1080.5886
  20
1831.7363
  0
VERTEX
  5
a54
  8
Layer_4
  10
1080.6818
  20
1835.5146
  0
VERTEX
  5
a55
  8
Layer_4
  10
1080.7732
  20
1839.2866
  0
VERTEX
  5
a56
  8
Layer_4
  10
1080.863
  20
1843.0522
  0
VERTEX
  5
a57
  8
Layer_4
  10
1080.951
  20
1846.811
  0
VERTEX
  5
a58
  8
Layer_4
  10
1081.0375
  20
1850.5635
  0
VERTEX
  5
a59
  8
Layer_4
  10
1081.1223
  20
1854.3096
  0
VERTEX
  5
a5a
  8
Layer_4
  10
1081.2054
  20
1858.0493
  0
VERTEX
  5
a5b
  8
Layer_4
  10
1081.2867
  20
1861.7827
  0
VERTEX
  5
a5c
  8
Layer_4
  10
1081.3666
  20
1865.5098
  0
VERTEX
  5
a5d
  8
Layer_4
  10
1081.4447
  20
1869.231
  0
VERTEX
  5
a5e
  8
Layer_4
  10
1081.5212
  20
1872.9463
  0
VERTEX
  5
a5f
  8
Layer_4
  10
1081.5961
  20
1876.6553
  0
VERTEX
  5
a60
  8
Layer_4
  10
1081.6693
  20
1880.3584
  0
VERTEX
  5
a61
  8
Layer_4
  10
1081.741
  20
1884.0557
  0
VERTEX
  5
a62
  8
Layer_4
  10
1081.811
  20
1887.7471
  0
VERTEX
  5
a63
  8
Layer_4
  10
1081.8794
  20
1891.4326
  0
VERTEX
  5
a64
  8
Layer_4
  10
1081.9463
  20
1895.1128
  0
VERTEX
  5
a65
  8
Layer_4
  10
1082.0115
  20
1898.7871
  0
VERTEX
  5
a66
  8
Layer_4
  10
1082.0752
  20
1902.4556
  0
VERTEX
  5
a67
  8
Layer_4
  10
1082.1373
  20
1906.1191
  0
VERTEX
  5
a68
  8
Layer_4
  10
1082.1979
  20
1909.7769
  0
VERTEX
  5
a69
  8
Layer_4
  10
1082.257
  20
1913.4297
  0
VERTEX
  5
a6a
  8
Layer_4
  10
1082.3145
  20
1917.0767
  0
VERTEX
  5
a6b
  8
Layer_4
  10
1082.3702
  20
1920.7188
  0
VERTEX
  5
a6c
  8
Layer_4
  10
1082.4247
  20
1924.3555
  0
VERTEX
  5
a6d
  8
Layer_4
  10
1082.4775
  20
1927.9873
  0
VERTEX
  5
a6e
  8
Layer_4
  10
1082.5289
  20
1931.6143
  0
VERTEX
  5
a6f
  8
Layer_4
  10
1082.5787
  20
1935.2358
  0
VERTEX
  5
a70
  8
Layer_4
  10
1082.627
  20
1938.8525
  0
VERTEX
  5
a71
  8
Layer_4
  10
1082.6738
  20
1942.4648
  0
VERTEX
  5
a72
  8
Layer_4
  10
1082.7192
  20
1946.0718
  0
VERTEX
  5
a73
  8
Layer_4
  10
1082.7629
  20
1949.6743
  0
VERTEX
  5
a74
  8
Layer_4
  10
1082.8054
  20
1953.272
  0
VERTEX
  5
a75
  8
Layer_4
  10
1082.8464
  20
1956.8652
  0
VERTEX
  5
a76
  8
Layer_4
  10
1082.8857
  20
1960.4541
  0
VERTEX
  5
a77
  8
Layer_4
  10
1082.9238
  20
1964.0381
  0
VERTEX
  5
a78
  8
Layer_4
  10
1082.9604
  20
1967.6177
  0
VERTEX
  5
a79
  8
Layer_4
  10
1082.9955
  20
1971.1934
  0
VERTEX
  5
a7a
  8
Layer_4
  10
1083.0292
  20
1974.7646
  0
VERTEX
  5
a7b
  8
Layer_4
  10
1083.0615
  20
1978.3315
  0
VERTEX
  5
a7c
  8
Layer_4
  10
1083.0923
  20
1981.8945
  0
VERTEX
  5
a7d
  8
Layer_4
  10
1083.1218
  20
1985.4531
  0
VERTEX
  5
a7e
  8
Layer_4
  10
1083.1498
  20
1989.0078
  0
VERTEX
  5
a7f
  8
Layer_4
  10
1083.1765
  20
1992.5586
  0
VERTEX
  5
a80
  8
Layer_4
  10
1083.2017
  20
1996.1055
  0
VERTEX
  5
a81
  8
Layer_4
  10
1083.2256
  20
1999.6489
  0
VERTEX
  5
a82
  8
Layer_4
  10
1083.248
  20
2003.188
  0
VERTEX
  5
a83
  8
Layer_4
  10
1083.2693
  20
2006.7236
  0
VERTEX
  5
a84
  8
Layer_4
  10
1083.2891
  20
2010.2559
  0
VERTEX
  5
a85
  8
Layer_4
  10
1083.3075
  20
2013.7842
  0
VERTEX
  5
a86
  8
Layer_4
  10
1083.3246
  20
2017.3091
  0
VERTEX
  5
a87
  8
Layer_4
  10
1083.3403
  20
2020.8306
  0
VERTEX
  5
a88
  8
Layer_4
  10
1083.3549
  20
2024.3486
  0
VERTEX
  5
a89
  8
Layer_4
  10
1083.3679
  20
2027.8638
  0
VERTEX
  5
a8a
  8
Layer_4
  10
1083.3798
  20
2031.375
  0
VERTEX
  5
a8b
  8
Layer_4
  10
1083.3903
  20
2034.8833
  0
VERTEX
  5
a8c
  8
Layer_4
  10
1083.3993
  20
2038.3887
  0
VERTEX
  5
a8d
  8
Layer_4
  10
1083.4072
  20
2041.8911
  0
VERTEX
  5
a8e
  8
Layer_4
  10
1083.4139
  20
2045.3901
  0
VERTEX
  5
a8f
  8
Layer_4
  10
1083.4192
  20
2048.8867
  0
VERTEX
  5
a90
  8
Layer_4
  10
1083.4232
  20
2052.3799
  0
VERTEX
  5
a91
  8
Layer_4
  10
1083.426
  20
2055.8706
  0
VERTEX
  5
a92
  8
Layer_4
  10
1083.4276
  20
2059.3584
  0
VERTEX
  5
a93
  8
Layer_4
  10
1083.4279
  20
2062.8438
  0
VERTEX
  5
a94
  8
Layer_4
  10
1083.4269
  20
2066.3267
  0
VERTEX
  5
a95
  8
Layer_4
  10
1083.4247
  20
2069.8066
  0
VERTEX
  5
a96
  8
Layer_4
  10
1083.4213
  20
2073.2842
  0
VERTEX
  5
a97
  8
Layer_4
  10
1083.4167
  20
2076.7593
  0
VERTEX
  5
a98
  8
Layer_4
  10
1083.4109
  20
2080.2324
  0
VERTEX
  5
a99
  8
Layer_4
  10
1083.3956
  20
2087.1714
  0
VERTEX
  5
a9a
  8
Layer_4
  10
1083.3755
  20
2094.1016
  0
VERTEX
  5
a9b
  8
Layer_4
  10
1083.3508
  20
2101.0239
  0
VERTEX
  5
a9c
  8
Layer_4
  10
1083.3214
  20
2107.9385
  0
VERTEX
  5
a9d
  8
Layer_4
  10
1083.2874
  20
2114.8457
  0
VERTEX
  5
a9e
  8
Layer_4
  10
1083.2489
  20
2121.7471
  0
VERTEX
  5
a9f
  8
Layer_4
  10
1083.2059
  20
2128.6416
  0
VERTEX
  5
aa0
  8
Layer_4
  10
1083.1584
  20
2135.5313
  0
VERTEX
  5
aa1
  8
Layer_4
  10
1083.1067
  20
2142.4155
  0
VERTEX
  5
aa2
  8
Layer_4
  10
1083.0507
  20
2149.2954
  0
VERTEX
  5
aa3
  8
Layer_4
  10
1082.9904
  20
2156.1714
  0
VERTEX
  5
aa4
  8
Layer_4
  10
1082.9259
  20
2163.0435
  0
VERTEX
  5
aa5
  8
Layer_4
  10
1082.8573
  20
2169.9131
  0
VERTEX
  5
aa6
  8
Layer_4
  10
1082.7845
  20
2176.7798
  0
VERTEX
  5
aa7
  8
Layer_4
  10
1082.708
  20
2183.6445
  0
VERTEX
  5
aa8
  8
Layer_4
  10
1082.6273
  20
2190.5083
  0
VERTEX
  5
aa9
  8
Layer_4
  10
1082.5428
  20
2197.3706
  0
VERTEX
  5
aaa
  8
Layer_4
  10
1082.4545
  20
2204.2329
  0
VERTEX
  5
aab
  8
Layer_4
  10
1082.3624
  20
2211.0952
  0
VERTEX
  5
aac
  8
Layer_4
  10
1082.2666
  20
2217.958
  0
VERTEX
  5
aad
  8
Layer_4
  10
1082.1671
  20
2224.8223
  0
VERTEX
  5
aae
  8
Layer_4
  10
1082.064
  20
2231.688
  0
VERTEX
  5
aaf
  8
Layer_4
  10
1081.9574
  20
2238.5557
  0
VERTEX
  5
ab0
  8
Layer_4
  10
1081.8473
  20
2245.4258
  0
VERTEX
  5
ab1
  8
Layer_4
  10
1081.7338
  20
2252.2998
  0
VERTEX
  5
ab2
  8
Layer_4
  10
1081.6169
  20
2259.1768
  0
VERTEX
  5
ab3
  8
Layer_4
  10
1081.4967
  20
2266.0586
  0
VERTEX
  5
ab4
  8
Layer_4
  10
1081.3733
  20
2272.9448
  0
VERTEX
  5
ab5
  8
Layer_4
  10
1081.2467
  20
2279.8364
  0
VERTEX
  5
ab6
  8
Layer_4
  10
1081.1169
  20
2286.7334
  0
VERTEX
  5
ab7
  8
Layer_4
  10
1080.9841
  20
2293.6372
  0
VERTEX
  5
ab8
  8
Layer_4
  10
1080.8481
  20
2300.5474
  0
VERTEX
  5
ab9
  8
Layer_4
  10
1080.7094
  20
2307.4648
  0
VERTEX
  5
aba
  8
Layer_4
  10
1080.5677
  20
2314.3901
  0
VERTEX
  5
abb
  8
Layer_4
  10
1080.4231
  20
2321.3237
  0
VERTEX
  5
abc
  8
Layer_4
  10
1080.2758
  20
2328.2666
  0
VERTEX
  5
abd
  8
Layer_4
  10
1080.201
  20
2331.7412
  0
VERTEX
  5
abe
  8
Layer_4
  10
1080.1257
  20
2335.2183
  0
VERTEX
  5
abf
  8
Layer_4
  10
1080.0497
  20
2338.6978
  0
VERTEX
  5
ac0
  8
Layer_4
  10
1079.973
  20
2342.1797
  0
VERTEX
  5
ac1
  8
Layer_4
  10
1079.8958
  20
2345.6646
  0
VERTEX
  5
ac2
  8
Layer_4
  10
1079.8177
  20
2349.1519
  0
VERTEX
  5
ac3
  8
Layer_4
  10
1079.739
  20
2352.6421
  0
VERTEX
  5
ac4
  8
Layer_4
  10
1079.6598
  20
2356.1348
  0
VERTEX
  5
ac5
  8
Layer_4
  10
1079.58
  20
2359.6304
  0
VERTEX
  5
ac6
  8
Layer_4
  10
1079.4994
  20
2363.1294
  0
VERTEX
  5
ac7
  8
Layer_4
  10
1079.4183
  20
2366.6309
  0
VERTEX
  5
ac8
  8
Layer_4
  10
1079.3365
  20
2370.1353
  0
VERTEX
  5
ac9
  8
Layer_4
  10
1079.2543
  20
2373.6431
  0
VERTEX
  5
aca
  8
Layer_4
  10
1079.1714
  20
2377.1538
  0
VERTEX
  5
acb
  8
Layer_4
  10
1079.0879
  20
2380.668
  0
VERTEX
  5
acc
  8
Layer_4
  10
1079.0039
  20
2384.1855
  0
VERTEX
  5
acd
  8
Layer_4
  10
1078.9193
  20
2387.7065
  0
VERTEX
  5
ace
  8
Layer_4
  10
1078.8341
  20
2391.2305
  0
VERTEX
  5
acf
  8
Layer_4
  10
1078.7484
  20
2394.7583
  0
VERTEX
  5
ad0
  8
Layer_4
  10
1078.6621
  20
2398.2896
  0
VERTEX
  5
ad1
  8
Layer_4
  10
1078.5753
  20
2401.8242
  0
VERTEX
  5
ad2
  8
Layer_4
  10
1078.488
  20
2405.3628
  0
VERTEX
  5
ad3
  8
Layer_4
  10
1078.4001
  20
2408.9053
  0
VERTEX
  5
ad4
  8
Layer_4
  10
1078.3118
  20
2412.4512
  0
VERTEX
  5
ad5
  8
Layer_4
  10
1078.223
  20
2416.0015
  0
VERTEX
  5
ad6
  8
Layer_4
  10
1078.1335
  20
2419.5552
  0
VERTEX
  5
ad7
  8
Layer_4
  10
1078.0437
  20
2423.1133
  0
VERTEX
  5
ad8
  8
Layer_4
  10
1077.9534
  20
2426.6753
  0
VERTEX
  5
ad9
  8
Layer_4
  10
1077.8625
  20
2430.2412
  0
VERTEX
  5
ada
  8
Layer_4
  10
1077.7712
  20
2433.8115
  0
VERTEX
  5
adb
  8
Layer_4
  10
1077.6794
  20
2437.3862
  0
VERTEX
  5
adc
  8
Layer_4
  10
1077.5873
  20
2440.9648
  0
VERTEX
  5
add
  8
Layer_4
  10
1077.4948
  20
2444.5483
  0
VERTEX
  5
ade
  8
Layer_4
  10
1077.4016
  20
2448.1362
  0
VERTEX
  5
adf
  8
Layer_4
  10
1077.3081
  20
2451.728
  0
VERTEX
  5
ae0
  8
Layer_4
  10
1077.2141
  20
2455.3252
  0
VERTEX
  5
ae1
  8
Layer_4
  10
1077.1198
  20
2458.9263
  0
VERTEX
  5
ae2
  8
Layer_4
  10
1077.0249
  20
2462.5327
  0
VERTEX
  5
ae3
  8
Layer_4
  10
1076.9297
  20
2466.1436
  0
VERTEX
  5
ae4
  8
Layer_4
  10
1076.8342
  20
2469.7593
  0
VERTEX
  5
ae5
  8
Layer_4
  10
1076.7382
  20
2473.3799
  0
VERTEX
  5
ae6
  8
Layer_4
  10
1076.6418
  20
2477.0059
  0
VERTEX
  5
ae7
  8
Layer_4
  10
1076.545
  20
2480.6362
  0
VERTEX
  5
ae8
  8
Layer_4
  10
1076.448
  20
2484.272
  0
VERTEX
  5
ae9
  8
Layer_4
  10
1076.3505
  20
2487.9131
  0
VERTEX
  5
aea
  8
Layer_4
  10
1076.2527
  20
2491.5591
  0
VERTEX
  5
aeb
  8
Layer_4
  10
1076.1545
  20
2495.2104
  0
VERTEX
  5
aec
  8
Layer_4
  10
1076.056
  20
2498.8672
  0
VERTEX
  5
aed
  8
Layer_4
  10
1075.9572
  20
2502.5293
  0
VERTEX
  5
aee
  8
Layer_4
  10
1075.858
  20
2506.1973
  0
VERTEX
  5
aef
  8
Layer_4
  10
1075.7585
  20
2509.8706
  0
VERTEX
  5
af0
  8
Layer_4
  10
1075.6587
  20
2513.5493
  0
VERTEX
  5
af1
  8
Layer_4
  10
1075.5586
  20
2517.2339
  0
VERTEX
  5
af2
  8
Layer_4
  10
1075.4583
  20
2520.9238
  0
VERTEX
  5
af3
  8
Layer_4
  10
1075.3575
  20
2524.6201
  0
VERTEX
  5
af4
  8
Layer_4
  10
1075.2566
  20
2528.3218
  0
VERTEX
  5
af5
  8
Layer_4
  10
1075.1553
  20
2532.0293
  0
VERTEX
  5
af6
  8
Layer_4
  10
1075.0538
  20
2535.7432
  0
VERTEX
  5
af7
  8
Layer_4
  10
1074.9521
  20
2539.4634
  0
VERTEX
  5
af8
  8
Layer_4
  10
1074.85
  20
2543.189
  0
VERTEX
  5
af9
  8
Layer_4
  10
1074.7478
  20
2546.9214
  0
VERTEX
  5
afa
  8
Layer_4
  10
1074.6453
  20
2550.6597
  0
VERTEX
  5
afb
  8
Layer_4
  10
1074.5426
  20
2554.4043
  0
VERTEX
  5
afc
  8
Layer_4
  10
1074.4396
  20
2558.1553
  0
VERTEX
  5
afd
  8
Layer_4
  10
1074.3364
  20
2561.9131
  0
VERTEX
  5
afe
  8
Layer_4
  10
1074.2332
  20
2565.6768
  0
VERTEX
  5
aff
  8
Layer_4
  10
1074.1295
  20
2569.4473
  0
VERTEX
  5
b00
  8
Layer_4
  10
1074.0258
  20
2573.2246
  0
VERTEX
  5
b01
  8
Layer_4
  10
1073.9218
  20
2577.0088
  0
VERTEX
  5
b02
  8
Layer_4
  10
1073.8176
  20
2580.7993
  0
VERTEX
  5
b03
  8
Layer_4
  10
1073.7133
  20
2584.5967
  0
VERTEX
  5
b04
  8
Layer_4
  10
1073.6088
  20
2588.4009
  0
VERTEX
  5
b05
  8
Layer_4
  10
1073.5042
  20
2592.2124
  0
VERTEX
  5
b06
  8
Layer_4
  10
1073.3994
  20
2596.0308
  0
VERTEX
  5
b07
  8
Layer_4
  10
1073.2946
  20
2599.856
  0
VERTEX
  5
b08
  8
Layer_4
  10
1073.1895
  20
2603.689
  0
VERTEX
  5
b09
  8
Layer_4
  10
1073.0844
  20
2607.5288
  0
VERTEX
  5
b0a
  8
Layer_4
  10
1072.979
  20
2611.3755
  0
VERTEX
  5
b0b
  8
Layer_4
  10
1072.8735
  20
2615.23
  0
VERTEX
  5
b0c
  8
Layer_4
  10
1072.7679
  20
2619.0918
  0
VERTEX
  5
b0d
  8
Layer_4
  10
1072.6624
  20
2622.9609
  0
VERTEX
  5
b0e
  8
Layer_4
  10
1072.5566
  20
2626.8379
  0
VERTEX
  5
b0f
  8
Layer_4
  10
1072.4508
  20
2630.7222
  0
VERTEX
  5
b10
  8
Layer_4
  10
1072.345
  20
2634.6143
  0
VERTEX
  5
b11
  8
Layer_4
  10
1072.239
  20
2638.5142
  0
VERTEX
  5
b12
  8
Layer_4
  10
1072.1331
  20
2642.4214
  0
VERTEX
  5
b13
  8
Layer_4
  10
1072.0269
  20
2646.3369
  0
VERTEX
  5
b14
  8
Layer_4
  10
1071.9208
  20
2650.2603
  0
VERTEX
  5
b15
  8
Layer_4
  10
1071.8146
  20
2654.1914
  0
VERTEX
  5
b16
  8
Layer_4
  10
1071.7084
  20
2658.1309
  0
VERTEX
  5
b17
  8
Layer_4
  10
1071.6022
  20
2662.0781
  0
VERTEX
  5
b18
  8
Layer_4
  10
1071.496
  20
2666.0337
  0
VERTEX
  5
b19
  8
Layer_4
  10
1061.1932
  20
3050
  0
SEQEND
  0
POLYLINE
  5
b1b
  8
Layer_4
  62
52
  66
1
  10
0
  20
0
  30
0
  0
VERTEX
  5
b1b
  8
Layer_4
  10
1115.9493
  20
260.00049
  0
VERTEX
  5
b1c
  8
Layer_4
  10
1102.0067
  20
493.01831
  42
-0.017945656
  0
VERTEX
  5
b1d
  8
Layer_4
  10
1088.6475
  20
1052.4199
  0
VERTEX
  5
b1e
  8
Layer_4
  10
1088.691
  20
1055.877
  0
VERTEX
  5
b1f
  8
Layer_4
  10
1088.7393
  20
1059.3337
  0
VERTEX
  5
b20
  8
Layer_4
  10
1088.7915
  20
1062.7905
  0
VERTEX
  5
b21
  8
Layer_4
  10
1088.8481
  20
1066.2471
  0
VERTEX
  5
b22
  8
Layer_4
  10
1088.9092
  20
1069.7036
  0
VERTEX
  5
b23
  8
Layer_4
  10
1088.9745
  20
1073.1599
  0
VERTEX
  5
b24
  8
Layer_4
  10
1089.0441
  20
1076.6162
  0
VERTEX
  5
b25
  8
Layer_4
  10
1089.118
  20
1080.0723
  0
VERTEX
  5
b26
  8
Layer_4
  10
1089.1962
  20
1083.5281
  0
VERTEX
  5
b27
  8
Layer_4
  10
1089.2786
  20
1086.9839
  0
VERTEX
  5
b28
  8
Layer_4
  10
1089.3654
  20
1090.4397
  0
VERTEX
  5
b29
  8
Layer_4
  10
1089.4563
  20
1093.895
  0
VERTEX
  5
b2a
  8
Layer_4
  10
1089.5515
  20
1097.3506
  0
VERTEX
  5
b2b
  8
Layer_4
  10
1089.6509
  20
1100.8057
  0
VERTEX
  5
b2c
  8
Layer_4
  10
1089.7545
  20
1104.2607
  0
VERTEX
  5
b2d
  8
Layer_4
  10
1089.8623
  20
1107.7156
  0
VERTEX
  5
b2e
  8
Layer_4
  10
1089.9742
  20
1111.1704
  0
VERTEX
  5
b2f
  8
Layer_4
  10
1090.0906
  20
1114.625
  0
VERTEX
  5
b30
  8
Layer_4
  10
1090.2111
  20
1118.0793
  0
VERTEX
  5
b31
  8
Layer_4
  10
1090.3354
  20
1121.5334
  0
VERTEX
  5
b32
  8
Layer_4
  10
1090.4642
  20
1124.9875
  0
VERTEX
  5
b33
  8
Layer_4
  10
1090.597
  20
1128.4414
  0
VERTEX
  5
b34
  8
Layer_4
  10
1090.7341
  20
1131.895
  0
VERTEX
  5
b35
  8
Layer_4
  10
1090.8752
  20
1135.3484
  0
VERTEX
  5
b36
  8
Layer_4
  10
1091.0205
  20
1138.8015
  0
VERTEX
  5
b37
  8
Layer_4
  10
1091.1698
  20
1142.2546
  0
VERTEX
  5
b38
  8
Layer_4
  10
1091.3232
  20
1145.7075
  0
VERTEX
  5
b39
  8
Layer_4
  10
1091.4808
  20
1149.1602
  0
VERTEX
  5
b3a
  8
Layer_4
  10
1091.6425
  20
1152.6128
  0
VERTEX
  5
b3b
  8
Layer_4
  10
1091.8081
  20
1156.0649
  0
VERTEX
  5
b3c
  8
Layer_4
  10
1091.9779
  20
1159.5166
  0
VERTEX
  5
b3d
  8
Layer_4
  10
1092.1517
  20
1162.9688
  0
VERTEX
  5
b3e
  8
Layer_4
  10
1092.3295
  20
1166.4199
  0
VERTEX
  5
b3f
  8
Layer_4
  10
1092.5114
  20
1169.8716
  0
VERTEX
  5
b40
  8
Layer_4
  10
1092.6971
  20
1173.3223
  0
VERTEX
  5
b41
  8
Layer_4
  10
1092.8871
  20
1176.7734
  0
VERTEX
  5
b42
  8
Layer_4
  10
1093.0811
  20
1180.2241
  0
VERTEX
  5
b43
  8
Layer_4
  10
1093.2788
  20
1183.6743
  0
VERTEX
  5
b44
  8
Layer_4
  10
1093.4807
  20
1187.1245
  0
VERTEX
  5
b45
  8
Layer_4
  10
1093.6865
  20
1190.5742
  0
VERTEX
  5
b46
  8
Layer_4
  10
1093.8962
  20
1194.0239
  0
VERTEX
  5
b47
  8
Layer_4
  10
1094.11
  20
1197.4731
  0
VERTEX
  5
b48
  8
Layer_4
  10
1094.3276
  20
1200.9224
  0
VERTEX
  5
b49
  8
Layer_4
  10
1094.5492
  20
1204.3711
  0
VERTEX
  5
b4a
  8
Layer_4
  10
1094.7747
  20
1207.8198
  0
VERTEX
  5
b4b
  8
Layer_4
  10
1095.0042
  20
1211.2681
  0
VERTEX
  5
b4c
  8
Layer_4
  10
1095.2374
  20
1214.7163
  0
VERTEX
  5
b4d
  8
Layer_4
  10
1095.4746
  20
1218.1636
  0
VERTEX
  5
b4e
  8
Layer_4
  10
1095.7157
  20
1221.6113
  0
VERTEX
  5
b4f
  8
Layer_4
  10
1095.9606
  20
1225.0586
  0
VERTEX
  5
b50
  8
Layer_4
  10
1096.2094
  20
1228.5054
  0
VERTEX
  5
b51
  8
Layer_4
  10
1096.4622
  20
1231.9517
  0
VERTEX
  5
b52
  8
Layer_4
  10
1096.7185
  20
1235.3979
  0
VERTEX
  5
b53
  8
Layer_4
  10
1096.9788
  20
1238.8442
  0
VERTEX
  5
b54
  8
Layer_4
  10
1097.243
  20
1242.2896
  0
VERTEX
  5
b55
  8
Layer_4
  10
1097.5109
  20
1245.7349
  0
VERTEX
  5
b56
  8
Layer_4
  10
1097.7826
  20
1249.1802
  0
VERTEX
  5
b57
  8
Layer_4
  10
1098.0581
  20
1252.625
  0
VERTEX
  5
b58
  8
Layer_4
  10
1098.3374
  20
1256.0693
  0
VERTEX
  5
b59
  8
Layer_4
  10
1098.6205
  20
1259.5132
  0
VERTEX
  5
b5a
  8
Layer_4
  10
1098.9073
  20
1262.957
  0
VERTEX
  5
b5b
  8
Layer_4
  10
1099.1979
  20
1266.4004
  0
VERTEX
  5
b5c
  8
Layer_4
  10
1099.4922
  20
1269.8433
  0
VERTEX
  5
b5d
  8
Layer_4
  10
1099.7903
  20
1273.2861
  0
VERTEX
  5
b5e
  8
Layer_4
  10
1132.7339
  20
1651.4521
  42
0.038803393
  0
VERTEX
  5
b5f
  8
Layer_4
  10
1142.1913
  20
2666.0342
  0
VERTEX
  5
b60
  8
Layer_4
  10
1115.9493
  20
3050
  0
SEQEND
  0
POLYLINE
  5
b62
  8
Layer_4
  62
52
  66
1
  10
0
  20
0
  30
0
  0
VERTEX
  5
b62
  8
Layer_4
  10
1189.097
  20
260.00049
  0
VERTEX
  5
b63
  8
Layer_4
  10
1148.7347
  20
1186.0815
  0
VERTEX
  5
b64
  8
Layer_4
  10
1148.5262
  20
1190.9648
  0
VERTEX
  5
b65
  8
Layer_4
  10
1148.3264
  20
1195.8486
  0
VERTEX
  5
b66
  8
Layer_4
  10
1148.1353
  20
1200.7319
  0
VERTEX
  5
b67
  8
Layer_4
  10
1147.9528
  20
1205.6157
  0
VERTEX
  5
b68
  8
Layer_4
  10
1147.7788
  20
1210.5
  0
VERTEX
  5
b69
  8
Layer_4
  10
1147.6136
  20
1215.3838
  0
VERTEX
  5
b6a
  8
Layer_4
  10
1147.457
  20
1220.2681
  0
VERTEX
  5
b6b
  8
Layer_4
  10
1147.3091
  20
1225.1523
  0
VERTEX
  5
b6c
  8
Layer_4
  10
1147.1699
  20
1230.0366
  0
VERTEX
  5
b6d
  8
Layer_4
  10
1147.0393
  20
1234.9209
  0
VERTEX
  5
b6e
  8
Layer_4
  10
1146.9174
  20
1239.8052
  0
VERTEX
  5
b6f
  8
Layer_4
  10
1146.8041
  20
1244.6895
  0
VERTEX
  5
b70
  8
Layer_4
  10
1146.6993
  20
1249.5737
  0
VERTEX
  5
b71
  8
Layer_4
  10
1146.6034
  20
1254.458
  0
VERTEX
  5
b72
  8
Layer_4
  10
1146.5161
  20
1259.3423
  0
VERTEX
  5
b73
  8
Layer_4
  10
1146.4374
  20
1264.2266
  0
VERTEX
  5
b74
  8
Layer_4
  10
1146.3673
  20
1269.1108
  0
VERTEX
  5
b75
  8
Layer_4
  10
1146.3059
  20
1273.9946
  0
VERTEX
  5
b76
  8
Layer_4
  10
1146.2531
  20
1278.8789
  0
VERTEX
  5
b77
  8
Layer_4
  10
1146.209
  20
1283.7627
  0
VERTEX
  5
b78
  8
Layer_4
  10
1146.1735
  20
1288.646
  0
VERTEX
  5
b79
  8
Layer_4
  10
1146.1466
  20
1293.5298
  0
VERTEX
  5
b7a
  8
Layer_4
  10
1146.1284
  20
1298.4131
  0
VERTEX
  5
b7b
  8
Layer_4
  10
1146.1188
  20
1303.2964
  0
VERTEX
  5
b7c
  8
Layer_4
  10
1146.1179
  20
1308.1792
  0
VERTEX
  5
b7d
  8
Layer_4
  10
1146.1255
  20
1313.062
  0
VERTEX
  5
b7e
  8
Layer_4
  10
1146.1418
  20
1317.9443
  0
VERTEX
  5
b7f
  8
Layer_4
  10
1146.1667
  20
1322.8267
  0
VERTEX
  5
b80
  8
Layer_4
  10
1146.2004
  20
1327.7085
  0
VERTEX
  5
b81
  8
Layer_4
  10
1146.2426
  20
1332.5903
  0
VERTEX
  5
b82
  8
Layer_4
  10
1146.2935
  20
1337.4717
  0
VERTEX
  5
b83
  8
Layer_4
  10
1146.3529
  20
1342.3525
  0
VERTEX
  5
b84
  8
Layer_4
  10
1146.421
  20
1347.2334
  0
VERTEX
  5
b85
  8
Layer_4
  10
1146.4977
  20
1352.1138
  0
VERTEX
  5
b86
  8
Layer_4
  10
1146.583
  20
1356.9937
  0
VERTEX
  5
b87
  8
Layer_4
  10
1146.677
  20
1361.8735
  0
VERTEX
  5
b88
  8
Layer_4
  10
1146.7795
  20
1366.7524
  0
VERTEX
  5
b89
  8
Layer_4
  10
1146.8907
  20
1371.6313
  0
VERTEX
  5
b8a
  8
Layer_4
  10
1147.0106
  20
1376.5098
  0
VERTEX
  5
b8b
  8
Layer_4
  10
1147.139
  20
1381.3877
  0
VERTEX
  5
b8c
  8
Layer_4
  10
1147.276
  20
1386.2651
  0
VERTEX
  5
b8d
  8
Layer_4
  10
1147.4218
  20
1391.1421
  0
VERTEX
  5
b8e
  8
Layer_4
  10
1147.576
  20
1396.0186
  0
VERTEX
  5
b8f
  8
Layer_4
  10
1147.7389
  20
1400.8945
  0
VERTEX
  5
b90
  8
Layer_4
  10
1147.9104
  20
1405.77
  0
VERTEX
  5
b91
  8
Layer_4
  10
1148.0905
  20
1410.6445
  0
VERTEX
  5
b92
  8
Layer_4
  10
1148.2792
  20
1415.519
  0
VERTEX
  5
b93
  8
Layer_4
  10
1148.4764
  20
1420.3926
  0
VERTEX
  5
b94
  8
Layer_4
  10
1148.6825
  20
1425.2656
  0
VERTEX
  5
b95
  8
Layer_4
  10
1148.897
  20
1430.1382
  0
VERTEX
  5
b96
  8
Layer_4
  10
1149.1202
  20
1435.0103
  0
VERTEX
  5
b97
  8
Layer_4
  10
1149.3519
  20
1439.8813
  0
VERTEX
  5
b98
  8
Layer_4
  10
1149.5923
  20
1444.752
  0
VERTEX
  5
b99
  8
Layer_4
  10
1149.8413
  20
1449.6216
  0
VERTEX
  5
b9a
  8
Layer_4
  10
1150.0988
  20
1454.4912
  0
VERTEX
  5
b9b
  8
Layer_4
  10
1150.365
  20
1459.3594
  0
VERTEX
  5
b9c
  8
Layer_4
  10
1150.6396
  20
1464.2271
  0
VERTEX
  5
b9d
  8
Layer_4
  10
1150.9231
  20
1469.0942
  0
VERTEX
  5
b9e
  8
Layer_4
  10
1151.215
  20
1473.9604
  0
VERTEX
  5
b9f
  8
Layer_4
  10
1151.5156
  20
1478.8257
  0
VERTEX
  5
ba0
  8
Layer_4
  10
1151.8247
  20
1483.6904
  0
VERTEX
  5
ba1
  8
Layer_4
  10
1152.1425
  20
1488.5542
  0
VERTEX
  5
ba2
  8
Layer_4
  10
1152.4688
  20
1493.4175
  0
VERTEX
  5
ba3
  8
Layer_4
  10
1152.8037
  20
1498.2793
  0
VERTEX
  5
ba4
  8
Layer_4
  10
1153.1472
  20
1503.1406
  0
VERTEX
  5
ba5
  8
Layer_4
  10
1153.4993
  20
1508.001
  0
VERTEX
  5
ba6
  8
Layer_4
  10
1153.86
  20
1512.8608
  0
VERTEX
  5
ba7
  8
Layer_4
  10
1154.2292
  20
1517.7192
  0
VERTEX
  5
ba8
  8
Layer_4
  10
1154.6071
  20
1522.5771
  0
VERTEX
  5
ba9
  8
Layer_4
  10
1154.9935
  20
1527.4341
  0
VERTEX
  5
baa
  8
Layer_4
  10
1155.3885
  20
1532.2896
  0
VERTEX
  5
bab
  8
Layer_4
  10
1155.7921
  20
1537.1445
  0
VERTEX
  5
bac
  8
Layer_4
  10
1156.2043
  20
1541.9985
  0
VERTEX
  5
bad
  8
Layer_4
  10
1156.625
  20
1546.8511
  0
VERTEX
  5
bae
  8
Layer_4
  10
1157.0544
  20
1551.7031
  0
VERTEX
  5
baf
  8
Layer_4
  10
1157.4923
  20
1556.5537
  0
VERTEX
  5
bb0
  8
Layer_4
  10
1157.9387
  20
1561.4033
  0
VERTEX
  5
bb1
  8
Layer_4
  10
1158.3938
  20
1566.252
  0
VERTEX
  5
bb2
  8
Layer_4
  10
1158.8574
  20
1571.0996
  0
VERTEX
  5
bb3
  8
Layer_4
  10
1159.3296
  20
1575.9458
  0
VERTEX
  5
bb4
  8
Layer_4
  10
1159.8104
  20
1580.7915
  0
VERTEX
  5
bb5
  8
Layer_4
  10
1160.2997
  20
1585.6357
  0
VERTEX
  5
bb6
  8
Layer_4
  10
1160.7977
  20
1590.4785
  0
VERTEX
  5
bb7
  8
Layer_4
  10
1161.3041
  20
1595.3203
  0
VERTEX
  5
bb8
  8
Layer_4
  10
1161.8192
  20
1600.1611
  0
VERTEX
  5
bb9
  8
Layer_4
  10
1162.3428
  20
1605.0005
  0
VERTEX
  5
bba
  8
Layer_4
  10
1162.875
  20
1609.8389
  0
VERTEX
  5
bbb
  8
Layer_4
  10
1163.4156
  20
1614.6758
  0
VERTEX
  5
bbc
  8
Layer_4
  10
1163.965
  20
1619.5112
  0
VERTEX
  5
bbd
  8
Layer_4
  10
1164.5228
  20
1624.3457
  0
VERTEX
  5
bbe
  8
Layer_4
  10
1165.0894
  20
1629.1792
  0
VERTEX
  5
bbf
  8
Layer_4
  10
1165.6642
  20
1634.0107
  0
VERTEX
  5
bc0
  8
Layer_4
  10
1166.2478
  20
1638.8413
  0
VERTEX
  5
bc1
  8
Layer_4
  10
1166.8398
  20
1643.6709
  0
VERTEX
  5
bc2
  8
Layer_4
  10
1167.4406
  20
1648.4985
  0
VERTEX
  5
bc3
  8
Layer_4
  10
1168.0497
  20
1653.3252
  0
VERTEX
  5
bc4
  8
Layer_4
  10
1168.6674
  20
1658.1504
  0
VERTEX
  5
bc5
  8
Layer_4
  10
1169.2937
  20
1662.9741
  0
VERTEX
  5
bc6
  8
Layer_4
  10
1169.9286
  20
1667.7964
  0
VERTEX
  5
bc7
  8
Layer_4
  10
1170.572
  20
1672.6172
  0
VERTEX
  5
bc8
  8
Layer_4
  10
1171.2239
  20
1677.4365
  0
VERTEX
  5
bc9
  8
Layer_4
  10
1171.8844
  20
1682.2544
  0
VERTEX
  5
bca
  8
Layer_4
  10
1172.5535
  20
1687.0708
  0
VERTEX
  5
bcb
  8
Layer_4
  10
1173.231
  20
1691.8857
  0
VERTEX
  5
bcc
  8
Layer_4
  10
1173.9172
  20
1696.6992
  0
VERTEX
  5
bcd
  8
Layer_4
  10
1174.6118
  20
1701.5112
  0
VERTEX
  5
bce
  8
Layer_4
  10
1175.3149
  20
1706.3218
  0
VERTEX
  5
bcf
  8
Layer_4
  10
1176.0269
  20
1711.1304
  0
VERTEX
  5
bd0
  8
Layer_4
  10
1176.7471
  20
1715.9375
  0
VERTEX
  5
bd1
  8
Layer_4
  10
1177.476
  20
1720.7432
  0
VERTEX
  5
bd2
  8
Layer_4
  10
1178.2133
  20
1725.5474
  0
VERTEX
  5
bd3
  8
Layer_4
  10
1178.9592
  20
1730.3496
  0
VERTEX
  5
bd4
  8
Layer_4
  10
1179.7136
  20
1735.1504
  0
VERTEX
  5
bd5
  8
Layer_4
  10
1180.4766
  20
1739.9492
  0
VERTEX
  5
bd6
  8
Layer_4
  10
1181.248
  20
1744.7466
  0
VERTEX
  5
bd7
  8
Layer_4
  10
1182.0281
  20
1749.5425
  0
VERTEX
  5
bd8
  8
Layer_4
  10
1182.8167
  20
1754.3364
  0
VERTEX
  5
bd9
  8
Layer_4
  10
1183.6136
  20
1759.1289
  0
VERTEX
  5
bda
  8
Layer_4
  10
1184.4194
  20
1763.9194
  0
VERTEX
  5
bdb
  8
Layer_4
  10
1185.2335
  20
1768.708
  0
VERTEX
  5
bdc
  8
Layer_4
  10
1186.0562
  20
1773.4951
  0
VERTEX
  5
bdd
  8
Layer_4
  10
1186.8873
  20
1778.2803
  0
VERTEX
  5
bde
  8
Layer_4
  10
1187.7271
  20
1783.0635
  0
VERTEX
  5
bdf
  8
Layer_4
  10
1188.5753
  20
1787.8452
  0
VERTEX
  5
be0
  8
Layer_4
  10
1189.432
  20
1792.6245
  0
VERTEX
  5
be1
  8
Layer_4
  10
1190.2972
  20
1797.4023
  0
VERTEX
  5
be2
  8
Layer_4
  10
1191.1711
  20
1802.1787
  0
VERTEX
  5
be3
  8
Layer_4
  10
1192.0533
  20
1806.9526
  0
VERTEX
  5
be4
  8
Layer_4
  10
1192.8436
  20
1811.2295
  0
VERTEX
  5
be5
  8
Layer_4
  10
1193.6257
  20
1815.5078
  0
VERTEX
  5
be6
  8
Layer_4
  10
1194.3998
  20
1819.7881
  0
VERTEX
  5
be7
  8
Layer_4
  10
1195.1658
  20
1824.0698
  0
VERTEX
  5
be8
  8
Layer_4
  10
1195.9238
  20
1828.3535
  0
VERTEX
  5
be9
  8
Layer_4
  10
1196.6737
  20
1832.6392
  0
VERTEX
  5
bea
  8
Layer_4
  10
1197.4156
  20
1836.9263
  0
VERTEX
  5
beb
  8
Layer_4
  10
1198.1495
  20
1841.2148
  0
VERTEX
  5
bec
  8
Layer_4
  10
1198.8752
  20
1845.5054
  0
VERTEX
  5
bed
  8
Layer_4
  10
1199.593
  20
1849.7974
  0
VERTEX
  5
bee
  8
Layer_4
  10
1200.3026
  20
1854.0908
  0
VERTEX
  5
bef
  8
Layer_4
  10
1201.0043
  20
1858.3862
  0
VERTEX
  5
bf0
  8
Layer_4
  10
1201.6978
  20
1862.6831
  0
VERTEX
  5
bf1
  8
Layer_4
  10
1202.3833
  20
1866.9814
  0
VERTEX
  5
bf2
  8
Layer_4
  10
1203.0607
  20
1871.2813
  0
VERTEX
  5
bf3
  8
Layer_4
  10
1203.7301
  20
1875.583
  0
VERTEX
  5
bf4
  8
Layer_4
  10
1204.3914
  20
1879.8857
  0
VERTEX
  5
bf5
  8
Layer_4
  10
1205.0447
  20
1884.1904
  0
VERTEX
  5
bf6
  8
Layer_4
  10
1205.6899
  20
1888.4966
  0
VERTEX
  5
bf7
  8
Layer_4
  10
1206.327
  20
1892.8042
  0
VERTEX
  5
bf8
  8
Layer_4
  10
1206.9561
  20
1897.1128
  0
VERTEX
  5
bf9
  8
Layer_4
  10
1207.5771
  20
1901.4233
  0
VERTEX
  5
bfa
  8
Layer_4
  10
1208.1899
  20
1905.7354
  0
VERTEX
  5
bfb
  8
Layer_4
  10
1208.7949
  20
1910.0483
  0
VERTEX
  5
bfc
  8
Layer_4
  10
1209.3916
  20
1914.3633
  0
VERTEX
  5
bfd
  8
Layer_4
  10
1209.9803
  20
1918.6792
  0
VERTEX
  5
bfe
  8
Layer_4
  10
1210.561
  20
1922.9966
  0
VERTEX
  5
bff
  8
Layer_4
  10
1211.1335
  20
1927.3154
  0
VERTEX
  5
c00
  8
Layer_4
  10
1211.6981
  20
1931.6353
  0
VERTEX
  5
c01
  8
Layer_4
  10
1212.2545
  20
1935.9565
  0
VERTEX
  5
c02
  8
Layer_4
  10
1212.8029
  20
1940.2793
  0
VERTEX
  5
c03
  8
Layer_4
  10
1213.3431
  20
1944.6035
  0
VERTEX
  5
c04
  8
Layer_4
  10
1213.8752
  20
1948.9287
  0
VERTEX
  5
c05
  8
Layer_4
  10
1214.3994
  20
1953.2549
  0
VERTEX
  5
c06
  8
Layer_4
  10
1214.9155
  20
1957.5825
  0
VERTEX
  5
c07
  8
Layer_4
  10
1215.4233
  20
1961.9116
  0
VERTEX
  5
c08
  8
Layer_4
  10
1215.9233
  20
1966.2417
  0
VERTEX
  5
c09
  8
Layer_4
  10
1216.415
  20
1970.5728
  0
VERTEX
  5
c0a
  8
Layer_4
  10
1216.8988
  20
1974.9053
  0
VERTEX
  5
c0b
  8
Layer_4
  10
1217.3744
  20
1979.2388
  0
VERTEX
  5
c0c
  8
Layer_4
  10
1217.8419
  20
1983.5737
  0
VERTEX
  5
c0d
  8
Layer_4
  10
1218.3014
  20
1987.9097
  0
VERTEX
  5
c0e
  8
Layer_4
  10
1218.7527
  20
1992.2466
  0
VERTEX
  5
c0f
  8
Layer_4
  10
1219.196
  20
1996.5845
  0
VERTEX
  5
c10
  8
Layer_4
  10
1219.6312
  20
2000.9233
  0
VERTEX
  5
c11
  8
Layer_4
  10
1220.0583
  20
2005.2637
  0
VERTEX
  5
c12
  8
Layer_4
  10
1220.4773
  20
2009.605
  0
VERTEX
  5
c13
  8
Layer_4
  10
1220.8882
  20
2013.9468
  0
VERTEX
  5
c14
  8
Layer_4
  10
1221.291
  20
2018.29
  0
VERTEX
  5
c15
  8
Layer_4
  10
1221.6857
  20
2022.6343
  0
VERTEX
  5
c16
  8
Layer_4
  10
1222.0723
  20
2026.9795
  0
VERTEX
  5
c17
  8
Layer_4
  10
1222.4508
  20
2031.3257
  0
VERTEX
  5
c18
  8
Layer_4
  10
1222.8212
  20
2035.6724
  0
VERTEX
  5
c19
  8
Layer_4
  10
1223.1835
  20
2040.0205
  0
VERTEX
  5
c1a
  8
Layer_4
  10
1223.5378
  20
2044.3696
  0
VERTEX
  5
c1b
  8
Layer_4
  10
1223.8839
  20
2048.7192
  0
VERTEX
  5
c1c
  8
Layer_4
  10
1224.2219
  20
2053.0698
  0
VERTEX
  5
c1d
  8
Layer_4
  10
1224.5518
  20
2057.4214
  0
VERTEX
  5
c1e
  8
Layer_4
  10
1224.8737
  20
2061.7734
  0
VERTEX
  5
c1f
  8
Layer_4
  10
1225.1873
  20
2066.127
  0
VERTEX
  5
c20
  8
Layer_4
  10
1225.4929
  20
2070.4805
  0
VERTEX
  5
c21
  8
Layer_4
  10
1225.7904
  20
2074.8354
  0
VERTEX
  5
c22
  8
Layer_4
  10
1226.0797
  20
2079.1909
  0
VERTEX
  5
c23
  8
Layer_4
  10
1226.361
  20
2083.5474
  0
VERTEX
  5
c24
  8
Layer_4
  10
1226.6342
  20
2087.9043
  0
VERTEX
  5
c25
  8
Layer_4
  10
1226.8992
  20
2092.2617
  0
VERTEX
  5
c26
  8
Layer_4
  10
1227.1561
  20
2096.6206
  0
VERTEX
  5
c27
  8
Layer_4
  10
1227.4049
  20
2100.9795
  0
VERTEX
  5
c28
  8
Layer_4
  10
1227.6456
  20
2105.3394
  0
VERTEX
  5
c29
  8
Layer_4
  10
1227.8782
  20
2109.6997
  0
VERTEX
  5
c2a
  8
Layer_4
  10
1228.1025
  20
2114.061
  0
VERTEX
  5
c2b
  8
Layer_4
  10
1228.319
  20
2118.4224
  0
VERTEX
  5
c2c
  8
Layer_4
  10
1228.5272
  20
2122.7852
  0
VERTEX
  5
c2d
  8
Layer_4
  10
1228.7273
  20
2127.1479
  0
VERTEX
  5
c2e
  8
Layer_4
  10
1228.9193
  20
2131.5112
  0
VERTEX
  5
c2f
  8
Layer_4
  10
1229.1031
  20
2135.8755
  0
VERTEX
  5
c30
  8
Layer_4
  10
1229.2789
  20
2140.2402
  0
VERTEX
  5
c31
  8
Layer_4
  10
1229.4465
  20
2144.6055
  0
VERTEX
  5
c32
  8
Layer_4
  10
1229.606
  20
2148.9707
  0
VERTEX
  5
c33
  8
Layer_4
  10
1229.7574
  20
2153.3369
  0
VERTEX
  5
c34
  8
Layer_4
  10
1229.9006
  20
2157.7036
  0
VERTEX
  5
c35
  8
Layer_4
  10
1230.0356
  20
2162.0708
  0
VERTEX
  5
c36
  8
Layer_4
  10
1230.1627
  20
2166.4385
  0
VERTEX
  5
c37
  8
Layer_4
  10
1230.2815
  20
2170.8066
  0
VERTEX
  5
c38
  8
Layer_4
  10
1230.3922
  20
2175.1748
  0
VERTEX
  5
c39
  8
Layer_4
  10
1230.4948
  20
2179.5435
  0
VERTEX
  5
c3a
  8
Layer_4
  10
1230.5892
  20
2183.9126
  0
VERTEX
  5
c3b
  8
Layer_4
  10
1230.6755
  20
2188.2822
  0
VERTEX
  5
c3c
  8
Layer_4
  10
1230.7537
  20
2192.6523
  0
VERTEX
  5
c3d
  8
Layer_4
  10
1230.8237
  20
2197.0225
  0
VERTEX
  5
c3e
  8
Layer_4
  10
1230.8856
  20
2201.3931
  0
VERTEX
  5
c3f
  8
Layer_4
  10
1230.9395
  20
2205.7637
  0
VERTEX
  5
c40
  8
Layer_4
  10
1230.985
  20
2210.1348
  0
VERTEX
  5
c41
  8
Layer_4
  10
1231.0225
  20
2214.5063
  0
VERTEX
  5
c42
  8
Layer_4
  10
1231.0518
  20
2218.8779
  0
VERTEX
  5
c43
  8
Layer_4
  10
1231.073
  20
2223.25
  0
VERTEX
  5
c44
  8
Layer_4
  10
1231.0861
  20
2227.6221
  0
VERTEX
  5
c45
  8
Layer_4
  10
1231.0909
  20
2231.9946
  0
VERTEX
  5
c46
  8
Layer_4
  10
1231.0876
  20
2236.3667
  0
VERTEX
  5
c47
  8
Layer_4
  10
1231.0763
  20
2240.7393
  0
VERTEX
  5
c48
  8
Layer_4
  10
1231.0568
  20
2245.1123
  0
VERTEX
  5
c49
  8
Layer_4
  10
1231.0291
  20
2249.4854
  0
VERTEX
  5
c4a
  8
Layer_4
  10
1230.9932
  20
2253.8584
  0
VERTEX
  5
c4b
  8
Layer_4
  10
1230.9493
  20
2258.2314
  0
VERTEX
  5
c4c
  8
Layer_4
  10
1230.8971
  20
2262.605
  0
VERTEX
  5
c4d
  8
Layer_4
  10
1230.8368
  20
2266.978
  0
VERTEX
  5
c4e
  8
Layer_4
  10
1230.7684
  20
2271.3516
  0
VERTEX
  5
c4f
  8
Layer_4
  10
1230.6917
  20
2275.7251
  0
VERTEX
  5
c50
  8
Layer_4
  10
1230.6071
  20
2280.0986
  0
VERTEX
  5
c51
  8
Layer_4
  10
1230.514
  20
2284.4722
  0
VERTEX
  5
c52
  8
Layer_4
  10
1230.413
  20
2288.8457
  0
VERTEX
  5
c53
  8
Layer_4
  10
1230.3037
  20
2293.2188
  0
VERTEX
  5
c54
  8
Layer_4
  10
1230.1863
  20
2297.5923
  0
VERTEX
  5
c55
  8
Layer_4
  10
1230.0607
  20
2301.9658
  0
VERTEX
  5
c56
  8
Layer_4
  10
1229.927
  20
2306.3389
  0
VERTEX
  5
c57
  8
Layer_4
  10
1229.7852
  20
2310.7119
  0
VERTEX
  5
c58
  8
Layer_4
  10
1229.6351
  20
2315.085
  0
VERTEX
  5
c59
  8
Layer_4
  10
1229.4768
  20
2319.458
  0
VERTEX
  5
c5a
  8
Layer_4
  10
1229.3104
  20
2323.8311
  0
VERTEX
  5
c5b
  8
Layer_4
  10
1229.1359
  20
2328.2036
  0
VERTEX
  5
c5c
  8
Layer_4
  10
1228.9532
  20
2332.5762
  0
VERTEX
  5
c5d
  8
Layer_4
  10
1228.7623
  20
2336.9482
  0
VERTEX
  5
c5e
  8
Layer_4
  10
1228.5632
  20
2341.3203
  0
VERTEX
  5
c5f
  8
Layer_4
  10
1228.356
  20
2345.6924
  0
VERTEX
  5
c60
  8
Layer_4
  10
1228.1405
  20
2350.064
  0
VERTEX
  5
c61
  8
Layer_4
  10
1227.9169
  20
2354.4351
  0
VERTEX
  5
c62
  8
Layer_4
  10
1227.6852
  20
2358.8066
  0
VERTEX
  5
c63
  8
Layer_4
  10
1227.4452
  20
2363.1772
  0
VERTEX
  5
c64
  8
Layer_4
  10
1189.097
  20
3050
  0
SEQEND
  0
POLYLINE
  5
c66
  8
Layer_4
  62
52
  66
1
  10
0
  20
0
  30
0
  0
VERTEX
  5
c66
  8
Layer_4
  10
1245.804
  20
3050
  0
VERTEX
  5
c67
  8
Layer_4
  10
1280.9611
  20
2123.9189
  0
VERTEX
  5
c68
  8
Layer_4
  10
1281.1426
  20
2119.0352
  0
VERTEX
  5
c69
  8
Layer_4
  10
1281.3167
  20
2114.1519
  0
VERTEX
  5
c6a
  8
Layer_4
  10
1281.4832
  20
2109.2681
  0
VERTEX
  5
c6b
  8
Layer_4
  10
1281.6422
  20
2104.3843
  0
VERTEX
  5
c6c
  8
Layer_4
  10
1281.7936
  20
2099.5005
  0
VERTEX
  5
c6d
  8
Layer_4
  10
1281.9375
  20
2094.6162
  0
VERTEX
  5
c6e
  8
Layer_4
  10
1282.0739
  20
2089.7324
  0
VERTEX
  5
c6f
  8
Layer_4
  10
1282.2028
  20
2084.8481
  0
VERTEX
  5
c70
  8
Layer_4
  10
1282.324
  20
2079.9639
  0
VERTEX
  5
c71
  8
Layer_4
  10
1282.4377
  20
2075.0796
  0
VERTEX
  5
c72
  8
Layer_4
  10
1282.5439
  20
2070.1953
  0
VERTEX
  5
c73
  8
Layer_4
  10
1282.6426
  20
2065.311
  0
VERTEX
  5
c74
  8
Layer_4
  10
1282.7338
  20
2060.4263
  0
VERTEX
  5
c75
  8
Layer_4
  10
1282.8174
  20
2055.542
  0
VERTEX
  5
c76
  8
Layer_4
  10
1282.8936
  20
2050.6577
  0
VERTEX
  5
c77
  8
Layer_4
  10
1282.962
  20
2045.7739
  0
VERTEX
  5
c78
  8
Layer_4
  10
1283.0231
  20
2040.8896
  0
VERTEX
  5
c79
  8
Layer_4
  10
1283.0767
  20
2036.0054
  0
VERTEX
  5
c7a
  8
Layer_4
  10
1283.1226
  20
2031.1216
  0
VERTEX
  5
c7b
  8
Layer_4
  10
1283.161
  20
2026.2378
  0
VERTEX
  5
c7c
  8
Layer_4
  10
1283.1919
  20
2021.354
  0
VERTEX
  5
c7d
  8
Layer_4
  10
1283.2153
  20
2016.4707
  0
VERTEX
  5
c7e
  8
Layer_4
  10
1283.2312
  20
2011.5874
  0
VERTEX
  5
c7f
  8
Layer_4
  10
1283.2395
  20
2006.7041
  0
VERTEX
  5
c80
  8
Layer_4
  10
1283.2404
  20
2001.8213
  0
VERTEX
  5
c81
  8
Layer_4
  10
1283.2336
  20
1996.9385
  0
VERTEX
  5
c82
  8
Layer_4
  10
1283.2194
  20
1992.0557
  0
VERTEX
  5
c83
  8
Layer_4
  10
1283.1978
  20
1987.1738
  0
VERTEX
  5
c84
  8
Layer_4
  10
1283.1685
  20
1982.2915
  0
VERTEX
  5
c85
  8
Layer_4
  10
1283.1317
  20
1977.4102
  0
VERTEX
  5
c86
  8
Layer_4
  10
1283.0874
  20
1972.5288
  0
VERTEX
  5
c87
  8
Layer_4
  10
1283.0356
  20
1967.6475
  0
VERTEX
  5
c88
  8
Layer_4
  10
1282.9763
  20
1962.7666
  0
VERTEX
  5
c89
  8
Layer_4
  10
1282.9095
  20
1957.8862
  0
VERTEX
  5
c8a
  8
Layer_4
  10
1282.8352
  20
1953.0063
  0
VERTEX
  5
c8b
  8
Layer_4
  10
1282.7533
  20
1948.127
  0
VERTEX
  5
c8c
  8
Layer_4
  10
1282.6639
  20
1943.2476
  0
VERTEX
  5
c8d
  8
Layer_4
  10
1282.5671
  20
1938.3687
  0
VERTEX
  5
c8e
  8
Layer_4
  10
1282.4628
  20
1933.4907
  0
VERTEX
  5
c8f
  8
Layer_4
  10
1282.351
  20
1928.6128
  0
VERTEX
  5
c90
  8
Layer_4
  10
1282.2314
  20
1923.7349
  0
VERTEX
  5
c91
  8
Layer_4
  10
1282.1047
  20
1918.8584
  0
VERTEX
  5
c92
  8
Layer_4
  10
1281.9703
  20
1913.9819
  0
VERTEX
  5
c93
  8
Layer_4
  10
1281.8284
  20
1909.106
  0
VERTEX
  5
c94
  8
Layer_4
  10
1281.679
  20
1904.2305
  0
VERTEX
  5
c95
  8
Layer_4
  10
1281.5221
  20
1899.3555
  0
VERTEX
  5
c96
  8
Layer_4
  10
1281.3577
  20
1894.481
  0
VERTEX
  5
c97
  8
Layer_4
  10
1281.1859
  20
1889.6074
  0
VERTEX
  5
c98
  8
Layer_4
  10
1281.0065
  20
1884.7344
  0
VERTEX
  5
c99
  8
Layer_4
  10
1280.8196
  20
1879.8618
  0
VERTEX
  5
c9a
  8
Layer_4
  10
1280.6252
  20
1874.9902
  0
VERTEX
  5
c9b
  8
Layer_4
  10
1280.4233
  20
1870.1187
  0
VERTEX
  5
c9c
  8
Layer_4
  10
1280.214
  20
1865.2485
  0
VERTEX
  5
c9d
  8
Layer_4
  10
1279.9971
  20
1860.3784
  0
VERTEX
  5
c9e
  8
Layer_4
  10
1279.7728
  20
1855.5093
  0
VERTEX
  5
c9f
  8
Layer_4
  10
1279.541
  20
1850.6406
  0
VERTEX
  5
ca0
  8
Layer_4
  10
1279.3016
  20
1845.7729
  0
VERTEX
  5
ca1
  8
Layer_4
  10
1279.0548
  20
1840.9063
  0
VERTEX
  5
ca2
  8
Layer_4
  10
1278.8005
  20
1836.04
  0
VERTEX
  5
ca3
  8
Layer_4
  10
1278.5387
  20
1831.1743
  0
VERTEX
  5
ca4
  8
Layer_4
  10
1278.2695
  20
1826.3096
  0
VERTEX
  5
ca5
  8
Layer_4
  10
1277.9927
  20
1821.4458
  0
VERTEX
  5
ca6
  8
Layer_4
  10
1277.7085
  20
1816.583
  0
VERTEX
  5
ca7
  8
Layer_4
  10
1277.4167
  20
1811.7207
  0
VERTEX
  5
ca8
  8
Layer_4
  10
1277.1176
  20
1806.8594
  0
VERTEX
  5
ca9
  8
Layer_4
  10
1276.8109
  20
1801.999
  0
VERTEX
  5
caa
  8
Layer_4
  10
1276.4967
  20
1797.1392
  0
VERTEX
  5
cab
  8
Layer_4
  10
1276.175
  20
1792.2808
  0
VERTEX
  5
cac
  8
Layer_4
  10
1275.8459
  20
1787.4233
  0
VERTEX
  5
cad
  8
Layer_4
  10
1275.5094
  20
1782.5664
  0
VERTEX
  5
cae
  8
Layer_4
  10
1275.1653
  20
1777.7104
  0
VERTEX
  5
caf
  8
Layer_4
  10
1274.8138
  20
1772.8555
  0
VERTEX
  5
cb0
  8
Layer_4
  10
1274.4547
  20
1768.002
  0
VERTEX
  5
cb1
  8
Layer_4
  10
1274.0883
  20
1763.1489
  0
VERTEX
  5
cb2
  8
Layer_4
  10
1273.7144
  20
1758.2974
  0
VERTEX
  5
cb3
  8
Layer_4
  10
1273.3329
  20
1753.4463
  0
VERTEX
  5
cb4
  8
Layer_4
  10
1272.944
  20
1748.5967
  0
VERTEX
  5
cb5
  8
Layer_4
  10
1272.5476
  20
1743.748
  0
VERTEX
  5
cb6
  8
Layer_4
  10
1272.1438
  20
1738.9009
  0
VERTEX
  5
cb7
  8
Layer_4
  10
1271.7325
  20
1734.0542
  0
VERTEX
  5
cb8
  8
Layer_4
  10
1271.3137
  20
1729.209
  0
VERTEX
  5
cb9
  8
Layer_4
  10
1270.8875
  20
1724.3647
  0
VERTEX
  5
cba
  8
Layer_4
  10
1270.4539
  20
1719.5215
  0
VERTEX
  5
cbb
  8
Layer_4
  10
1270.0126
  20
1714.6797
  0
VERTEX
  5
cbc
  8
Layer_4
  10
1269.564
  20
1709.8394
  0
VERTEX
  5
cbd
  8
Layer_4
  10
1269.1079
  20
1705
  0
VERTEX
  5
cbe
  8
Layer_4
  10
1268.6444
  20
1700.1616
  0
VERTEX
  5
cbf
  8
Layer_4
  10
1268.1733
  20
1695.3247
  0
VERTEX
  5
cc0
  8
Layer_4
  10
1267.6949
  20
1690.4888
  0
VERTEX
  5
cc1
  8
Layer_4
  10
1267.209
  20
1685.6543
  0
VERTEX
  5
cc2
  8
Layer_4
  10
1266.7156
  20
1680.8213
  0
VERTEX
  5
cc3
  8
Layer_4
  10
1266.2148
  20
1675.9893
  0
VERTEX
  5
cc4
  8
Layer_4
  10
1265.7065
  20
1671.1587
  0
VERTEX
  5
cc5
  8
Layer_4
  10
1265.1908
  20
1666.3296
  0
VERTEX
  5
cc6
  8
Layer_4
  10
1264.6676
  20
1661.5015
  0
VERTEX
  5
cc7
  8
Layer_4
  10
1264.137
  20
1656.6753
  0
VERTEX
  5
cc8
  8
Layer_4
  10
1263.5989
  20
1651.8501
  0
VERTEX
  5
cc9
  8
Layer_4
  10
1263.0533
  20
1647.0264
  0
VERTEX
  5
cca
  8
Layer_4
  10
1262.5004
  20
1642.2041
  0
VERTEX
  5
ccb
  8
Layer_4
  10
1261.9399
  20
1637.3833
  0
VERTEX
  5
ccc
  8
Layer_4
  10
1261.3721
  20
1632.564
  0
VERTEX
  5
ccd
  8
Layer_4
  10
1260.7968
  20
1627.7456
  0
VERTEX
  5
cce
  8
Layer_4
  10
1260.2141
  20
1622.9292
  0
VERTEX
  5
ccf
  8
Layer_4
  10
1259.6239
  20
1618.1143
  0
VERTEX
  5
cd0
  8
Layer_4
  10
1259.0262
  20
1613.3008
  0
VERTEX
  5
cd1
  8
Layer_4
  10
1258.4211
  20
1608.4888
  0
VERTEX
  5
cd2
  8
Layer_4
  10
1257.8086
  20
1603.6787
  0
VERTEX
  5
cd3
  8
Layer_4
  10
1257.1887
  20
1598.8701
  0
VERTEX
  5
cd4
  8
Layer_4
  10
1256.5613
  20
1594.0625
  0
VERTEX
  5
cd5
  8
Layer_4
  10
1255.9264
  20
1589.2568
  0
VERTEX
  5
cd6
  8
Layer_4
  10
1255.2842
  20
1584.4531
  0
VERTEX
  5
cd7
  8
Layer_4
  10
1254.6345
  20
1579.6504
  0
VERTEX
  5
cd8
  8
Layer_4
  10
1253.9773
  20
1574.8501
  0
VERTEX
  5
cd9
  8
Layer_4
  10
1253.3127
  20
1570.0508
  0
VERTEX
  5
cda
  8
Layer_4
  10
1252.6407
  20
1565.2534
  0
VERTEX
  5
cdb
  8
Layer_4
  10
1251.9613
  20
1560.4575
  0
VERTEX
  5
cdc
  8
Layer_4
  10
1251.2745
  20
1555.6636
  0
VERTEX
  5
cdd
  8
Layer_4
  10
1250.5802
  20
1550.8716
  0
VERTEX
  5
cde
  8
Layer_4
  10
1249.8785
  20
1546.0811
  0
VERTEX
  5
cdf
  8
Layer_4
  10
1249.1693
  20
1541.292
  0
VERTEX
  5
ce0
  8
Layer_4
  10
1248.4528
  20
1536.5054
  0
VERTEX
  5
ce1
  8
Layer_4
  10
1247.7288
  20
1531.7202
  0
VERTEX
  5
ce2
  8
Layer_4
  10
1246.9974
  20
1526.9365
  0
VERTEX
  5
ce3
  8
Layer_4
  10
1246.2585
  20
1522.1553
  0
VERTEX
  5
ce4
  8
Layer_4
  10
1245.5123
  20
1517.3755
  0
VERTEX
  5
ce5
  8
Layer_4
  10
1244.7585
  20
1512.5977
  0
VERTEX
  5
ce6
  8
Layer_4
  10
1243.9976
  20
1507.8218
  0
VERTEX
  5
ce7
  8
Layer_4
  10
1243.2289
  20
1503.0479
  0
VERTEX
  5
ce8
  8
Layer_4
  10
1242.5406
  20
1498.771
  0
VERTEX
  5
ce9
  8
Layer_4
  10
1241.8594
  20
1494.4927
  0
VERTEX
  5
cea
  8
Layer_4
  10
1241.1852
  20
1490.2124
  0
VERTEX
  5
ceb
  8
Layer_4
  10
1240.5179
  20
1485.9302
  0
VERTEX
  5
cec
  8
Layer_4
  10
1239.8577
  20
1481.6465
  0
VERTEX
  5
ced
  8
Layer_4
  10
1239.2045
  20
1477.3613
  0
VERTEX
  5
cee
  8
Layer_4
  10
1238.5583
  20
1473.0742
  0
VERTEX
  5
cef
  8
Layer_4
  10
1237.9191
  20
1468.7852
  0
VERTEX
  5
cf0
  8
Layer_4
  10
1237.2869
  20
1464.4951
  0
VERTEX
  5
cf1
  8
Layer_4
  10
1236.6617
  20
1460.2031
  0
VERTEX
  5
cf2
  8
Layer_4
  10
1236.0436
  20
1455.9092
  0
VERTEX
  5
cf3
  8
Layer_4
  10
1235.4324
  20
1451.6143
  0
VERTEX
  5
cf4
  8
Layer_4
  10
1234.8282
  20
1447.3174
  0
VERTEX
  5
cf5
  8
Layer_4
  10
1234.2312
  20
1443.019
  0
VERTEX
  5
cf6
  8
Layer_4
  10
1233.6412
  20
1438.7188
  0
VERTEX
  5
cf7
  8
Layer_4
  10
1233.0581
  20
1434.4175
  0
VERTEX
  5
cf8
  8
Layer_4
  10
1232.4821
  20
1430.1143
  0
VERTEX
  5
cf9
  8
Layer_4
  10
1231.9131
  20
1425.8096
  0
VERTEX
  5
cfa
  8
Layer_4
  10
1231.3511
  20
1421.5039
  0
VERTEX
  5
cfb
  8
Layer_4
  10
1230.7961
  20
1417.1963
  0
VERTEX
  5
cfc
  8
Layer_4
  10
1230.2482
  20
1412.8872
  0
VERTEX
  5
cfd
  8
Layer_4
  10
1229.7073
  20
1408.5767
  0
VERTEX
  5
cfe
  8
Layer_4
  10
1229.1733
  20
1404.2651
  0
VERTEX
  5
cff
  8
Layer_4
  10
1228.6466
  20
1399.9517
  0
VERTEX
  5
d00
  8
Layer_4
  10
1228.1267
  20
1395.6372
  0
VERTEX
  5
d01
  8
Layer_4
  10
1227.6139
  20
1391.3213
  0
VERTEX
  5
d02
  8
Layer_4
  10
1227.1082
  20
1387.0039
  0
VERTEX
  5
d03
  8
Layer_4
  10
1226.6094
  20
1382.6851
  0
VERTEX
  5
d04
  8
Layer_4
  10
1226.1177
  20
1378.3647
  0
VERTEX
  5
d05
  8
Layer_4
  10
1225.6331
  20
1374.0435
  0
VERTEX
  5
d06
  8
Layer_4
  10
1225.1554
  20
1369.7207
  0
VERTEX
  5
d07
  8
Layer_4
  10
1224.6848
  20
1365.397
  0
VERTEX
  5
d08
  8
Layer_4
  10
1224.2213
  20
1361.0718
  0
VERTEX
  5
d09
  8
Layer_4
  10
1223.7648
  20
1356.7451
  0
VERTEX
  5
d0a
  8
Layer_4
  10
1223.3153
  20
1352.4175
  0
VERTEX
  5
d0b
  8
Layer_4
  10
1222.8728
  20
1348.0889
  0
VERTEX
  5
d0c
  8
Layer_4
  10
1222.4374
  20
1343.7588
  0
VERTEX
  5
d0d
  8
Layer_4
  10
1222.0092
  20
1339.4272
  0
VERTEX
  5
d0e
  8
Layer_4
  10
1221.5876
  20
1335.0947
  0
VERTEX
  5
d0f
  8
Layer_4
  10
1221.1735
  20
1330.7612
  0
VERTEX
  5
d10
  8
Layer_4
  10
1220.7662
  20
1326.4268
  0
VERTEX
  5
d11
  8
Layer_4
  10
1220.366
  20
1322.0908
  0
VERTEX
  5
d12
  8
Layer_4
  10
1219.9729
  20
1317.7539
  0
VERTEX
  5
d13
  8
Layer_4
  10
1219.5868
  20
1313.416
  0
VERTEX
  5
d14
  8
Layer_4
  10
1219.2076
  20
1309.0767
  0
VERTEX
  5
d15
  8
Layer_4
  10
1218.8357
  20
1304.7368
  0
VERTEX
  5
d16
  8
Layer_4
  10
1218.4708
  20
1300.3955
  0
VERTEX
  5
d17
  8
Layer_4
  10
1218.1128
  20
1296.0532
  0
VERTEX
  5
d18
  8
Layer_4
  10
1217.762
  20
1291.71
  0
VERTEX
  5
d19
  8
Layer_4
  10
1217.4182
  20
1287.3657
  0
VERTEX
  5
d1a
  8
Layer_4
  10
1217.0814
  20
1283.0205
  0
VERTEX
  5
d1b
  8
Layer_4
  10
1216.7517
  20
1278.6748
  0
VERTEX
  5
d1c
  8
Layer_4
  10
1216.4291
  20
1274.3276
  0
VERTEX
  5
d1d
  8
Layer_4
  10
1216.1135
  20
1269.9795
  0
VERTEX
  5
d1e
  8
Layer_4
  10
1215.8051
  20
1265.6309
  0
VERTEX
  5
d1f
  8
Layer_4
  10
1215.5035
  20
1261.2808
  0
VERTEX
  5
d20
  8
Layer_4
  10
1215.2091
  20
1256.9302
  0
VERTEX
  5
d21
  8
Layer_4
  10
1214.9218
  20
1252.5791
  0
VERTEX
  5
d22
  8
Layer_4
  10
1214.6414
  20
1248.2266
  0
VERTEX
  5
d23
  8
Layer_4
  10
1214.3682
  20
1243.8735
  0
VERTEX
  5
d24
  8
Layer_4
  10
1214.1021
  20
1239.5195
  0
VERTEX
  5
d25
  8
Layer_4
  10
1213.8429
  20
1235.165
  0
VERTEX
  5
d26
  8
Layer_4
  10
1213.5908
  20
1230.8091
  0
VERTEX
  5
d27
  8
Layer_4
  10
1213.3458
  20
1226.4531
  0
VERTEX
  5
d28
  8
Layer_4
  10
1213.1079
  20
1222.0962
  0
VERTEX
  5
d29
  8
Layer_4
  10
1212.877
  20
1217.7383
  0
VERTEX
  5
d2a
  8
Layer_4
  10
1212.6533
  20
1213.3799
  0
VERTEX
  5
d2b
  8
Layer_4
  10
1212.4365
  20
1209.021
  0
VERTEX
  5
d2c
  8
Layer_4
  10
1212.2269
  20
1204.6611
  0
VERTEX
  5
d2d
  8
Layer_4
  10
1212.0243
  20
1200.3003
  0
VERTEX
  5
d2e
  8
Layer_4
  10
1211.8289
  20
1195.9395
  0
VERTEX
  5
d2f
  8
Layer_4
  10
1211.6403
  20
1191.5776
  0
VERTEX
  5
d30
  8
Layer_4
  10
1211.459
  20
1187.2153
  0
VERTEX
  5
d31
  8
Layer_4
  10
1211.2847
  20
1182.8525
  0
VERTEX
  5
d32
  8
Layer_4
  10
1211.1174
  20
1178.4888
  0
VERTEX
  5
d33
  8
Layer_4
  10
1210.9573
  20
1174.125
  0
VERTEX
  5
d34
  8
Layer_4
  10
1210.8042
  20
1169.7603
  0
VERTEX
  5
d35
  8
Layer_4
  10
1210.6582
  20
1165.395
  0
VERTEX
  5
d36
  8
Layer_4
  10
1210.5193
  20
1161.0293
  0
VERTEX
  5
d37
  8
Layer_4
  10
1210.3875
  20
1156.6631
  0
VERTEX
  5
d38
  8
Layer_4
  10
1210.2627
  20
1152.2964
  0
VERTEX
  5
d39
  8
Layer_4
  10
1210.145
  20
1147.9292
  0
VERTEX
  5
d3a
  8
Layer_4
  10
1210.0344
  20
1143.562
  0
VERTEX
  5
d3b
  8
Layer_4
  10
1209.9309
  20
1139.1938
  0
VERTEX
  5
d3c
  8
Layer_4
  10
1209.8345
  20
1134.8254
  0
VERTEX
  5
d3d
  8
Layer_4
  10
1209.7451
  20
1130.4568
  0
VERTEX
  5
d3e
  8
Layer_4
  10
1209.6628
  20
1126.0874
  0
VERTEX
  5
d3f
  8
Layer_4
  10
1209.5876
  20
1121.718
  0
VERTEX
  5
d40
  8
Layer_4
  10
1209.5197
  20
1117.3479
  0
VERTEX
  5
d41
  8
Layer_4
  10
1209.4586
  20
1112.9778
  0
VERTEX
  5
d42
  8
Layer_4
  10
1209.4047
  20
1108.6074
  0
VERTEX
  5
d43
  8
Layer_4
  10
1209.3579
  20
1104.2363
  0
VERTEX
  5
d44
  8
Layer_4
  10
1209.3181
  20
1099.8652
  0
VERTEX
  5
d45
  8
Layer_4
  10
1209.2855
  20
1095.4939
  0
VERTEX
  5
d46
  8
Layer_4
  10
1209.26
  20
1091.1223
  0
VERTEX
  5
d47
  8
Layer_4
  10
1209.2415
  20
1086.7502
  0
VERTEX
  5
d48
  8
Layer_4
  10
1209.2301
  20
1082.3782
  0
VERTEX
  5
d49
  8
Layer_4
  10
1209.226
  20
1078.0059
  0
VERTEX
  5
d4a
  8
Layer_4
  10
1209.2288
  20
1073.6333
  0
VERTEX
  5
d4b
  8
Layer_4
  10
1209.2386
  20
1069.2607
  0
VERTEX
  5
d4c
  8
Layer_4
  10
1209.2556
  20
1064.8879
  0
VERTEX
  5
d4d
  8
Layer_4
  10
1209.2798
  20
1060.5149
  0
VERTEX
  5
d4e
  8
Layer_4
  10
1209.311
  20
1056.1418
  0
VERTEX
  5
d4f
  8
Layer_4
  10
1209.3492
  20
1051.7688
  0
VERTEX
  5
d50
  8
Layer_4
  10
1209.3947
  20
1047.3955
  0
VERTEX
  5
d51
  8
Layer_4
  10
1209.4471
  20
1043.0222
  0
VERTEX
  5
d52
  8
Layer_4
  10
1209.507
  20
1038.6487
  0
VERTEX
  5
d53
  8
Layer_4
  10
1209.5736
  20
1034.2751
  0
VERTEX
  5
d54
  8
Layer_4
  10
1209.6475
  20
1029.9019
  0
VERTEX
  5
d55
  8
Layer_4
  10
1209.7284
  20
1025.5283
  0
VERTEX
  5
d56
  8
Layer_4
  10
1209.8164
  20
1021.1548
  0
VERTEX
  5
d57
  8
Layer_4
  10
1209.9116
  20
1016.7815
  0
VERTEX
  5
d58
  8
Layer_4
  10
1210.0139
  20
1012.408
  0
VERTEX
  5
d59
  8
Layer_4
  10
1210.1232
  20
1008.0347
  0
VERTEX
  5
d5a
  8
Layer_4
  10
1210.2397
  20
1003.6614
  0
VERTEX
  5
d5b
  8
Layer_4
  10
1210.3633
  20
999.28809
  0
VERTEX
  5
d5c
  8
Layer_4
  10
1210.494
  20
994.91504
  0
VERTEX
  5
d5d
  8
Layer_4
  10
1210.6318
  20
990.54224
  0
VERTEX
  5
d5e
  8
Layer_4
  10
1210.7769
  20
986.16943
  0
VERTEX
  5
d5f
  8
Layer_4
  10
1210.9288
  20
981.79663
  0
VERTEX
  5
d60
  8
Layer_4
  10
1211.088
  20
977.42432
  0
VERTEX
  5
d61
  8
Layer_4
  10
1211.2543
  20
973.052
  0
VERTEX
  5
d62
  8
Layer_4
  10
1211.4277
  20
968.67993
  0
VERTEX
  5
d63
  8
Layer_4
  10
1211.6082
  20
964.30811
  0
VERTEX
  5
d64
  8
Layer_4
  10
1211.7958
  20
959.93628
  0
VERTEX
  5
d65
  8
Layer_4
  10
1211.9906
  20
955.56494
  0
VERTEX
  5
d66
  8
Layer_4
  10
1212.1925
  20
951.19385
  0
VERTEX
  5
d67
  8
Layer_4
  10
1212.4015
  20
946.823
  0
VERTEX
  5
d68
  8
Layer_4
  10
1245.804
  20
260.00049
  0
SEQEND
  0
POLYLINE
  5
d6a
  8
Layer_4
  62
52
  66
1
  10
0
  20
0
  30
0
  0
VERTEX
  5
d6a
  8
Layer_4
  10
1303.5638
  20
3050
  0
VERTEX
  5
d6b
  8
Layer_4
  10
1338.7208
  20
2123.9189
  0
VERTEX
  5
d6c
  8
Layer_4
  10
1338.9023
  20
2119.0352
  0
VERTEX
  5
d6d
  8
Layer_4
  10
1339.0765
  20
2114.1519
  0
VERTEX
  5
d6e
  8
Layer_4
  10
1339.243
  20
2109.2681
  0
VERTEX
  5
d6f
  8
Layer_4
  10
1339.402
  20
2104.3843
  0
VERTEX
  5
d70
  8
Layer_4
  10
1339.5535
  20
2099.5005
  0
VERTEX
  5
d71
  8
Layer_4
  10
1339.6974
  20
2094.6162
  0
VERTEX
  5
d72
  8
Layer_4
  10
1339.8337
  20
2089.7324
  0
VERTEX
  5
d73
  8
Layer_4
  10
1339.9625
  20
2084.8481
  0
VERTEX
  5
d74
  8
Layer_4
  10
1340.0837
  20
2079.9639
  0
VERTEX
  5
d75
  8
Layer_4
  10
1340.1976
  20
2075.0796
  0
VERTEX
  5
d76
  8
Layer_4
  10
1340.3038
  20
2070.1953
  0
VERTEX
  5
d77
  8
Layer_4
  10
1340.4025
  20
2065.311
  0
VERTEX
  5
d78
  8
Layer_4
  10
1340.4937
  20
2060.4263
  0
VERTEX
  5
d79
  8
Layer_4
  10
1340.5771
  20
2055.542
  0
VERTEX
  5
d7a
  8
Layer_4
  10
1340.6533
  20
2050.6577
  0
VERTEX
  5
d7b
  8
Layer_4
  10
1340.7219
  20
2045.7739
  0
VERTEX
  5
d7c
  8
Layer_4
  10
1340.783
  20
2040.8896
  0
VERTEX
  5
d7d
  8
Layer_4
  10
1340.8364
  20
2036.0054
  0
VERTEX
  5
d7e
  8
Layer_4
  10
1340.8824
  20
2031.1216
  0
VERTEX
  5
d7f
  8
Layer_4
  10
1340.9208
  20
2026.2378
  0
VERTEX
  5
d80
  8
Layer_4
  10
1340.9517
  20
2021.354
  0
VERTEX
  5
d81
  8
Layer_4
  10
1340.9751
  20
2016.4707
  0
VERTEX
  5
d82
  8
Layer_4
  10
1340.991
  20
2011.5874
  0
VERTEX
  5
d83
  8
Layer_4
  10
1340.9994
  20
2006.7041
  0
VERTEX
  5
d84
  8
Layer_4
  10
1341.0002
  20
2001.8213
  0
VERTEX
  5
d85
  8
Layer_4
  10
1340.9935
  20
1996.9385
  0
VERTEX
  5
d86
  8
Layer_4
  10
1340.9792
  20
1992.0557
  0
VERTEX
  5
d87
  8
Layer_4
  10
1340.9575
  20
1987.1738
  0
VERTEX
  5
d88
  8
Layer_4
  10
1340.9283
  20
1982.2915
  0
VERTEX
  5
d89
  8
Layer_4
  10
1340.8915
  20
1977.4102
  0
VERTEX
  5
d8a
  8
Layer_4
  10
1340.8473
  20
1972.5288
  0
VERTEX
  5
d8b
  8
Layer_4
  10
1340.7955
  20
1967.6475
  0
VERTEX
  5
d8c
  8
Layer_4
  10
1340.7362
  20
1962.7666
  0
VERTEX
  5
d8d
  8
Layer_4
  10
1340.6693
  20
1957.8862
  0
VERTEX
  5
d8e
  8
Layer_4
  10
1340.595
  20
1953.0063
  0
VERTEX
  5
d8f
  8
Layer_4
  10
1340.5132
  20
1948.127
  0
VERTEX
  5
d90
  8
Layer_4
  10
1340.4238
  20
1943.2476
  0
VERTEX
  5
d91
  8
Layer_4
  10
1340.327
  20
1938.3687
  0
VERTEX
  5
d92
  8
Layer_4
  10
1340.2227
  20
1933.4907
  0
VERTEX
  5
d93
  8
Layer_4
  10
1340.1107
  20
1928.6128
  0
VERTEX
  5
d94
  8
Layer_4
  10
1339.9915
  20
1923.7349
  0
VERTEX
  5
d95
  8
Layer_4
  10
1339.8645
  20
1918.8584
  0
VERTEX
  5
d96
  8
Layer_4
  10
1339.7301
  20
1913.9819
  0
VERTEX
  5
d97
  8
Layer_4
  10
1339.5883
  20
1909.106
  0
VERTEX
  5
d98
  8
Layer_4
  10
1339.4388
  20
1904.2305
  0
VERTEX
  5
d99
  8
Layer_4
  10
1339.282
  20
1899.3555
  0
VERTEX
  5
d9a
  8
Layer_4
  10
1339.1176
  20
1894.481
  0
VERTEX
  5
d9b
  8
Layer_4
  10
1338.9457
  20
1889.6074
  0
VERTEX
  5
d9c
  8
Layer_4
  10
1338.7664
  20
1884.7344
  0
VERTEX
  5
d9d
  8
Layer_4
  10
1338.5793
  20
1879.8618
  0
VERTEX
  5
d9e
  8
Layer_4
  10
1338.3851
  20
1874.9902
  0
VERTEX
  5
d9f
  8
Layer_4
  10
1338.1832
  20
1870.1187
  0
VERTEX
  5
da0
  8
Layer_4
  10
1337.9738
  20
1865.2485
  0
VERTEX
  5
da1
  8
Layer_4
  10
1337.757
  20
1860.3784
  0
VERTEX
  5
da2
  8
Layer_4
  10
1337.5326
  20
1855.5093
  0
VERTEX
  5
da3
  8
Layer_4
  10
1337.3008
  20
1850.6406
  0
VERTEX
  5
da4
  8
Layer_4
  10
1337.0615
  20
1845.7729
  0
VERTEX
  5
da5
  8
Layer_4
  10
1336.8147
  20
1840.9063
  0
VERTEX
  5
da6
  8
Layer_4
  10
1336.5604
  20
1836.04
  0
VERTEX
  5
da7
  8
Layer_4
  10
1336.2986
  20
1831.1743
  0
VERTEX
  5
da8
  8
Layer_4
  10
1336.0293
  20
1826.3096
  0
VERTEX
  5
da9
  8
Layer_4
  10
1335.7524
  20
1821.4458
  0
VERTEX
  5
daa
  8
Layer_4
  10
1335.4683
  20
1816.583
  0
VERTEX
  5
dab
  8
Layer_4
  10
1335.1766
  20
1811.7207
  0
VERTEX
  5
dac
  8
Layer_4
  10
1334.8774
  20
1806.8594
  0
VERTEX
  5
dad
  8
Layer_4
  10
1334.5707
  20
1801.999
  0
VERTEX
  5
dae
  8
Layer_4
  10
1334.2565
  20
1797.1392
  0
VERTEX
  5
daf
  8
Layer_4
  10
1333.9349
  20
1792.2808
  0
VERTEX
  5
db0
  8
Layer_4
  10
1333.6058
  20
1787.4233
  0
VERTEX
  5
db1
  8
Layer_4
  10
1333.2692
  20
1782.5664
  0
VERTEX
  5
db2
  8
Layer_4
  10
1332.925
  20
1777.7104
  0
VERTEX
  5
db3
  8
Layer_4
  10
1332.5736
  20
1772.8555
  0
VERTEX
  5
db4
  8
Layer_4
  10
1332.2146
  20
1768.002
  0
VERTEX
  5
db5
  8
Layer_4
  10
1331.8481
  20
1763.1489
  0
VERTEX
  5
db6
  8
Layer_4
  10
1331.4741
  20
1758.2974
  0
VERTEX
  5
db7
  8
Layer_4
  10
1331.0927
  20
1753.4463
  0
VERTEX
  5
db8
  8
Layer_4
  10
1330.7039
  20
1748.5967
  0
VERTEX
  5
db9
  8
Layer_4
  10
1330.3074
  20
1743.748
  0
VERTEX
  5
dba
  8
Layer_4
  10
1329.9036
  20
1738.9009
  0
VERTEX
  5
dbb
  8
Layer_4
  10
1329.4923
  20
1734.0542
  0
VERTEX
  5
dbc
  8
Layer_4
  10
1329.0735
  20
1729.209
  0
VERTEX
  5
dbd
  8
Layer_4
  10
1328.6473
  20
1724.3647
  0
VERTEX
  5
dbe
  8
Layer_4
  10
1328.2136
  20
1719.5215
  0
VERTEX
  5
dbf
  8
Layer_4
  10
1327.7725
  20
1714.6797
  0
VERTEX
  5
dc0
  8
Layer_4
  10
1327.3239
  20
1709.8394
  0
VERTEX
  5
dc1
  8
Layer_4
  10
1326.8677
  20
1705
  0
VERTEX
  5
dc2
  8
Layer_4
  10
1326.4042
  20
1700.1616
  0
VERTEX
  5
dc3
  8
Layer_4
  10
1325.9332
  20
1695.3247
  0
VERTEX
  5
dc4
  8
Layer_4
  10
1325.4547
  20
1690.4888
  0
VERTEX
  5
dc5
  8
Layer_4
  10
1324.9688
  20
1685.6543
  0
VERTEX
  5
dc6
  8
Layer_4
  10
1324.4753
  20
1680.8213
  0
VERTEX
  5
dc7
  8
Layer_4
  10
1323.9746
  20
1675.9893
  0
VERTEX
  5
dc8
  8
Layer_4
  10
1323.4663
  20
1671.1587
  0
VERTEX
  5
dc9
  8
Layer_4
  10
1322.9506
  20
1666.3296
  0
VERTEX
  5
dca
  8
Layer_4
  10
1322.4274
  20
1661.5015
  0
VERTEX
  5
dcb
  8
Layer_4
  10
1321.8969
  20
1656.6753
  0
VERTEX
  5
dcc
  8
Layer_4
  10
1321.3586
  20
1651.8501
  0
VERTEX
  5
dcd
  8
Layer_4
  10
1320.8132
  20
1647.0264
  0
VERTEX
  5
dce
  8
Layer_4
  10
1320.2603
  20
1642.2041
  0
VERTEX
  5
dcf
  8
Layer_4
  10
1319.6998
  20
1637.3833
  0
VERTEX
  5
dd0
  8
Layer_4
  10
1319.132
  20
1632.564
  0
VERTEX
  5
dd1
  8
Layer_4
  10
1318.5566
  20
1627.7456
  0
VERTEX
  5
dd2
  8
Layer_4
  10
1317.9739
  20
1622.9292
  0
VERTEX
  5
dd3
  8
Layer_4
  10
1317.3837
  20
1618.1143
  0
VERTEX
  5
dd4
  8
Layer_4
  10
1316.786
  20
1613.3008
  0
VERTEX
  5
dd5
  8
Layer_4
  10
1316.1809
  20
1608.4888
  0
VERTEX
  5
dd6
  8
Layer_4
  10
1315.5684
  20
1603.6787
  0
VERTEX
  5
dd7
  8
Layer_4
  10
1314.9485
  20
1598.8701
  0
VERTEX
  5
dd8
  8
Layer_4
  10
1314.321
  20
1594.0625
  0
VERTEX
  5
dd9
  8
Layer_4
  10
1313.6862
  20
1589.2568
  0
VERTEX
  5
dda
  8
Layer_4
  10
1313.0439
  20
1584.4531
  0
VERTEX
  5
ddb
  8
Layer_4
  10
1312.3943
  20
1579.6504
  0
VERTEX
  5
ddc
  8
Layer_4
  10
1311.7371
  20
1574.8501
  0
VERTEX
  5
ddd
  8
Layer_4
  10
1311.0726
  20
1570.0508
  0
VERTEX
  5
dde
  8
Layer_4
  10
1310.4006
  20
1565.2534
  0
VERTEX
  5
ddf
  8
Layer_4
  10
1309.7211
  20
1560.4575
  0
VERTEX
  5
de0
  8
Layer_4
  10
1309.0343
  20
1555.6636
  0
VERTEX
  5
de1
  8
Layer_4
  10
1308.34
  20
1550.8716
  0
VERTEX
  5
de2
  8
Layer_4
  10
1307.6383
  20
1546.0811
  0
VERTEX
  5
de3
  8
Layer_4
  10
1306.9291
  20
1541.292
  0
VERTEX
  5
de4
  8
Layer_4
  10
1306.2126
  20
1536.5054
  0
VERTEX
  5
de5
  8
Layer_4
  10
1305.4886
  20
1531.7202
  0
VERTEX
  5
de6
  8
Layer_4
  10
1304.7571
  20
1526.9365
  0
VERTEX
  5
de7
  8
Layer_4
  10
1304.0183
  20
1522.1553
  0
VERTEX
  5
de8
  8
Layer_4
  10
1303.272
  20
1517.3755
  0
VERTEX
  5
de9
  8
Layer_4
  10
1302.5184
  20
1512.5977
  0
VERTEX
  5
dea
  8
Layer_4
  10
1301.7573
  20
1507.8218
  0
VERTEX
  5
deb
  8
Layer_4
  10
1300.9886
  20
1503.0479
  0
VERTEX
  5
dec
  8
Layer_4
  10
1300.3005
  20
1498.771
  0
VERTEX
  5
ded
  8
Layer_4
  10
1299.6191
  20
1494.4927
  0
VERTEX
  5
dee
  8
Layer_4
  10
1298.9449
  20
1490.2124
  0
VERTEX
  5
def
  8
Layer_4
  10
1298.2777
  20
1485.9302
  0
VERTEX
  5
df0
  8
Layer_4
  10
1297.6176
  20
1481.6465
  0
VERTEX
  5
df1
  8
Layer_4
  10
1296.9644
  20
1477.3613
  0
VERTEX
  5
df2
  8
Layer_4
  10
1296.3181
  20
1473.0742
  0
VERTEX
  5
df3
  8
Layer_4
  10
1295.679
  20
1468.7852
  0
VERTEX
  5
df4
  8
Layer_4
  10
1295.0468
  20
1464.4951
  0
VERTEX
  5
df5
  8
Layer_4
  10
1294.4215
  20
1460.2031
  0
VERTEX
  5
df6
  8
Layer_4
  10
1293.8033
  20
1455.9092
  0
VERTEX
  5
df7
  8
Layer_4
  10
1293.1923
  20
1451.6143
  0
VERTEX
  5
df8
  8
Layer_4
  10
1292.5881
  20
1447.3174
  0
VERTEX
  5
df9
  8
Layer_4
  10
1291.991
  20
1443.019
  0
VERTEX
  5
dfa
  8
Layer_4
  10
1291.401
  20
1438.7188
  0
VERTEX
  5
dfb
  8
Layer_4
  10
1290.8179
  20
1434.4175
  0
VERTEX
  5
dfc
  8
Layer_4
  10
1290.2419
  20
1430.1143
  0
VERTEX
  5
dfd
  8
Layer_4
  10
1289.6729
  20
1425.8096
  0
VERTEX
  5
dfe
  8
Layer_4
  10
1289.1108
  20
1421.5039
  0
VERTEX
  5
dff
  8
Layer_4
  10
1288.5559
  20
1417.1963
  0
VERTEX
  5
e00
  8
Layer_4
  10
1288.0081
  20
1412.8872
  0
VERTEX
  5
e01
  8
Layer_4
  10
1287.467
  20
1408.5767
  0
VERTEX
  5
e02
  8
Layer_4
  10
1286.9332
  20
1404.2651
  0
VERTEX
  5
e03
  8
Layer_4
  10
1286.4064
  20
1399.9517
  0
VERTEX
  5
e04
  8
Layer_4
  10
1285.8865
  20
1395.6372
  0
VERTEX
  5
e05
  8
Layer_4
  10
1285.3738
  20
1391.3213
  0
VERTEX
  5
e06
  8
Layer_4
  10
1284.868
  20
1387.0039
  0
VERTEX
  5
e07
  8
Layer_4
  10
1284.3693
  20
1382.6851
  0
VERTEX
  5
e08
  8
Layer_4
  10
1283.8776
  20
1378.3647
  0
VERTEX
  5
e09
  8
Layer_4
  10
1283.3929
  20
1374.0435
  0
VERTEX
  5
e0a
  8
Layer_4
  10
1282.9153
  20
1369.7207
  0
VERTEX
  5
e0b
  8
Layer_4
  10
1282.4447
  20
1365.397
  0
VERTEX
  5
e0c
  8
Layer_4
  10
1281.9811
  20
1361.0718
  0
VERTEX
  5
e0d
  8
Layer_4
  10
1281.5247
  20
1356.7451
  0
VERTEX
  5
e0e
  8
Layer_4
  10
1281.0751
  20
1352.4175
  0
VERTEX
  5
e0f
  8
Layer_4
  10
1280.6327
  20
1348.0889
  0
VERTEX
  5
e10
  8
Layer_4
  10
1280.1973
  20
1343.7588
  0
VERTEX
  5
e11
  8
Layer_4
  10
1279.7689
  20
1339.4272
  0
VERTEX
  5
e12
  8
Layer_4
  10
1279.3477
  20
1335.0947
  0
VERTEX
  5
e13
  8
Layer_4
  10
1278.9333
  20
1330.7612
  0
VERTEX
  5
e14
  8
Layer_4
  10
1278.526
  20
1326.4268
  0
VERTEX
  5
e15
  8
Layer_4
  10
1278.1259
  20
1322.0908
  0
VERTEX
  5
e16
  8
Layer_4
  10
1277.7327
  20
1317.7539
  0
VERTEX
  5
e17
  8
Layer_4
  10
1277.3466
  20
1313.416
  0
VERTEX
  5
e18
  8
Layer_4
  10
1276.9677
  20
1309.0767
  0
VERTEX
  5
e19
  8
Layer_4
  10
1276.5955
  20
1304.7368
  0
VERTEX
  5
e1a
  8
Layer_4
  10
1276.2306
  20
1300.3955
  0
VERTEX
  5
e1b
  8
Layer_4
  10
1275.8727
  20
1296.0532
  0
VERTEX
  5
e1c
  8
Layer_4
  10
1275.5219
  20
1291.71
  0
VERTEX
  5
e1d
  8
Layer_4
  10
1275.178
  20
1287.3657
  0
VERTEX
  5
e1e
  8
Layer_4
  10
1274.8413
  20
1283.0205
  0
VERTEX
  5
e1f
  8
Layer_4
  10
1274.5116
  20
1278.6748
  0
VERTEX
  5
e20
  8
Layer_4
  10
1274.1888
  20
1274.3276
  0
VERTEX
  5
e21
  8
Layer_4
  10
1273.8733
  20
1269.9795
  0
VERTEX
  5
e22
  8
Layer_4
  10
1273.5648
  20
1265.6309
  0
VERTEX
  5
e23
  8
Layer_4
  10
1273.2633
  20
1261.2808
  0
VERTEX
  5
e24
  8
Layer_4
  10
1272.9689
  20
1256.9302
  0
VERTEX
  5
e25
  8
Layer_4
  10
1272.6815
  20
1252.5791
  0
VERTEX
  5
e26
  8
Layer_4
  10
1272.4012
  20
1248.2266
  0
VERTEX
  5
e27
  8
Layer_4
  10
1272.1281
  20
1243.8735
  0
VERTEX
  5
e28
  8
Layer_4
  10
1271.8618
  20
1239.5195
  0
VERTEX
  5
e29
  8
Layer_4
  10
1271.6027
  20
1235.165
  0
VERTEX
  5
e2a
  8
Layer_4
  10
1271.3506
  20
1230.8091
  0
VERTEX
  5
e2b
  8
Layer_4
  10
1271.1057
  20
1226.4531
  0
VERTEX
  5
e2c
  8
Layer_4
  10
1270.8677
  20
1222.0962
  0
VERTEX
  5
e2d
  8
Layer_4
  10
1270.6368
  20
1217.7383
  0
VERTEX
  5
e2e
  8
Layer_4
  10
1270.4131
  20
1213.3799
  0
VERTEX
  5
e2f
  8
Layer_4
  10
1270.1964
  20
1209.021
  0
VERTEX
  5
e30
  8
Layer_4
  10
1269.9867
  20
1204.6611
  0
VERTEX
  5
e31
  8
Layer_4
  10
1269.7841
  20
1200.3003
  0
VERTEX
  5
e32
  8
Layer_4
  10
1269.5886
  20
1195.9395
  0
VERTEX
  5
e33
  8
Layer_4
  10
1269.4001
  20
1191.5776
  0
VERTEX
  5
e34
  8
Layer_4
  10
1269.2188
  20
1187.2153
  0
VERTEX
  5
e35
  8
Layer_4
  10
1269.0446
  20
1182.8525
  0
VERTEX
  5
e36
  8
Layer_4
  10
1268.8773
  20
1178.4888
  0
VERTEX
  5
e37
  8
Layer_4
  10
1268.717
  20
1174.125
  0
VERTEX
  5
e38
  8
Layer_4
  10
1268.5641
  20
1169.7603
  0
VERTEX
  5
e39
  8
Layer_4
  10
1268.4181
  20
1165.395
  0
VERTEX
  5
e3a
  8
Layer_4
  10
1268.2791
  20
1161.0293
  0
VERTEX
  5
e3b
  8
Layer_4
  10
1268.1473
  20
1156.6631
  0
VERTEX
  5
e3c
  8
Layer_4
  10
1268.0225
  20
1152.2964
  0
VERTEX
  5
e3d
  8
Layer_4
  10
1267.9049
  20
1147.9292
  0
VERTEX
  5
e3e
  8
Layer_4
  10
1267.7943
  20
1143.562
  0
VERTEX
  5
e3f
  8
Layer_4
  10
1267.6908
  20
1139.1938
  0
VERTEX
  5
e40
  8
Layer_4
  10
1267.5944
  20
1134.8254
  0
VERTEX
  5
e41
  8
Layer_4
  10
1267.505
  20
1130.4568
  0
VERTEX
  5
e42
  8
Layer_4
  10
1267.4227
  20
1126.0874
  0
VERTEX
  5
e43
  8
Layer_4
  10
1267.3475
  20
1121.718
  0
VERTEX
  5
e44
  8
Layer_4
  10
1267.2794
  20
1117.3479
  0
VERTEX
  5
e45
  8
Layer_4
  10
1267.2184
  20
1112.9778
  0
VERTEX
  5
e46
  8
Layer_4
  10
1267.1646
  20
1108.6074
  0
VERTEX
  5
e47
  8
Layer_4
  10
1267.1177
  20
1104.2363
  0
VERTEX
  5
e48
  8
Layer_4
  10
1267.078
  20
1099.8652
  0
VERTEX
  5
e49
  8
Layer_4
  10
1267.0453
  20
1095.4939
  0
VERTEX
  5
e4a
  8
Layer_4
  10
1267.0198
  20
1091.1223
  0
VERTEX
  5
e4b
  8
Layer_4
  10
1267.0013
  20
1086.7502
  0
VERTEX
  5
e4c
  8
Layer_4
  10
1266.99
  20
1082.3782
  0
VERTEX
  5
e4d
  8
Layer_4
  10
1266.9857
  20
1078.0059
  0
VERTEX
  5
e4e
  8
Layer_4
  10
1266.9885
  20
1073.6333
  0
VERTEX
  5
e4f
  8
Layer_4
  10
1266.9984
  20
1069.2607
  0
VERTEX
  5
e50
  8
Layer_4
  10
1267.0155
  20
1064.8879
  0
VERTEX
  5
e51
  8
Layer_4
  10
1267.0396
  20
1060.5149
  0
VERTEX
  5
e52
  8
Layer_4
  10
1267.0708
  20
1056.1418
  0
VERTEX
  5
e53
  8
Layer_4
  10
1267.1091
  20
1051.7688
  0
VERTEX
  5
e54
  8
Layer_4
  10
1267.1545
  20
1047.3955
  0
VERTEX
  5
e55
  8
Layer_4
  10
1267.2072
  20
1043.0222
  0
VERTEX
  5
e56
  8
Layer_4
  10
1267.2667
  20
1038.6487
  0
VERTEX
  5
e57
  8
Layer_4
  10
1267.3334
  20
1034.2751
  0
VERTEX
  5
e58
  8
Layer_4
  10
1267.4073
  20
1029.9019
  0
VERTEX
  5
e59
  8
Layer_4
  10
1267.4882
  20
1025.5283
  0
VERTEX
  5
e5a
  8
Layer_4
  10
1267.5762
  20
1021.1548
  0
VERTEX
  5
e5b
  8
Layer_4
  10
1267.6714
  20
1016.7815
  0
VERTEX
  5
e5c
  8
Layer_4
  10
1267.7737
  20
1012.408
  0
VERTEX
  5
e5d
  8
Layer_4
  10
1267.8831
  20
1008.0347
  0
VERTEX
  5
e5e
  8
Layer_4
  10
1267.9995
  20
1003.6614
  0
VERTEX
  5
e5f
  8
Layer_4
  10
1268.123
  20
999.28809
  0
VERTEX
  5
e60
  8
Layer_4
  10
1268.2538
  20
994.91504
  0
VERTEX
  5
e61
  8
Layer_4
  10
1268.3916
  20
990.54224
  0
VERTEX
  5
e62
  8
Layer_4
  10
1268.5366
  20
986.16943
  0
VERTEX
  5
e63
  8
Layer_4
  10
1268.6886
  20
981.79663
  0
VERTEX
  5
e64
  8
Layer_4
  10
1268.8478
  20
977.42432
  0
VERTEX
  5
e65
  8
Layer_4
  10
1269.0142
  20
973.052
  0
VERTEX
  5
e66
  8
Layer_4
  10
1269.1875
  20
968.67993
  0
VERTEX
  5
e67
  8
Layer_4
  10
1269.368
  20
964.30811
  0
VERTEX
  5
e68
  8
Layer_4
  10
1269.5555
  20
959.93628
  0
VERTEX
  5
e69
  8
Layer_4
  10
1269.7504
  20
955.56494
  0
VERTEX
  5
e6a
  8
Layer_4
  10
1269.9521
  20
951.19385
  0
VERTEX
  5
e6b
  8
Layer_4
  10
1270.1613
  20
946.823
  0
VERTEX
  5
e6c
  8
Layer_4
  10
1303.5638
  20
260.00049
  0
SEQEND
  0
POLYLINE
  5
e6e
  8
Layer_4
  62
52
  66
1
  10
0
  20
0
  30
0
  0
VERTEX
  5
e6e
  8
Layer_4
  10
1390.9519
  20
260
  0
VERTEX
  5
e6f
  8
Layer_4
  10
1425.8278
  20
957.14648
  42
0.024191723
  0
VERTEX
  5
e70
  8
Layer_4
  10
1426.5674
  20
1417.6089
  0
VERTEX
  5
e71
  8
Layer_4
  10
1382.3383
  20
1938.3657
  0
VERTEX
  5
e72
  8
Layer_4
  10
1382.0031
  20
1942.3325
  0
VERTEX
  5
e73
  8
Layer_4
  10
1381.6718
  20
1946.3003
  0
VERTEX
  5
e74
  8
Layer_4
  10
1381.3442
  20
1950.2681
  0
VERTEX
  5
e75
  8
Layer_4
  10
1381.0203
  20
1954.2368
  0
VERTEX
  5
e76
  8
Layer_4
  10
1380.7002
  20
1958.2056
  0
VERTEX
  5
e77
  8
Layer_4
  10
1380.3837
  20
1962.1753
  0
VERTEX
  5
e78
  8
Layer_4
  10
1380.071
  20
1966.145
  0
VERTEX
  5
e79
  8
Layer_4
  10
1379.762
  20
1970.1157
  0
VERTEX
  5
e7a
  8
Layer_4
  10
1379.4568
  20
1974.0864
  0
VERTEX
  5
e7b
  8
Layer_4
  10
1379.1552
  20
1978.0576
  0
VERTEX
  5
e7c
  8
Layer_4
  10
1378.8574
  20
1982.0298
  0
VERTEX
  5
e7d
  8
Layer_4
  10
1378.5634
  20
1986.002
  0
VERTEX
  5
e7e
  8
Layer_4
  10
1378.2729
  20
1989.9746
  0
VERTEX
  5
e7f
  8
Layer_4
  10
1377.9863
  20
1993.9478
  0
VERTEX
  5
e80
  8
Layer_4
  10
1377.7034
  20
1997.9214
  0
VERTEX
  5
e81
  8
Layer_4
  10
1377.4242
  20
2001.8955
  0
VERTEX
  5
e82
  8
Layer_4
  10
1377.1488
  20
2005.8696
  0
VERTEX
  5
e83
  8
Layer_4
  10
1376.877
  20
2009.8447
  0
VERTEX
  5
e84
  8
Layer_4
  10
1376.609
  20
2013.8198
  0
VERTEX
  5
e85
  8
Layer_4
  10
1376.3447
  20
2017.7954
  0
VERTEX
  5
e86
  8
Layer_4
  10
1376.0841
  20
2021.7715
  0
VERTEX
  5
e87
  8
Layer_4
  10
1375.8273
  20
2025.748
  0
VERTEX
  5
e88
  8
Layer_4
  10
1375.5742
  20
2029.7251
  0
VERTEX
  5
e89
  8
Layer_4
  10
1375.3248
  20
2033.7021
  0
VERTEX
  5
e8a
  8
Layer_4
  10
1375.0791
  20
2037.6797
  0
VERTEX
  5
e8b
  8
Layer_4
  10
1374.8372
  20
2041.6577
  0
VERTEX
  5
e8c
  8
Layer_4
  10
1374.5989
  20
2045.6362
  0
VERTEX
  5
e8d
  8
Layer_4
  10
1374.3645
  20
2049.6152
  0
VERTEX
  5
e8e
  8
Layer_4
  10
1374.1337
  20
2053.5942
  0
VERTEX
  5
e8f
  8
Layer_4
  10
1373.9067
  20
2057.5737
  0
VERTEX
  5
e90
  8
Layer_4
  10
1373.6833
  20
2061.5532
  0
VERTEX
  5
e91
  8
Layer_4
  10
1373.4637
  20
2065.5337
  0
VERTEX
  5
e92
  8
Layer_4
  10
1373.2479
  20
2069.5142
  0
VERTEX
  5
e93
  8
Layer_4
  10
1373.0358
  20
2073.4951
  0
VERTEX
  5
e94
  8
Layer_4
  10
1372.8274
  20
2077.4761
  0
VERTEX
  5
e95
  8
Layer_4
  10
1372.6227
  20
2081.4575
  0
VERTEX
  5
e96
  8
Layer_4
  10
1372.4218
  20
2085.4395
  0
VERTEX
  5
e97
  8
Layer_4
  10
1372.2245
  20
2089.4219
  0
VERTEX
  5
e98
  8
Layer_4
  10
1372.031
  20
2093.4043
  0
VERTEX
  5
e99
  8
Layer_4
  10
1371.8412
  20
2097.3872
  0
VERTEX
  5
e9a
  8
Layer_4
  10
1371.6552
  20
2101.3701
  0
VERTEX
  5
e9b
  8
Layer_4
  10
1371.4729
  20
2105.3535
  0
VERTEX
  5
e9c
  8
Layer_4
  10
1371.2943
  20
2109.3369
  0
VERTEX
  5
e9d
  8
Layer_4
  10
1371.1194
  20
2113.3213
  0
VERTEX
  5
e9e
  8
Layer_4
  10
1370.9482
  20
2117.3052
  0
VERTEX
  5
e9f
  8
Layer_4
  10
1370.7809
  20
2121.29
  0
VERTEX
  5
ea0
  8
Layer_4
  10
1370.6172
  20
2125.2744
  0
VERTEX
  5
ea1
  8
Layer_4
  10
1370.4573
  20
2129.2598
  0
VERTEX
  5
ea2
  8
Layer_4
  10
1370.3011
  20
2133.2451
  0
VERTEX
  5
ea3
  8
Layer_4
  10
1370.1486
  20
2137.2305
  0
VERTEX
  5
ea4
  8
Layer_4
  10
1369.9998
  20
2141.2163
  0
VERTEX
  5
ea5
  8
Layer_4
  10
1369.8549
  20
2145.2026
  0
VERTEX
  5
ea6
  8
Layer_4
  10
1369.7135
  20
2149.1885
  0
VERTEX
  5
ea7
  8
Layer_4
  10
1369.5759
  20
2153.1753
  0
VERTEX
  5
ea8
  8
Layer_4
  10
1369.4421
  20
2157.1621
  0
VERTEX
  5
ea9
  8
Layer_4
  10
1369.312
  20
2161.1489
  0
VERTEX
  5
eaa
  8
Layer_4
  10
1369.1855
  20
2165.1362
  0
VERTEX
  5
eab
  8
Layer_4
  10
1369.0629
  20
2169.1235
  0
VERTEX
  5
eac
  8
Layer_4
  10
1368.944
  20
2173.1113
  0
VERTEX
  5
ead
  8
Layer_4
  10
1368.8289
  20
2177.0991
  0
VERTEX
  5
eae
  8
Layer_4
  10
1368.7173
  20
2181.0874
  0
VERTEX
  5
eaf
  8
Layer_4
  10
1368.6096
  20
2185.0757
  0
VERTEX
  5
eb0
  8
Layer_4
  10
1368.5056
  20
2189.064
  0
VERTEX
  5
eb1
  8
Layer_4
  10
1368.4053
  20
2193.0527
  0
VERTEX
  5
eb2
  8
Layer_4
  10
1368.3088
  20
2197.0415
  0
VERTEX
  5
eb3
  8
Layer_4
  10
1368.2159
  20
2201.0303
  0
VERTEX
  5
eb4
  8
Layer_4
  10
1368.127
  20
2205.0195
  0
VERTEX
  5
eb5
  8
Layer_4
  10
1368.0416
  20
2209.0088
  0
VERTEX
  5
eb6
  8
Layer_4
  10
1367.96
  20
2212.998
  0
VERTEX
  5
eb7
  8
Layer_4
  10
1367.8821
  20
2216.9878
  0
VERTEX
  5
eb8
  8
Layer_4
  10
1367.8079
  20
2220.9775
  0
VERTEX
  5
eb9
  8
Layer_4
  10
1367.7375
  20
2224.9673
  0
VERTEX
  5
eba
  8
Layer_4
  10
1367.6708
  20
2228.9575
  0
VERTEX
  5
ebb
  8
Layer_4
  10
1367.6078
  20
2232.9478
  0
VERTEX
  5
ebc
  8
Layer_4
  10
1367.5486
  20
2236.938
  0
VERTEX
  5
ebd
  8
Layer_4
  10
1367.493
  20
2240.9287
  0
VERTEX
  5
ebe
  8
Layer_4
  10
1367.4413
  20
2244.9189
  0
VERTEX
  5
ebf
  8
Layer_4
  10
1367.3933
  20
2248.9097
  0
VERTEX
  5
ec0
  8
Layer_4
  10
1367.349
  20
2252.9004
  0
VERTEX
  5
ec1
  8
Layer_4
  10
1367.3083
  20
2256.8916
  0
VERTEX
  5
ec2
  8
Layer_4
  10
1367.2716
  20
2260.8823
  0
VERTEX
  5
ec3
  8
Layer_4
  10
1367.2385
  20
2264.8735
  0
VERTEX
  5
ec4
  8
Layer_4
  10
1367.2091
  20
2268.8647
  0
VERTEX
  5
ec5
  8
Layer_4
  10
1367.1835
  20
2272.856
  0
VERTEX
  5
ec6
  8
Layer_4
  10
1367.1616
  20
2276.8472
  0
VERTEX
  5
ec7
  8
Layer_4
  10
1367.1434
  20
2280.8384
  0
VERTEX
  5
ec8
  8
Layer_4
  10
1367.129
  20
2284.8301
  0
VERTEX
  5
ec9
  8
Layer_4
  10
1367.1183
  20
2288.8213
  0
VERTEX
  5
eca
  8
Layer_4
  10
1367.1113
  20
2292.813
  0
VERTEX
  5
ecb
  8
Layer_4
  10
1367.1082
  20
2296.8047
  0
VERTEX
  5
ecc
  8
Layer_4
  10
1367.1086
  20
2300.7964
  0
VERTEX
  5
ecd
  8
Layer_4
  10
1367.1128
  20
2304.7881
  0
VERTEX
  5
ece
  8
Layer_4
  10
1367.1208
  20
2308.7798
  0
VERTEX
  5
ecf
  8
Layer_4
  10
1367.1324
  20
2312.7715
  0
VERTEX
  5
ed0
  8
Layer_4
  10
1367.1479
  20
2316.7632
  0
VERTEX
  5
ed1
  8
Layer_4
  10
1367.1671
  20
2320.7554
  0
VERTEX
  5
ed2
  8
Layer_4
  10
1367.1899
  20
2324.7471
  0
VERTEX
  5
ed3
  8
Layer_4
  10
1367.2166
  20
2328.7388
  0
VERTEX
  5
ed4
  8
Layer_4
  10
1367.2469
  20
2332.731
  0
VERTEX
  5
ed5
  8
Layer_4
  10
1367.2811
  20
2336.7227
  0
VERTEX
  5
ed6
  8
Layer_4
  10
1367.3188
  20
2340.7144
  0
VERTEX
  5
ed7
  8
Layer_4
  10
1367.3605
  20
2344.7065
  0
VERTEX
  5
ed8
  8
Layer_4
  10
1367.4058
  20
2348.6982
  0
VERTEX
  5
ed9
  8
Layer_4
  10
1367.455
  20
2352.6899
  0
VERTEX
  5
eda
  8
Layer_4
  10
1367.5077
  20
2356.6816
  0
VERTEX
  5
edb
  8
Layer_4
  10
1367.5642
  20
2360.6733
  0
VERTEX
  5
edc
  8
Layer_4
  10
1367.6244
  20
2364.665
  0
VERTEX
  5
edd
  8
Layer_4
  10
1367.6884
  20
2368.6567
  0
VERTEX
  5
ede
  8
Layer_4
  10
1367.7562
  20
2372.6484
  0
VERTEX
  5
edf
  8
Layer_4
  10
1367.8276
  20
2376.6401
  0
VERTEX
  5
ee0
  8
Layer_4
  10
1367.9028
  20
2380.6318
  0
VERTEX
  5
ee1
  8
Layer_4
  10
1367.9818
  20
2384.623
  0
VERTEX
  5
ee2
  8
Layer_4
  10
1368.0645
  20
2388.6143
  0
VERTEX
  5
ee3
  8
Layer_4
  10
1368.1509
  20
2392.606
  0
VERTEX
  5
ee4
  8
Layer_4
  10
1368.241
  20
2396.5972
  0
VERTEX
  5
ee5
  8
Layer_4
  10
1368.335
  20
2400.5884
  0
VERTEX
  5
ee6
  8
Layer_4
  10
1368.4325
  20
2404.5796
  0
VERTEX
  5
ee7
  8
Layer_4
  10
1368.5339
  20
2408.5703
  0
VERTEX
  5
ee8
  8
Layer_4
  10
1368.639
  20
2412.5615
  0
VERTEX
  5
ee9
  8
Layer_4
  10
1368.7478
  20
2416.5522
  0
VERTEX
  5
eea
  8
Layer_4
  10
1368.8604
  20
2420.543
  0
VERTEX
  5
eeb
  8
Layer_4
  10
1368.9767
  20
2424.5332
  0
VERTEX
  5
eec
  8
Layer_4
  10
1369.0967
  20
2428.5239
  0
VERTEX
  5
eed
  8
Layer_4
  10
1369.2205
  20
2432.5142
  0
VERTEX
  5
eee
  8
Layer_4
  10
1369.3481
  20
2436.5044
  0
VERTEX
  5
eef
  8
Layer_4
  10
1369.4792
  20
2440.4946
  0
VERTEX
  5
ef0
  8
Layer_4
  10
1369.6143
  20
2444.4844
  0
VERTEX
  5
ef1
  8
Layer_4
  10
1369.7531
  20
2448.4741
  0
VERTEX
  5
ef2
  8
Layer_4
  10
1390.9525
  20
3050
  0
SEQEND
  0
POLYLINE
  5
ef4
  8
Layer_4
  62
52
  66
1
  10
0
  20
0
  30
0
  0
VERTEX
  5
ef4
  8
Layer_4
  10
1453.4625
  20
260.00049
  0
VERTEX
  5
ef5
  8
Layer_4
  10
1462.2273
  20
493.01831
  42
0.011291359
  0
VERTEX
  5
ef6
  8
Layer_4
  10
1470.6252
  20
1052.4199
  0
VERTEX
  5
ef7
  8
Layer_4
  10
1470.5978
  20
1055.877
  0
VERTEX
  5
ef8
  8
Layer_4
  10
1470.5676
  20
1059.3337
  0
VERTEX
  5
ef9
  8
Layer_4
  10
1470.5347
  20
1062.7905
  0
VERTEX
  5
efa
  8
Layer_4
  10
1470.499
  20
1066.2471
  0
VERTEX
  5
efb
  8
Layer_4
  10
1470.4607
  20
1069.7036
  0
VERTEX
  5
efc
  8
Layer_4
  10
1470.4196
  20
1073.1599
  0
VERTEX
  5
efd
  8
Layer_4
  10
1470.3759
  20
1076.6162
  0
VERTEX
  5
efe
  8
Layer_4
  10
1470.3293
  20
1080.0723
  0
VERTEX
  5
eff
  8
Layer_4
  10
1470.2803
  20
1083.5281
  0
VERTEX
  5
f00
  8
Layer_4
  10
1470.2285
  20
1086.9839
  0
VERTEX
  5
f01
  8
Layer_4
  10
1470.174
  20
1090.4397
  0
VERTEX
  5
f02
  8
Layer_4
  10
1470.1168
  20
1093.895
  0
VERTEX
  5
f03
  8
Layer_4
  10
1470.057
  20
1097.3506
  0
VERTEX
  5
f04
  8
Layer_4
  10
1469.9945
  20
1100.8057
  0
VERTEX
  5
f05
  8
Layer_4
  10
1469.9294
  20
1104.2607
  0
VERTEX
  5
f06
  8
Layer_4
  10
1469.8616
  20
1107.7156
  0
VERTEX
  5
f07
  8
Layer_4
  10
1469.7911
  20
1111.1704
  0
VERTEX
  5
f08
  8
Layer_4
  10
1469.7181
  20
1114.625
  0
VERTEX
  5
f09
  8
Layer_4
  10
1469.6425
  20
1118.0793
  0
VERTEX
  5
f0a
  8
Layer_4
  10
1469.5641
  20
1121.5334
  0
VERTEX
  5
f0b
  8
Layer_4
  10
1469.4832
  20
1124.9875
  0
VERTEX
  5
f0c
  8
Layer_4
  10
1469.3997
  20
1128.4414
  0
VERTEX
  5
f0d
  8
Layer_4
  10
1469.3136
  20
1131.895
  0
VERTEX
  5
f0e
  8
Layer_4
  10
1469.2249
  20
1135.3484
  0
VERTEX
  5
f0f
  8
Layer_4
  10
1469.1335
  20
1138.8015
  0
VERTEX
  5
f10
  8
Layer_4
  10
1469.0396
  20
1142.2546
  0
VERTEX
  5
f11
  8
Layer_4
  10
1468.9432
  20
1145.7075
  0
VERTEX
  5
f12
  8
Layer_4
  10
1468.8442
  20
1149.1602
  0
VERTEX
  5
f13
  8
Layer_4
  10
1468.7426
  20
1152.6128
  0
VERTEX
  5
f14
  8
Layer_4
  10
1468.6384
  20
1156.0649
  0
VERTEX
  5
f15
  8
Layer_4
  10
1468.5317
  20
1159.5166
  0
VERTEX
  5
f16
  8
Layer_4
  10
1468.4224
  20
1162.9688
  0
VERTEX
  5
f17
  8
Layer_4
  10
1468.3107
  20
1166.4199
  0
VERTEX
  5
f18
  8
Layer_4
  10
1468.1963
  20
1169.8716
  0
VERTEX
  5
f19
  8
Layer_4
  10
1468.0795
  20
1173.3223
  0
VERTEX
  5
f1a
  8
Layer_4
  10
1467.9601
  20
1176.7734
  0
VERTEX
  5
f1b
  8
Layer_4
  10
1467.8383
  20
1180.2241
  0
VERTEX
  5
f1c
  8
Layer_4
  10
1467.7139
  20
1183.6743
  0
VERTEX
  5
f1d
  8
Layer_4
  10
1467.587
  20
1187.1245
  0
VERTEX
  5
f1e
  8
Layer_4
  10
1467.4576
  20
1190.5742
  0
VERTEX
  5
f1f
  8
Layer_4
  10
1467.1914
  20
1197.4731
  0
VERTEX
  5
f20
  8
Layer_4
  10
1466.9153
  20
1204.3711
  0
VERTEX
  5
f21
  8
Layer_4
  10
1466.6293
  20
1211.2681
  0
VERTEX
  5
f22
  8
Layer_4
  10
1466.3336
  20
1218.1636
  0
VERTEX
  5
f23
  8
Layer_4
  10
1466.028
  20
1225.0586
  0
VERTEX
  5
f24
  8
Layer_4
  10
1465.7128
  20
1231.9517
  0
VERTEX
  5
f25
  8
Layer_4
  10
1465.3879
  20
1238.8442
  0
VERTEX
  5
f26
  8
Layer_4
  10
1465.0535
  20
1245.7349
  0
VERTEX
  5
f27
  8
Layer_4
  10
1464.7095
  20
1252.625
  0
VERTEX
  5
f28
  8
Layer_4
  10
1464.356
  20
1259.5132
  0
VERTEX
  5
f29
  8
Layer_4
  10
1463.993
  20
1266.4004
  0
VERTEX
  5
f2a
  8
Layer_4
  10
1463.6206
  20
1273.2861
  0
VERTEX
  5
f2b
  8
Layer_4
  10
1442.9114
  20
1651.4521
  0
VERTEX
  5
f2c
  8
Layer_4
  10
1442.4814
  20
1659.3589
  0
VERTEX
  5
f2d
  8
Layer_4
  10
1442.0575
  20
1667.2666
  0
VERTEX
  5
f2e
  8
Layer_4
  10
1441.6396
  20
1675.1748
  0
VERTEX
  5
f2f
  8
Layer_4
  10
1441.2278
  20
1683.0835
  0
VERTEX
  5
f30
  8
Layer_4
  10
1440.822
  20
1690.9932
  0
VERTEX
  5
f31
  8
Layer_4
  10
1440.4222
  20
1698.9038
  0
VERTEX
  5
f32
  8
Layer_4
  10
1440.0284
  20
1706.8149
  0
VERTEX
  5
f33
  8
Layer_4
  10
1439.6407
  20
1714.7266
  0
VERTEX
  5
f34
  8
Layer_4
  10
1439.2592
  20
1722.6387
  0
VERTEX
  5
f35
  8
Layer_4
  10
1438.8835
  20
1730.5518
  0
VERTEX
  5
f36
  8
Layer_4
  10
1438.5139
  20
1738.4653
  0
VERTEX
  5
f37
  8
Layer_4
  10
1438.1503
  20
1746.3799
  0
VERTEX
  5
f38
  8
Layer_4
  10
1437.7928
  20
1754.2944
  0
VERTEX
  5
f39
  8
Layer_4
  10
1437.4414
  20
1762.21
  0
VERTEX
  5
f3a
  8
Layer_4
  10
1437.0959
  20
1770.126
  0
VERTEX
  5
f3b
  8
Layer_4
  10
1436.7565
  20
1778.0425
  0
VERTEX
  5
f3c
  8
Layer_4
  10
1436.4232
  20
1785.96
  0
VERTEX
  5
f3d
  8
Layer_4
  10
1436.0958
  20
1793.8779
  0
VERTEX
  5
f3e
  8
Layer_4
  10
1435.7747
  20
1801.7959
  0
VERTEX
  5
f3f
  8
Layer_4
  10
1435.4594
  20
1809.7148
  0
VERTEX
  5
f40
  8
Layer_4
  10
1435.1501
  20
1817.6343
  0
VERTEX
  5
f41
  8
Layer_4
  10
1434.8469
  20
1825.5542
  0
VERTEX
  5
f42
  8
Layer_4
  10
1434.5498
  20
1833.4746
  0
VERTEX
  5
f43
  8
Layer_4
  10
1434.2587
  20
1841.3955
  0
VERTEX
  5
f44
  8
Layer_4
  10
1433.9738
  20
1849.3174
  0
VERTEX
  5
f45
  8
Layer_4
  10
1433.6947
  20
1857.2393
  0
VERTEX
  5
f46
  8
Layer_4
  10
1433.4218
  20
1865.1616
  0
VERTEX
  5
f47
  8
Layer_4
  10
1433.1547
  20
1873.0845
  0
VERTEX
  5
f48
  8
Layer_4
  10
1432.8938
  20
1881.0078
  0
VERTEX
  5
f49
  8
Layer_4
  10
1432.639
  20
1888.9316
  0
VERTEX
  5
f4a
  8
Layer_4
  10
1432.3903
  20
1896.856
  0
VERTEX
  5
f4b
  8
Layer_4
  10
1432.1475
  20
1904.7803
  0
VERTEX
  5
f4c
  8
Layer_4
  10
1431.9106
  20
1912.7056
  0
VERTEX
  5
f4d
  8
Layer_4
  10
1431.6799
  20
1920.6309
  0
VERTEX
  5
f4e
  8
Layer_4
  10
1431.4553
  20
1928.5571
  0
VERTEX
  5
f4f
  8
Layer_4
  10
1431.2366
  20
1936.4834
  0
VERTEX
  5
f50
  8
Layer_4
  10
1431.024
  20
1944.4097
  0
VERTEX
  5
f51
  8
Layer_4
  10
1430.8175
  20
1952.3369
  0
VERTEX
  5
f52
  8
Layer_4
  10
1430.6169
  20
1960.2642
  0
VERTEX
  5
f53
  8
Layer_4
  10
1430.4225
  20
1968.1919
  0
VERTEX
  5
f54
  8
Layer_4
  10
1430.2341
  20
1976.1201
  0
VERTEX
  5
f55
  8
Layer_4
  10
1430.0518
  20
1984.0483
  0
VERTEX
  5
f56
  8
Layer_4
  10
1429.8754
  20
1991.9771
  0
VERTEX
  5
f57
  8
Layer_4
  10
1429.7051
  20
1999.9063
  0
VERTEX
  5
f58
  8
Layer_4
  10
1429.5408
  20
2007.8354
  0
VERTEX
  5
f59
  8
Layer_4
  10
1429.3824
  20
2015.7651
  0
VERTEX
  5
f5a
  8
Layer_4
  10
1429.2303
  20
2023.6948
  0
VERTEX
  5
f5b
  8
Layer_4
  10
1429.0842
  20
2031.625
  0
VERTEX
  5
f5c
  8
Layer_4
  10
1428.9441
  20
2039.5557
  0
VERTEX
  5
f5d
  8
Layer_4
  10
1428.8101
  20
2047.4863
  0
VERTEX
  5
f5e
  8
Layer_4
  10
1428.682
  20
2055.417
  0
VERTEX
  5
f5f
  8
Layer_4
  10
1428.5601
  20
2063.3481
  0
VERTEX
  5
f60
  8
Layer_4
  10
1428.444
  20
2071.2793
  0
VERTEX
  5
f61
  8
Layer_4
  10
1428.3341
  20
2079.2109
  0
VERTEX
  5
f62
  8
Layer_4
  10
1428.2303
  20
2087.1426
  0
VERTEX
  5
f63
  8
Layer_4
  10
1428.1324
  20
2095.0747
  0
VERTEX
  5
f64
  8
Layer_4
  10
1428.0406
  20
2103.0068
  0
VERTEX
  5
f65
  8
Layer_4
  10
1427.955
  20
2110.939
  0
VERTEX
  5
f66
  8
Layer_4
  10
1427.8752
  20
2118.8716
  0
VERTEX
  5
f67
  8
Layer_4
  10
1427.8015
  20
2126.8042
  0
VERTEX
  5
f68
  8
Layer_4
  10
1427.7339
  20
2134.7368
  0
VERTEX
  5
f69
  8
Layer_4
  10
1427.6722
  20
2142.6699
  0
VERTEX
  5
f6a
  8
Layer_4
  10
1427.6167
  20
2150.603
  0
VERTEX
  5
f6b
  8
Layer_4
  10
1427.5673
  20
2158.5361
  0
VERTEX
  5
f6c
  8
Layer_4
  10
1427.5238
  20
2166.4692
  0
VERTEX
  5
f6d
  8
Layer_4
  10
1427.4865
  20
2174.4023
  0
VERTEX
  5
f6e
  8
Layer_4
  10
1427.455
  20
2182.3359
  0
VERTEX
  5
f6f
  8
Layer_4
  10
1427.4296
  20
2190.2695
  0
VERTEX
  5
f70
  8
Layer_4
  10
1427.4103
  20
2198.2026
  0
VERTEX
  5
f71
  8
Layer_4
  10
1427.3971
  20
2206.1362
  0
VERTEX
  5
f72
  8
Layer_4
  10
1427.3898
  20
2214.0698
  0
VERTEX
  5
f73
  8
Layer_4
  10
1427.3887
  20
2222.0034
  0
VERTEX
  5
f74
  8
Layer_4
  10
1427.3936
  20
2229.9375
  0
VERTEX
  5
f75
  8
Layer_4
  10
1427.4044
  20
2237.8711
  0
VERTEX
  5
f76
  8
Layer_4
  10
1427.4214
  20
2245.8047
  0
VERTEX
  5
f77
  8
Layer_4
  10
1427.4445
  20
2253.7383
  0
VERTEX
  5
f78
  8
Layer_4
  10
1427.4734
  20
2261.6719
  0
VERTEX
  5
f79
  8
Layer_4
  10
1427.5085
  20
2269.6055
  0
VERTEX
  5
f7a
  8
Layer_4
  10
1427.5496
  20
2277.5391
  0
VERTEX
  5
f7b
  8
Layer_4
  10
1427.5967
  20
2285.4727
  0
VERTEX
  5
f7c
  8
Layer_4
  10
1427.6499
  20
2293.4063
  0
VERTEX
  5
f7d
  8
Layer_4
  10
1427.7092
  20
2301.3398
  0
VERTEX
  5
f7e
  8
Layer_4
  10
1427.7744
  20
2309.2729
  0
VERTEX
  5
f7f
  8
Layer_4
  10
1427.8458
  20
2317.2061
  0
VERTEX
  5
f80
  8
Layer_4
  10
1427.9231
  20
2325.1392
  0
VERTEX
  5
f81
  8
Layer_4
  10
1428.0065
  20
2333.0723
  0
VERTEX
  5
f82
  8
Layer_4
  10
1428.0959
  20
2341.0054
  0
VERTEX
  5
f83
  8
Layer_4
  10
1428.1915
  20
2348.938
  0
VERTEX
  5
f84
  8
Layer_4
  10
1428.293
  20
2356.8706
  0
VERTEX
  5
f85
  8
Layer_4
  10
1428.4006
  20
2364.8032
  0
VERTEX
  5
f86
  8
Layer_4
  10
1428.5142
  20
2372.7358
  0
VERTEX
  5
f87
  8
Layer_4
  10
1428.6338
  20
2380.668
  0
VERTEX
  5
f88
  8
Layer_4
  10
1428.7595
  20
2388.6001
  0
VERTEX
  5
f89
  8
Layer_4
  10
1428.8914
  20
2396.5317
  0
VERTEX
  5
f8a
  8
Layer_4
  10
1429.0291
  20
2404.4634
  0
VERTEX
  5
f8b
  8
Layer_4
  10
1429.1729
  20
2412.395
  0
VERTEX
  5
f8c
  8
Layer_4
  10
1429.3228
  20
2420.3262
  0
VERTEX
  5
f8d
  8
Layer_4
  10
1429.4788
  20
2428.2573
  0
VERTEX
  5
f8e
  8
Layer_4
  10
1429.6406
  20
2436.188
  0
VERTEX
  5
f8f
  8
Layer_4
  10
1429.8086
  20
2444.1187
  0
VERTEX
  5
f90
  8
Layer_4
  10
1429.9827
  20
2452.0488
  0
VERTEX
  5
f91
  8
Layer_4
  10
1430.1628
  20
2459.979
  0
VERTEX
  5
f92
  8
Layer_4
  10
1430.3489
  20
2467.9087
  0
VERTEX
  5
f93
  8
Layer_4
  10
1430.5411
  20
2475.8379
  0
VERTEX
  5
f94
  8
Layer_4
  10
1430.7393
  20
2483.7671
  0
VERTEX
  5
f95
  8
Layer_4
  10
1430.9435
  20
2491.6958
  0
VERTEX
  5
f96
  8
Layer_4
  10
1431.1538
  20
2499.6245
  0
VERTEX
  5
f97
  8
Layer_4
  10
1431.3702
  20
2507.5527
  0
VERTEX
  5
f98
  8
Layer_4
  10
1431.5927
  20
2515.4805
  0
VERTEX
  5
f99
  8
Layer_4
  10
1431.821
  20
2523.4082
  0
VERTEX
  5
f9a
  8
Layer_4
  10
1432.0555
  20
2531.3354
  0
VERTEX
  5
f9b
  8
Layer_4
  10
1432.296
  20
2539.2622
  0
VERTEX
  5
f9c
  8
Layer_4
  10
1432.5425
  20
2547.1885
  0
VERTEX
  5
f9d
  8
Layer_4
  10
1432.7952
  20
2555.1147
  0
VERTEX
  5
f9e
  8
Layer_4
  10
1433.0538
  20
2563.0405
  0
VERTEX
  5
f9f
  8
Layer_4
  10
1433.3185
  20
2570.9658
  0
VERTEX
  5
fa0
  8
Layer_4
  10
1433.5892
  20
2578.8906
  0
VERTEX
  5
fa1
  8
Layer_4
  10
1433.866
  20
2586.8149
  0
VERTEX
  5
fa2
  8
Layer_4
  10
1434.1488
  20
2594.7393
  0
VERTEX
  5
fa3
  8
Layer_4
  10
1434.4377
  20
2602.6626
  0
VERTEX
  5
fa4
  8
Layer_4
  10
1434.7325
  20
2610.5859
  0
VERTEX
  5
fa5
  8
Layer_4
  10
1435.0336
  20
2618.5083
  0
VERTEX
  5
fa6
  8
Layer_4
  10
1435.3406
  20
2626.4307
  0
VERTEX
  5
fa7
  8
Layer_4
  10
1435.6536
  20
2634.3525
  0
VERTEX
  5
fa8
  8
Layer_4
  10
1435.9727
  20
2642.2734
  0
VERTEX
  5
fa9
  8
Layer_4
  10
1436.2979
  20
2650.1943
  0
VERTEX
  5
faa
  8
Layer_4
  10
1436.629
  20
2658.1143
  0
VERTEX
  5
fab
  8
Layer_4
  10
1436.9662
  20
2666.0342
  0
VERTEX
  5
fac
  8
Layer_4
  10
1453.4625
  20
3050
  0
SEQEND
  0
POLYLINE
  5
fae
  8
Layer_4
  62
52
  66
1
  10
0
  20
0
  30
0
  0
VERTEX
  5
fae
  8
Layer_4
  10
1529.4231
  20
260.00024
  0
VERTEX
  5
faf
  8
Layer_4
  10
1506.2102
  20
896.98804
  42
-0.017992327
  0
VERTEX
  5
fb0
  8
Layer_4
  10
1505.9767
  20
1422.4536
  0
VERTEX
  5
fb1
  8
Layer_4
  10
1530.9288
  20
1792.4736
  0
VERTEX
  5
fb2
  8
Layer_4
  10
1531.4131
  20
1799.7012
  0
VERTEX
  5
fb3
  8
Layer_4
  10
1531.8914
  20
1806.9302
  0
VERTEX
  5
fb4
  8
Layer_4
  10
1532.3633
  20
1814.1606
  0
VERTEX
  5
fb5
  8
Layer_4
  10
1532.8291
  20
1821.3926
  0
VERTEX
  5
fb6
  8
Layer_4
  10
1533.2889
  20
1828.625
  0
VERTEX
  5
fb7
  8
Layer_4
  10
1533.7426
  20
1835.8594
  0
VERTEX
  5
fb8
  8
Layer_4
  10
1534.1899
  20
1843.0947
  0
VERTEX
  5
fb9
  8
Layer_4
  10
1534.6312
  20
1850.3311
  0
VERTEX
  5
fba
  8
Layer_4
  10
1535.0664
  20
1857.5684
  0
VERTEX
  5
fbb
  8
Layer_4
  10
1535.4954
  20
1864.8071
  0
VERTEX
  5
fbc
  8
Layer_4
  10
1535.9183
  20
1872.0469
  0
VERTEX
  5
fbd
  8
Layer_4
  10
1536.335
  20
1879.2881
  0
VERTEX
  5
fbe
  8
Layer_4
  10
1536.7456
  20
1886.5298
  0
VERTEX
  5
fbf
  8
Layer_4
  10
1537.15
  20
1893.7734
  0
VERTEX
  5
fc0
  8
Layer_4
  10
1537.5483
  20
1901.0176
  0
VERTEX
  5
fc1
  8
Layer_4
  10
1537.9406
  20
1908.2627
  0
VERTEX
  5
fc2
  8
Layer_4
  10
1538.3265
  20
1915.5088
  0
VERTEX
  5
fc3
  8
Layer_4
  10
1538.7064
  20
1922.7563
  0
VERTEX
  5
fc4
  8
Layer_4
  10
1539.0802
  20
1930.0049
  0
VERTEX
  5
fc5
  8
Layer_4
  10
1539.4478
  20
1937.2539
  0
VERTEX
  5
fc6
  8
Layer_4
  10
1539.8092
  20
1944.5044
  0
VERTEX
  5
fc7
  8
Layer_4
  10
1540.1646
  20
1951.7559
  0
VERTEX
  5
fc8
  8
Layer_4
  10
1540.5135
  20
1959.0078
  0
VERTEX
  5
fc9
  8
Layer_4
  10
1540.8567
  20
1966.2612
  0
VERTEX
  5
fca
  8
Layer_4
  10
1541.1935
  20
1973.5151
  0
VERTEX
  5
fcb
  8
Layer_4
  10
1541.5242
  20
1980.7705
  0
VERTEX
  5
fcc
  8
Layer_4
  10
1541.8488
  20
1988.0264
  0
VERTEX
  5
fcd
  8
Layer_4
  10
1542.1674
  20
1995.2832
  0
VERTEX
  5
fce
  8
Layer_4
  10
1542.4795
  20
2002.5405
  0
VERTEX
  5
fcf
  8
Layer_4
  10
1542.7856
  20
2009.7993
  0
VERTEX
  5
fd0
  8
Layer_4
  10
1543.0857
  20
2017.0586
  0
VERTEX
  5
fd1
  8
Layer_4
  10
1543.3795
  20
2024.3184
  0
VERTEX
  5
fd2
  8
Layer_4
  10
1543.6672
  20
2031.5796
  0
VERTEX
  5
fd3
  8
Layer_4
  10
1543.9489
  20
2038.8413
  0
VERTEX
  5
fd4
  8
Layer_4
  10
1544.2242
  20
2046.1035
  0
VERTEX
  5
fd5
  8
Layer_4
  10
1544.4934
  20
2053.3667
  0
VERTEX
  5
fd6
  8
Layer_4
  10
1544.7565
  20
2060.6309
  0
VERTEX
  5
fd7
  8
Layer_4
  10
1545.0135
  20
2067.8955
  0
VERTEX
  5
fd8
  8
Layer_4
  10
1545.2643
  20
2075.1611
  0
VERTEX
  5
fd9
  8
Layer_4
  10
1545.509
  20
2082.4268
  0
VERTEX
  5
fda
  8
Layer_4
  10
1545.7476
  20
2089.6938
  0
VERTEX
  5
fdb
  8
Layer_4
  10
1545.9799
  20
2096.9609
  0
VERTEX
  5
fdc
  8
Layer_4
  10
1546.2061
  20
2104.229
  0
VERTEX
  5
fdd
  8
Layer_4
  10
1546.4261
  20
2111.498
  0
VERTEX
  5
fde
  8
Layer_4
  10
1546.6401
  20
2118.7671
  0
VERTEX
  5
fdf
  8
Layer_4
  10
1546.8479
  20
2126.0371
  0
VERTEX
  5
fe0
  8
Layer_4
  10
1547.0496
  20
2133.3076
  0
VERTEX
  5
fe1
  8
Layer_4
  10
1547.245
  20
2140.5786
  0
VERTEX
  5
fe2
  8
Layer_4
  10
1547.4343
  20
2147.8501
  0
VERTEX
  5
fe3
  8
Layer_4
  10
1547.6176
  20
2155.1226
  0
VERTEX
  5
fe4
  8
Layer_4
  10
1547.7946
  20
2162.395
  0
VERTEX
  5
fe5
  8
Layer_4
  10
1547.9655
  20
2169.6685
  0
VERTEX
  5
fe6
  8
Layer_4
  10
1548.1302
  20
2176.9419
  0
VERTEX
  5
fe7
  8
Layer_4
  10
1548.2887
  20
2184.2163
  0
VERTEX
  5
fe8
  8
Layer_4
  10
1548.4412
  20
2191.4907
  0
VERTEX
  5
fe9
  8
Layer_4
  10
1548.5874
  20
2198.7656
  0
VERTEX
  5
fea
  8
Layer_4
  10
1548.7275
  20
2206.0415
  0
VERTEX
  5
feb
  8
Layer_4
  10
1548.8615
  20
2213.3174
  0
VERTEX
  5
fec
  8
Layer_4
  10
1548.9894
  20
2220.5933
  0
VERTEX
  5
fed
  8
Layer_4
  10
1549.111
  20
2227.8701
  0
VERTEX
  5
fee
  8
Layer_4
  10
1549.2264
  20
2235.1475
  0
VERTEX
  5
fef
  8
Layer_4
  10
1549.3359
  20
2242.4248
  0
VERTEX
  5
ff0
  8
Layer_4
  10
1549.4391
  20
2249.7026
  0
VERTEX
  5
ff1
  8
Layer_4
  10
1549.5363
  20
2256.9805
  0
VERTEX
  5
ff2
  8
Layer_4
  10
1549.6271
  20
2264.2588
  0
VERTEX
  5
ff3
  8
Layer_4
  10
1549.7118
  20
2271.5376
  0
VERTEX
  5
ff4
  8
Layer_4
  10
1549.7904
  20
2278.8169
  0
VERTEX
  5
ff5
  8
Layer_4
  10
1549.8629
  20
2286.0957
  0
VERTEX
  5
ff6
  8
Layer_4
  10
1549.9292
  20
2293.3755
  0
VERTEX
  5
ff7
  8
Layer_4
  10
1549.9893
  20
2300.6553
  0
VERTEX
  5
ff8
  8
Layer_4
  10
1550.0433
  20
2307.9351
  0
VERTEX
  5
ff9
  8
Layer_4
  10
1550.0911
  20
2315.2153
  0
VERTEX
  5
ffa
  8
Layer_4
  10
1550.1328
  20
2322.4956
  0
VERTEX
  5
ffb
  8
Layer_4
  10
1550.1683
  20
2329.7759
  0
VERTEX
  5
ffc
  8
Layer_4
  10
1550.1978
  20
2337.0566
  0
VERTEX
  5
ffd
  8
Layer_4
  10
1550.2209
  20
2344.3374
  0
VERTEX
  5
ffe
  8
Layer_4
  10
1550.238
  20
2351.6187
  0
VERTEX
  5
fff
  8
Layer_4
  10
1550.2489
  20
2358.8994
  0
VERTEX
  5
1000
  8
Layer_4
  10
1550.2535
  20
2366.1807
  0
VERTEX
  5
1001
  8
Layer_4
  10
1550.2522
  20
2373.4619
  0
VERTEX
  5
1002
  8
Layer_4
  10
1550.2448
  20
2380.7432
  0
VERTEX
  5
1003
  8
Layer_4
  10
1550.231
  20
2388.0244
  0
VERTEX
  5
1004
  8
Layer_4
  10
1550.2111
  20
2395.3057
  0
VERTEX
  5
1005
  8
Layer_4
  10
1550.1851
  20
2402.5874
  0
VERTEX
  5
1006
  8
Layer_4
  10
1550.1528
  20
2409.8687
  0
VERTEX
  5
1007
  8
Layer_4
  10
1550.1145
  20
2417.1499
  0
VERTEX
  5
1008
  8
Layer_4
  10
1550.0699
  20
2424.4316
  0
VERTEX
  5
1009
  8
Layer_4
  10
1550.0193
  20
2431.7129
  0
VERTEX
  5
100a
  8
Layer_4
  10
1549.9625
  20
2438.9941
  0
VERTEX
  5
100b
  8
Layer_4
  10
1549.8995
  20
2446.2754
  0
VERTEX
  5
100c
  8
Layer_4
  10
1549.8304
  20
2453.5566
  0
VERTEX
  5
100d
  8
Layer_4
  10
1549.7551
  20
2460.8374
  0
VERTEX
  5
100e
  8
Layer_4
  10
1549.6737
  20
2468.1182
  0
VERTEX
  5
100f
  8
Layer_4
  10
1549.5861
  20
2475.3989
  0
VERTEX
  5
1010
  8
Layer_4
  10
1549.4923
  20
2482.6797
  0
VERTEX
  5
1011
  8
Layer_4
  10
1549.3925
  20
2489.96
  0
VERTEX
  5
1012
  8
Layer_4
  10
1549.2863
  20
2497.2402
  0
VERTEX
  5
1013
  8
Layer_4
  10
1549.174
  20
2504.5205
  0
VERTEX
  5
1014
  8
Layer_4
  10
1549.0555
  20
2511.8003
  0
VERTEX
  5
1015
  8
Layer_4
  10
1548.9312
  20
2519.0801
  0
VERTEX
  5
1016
  8
Layer_4
  10
1548.8003
  20
2526.3594
  0
VERTEX
  5
1017
  8
Layer_4
  10
1548.6635
  20
2533.6387
  0
VERTEX
  5
1018
  8
Layer_4
  10
1548.5204
  20
2540.9175
  0
VERTEX
  5
1019
  8
Layer_4
  10
1548.3712
  20
2548.1963
  0
VERTEX
  5
101a
  8
Layer_4
  10
1548.2158
  20
2555.4746
  0
VERTEX
  5
101b
  8
Layer_4
  10
1548.0543
  20
2562.7524
  0
VERTEX
  5
101c
  8
Layer_4
  10
1547.8866
  20
2570.0298
  0
VERTEX
  5
101d
  8
Layer_4
  10
1547.7128
  20
2577.3076
  0
VERTEX
  5
101e
  8
Layer_4
  10
1547.5328
  20
2584.5845
  0
VERTEX
  5
101f
  8
Layer_4
  10
1547.3466
  20
2591.8608
  0
VERTEX
  5
1020
  8
Layer_4
  10
1547.1543
  20
2599.1372
  0
VERTEX
  5
1021
  8
Layer_4
  10
1546.9558
  20
2606.4131
  0
VERTEX
  5
1022
  8
Layer_4
  10
1546.7511
  20
2613.688
  0
VERTEX
  5
1023
  8
Layer_4
  10
1546.5403
  20
2620.9629
  0
VERTEX
  5
1024
  8
Layer_4
  10
1546.3232
  20
2628.2378
  0
VERTEX
  5
1025
  8
Layer_4
  10
1546.1002
  20
2635.5117
  0
VERTEX
  5
1026
  8
Layer_4
  10
1545.8708
  20
2642.7852
  0
VERTEX
  5
1027
  8
Layer_4
  10
1545.6354
  20
2650.0581
  0
VERTEX
  5
1028
  8
Layer_4
  10
1545.3937
  20
2657.3306
  0
VERTEX
  5
1029
  8
Layer_4
  10
1545.1459
  20
2664.6025
  0
VERTEX
  5
102a
  8
Layer_4
  10
1544.892
  20
2671.874
  0
VERTEX
  5
102b
  8
Layer_4
  10
1544.6318
  20
2679.145
  0
VERTEX
  5
102c
  8
Layer_4
  10
1544.3656
  20
2686.4155
  0
VERTEX
  5
102d
  8
Layer_4
  10
1544.0931
  20
2693.6851
  0
VERTEX
  5
102e
  8
Layer_4
  10
1543.8145
  20
2700.9541
  0
VERTEX
  5
102f
  8
Layer_4
  10
1543.5297
  20
2708.2227
  0
VERTEX
  5
1030
  8
Layer_4
  10
1543.2386
  20
2715.4902
  0
VERTEX
  5
1031
  8
Layer_4
  10
1542.9417
  20
2722.7578
  0
VERTEX
  5
1032
  8
Layer_4
  10
1529.4231
  20
3050
  0
SEQEND
  0
POLYLINE
  5
1034
  8
Layer_0
  62
7
  70
1
  66
1
  10
0
  20
0
  30
0
  0
VERTEX
  5
1034
  8
Layer_0
  10
400
  20
3050.0001
  0
VERTEX
  5
1035
  8
Layer_0
  10
1600
  20
3050.0001
  0
VERTEX
  5
1036
  8
Layer_0
  10
1600
  20
260
  0
VERTEX
  5
1037
  8
Layer_0
  10
400
  20
260
  0
SEQEND
  0
POLYLINE
  5
1039
  8
Layer_0
  62
7
  66
1
  10
0
  20
0
  30
0
  0
VERTEX
  5
1039
  8
Layer_0
  10
1000
  20
3050.0001
  0
VERTEX
  5
103a
  8
Layer_0
  10
1000
  20
260
  0
SEQEND
  0
POLYLINE
  5
103c
  8
Layer_3
  62
3
  70
1
  66
1
  10
0
  20
0
  30
0
  0
VERTEX
  5
103c
  8
Layer_3
  10
400
  20
3050
  0
VERTEX
  5
103d
  8
Layer_3
  10
1600
  20
3050
  0
VERTEX
  5
103e
  8
Layer_3
  10
1600
  20
259.99976
  0
VERTEX
  5
103f
  8
Layer_3
  10
400
  20
259.99976
  0
SEQEND
  0
ENDSEC
  0
EOF
