  0
SECTION
  2
HEADER
  9
$ACADVER
  1
AC1009
  0
ENDSEC
  0
SECTION
  2
TABLES
  0
TABLE
  2
LAYER
  70
2
  0
LAYER
  2
Layer_10
  70
0
  62
12
  6
CONTINUOUS
  0
LAYER
  2
Layer_0
  70
0
  62
7
  6
CONTINUOUS
  0
ENDTAB
  0
ENDSEC
  0
SECTION
  2
ENTITIES
  0
CIRCLE
  5
90
  8
Layer_0
  62
7
  10
4012.7354
  20
11853.313
  30
0
  40
70.000549
  0
POLYLINE
  5
90
  8
Layer_10
  62
12
  70
1
  66
1
  10
0
  20
0
  30
0
  0
VERTEX
  5
90
  8
Layer_10
  10
4159.7402
  20
14017.561
  0
VERTEX
  5
91
  8
Layer_10
  10
4157.665
  20
14017.398
  0
VERTEX
  5
92
  8
Layer_10
  10
4157.5112
  20
14017.972
  0
VERTEX
  5
93
  8
Layer_10
  10
4157.3286
  20
14018.46
  0
VERTEX
  5
94
  8
Layer_10
  10
4157.1172
  20
14018.865
  0
VERTEX
  5
95
  8
Layer_10
  10
4156.876
  20
14019.185
  0
VERTEX
  5
96
  8
Layer_10
  10
4156.4287
  20
14019.575
  0
VERTEX
  5
97
  8
Layer_10
  10
4155.9316
  20
14019.854
  0
VERTEX
  5
98
  8
Layer_10
  10
4155.3848
  20
14020.021
  0
VERTEX
  5
99
  8
Layer_10
  10
4154.7891
  20
14020.077
  0
VERTEX
  5
9a
  8
Layer_10
  10
4154.3057
  20
14020.043
  0
VERTEX
  5
9b
  8
Layer_10
  10
4153.8525
  20
14019.938
  0
VERTEX
  5
9c
  8
Layer_10
  10
4153.4297
  20
14019.764
  0
VERTEX
  5
9d
  8
Layer_10
  10
4153.0381
  20
14019.521
  0
VERTEX
  5
9e
  8
Layer_10
  10
4152.5713
  20
14019.12
  0
VERTEX
  5
9f
  8
Layer_10
  10
4152.1563
  20
14018.637
  0
VERTEX
  5
a0
  8
Layer_10
  10
4151.7939
  20
14018.07
  0
VERTEX
  5
a1
  8
Layer_10
  10
4151.4844
  20
14017.422
  0
VERTEX
  5
a2
  8
Layer_10
  10
4151.2344
  20
14016.658
  0
VERTEX
  5
a3
  8
Layer_10
  10
4151.0522
  20
14015.749
  0
VERTEX
  5
a4
  8
Layer_10
  10
4150.9385
  20
14014.693
  0
VERTEX
  5
a5
  8
Layer_10
  10
4150.8926
  20
14013.49
  0
VERTEX
  5
a6
  8
Layer_10
  10
4151.2905
  20
14014.028
  0
VERTEX
  5
a7
  8
Layer_10
  10
4151.7305
  20
14014.491
  0
VERTEX
  5
a8
  8
Layer_10
  10
4152.2124
  20
14014.881
  0
VERTEX
  5
a9
  8
Layer_10
  10
4152.7363
  20
14015.195
  0
VERTEX
  5
aa
  8
Layer_10
  10
4153.2881
  20
14015.438
  0
VERTEX
  5
ab
  8
Layer_10
  10
4153.8525
  20
14015.612
  0
VERTEX
  5
ac
  8
Layer_10
  10
4154.4302
  20
14015.717
  0
VERTEX
  5
ad
  8
Layer_10
  10
4155.021
  20
14015.752
  0
VERTEX
  5
ae
  8
Layer_10
  10
4155.5332
  20
14015.729
  0
VERTEX
  5
af
  8
Layer_10
  10
4156.0259
  20
14015.656
  0
VERTEX
  5
b0
  8
Layer_10
  10
4156.499
  20
14015.536
  0
VERTEX
  5
b1
  8
Layer_10
  10
4156.9531
  20
14015.367
  0
VERTEX
  5
b2
  8
Layer_10
  10
4157.3877
  20
14015.15
  0
VERTEX
  5
b3
  8
Layer_10
  10
4157.8027
  20
14014.887
  0
VERTEX
  5
b4
  8
Layer_10
  10
4158.1987
  20
14014.575
  0
VERTEX
  5
b5
  8
Layer_10
  10
4158.5752
  20
14014.215
  0
VERTEX
  5
b6
  8
Layer_10
  10
4158.9189
  20
14013.817
  0
VERTEX
  5
b7
  8
Layer_10
  10
4159.2168
  20
14013.391
  0
VERTEX
  5
b8
  8
Layer_10
  10
4159.4688
  20
14012.937
  0
VERTEX
  5
b9
  8
Layer_10
  10
4159.6753
  20
14012.454
  0
VERTEX
  5
ba
  8
Layer_10
  10
4159.8354
  20
14011.943
  0
VERTEX
  5
bb
  8
Layer_10
  10
4159.9502
  20
14011.404
  0
VERTEX
  5
bc
  8
Layer_10
  10
4160.019
  20
14010.838
  0
VERTEX
  5
bd
  8
Layer_10
  10
4160.042
  20
14010.243
  0
VERTEX
  5
be
  8
Layer_10
  10
4159.999
  20
14009.457
  0
VERTEX
  5
bf
  8
Layer_10
  10
4159.8691
  20
14008.699
  0
VERTEX
  5
c0
  8
Layer_10
  10
4159.6538
  20
14007.97
  0
VERTEX
  5
c1
  8
Layer_10
  10
4159.3521
  20
14007.269
  0
VERTEX
  5
c2
  8
Layer_10
  10
4158.9746
  20
14006.622
  0
VERTEX
  5
c3
  8
Layer_10
  10
4158.5332
  20
14006.056
  0
VERTEX
  5
c4
  8
Layer_10
  10
4158.0269
  20
14005.57
  0
VERTEX
  5
c5
  8
Layer_10
  10
4157.4561
  20
14005.164
  0
VERTEX
  5
c6
  8
Layer_10
  10
4156.833
  20
14004.846
  0
VERTEX
  5
c7
  8
Layer_10
  10
4156.1689
  20
14004.616
  0
VERTEX
  5
c8
  8
Layer_10
  10
4155.4644
  20
14004.479
  0
VERTEX
  5
c9
  8
Layer_10
  10
4154.7197
  20
14004.434
  0
VERTEX
  5
ca
  8
Layer_10
  10
4154.082
  20
14004.463
  0
VERTEX
  5
cb
  8
Layer_10
  10
4153.4746
  20
14004.554
  0
VERTEX
  5
cc
  8
Layer_10
  10
4152.8975
  20
14004.703
  0
VERTEX
  5
cd
  8
Layer_10
  10
4152.3506
  20
14004.914
  0
VERTEX
  5
ce
  8
Layer_10
  10
4151.834
  20
14005.184
  0
VERTEX
  5
cf
  8
Layer_10
  10
4151.3472
  20
14005.514
  0
VERTEX
  5
d0
  8
Layer_10
  10
4150.8906
  20
14005.902
  0
VERTEX
  5
d1
  8
Layer_10
  10
4150.4639
  20
14006.353
  0
VERTEX
  5
d2
  8
Layer_10
  10
4150.0771
  20
14006.871
  0
VERTEX
  5
d3
  8
Layer_10
  10
4149.7432
  20
14007.468
  0
VERTEX
  5
d4
  8
Layer_10
  10
4149.46
  20
14008.143
  0
VERTEX
  5
d5
  8
Layer_10
  10
4149.2285
  20
14008.895
  0
VERTEX
  5
d6
  8
Layer_10
  10
4149.0483
  20
14009.725
  0
VERTEX
  5
d7
  8
Layer_10
  10
4148.9199
  20
14010.631
  0
VERTEX
  5
d8
  8
Layer_10
  10
4148.8428
  20
14011.616
  0
VERTEX
  5
d9
  8
Layer_10
  10
4148.8169
  20
14012.679
  0
VERTEX
  5
da
  8
Layer_10
  10
4148.8457
  20
14013.869
  0
VERTEX
  5
db
  8
Layer_10
  10
4148.9307
  20
14014.975
  0
VERTEX
  5
dc
  8
Layer_10
  10
4149.0732
  20
14015.998
  0
VERTEX
  5
dd
  8
Layer_10
  10
4149.2725
  20
14016.935
  0
VERTEX
  5
de
  8
Layer_10
  10
4149.5283
  20
14017.788
  0
VERTEX
  5
df
  8
Layer_10
  10
4149.8408
  20
14018.558
  0
VERTEX
  5
e0
  8
Layer_10
  10
4150.2109
  20
14019.244
  0
VERTEX
  5
e1
  8
Layer_10
  10
4150.6377
  20
14019.845
  0
VERTEX
  5
e2
  8
Layer_10
  10
4151.0518
  20
14020.303
  0
VERTEX
  5
e3
  8
Layer_10
  10
4151.5005
  20
14020.697
  0
VERTEX
  5
e4
  8
Layer_10
  10
4151.9839
  20
14021.033
  0
VERTEX
  5
e5
  8
Layer_10
  10
4152.5015
  20
14021.307
  0
VERTEX
  5
e6
  8
Layer_10
  10
4153.0537
  20
14021.52
  0
VERTEX
  5
e7
  8
Layer_10
  10
4153.6401
  20
14021.671
  0
VERTEX
  5
e8
  8
Layer_10
  10
4154.2612
  20
14021.763
  0
VERTEX
  5
e9
  8
Layer_10
  10
4154.9165
  20
14021.793
  0
VERTEX
  5
ea
  8
Layer_10
  10
4155.874
  20
14021.723
  0
VERTEX
  5
eb
  8
Layer_10
  10
4156.7412
  20
14021.512
  0
VERTEX
  5
ec
  8
Layer_10
  10
4157.5181
  20
14021.16
  0
VERTEX
  5
ed
  8
Layer_10
  10
4158.2041
  20
14020.669
  0
VERTEX
  5
ee
  8
Layer_10
  10
4158.7808
  20
14020.053
  0
VERTEX
  5
ef
  8
Layer_10
  10
4159.229
  20
14019.329
  0
VERTEX
  5
f0
  8
Layer_10
  10
4159.5488
  20
14018.498
  0
VERTEX
  5
f1
  8
Layer_10
  10
4159.7402
  20
14017.561
  0
SEQEND
  0
POLYLINE
  5
f3
  8
Layer_10
  62
12
  70
1
  66
1
  10
0
  20
0
  30
0
  0
VERTEX
  5
f3
  8
Layer_10
  10
4151.2173
  20
14010.231
  0
VERTEX
  5
f4
  8
Layer_10
  10
4151.2461
  20
14009.697
  0
VERTEX
  5
f5
  8
Layer_10
  10
4151.332
  20
14009.176
  0
VERTEX
  5
f6
  8
Layer_10
  10
4151.4751
  20
14008.666
  0
VERTEX
  5
f7
  8
Layer_10
  10
4151.6753
  20
14008.168
  0
VERTEX
  5
f8
  8
Layer_10
  10
4151.9272
  20
14007.705
  0
VERTEX
  5
f9
  8
Layer_10
  10
4152.2246
  20
14007.299
  0
VERTEX
  5
fa
  8
Layer_10
  10
4152.5679
  20
14006.953
  0
VERTEX
  5
fb
  8
Layer_10
  10
4152.957
  20
14006.666
  0
VERTEX
  5
fc
  8
Layer_10
  10
4153.3735
  20
14006.44
  0
VERTEX
  5
fd
  8
Layer_10
  10
4153.8003
  20
14006.279
  0
VERTEX
  5
fe
  8
Layer_10
  10
4154.2373
  20
14006.183
  0
VERTEX
  5
ff
  8
Layer_10
  10
4154.6846
  20
14006.15
  0
VERTEX
  5
100
  8
Layer_10
  10
4155.3223
  20
14006.217
  0
VERTEX
  5
101
  8
Layer_10
  10
4155.9141
  20
14006.417
  0
VERTEX
  5
102
  8
Layer_10
  10
4156.459
  20
14006.75
  0
VERTEX
  5
103
  8
Layer_10
  10
4156.9575
  20
14007.217
  0
VERTEX
  5
104
  8
Layer_10
  10
4157.3735
  20
14007.798
  0
VERTEX
  5
105
  8
Layer_10
  10
4157.6709
  20
14008.476
  0
VERTEX
  5
106
  8
Layer_10
  10
4157.8491
  20
14009.248
  0
VERTEX
  5
107
  8
Layer_10
  10
4157.9082
  20
14010.116
  0
VERTEX
  5
108
  8
Layer_10
  10
4157.8496
  20
14010.95
  0
VERTEX
  5
109
  8
Layer_10
  10
4157.6738
  20
14011.691
  0
VERTEX
  5
10a
  8
Layer_10
  10
4157.3799
  20
14012.339
  0
VERTEX
  5
10b
  8
Layer_10
  10
4156.9688
  20
14012.894
  0
VERTEX
  5
10c
  8
Layer_10
  10
4156.4688
  20
14013.336
  0
VERTEX
  5
10d
  8
Layer_10
  10
4155.9082
  20
14013.654
  0
VERTEX
  5
10e
  8
Layer_10
  10
4155.2861
  20
14013.844
  0
VERTEX
  5
10f
  8
Layer_10
  10
4154.6035
  20
14013.908
  0
VERTEX
  5
110
  8
Layer_10
  10
4153.9229
  20
14013.844
  0
VERTEX
  5
111
  8
Layer_10
  10
4153.2959
  20
14013.654
  0
VERTEX
  5
112
  8
Layer_10
  10
4152.7227
  20
14013.336
  0
VERTEX
  5
113
  8
Layer_10
  10
4152.2031
  20
14012.894
  0
VERTEX
  5
114
  8
Layer_10
  10
4151.7715
  20
14012.346
  0
VERTEX
  5
115
  8
Layer_10
  10
4151.4639
  20
14011.721
  0
VERTEX
  5
116
  8
Layer_10
  10
4151.2788
  20
14011.016
  0
VERTEX
  5
117
  8
Layer_10
  10
4151.2173
  20
14010.231
  0
SEQEND
  0
POLYLINE
  5
119
  8
Layer_10
  62
12
  70
1
  66
1
  10
0
  20
0
  30
0
  0
VERTEX
  5
119
  8
Layer_10
  10
4163.2891
  20
14004.724
  0
VERTEX
  5
11a
  8
Layer_10
  10
4163.2891
  20
14007.101
  0
VERTEX
  5
11b
  8
Layer_10
  10
4165.666
  20
14007.101
  0
VERTEX
  5
11c
  8
Layer_10
  10
4165.666
  20
14004.724
  0
VERTEX
  5
11d
  8
Layer_10
  10
4163.2891
  20
14004.724
  0
SEQEND
  0
POLYLINE
  5
11f
  8
Layer_10
  62
12
  70
1
  66
1
  10
0
  20
0
  30
0
  0
VERTEX
  5
11f
  8
Layer_10
  10
3785.0591
  20
14004.794
  0
VERTEX
  5
120
  8
Layer_10
  10
3785.0591
  20
14008.864
  0
VERTEX
  5
121
  8
Layer_10
  10
3777.6838
  20
14008.864
  0
VERTEX
  5
122
  8
Layer_10
  10
3777.6838
  20
14010.777
  0
VERTEX
  5
123
  8
Layer_10
  10
3785.4417
  20
14021.794
  0
VERTEX
  5
124
  8
Layer_10
  10
3787.1465
  20
14021.794
  0
VERTEX
  5
125
  8
Layer_10
  10
3787.1465
  20
14010.777
  0
VERTEX
  5
126
  8
Layer_10
  10
3789.4424
  20
14010.777
  0
VERTEX
  5
127
  8
Layer_10
  10
3789.4424
  20
14008.864
  0
VERTEX
  5
128
  8
Layer_10
  10
3787.1465
  20
14008.864
  0
VERTEX
  5
129
  8
Layer_10
  10
3787.1465
  20
14004.794
  0
VERTEX
  5
12a
  8
Layer_10
  10
3785.0591
  20
14004.794
  0
SEQEND
  0
POLYLINE
  5
12c
  8
Layer_10
  62
12
  70
1
  66
1
  10
0
  20
0
  30
0
  0
VERTEX
  5
12c
  8
Layer_10
  10
3785.0591
  20
14010.777
  0
VERTEX
  5
12d
  8
Layer_10
  10
3785.0591
  20
14018.442
  0
VERTEX
  5
12e
  8
Layer_10
  10
3779.7363
  20
14010.777
  0
VERTEX
  5
12f
  8
Layer_10
  10
3785.0591
  20
14010.777
  0
SEQEND
  0
POLYLINE
  5
131
  8
Layer_10
  62
12
  70
1
  66
1
  10
0
  20
0
  30
0
  0
VERTEX
  5
131
  8
Layer_10
  10
3792.7473
  20
14004.794
  0
VERTEX
  5
132
  8
Layer_10
  10
3792.7473
  20
14007.171
  0
VERTEX
  5
133
  8
Layer_10
  10
3795.1245
  20
14007.171
  0
VERTEX
  5
134
  8
Layer_10
  10
3795.1245
  20
14004.794
  0
VERTEX
  5
135
  8
Layer_10
  10
3792.7473
  20
14004.794
  0
SEQEND
  0
POLYLINE
  5
137
  8
Layer_10
  62
12
  70
1
  66
1
  10
0
  20
0
  30
0
  0
VERTEX
  5
137
  8
Layer_10
  10
3591.1069
  20
14009.211
  0
VERTEX
  5
138
  8
Layer_10
  10
3593.1943
  20
14009.489
  0
VERTEX
  5
139
  8
Layer_10
  10
3593.4055
  20
14008.664
  0
VERTEX
  5
13a
  8
Layer_10
  10
3593.6799
  20
14007.963
  0
VERTEX
  5
13b
  8
Layer_10
  10
3594.0171
  20
14007.386
  0
VERTEX
  5
13c
  8
Layer_10
  10
3594.4175
  20
14006.933
  0
VERTEX
  5
13d
  8
Layer_10
  10
3594.873
  20
14006.59
  0
VERTEX
  5
13e
  8
Layer_10
  10
3595.3757
  20
14006.346
  0
VERTEX
  5
13f
  8
Layer_10
  10
3595.9255
  20
14006.199
  0
VERTEX
  5
140
  8
Layer_10
  10
3596.5225
  20
14006.15
  0
VERTEX
  5
141
  8
Layer_10
  10
3597.23
  20
14006.215
  0
VERTEX
  5
142
  8
Layer_10
  10
3597.8806
  20
14006.405
  0
VERTEX
  5
143
  8
Layer_10
  10
3598.4739
  20
14006.725
  0
VERTEX
  5
144
  8
Layer_10
  10
3599.0098
  20
14007.171
  0
VERTEX
  5
145
  8
Layer_10
  10
3599.4536
  20
14007.711
  0
VERTEX
  5
146
  8
Layer_10
  10
3599.7708
  20
14008.313
  0
VERTEX
  5
147
  8
Layer_10
  10
3599.9609
  20
14008.975
  0
VERTEX
  5
148
  8
Layer_10
  10
3600.0244
  20
14009.698
  0
VERTEX
  5
149
  8
Layer_10
  10
3599.9658
  20
14010.386
  0
VERTEX
  5
14a
  8
Layer_10
  10
3599.7896
  20
14011.011
  0
VERTEX
  5
14b
  8
Layer_10
  10
3599.4961
  20
14011.572
  0
VERTEX
  5
14c
  8
Layer_10
  10
3599.0852
  20
14012.07
  0
VERTEX
  5
14d
  8
Layer_10
  10
3598.5835
  20
14012.479
  0
VERTEX
  5
14e
  8
Layer_10
  10
3598.0183
  20
14012.77
  0
VERTEX
  5
14f
  8
Layer_10
  10
3597.3892
  20
14012.945
  0
VERTEX
  5
150
  8
Layer_10
  10
3596.6963
  20
14013.003
  0
VERTEX
  5
151
  8
Layer_10
  10
3596.0325
  20
14012.945
  0
VERTEX
  5
152
  8
Layer_10
  10
3595.2236
  20
14012.771
  0
VERTEX
  5
153
  8
Layer_10
  10
3595.4556
  20
14014.604
  0
VERTEX
  5
154
  8
Layer_10
  10
3595.644
  20
14014.586
  0
VERTEX
  5
155
  8
Layer_10
  10
3595.792
  20
14014.58
  0
VERTEX
  5
156
  8
Layer_10
  10
3596.4419
  20
14014.624
  0
VERTEX
  5
157
  8
Layer_10
  10
3597.0586
  20
14014.755
  0
VERTEX
  5
158
  8
Layer_10
  10
3597.6421
  20
14014.972
  0
VERTEX
  5
159
  8
Layer_10
  10
3598.1924
  20
14015.276
  0
VERTEX
  5
15a
  8
Layer_10
  10
3598.6589
  20
14015.671
  0
VERTEX
  5
15b
  8
Layer_10
  10
3598.9924
  20
14016.16
  0
VERTEX
  5
15c
  8
Layer_10
  10
3599.1924
  20
14016.744
  0
VERTEX
  5
15d
  8
Layer_10
  10
3599.259
  20
14017.422
  0
VERTEX
  5
15e
  8
Layer_10
  10
3599.2104
  20
14017.972
  0
VERTEX
  5
15f
  8
Layer_10
  10
3599.0649
  20
14018.471
  0
VERTEX
  5
160
  8
Layer_10
  10
3598.8223
  20
14018.922
  0
VERTEX
  5
161
  8
Layer_10
  10
3598.4822
  20
14019.323
  0
VERTEX
  5
162
  8
Layer_10
  10
3598.0654
  20
14019.652
  0
VERTEX
  5
163
  8
Layer_10
  10
3597.5923
  20
14019.889
  0
VERTEX
  5
164
  8
Layer_10
  10
3597.0625
  20
14020.029
  0
VERTEX
  5
165
  8
Layer_10
  10
3596.4761
  20
14020.077
  0
VERTEX
  5
166
  8
Layer_10
  10
3595.8926
  20
14020.029
  0
VERTEX
  5
167
  8
Layer_10
  10
3595.3599
  20
14019.886
  0
VERTEX
  5
168
  8
Layer_10
  10
3594.8779
  20
14019.646
  0
VERTEX
  5
169
  8
Layer_10
  10
3594.4468
  20
14019.312
  0
VERTEX
  5
16a
  8
Layer_10
  10
3594.0771
  20
14018.882
  0
VERTEX
  5
16b
  8
Layer_10
  10
3593.7798
  20
14018.355
  0
VERTEX
  5
16c
  8
Layer_10
  10
3593.5552
  20
14017.733
  0
VERTEX
  5
16d
  8
Layer_10
  10
3593.4028
  20
14017.016
  0
VERTEX
  5
16e
  8
Layer_10
  10
3591.3157
  20
14017.387
  0
VERTEX
  5
16f
  8
Layer_10
  10
3591.5679
  20
14018.377
  0
VERTEX
  5
170
  8
Layer_10
  10
3591.9419
  20
14019.249
  0
VERTEX
  5
171
  8
Layer_10
  10
3592.4375
  20
14020.004
  0
VERTEX
  5
172
  8
Layer_10
  10
3593.0552
  20
14020.64
  0
VERTEX
  5
173
  8
Layer_10
  10
3593.7749
  20
14021.145
  0
VERTEX
  5
174
  8
Layer_10
  10
3594.5771
  20
14021.505
  0
VERTEX
  5
175
  8
Layer_10
  10
3595.4619
  20
14021.722
  0
VERTEX
  5
176
  8
Layer_10
  10
3596.4297
  20
14021.793
  0
VERTEX
  5
177
  8
Layer_10
  10
3597.1116
  20
14021.756
  0
VERTEX
  5
178
  8
Layer_10
  10
3597.7661
  20
14021.644
  0
VERTEX
  5
179
  8
Layer_10
  10
3598.3931
  20
14021.457
  0
VERTEX
  5
17a
  8
Layer_10
  10
3598.9924
  20
14021.196
  0
VERTEX
  5
17b
  8
Layer_10
  10
3599.5435
  20
14020.87
  0
VERTEX
  5
17c
  8
Layer_10
  10
3600.0259
  20
14020.49
  0
VERTEX
  5
17d
  8
Layer_10
  10
3600.4395
  20
14020.055
  0
VERTEX
  5
17e
  8
Layer_10
  10
3600.7839
  20
14019.566
  0
VERTEX
  5
17f
  8
Layer_10
  10
3601.0554
  20
14019.043
  0
VERTEX
  5
180
  8
Layer_10
  10
3601.2493
  20
14018.503
  0
VERTEX
  5
181
  8
Layer_10
  10
3601.3657
  20
14017.947
  0
VERTEX
  5
182
  8
Layer_10
  10
3601.4043
  20
14017.375
  0
VERTEX
  5
183
  8
Layer_10
  10
3601.3674
  20
14016.836
  0
VERTEX
  5
184
  8
Layer_10
  10
3601.2566
  20
14016.322
  0
VERTEX
  5
185
  8
Layer_10
  10
3601.0718
  20
14015.833
  0
VERTEX
  5
186
  8
Layer_10
  10
3600.813
  20
14015.369
  0
VERTEX
  5
187
  8
Layer_10
  10
3600.4819
  20
14014.939
  0
VERTEX
  5
188
  8
Layer_10
  10
3600.0796
  20
14014.558
  0
VERTEX
  5
189
  8
Layer_10
  10
3599.6064
  20
14014.222
  0
VERTEX
  5
18a
  8
Layer_10
  10
3599.062
  20
14013.931
  0
VERTEX
  5
18b
  8
Layer_10
  10
3599.7737
  20
14013.71
  0
VERTEX
  5
18c
  8
Layer_10
  10
3600.4014
  20
14013.396
  0
VERTEX
  5
18d
  8
Layer_10
  10
3600.9448
  20
14012.988
  0
VERTEX
  5
18e
  8
Layer_10
  10
3601.4043
  20
14012.487
  0
VERTEX
  5
18f
  8
Layer_10
  10
3601.7695
  20
14011.904
  0
VERTEX
  5
190
  8
Layer_10
  10
3602.0308
  20
14011.254
  0
VERTEX
  5
191
  8
Layer_10
  10
3602.187
  20
14010.533
  0
VERTEX
  5
192
  8
Layer_10
  10
3602.2393
  20
14009.745
  0
VERTEX
  5
193
  8
Layer_10
  10
3602.2139
  20
14009.199
  0
VERTEX
  5
194
  8
Layer_10
  10
3602.1379
  20
14008.674
  0
VERTEX
  5
195
  8
Layer_10
  10
3602.011
  20
14008.17
  0
VERTEX
  5
196
  8
Layer_10
  10
3601.8335
  20
14007.688
  0
VERTEX
  5
197
  8
Layer_10
  10
3601.6052
  20
14007.227
  0
VERTEX
  5
198
  8
Layer_10
  10
3601.3262
  20
14006.786
  0
VERTEX
  5
199
  8
Layer_10
  10
3600.9963
  20
14006.368
  0
VERTEX
  5
19a
  8
Layer_10
  10
3600.6157
  20
14005.971
  0
VERTEX
  5
19b
  8
Layer_10
  10
3600.1965
  20
14005.607
  0
VERTEX
  5
19c
  8
Layer_10
  10
3599.7505
  20
14005.293
  0
VERTEX
  5
19d
  8
Layer_10
  10
3599.2776
  20
14005.026
  0
VERTEX
  5
19e
  8
Layer_10
  10
3598.7778
  20
14004.809
  0
VERTEX
  5
19f
  8
Layer_10
  10
3598.2515
  20
14004.639
  0
VERTEX
  5
1a0
  8
Layer_10
  10
3597.698
  20
14004.519
  0
VERTEX
  5
1a1
  8
Layer_10
  10
3597.1177
  20
14004.445
  0
VERTEX
  5
1a2
  8
Layer_10
  10
3596.5107
  20
14004.422
  0
VERTEX
  5
1a3
  8
Layer_10
  10
3595.4392
  20
14004.505
  0
VERTEX
  5
1a4
  8
Layer_10
  10
3594.4626
  20
14004.756
  0
VERTEX
  5
1a5
  8
Layer_10
  10
3593.5811
  20
14005.172
  0
VERTEX
  5
1a6
  8
Layer_10
  10
3592.7942
  20
14005.756
  0
VERTEX
  5
1a7
  8
Layer_10
  10
3592.1343
  20
14006.472
  0
VERTEX
  5
1a8
  8
Layer_10
  10
3591.6331
  20
14007.287
  0
VERTEX
  5
1a9
  8
Layer_10
  10
3591.2905
  20
14008.199
  0
VERTEX
  5
1aa
  8
Layer_10
  10
3591.1069
  20
14009.211
  0
SEQEND
  0
POLYLINE
  5
1ac
  8
Layer_10
  62
12
  70
1
  66
1
  10
0
  20
0
  30
0
  0
VERTEX
  5
1ac
  8
Layer_10
  10
3605.4746
  20
14004.724
  0
VERTEX
  5
1ad
  8
Layer_10
  10
3605.4746
  20
14007.101
  0
VERTEX
  5
1ae
  8
Layer_10
  10
3607.8521
  20
14007.101
  0
VERTEX
  5
1af
  8
Layer_10
  10
3607.8521
  20
14004.724
  0
VERTEX
  5
1b0
  8
Layer_10
  10
3605.4746
  20
14004.724
  0
SEQEND
  0
POLYLINE
  5
1b2
  8
Layer_10
  62
12
  70
1
  66
1
  10
0
  20
0
  30
0
  0
VERTEX
  5
1b2
  8
Layer_10
  10
3430.1492
  20
14006.729
  0
VERTEX
  5
1b3
  8
Layer_10
  10
3430.1492
  20
14004.724
  0
VERTEX
  5
1b4
  8
Layer_10
  10
3418.9126
  20
14004.724
  0
VERTEX
  5
1b5
  8
Layer_10
  10
3418.9617
  20
14005.463
  0
VERTEX
  5
1b6
  8
Layer_10
  10
3419.156
  20
14006.173
  0
VERTEX
  5
1b7
  8
Layer_10
  10
3419.4028
  20
14006.745
  0
VERTEX
  5
1b8
  8
Layer_10
  10
3419.7141
  20
14007.313
  0
VERTEX
  5
1b9
  8
Layer_10
  10
3420.0898
  20
14007.876
  0
VERTEX
  5
1ba
  8
Layer_10
  10
3420.5303
  20
14008.435
  0
VERTEX
  5
1bb
  8
Layer_10
  10
3421.0552
  20
14009.013
  0
VERTEX
  5
1bc
  8
Layer_10
  10
3421.6855
  20
14009.635
  0
VERTEX
  5
1bd
  8
Layer_10
  10
3422.4209
  20
14010.301
  0
VERTEX
  5
1be
  8
Layer_10
  10
3423.2612
  20
14011.009
  0
VERTEX
  5
1bf
  8
Layer_10
  10
3423.9258
  20
14011.563
  0
VERTEX
  5
1c0
  8
Layer_10
  10
3424.5347
  20
14012.086
  0
VERTEX
  5
1c1
  8
Layer_10
  10
3425.0869
  20
14012.581
  0
VERTEX
  5
1c2
  8
Layer_10
  10
3425.5833
  20
14013.046
  0
VERTEX
  5
1c3
  8
Layer_10
  10
3426.0234
  20
14013.48
  0
VERTEX
  5
1c4
  8
Layer_10
  10
3426.4072
  20
14013.887
  0
VERTEX
  5
1c5
  8
Layer_10
  10
3426.7351
  20
14014.263
  0
VERTEX
  5
1c6
  8
Layer_10
  10
3427.0066
  20
14014.609
  0
VERTEX
  5
1c7
  8
Layer_10
  10
3427.4329
  20
14015.264
  0
VERTEX
  5
1c8
  8
Layer_10
  10
3427.7373
  20
14015.9
  0
VERTEX
  5
1c9
  8
Layer_10
  10
3427.9199
  20
14016.52
  0
VERTEX
  5
1ca
  8
Layer_10
  10
3427.9807
  20
14017.12
  0
VERTEX
  5
1cb
  8
Layer_10
  10
3427.9253
  20
14017.716
  0
VERTEX
  5
1cc
  8
Layer_10
  10
3427.7588
  20
14018.264
  0
VERTEX
  5
1cd
  8
Layer_10
  10
3427.4817
  20
14018.762
  0
VERTEX
  5
1ce
  8
Layer_10
  10
3427.0938
  20
14019.213
  0
VERTEX
  5
1cf
  8
Layer_10
  10
3426.6162
  20
14019.586
  0
VERTEX
  5
1d0
  8
Layer_10
  10
3426.0718
  20
14019.853
  0
VERTEX
  5
1d1
  8
Layer_10
  10
3425.4597
  20
14020.012
  0
VERTEX
  5
1d2
  8
Layer_10
  10
3424.7803
  20
14020.065
  0
VERTEX
  5
1d3
  8
Layer_10
  10
3424.064
  20
14020.009
  0
VERTEX
  5
1d4
  8
Layer_10
  10
3423.4233
  20
14019.84
  0
VERTEX
  5
1d5
  8
Layer_10
  10
3422.8582
  20
14019.557
  0
VERTEX
  5
1d6
  8
Layer_10
  10
3422.3682
  20
14019.161
  0
VERTEX
  5
1d7
  8
Layer_10
  10
3421.9717
  20
14018.665
  0
VERTEX
  5
1d8
  8
Layer_10
  10
3421.687
  20
14018.082
  0
VERTEX
  5
1d9
  8
Layer_10
  10
3421.5137
  20
14017.413
  0
VERTEX
  5
1da
  8
Layer_10
  10
3421.4521
  20
14016.656
  0
VERTEX
  5
1db
  8
Layer_10
  10
3419.3066
  20
14016.877
  0
VERTEX
  5
1dc
  8
Layer_10
  10
3419.3809
  20
14017.459
  0
VERTEX
  5
1dd
  8
Layer_10
  10
3419.4929
  20
14018.006
  0
VERTEX
  5
1de
  8
Layer_10
  10
3419.6431
  20
14018.516
  0
VERTEX
  5
1df
  8
Layer_10
  10
3419.8315
  20
14018.99
  0
VERTEX
  5
1e0
  8
Layer_10
  10
3420.0576
  20
14019.43
  0
VERTEX
  5
1e1
  8
Layer_10
  10
3420.322
  20
14019.834
  0
VERTEX
  5
1e2
  8
Layer_10
  10
3420.6245
  20
14020.203
  0
VERTEX
  5
1e3
  8
Layer_10
  10
3420.9648
  20
14020.535
  0
VERTEX
  5
1e4
  8
Layer_10
  10
3421.3398
  20
14020.83
  0
VERTEX
  5
1e5
  8
Layer_10
  10
3421.7456
  20
14021.086
  0
VERTEX
  5
1e6
  8
Layer_10
  10
3422.1821
  20
14021.302
  0
VERTEX
  5
1e7
  8
Layer_10
  10
3422.6494
  20
14021.479
  0
VERTEX
  5
1e8
  8
Layer_10
  10
3423.1475
  20
14021.617
  0
VERTEX
  5
1e9
  8
Layer_10
  10
3423.6763
  20
14021.715
  0
VERTEX
  5
1ea
  8
Layer_10
  10
3424.2361
  20
14021.773
  0
VERTEX
  5
1eb
  8
Layer_10
  10
3424.8267
  20
14021.793
  0
VERTEX
  5
1ec
  8
Layer_10
  10
3425.4224
  20
14021.771
  0
VERTEX
  5
1ed
  8
Layer_10
  10
3425.9861
  20
14021.708
  0
VERTEX
  5
1ee
  8
Layer_10
  10
3426.5181
  20
14021.602
  0
VERTEX
  5
1ef
  8
Layer_10
  10
3427.0183
  20
14021.453
  0
VERTEX
  5
1f0
  8
Layer_10
  10
3427.4863
  20
14021.262
  0
VERTEX
  5
1f1
  8
Layer_10
  10
3427.9229
  20
14021.029
  0
VERTEX
  5
1f2
  8
Layer_10
  10
3428.3271
  20
14020.754
  0
VERTEX
  5
1f3
  8
Layer_10
  10
3428.6997
  20
14020.437
  0
VERTEX
  5
1f4
  8
Layer_10
  10
3429.3237
  20
14019.718
  0
VERTEX
  5
1f5
  8
Layer_10
  10
3429.7695
  20
14018.918
  0
VERTEX
  5
1f6
  8
Layer_10
  10
3430.0366
  20
14018.036
  0
VERTEX
  5
1f7
  8
Layer_10
  10
3430.126
  20
14017.073
  0
VERTEX
  5
1f8
  8
Layer_10
  10
3430.0999
  20
14016.565
  0
VERTEX
  5
1f9
  8
Layer_10
  10
3430.0217
  20
14016.063
  0
VERTEX
  5
1fa
  8
Layer_10
  10
3429.8911
  20
14015.563
  0
VERTEX
  5
1fb
  8
Layer_10
  10
3429.7085
  20
14015.067
  0
VERTEX
  5
1fc
  8
Layer_10
  10
3429.4653
  20
14014.568
  0
VERTEX
  5
1fd
  8
Layer_10
  10
3429.1533
  20
14014.056
  0
VERTEX
  5
1fe
  8
Layer_10
  10
3428.7725
  20
14013.531
  0
VERTEX
  5
1ff
  8
Layer_10
  10
3428.3228
  20
14012.992
  0
VERTEX
  5
200
  8
Layer_10
  10
3427.7585
  20
14012.396
  0
VERTEX
  5
201
  8
Layer_10
  10
3427.0342
  20
14011.698
  0
VERTEX
  5
202
  8
Layer_10
  10
3426.1497
  20
14010.899
  0
VERTEX
  5
203
  8
Layer_10
  10
3425.105
  20
14010
  0
VERTEX
  5
204
  8
Layer_10
  10
3424.6563
  20
14009.623
  0
VERTEX
  5
205
  8
Layer_10
  10
3424.2498
  20
14009.275
  0
VERTEX
  5
206
  8
Layer_10
  10
3423.8853
  20
14008.961
  0
VERTEX
  5
207
  8
Layer_10
  10
3423.5625
  20
14008.677
  0
VERTEX
  5
208
  8
Layer_10
  10
3423.2822
  20
14008.426
  0
VERTEX
  5
209
  8
Layer_10
  10
3423.0437
  20
14008.205
  0
VERTEX
  5
20a
  8
Layer_10
  10
3422.8472
  20
14008.017
  0
VERTEX
  5
20b
  8
Layer_10
  10
3422.6929
  20
14007.86
  0
VERTEX
  5
20c
  8
Layer_10
  10
3422.2058
  20
14007.296
  0
VERTEX
  5
20d
  8
Layer_10
  10
3421.8115
  20
14006.729
  0
VERTEX
  5
20e
  8
Layer_10
  10
3430.1492
  20
14006.729
  0
SEQEND
  0
POLYLINE
  5
210
  8
Layer_10
  62
12
  70
1
  66
1
  10
0
  20
0
  30
0
  0
VERTEX
  5
210
  8
Layer_10
  10
3433.5586
  20
14004.724
  0
VERTEX
  5
211
  8
Layer_10
  10
3433.5586
  20
14007.101
  0
VERTEX
  5
212
  8
Layer_10
  10
3435.9358
  20
14007.101
  0
VERTEX
  5
213
  8
Layer_10
  10
3435.9358
  20
14004.724
  0
VERTEX
  5
214
  8
Layer_10
  10
3433.5586
  20
14004.724
  0
SEQEND
  0
POLYLINE
  5
216
  8
Layer_10
  62
12
  70
1
  66
1
  10
0
  20
0
  30
0
  0
VERTEX
  5
216
  8
Layer_10
  10
3241.8784
  20
14004.724
  0
VERTEX
  5
217
  8
Layer_10
  10
3239.791
  20
14004.724
  0
VERTEX
  5
218
  8
Layer_10
  10
3239.791
  20
14018.024
  0
VERTEX
  5
219
  8
Layer_10
  10
3239.3848
  20
14017.665
  0
VERTEX
  5
21a
  8
Layer_10
  10
3238.9199
  20
14017.305
  0
VERTEX
  5
21b
  8
Layer_10
  10
3238.3962
  20
14016.945
  0
VERTEX
  5
21c
  8
Layer_10
  10
3237.814
  20
14016.587
  0
VERTEX
  5
21d
  8
Layer_10
  10
3237.2178
  20
14016.25
  0
VERTEX
  5
21e
  8
Layer_10
  10
3236.6528
  20
14015.957
  0
VERTEX
  5
21f
  8
Layer_10
  10
3236.1191
  20
14015.711
  0
VERTEX
  5
220
  8
Layer_10
  10
3235.6165
  20
14015.508
  0
VERTEX
  5
221
  8
Layer_10
  10
3235.6165
  20
14017.525
  0
VERTEX
  5
222
  8
Layer_10
  10
3236.4644
  20
14017.959
  0
VERTEX
  5
223
  8
Layer_10
  10
3237.2573
  20
14018.436
  0
VERTEX
  5
224
  8
Layer_10
  10
3237.9951
  20
14018.956
  0
VERTEX
  5
225
  8
Layer_10
  10
3238.6777
  20
14019.521
  0
VERTEX
  5
226
  8
Layer_10
  10
3239.2852
  20
14020.101
  0
VERTEX
  5
227
  8
Layer_10
  10
3239.7969
  20
14020.674
  0
VERTEX
  5
228
  8
Layer_10
  10
3240.2129
  20
14021.237
  0
VERTEX
  5
229
  8
Layer_10
  10
3240.5332
  20
14021.793
  0
VERTEX
  5
22a
  8
Layer_10
  10
3241.8784
  20
14021.793
  0
VERTEX
  5
22b
  8
Layer_10
  10
3241.8784
  20
14004.724
  0
SEQEND
  0
POLYLINE
  5
22d
  8
Layer_10
  62
12
  70
1
  66
1
  10
0
  20
0
  30
0
  0
VERTEX
  5
22d
  8
Layer_10
  10
3248.3955
  20
14004.724
  0
VERTEX
  5
22e
  8
Layer_10
  10
3248.3955
  20
14007.101
  0
VERTEX
  5
22f
  8
Layer_10
  10
3250.7727
  20
14007.101
  0
VERTEX
  5
230
  8
Layer_10
  10
3250.7727
  20
14004.724
  0
VERTEX
  5
231
  8
Layer_10
  10
3248.3955
  20
14004.724
  0
SEQEND
  0
POLYLINE
  5
233
  8
Layer_10
  62
12
  70
1
  66
1
  10
0
  20
0
  30
0
  0
VERTEX
  5
233
  8
Layer_10
  10
3967
  20
14009.479
  0
VERTEX
  5
234
  8
Layer_10
  10
3969.1917
  20
14009.664
  0
VERTEX
  5
235
  8
Layer_10
  10
3969.3538
  20
14008.913
  0
VERTEX
  5
236
  8
Layer_10
  10
3969.5962
  20
14008.262
  0
VERTEX
  5
237
  8
Layer_10
  10
3969.9189
  20
14007.71
  0
VERTEX
  5
238
  8
Layer_10
  10
3970.3223
  20
14007.258
  0
VERTEX
  5
239
  8
Layer_10
  10
3970.7888
  20
14006.905
  0
VERTEX
  5
23a
  8
Layer_10
  10
3971.3008
  20
14006.653
  0
VERTEX
  5
23b
  8
Layer_10
  10
3971.8586
  20
14006.502
  0
VERTEX
  5
23c
  8
Layer_10
  10
3972.4619
  20
14006.452
  0
VERTEX
  5
23d
  8
Layer_10
  10
3973.1865
  20
14006.523
  0
VERTEX
  5
23e
  8
Layer_10
  10
3973.8535
  20
14006.736
  0
VERTEX
  5
23f
  8
Layer_10
  10
3974.4619
  20
14007.09
  0
VERTEX
  5
240
  8
Layer_10
  10
3975.0129
  20
14007.588
  0
VERTEX
  5
241
  8
Layer_10
  10
3975.4697
  20
14008.203
  0
VERTEX
  5
242
  8
Layer_10
  10
3975.7959
  20
14008.91
  0
VERTEX
  5
243
  8
Layer_10
  10
3975.9915
  20
14009.71
  0
VERTEX
  5
244
  8
Layer_10
  10
3976.0566
  20
14010.604
  0
VERTEX
  5
245
  8
Layer_10
  10
3975.9939
  20
14011.449
  0
VERTEX
  5
246
  8
Layer_10
  10
3975.8059
  20
14012.201
  0
VERTEX
  5
247
  8
Layer_10
  10
3975.4922
  20
14012.857
  0
VERTEX
  5
248
  8
Layer_10
  10
3975.0535
  20
14013.421
  0
VERTEX
  5
249
  8
Layer_10
  10
3974.5132
  20
14013.873
  0
VERTEX
  5
24a
  8
Layer_10
  10
3973.8953
  20
14014.195
  0
VERTEX
  5
24b
  8
Layer_10
  10
3973.2
  20
14014.389
  0
VERTEX
  5
24c
  8
Layer_10
  10
3972.427
  20
14014.453
  0
VERTEX
  5
24d
  8
Layer_10
  10
3971.9348
  20
14014.424
  0
VERTEX
  5
24e
  8
Layer_10
  10
3971.4675
  20
14014.339
  0
VERTEX
  5
24f
  8
Layer_10
  10
3971.0247
  20
14014.195
  0
VERTEX
  5
250
  8
Layer_10
  10
3970.6064
  20
14013.995
  0
VERTEX
  5
251
  8
Layer_10
  10
3970.2224
  20
14013.748
  0
VERTEX
  5
252
  8
Layer_10
  10
3969.8816
  20
14013.469
  0
VERTEX
  5
253
  8
Layer_10
  10
3969.5845
  20
14013.155
  0
VERTEX
  5
254
  8
Layer_10
  10
3969.3308
  20
14012.807
  0
VERTEX
  5
255
  8
Layer_10
  10
3967.3711
  20
14013.062
  0
VERTEX
  5
256
  8
Layer_10
  10
3969.0178
  20
14021.794
  0
VERTEX
  5
257
  8
Layer_10
  10
3977.4714
  20
14021.794
  0
VERTEX
  5
258
  8
Layer_10
  10
3977.4714
  20
14019.799
  0
VERTEX
  5
259
  8
Layer_10
  10
3970.6875
  20
14019.799
  0
VERTEX
  5
25a
  8
Layer_10
  10
3969.7715
  20
14015.23
  0
VERTEX
  5
25b
  8
Layer_10
  10
3970.5464
  20
14015.697
  0
VERTEX
  5
25c
  8
Layer_10
  10
3971.3401
  20
14016.03
  0
VERTEX
  5
25d
  8
Layer_10
  10
3972.1526
  20
14016.23
  0
VERTEX
  5
25e
  8
Layer_10
  10
3972.9836
  20
14016.297
  0
VERTEX
  5
25f
  8
Layer_10
  10
3973.5293
  20
14016.273
  0
VERTEX
  5
260
  8
Layer_10
  10
3974.0535
  20
14016.2
  0
VERTEX
  5
261
  8
Layer_10
  10
3974.5557
  20
14016.08
  0
VERTEX
  5
262
  8
Layer_10
  10
3975.0361
  20
14015.911
  0
VERTEX
  5
263
  8
Layer_10
  10
3975.4949
  20
14015.695
  0
VERTEX
  5
264
  8
Layer_10
  10
3975.9316
  20
14015.43
  0
VERTEX
  5
265
  8
Layer_10
  10
3976.3472
  20
14015.116
  0
VERTEX
  5
266
  8
Layer_10
  10
3976.7407
  20
14014.755
  0
VERTEX
  5
267
  8
Layer_10
  10
3977.0996
  20
14014.356
  0
VERTEX
  5
268
  8
Layer_10
  10
3977.4106
  20
14013.929
  0
VERTEX
  5
269
  8
Layer_10
  10
3977.6738
  20
14013.475
  0
VERTEX
  5
26a
  8
Layer_10
  10
3977.8889
  20
14012.992
  0
VERTEX
  5
26b
  8
Layer_10
  10
3978.0564
  20
14012.482
  0
VERTEX
  5
26c
  8
Layer_10
  10
3978.176
  20
14011.945
  0
VERTEX
  5
26d
  8
Layer_10
  10
3978.2478
  20
14011.381
  0
VERTEX
  5
26e
  8
Layer_10
  10
3978.2715
  20
14010.789
  0
VERTEX
  5
26f
  8
Layer_10
  10
3978.1875
  20
14009.675
  0
VERTEX
  5
270
  8
Layer_10
  10
3977.9351
  20
14008.638
  0
VERTEX
  5
271
  8
Layer_10
  10
3977.5149
  20
14007.68
  0
VERTEX
  5
272
  8
Layer_10
  10
3976.9263
  20
14006.8
  0
VERTEX
  5
273
  8
Layer_10
  10
3976.4988
  20
14006.315
  0
VERTEX
  5
274
  8
Layer_10
  10
3976.0342
  20
14005.896
  0
VERTEX
  5
275
  8
Layer_10
  10
3975.532
  20
14005.542
  0
VERTEX
  5
276
  8
Layer_10
  10
3974.9927
  20
14005.252
  0
VERTEX
  5
277
  8
Layer_10
  10
3974.4158
  20
14005.026
  0
VERTEX
  5
278
  8
Layer_10
  10
3973.8018
  20
14004.865
  0
VERTEX
  5
279
  8
Layer_10
  10
3973.1504
  20
14004.768
  0
VERTEX
  5
27a
  8
Layer_10
  10
3972.4619
  20
14004.735
  0
VERTEX
  5
27b
  8
Layer_10
  10
3971.3555
  20
14004.816
  0
VERTEX
  5
27c
  8
Layer_10
  10
3970.3557
  20
14005.061
  0
VERTEX
  5
27d
  8
Layer_10
  10
3969.4622
  20
14005.467
  0
VERTEX
  5
27e
  8
Layer_10
  10
3968.6755
  20
14006.034
  0
VERTEX
  5
27f
  8
Layer_10
  10
3968.021
  20
14006.736
  0
VERTEX
  5
280
  8
Layer_10
  10
3967.5234
  20
14007.545
  0
VERTEX
  5
281
  8
Layer_10
  10
3967.1831
  20
14008.459
  0
VERTEX
  5
282
  8
Layer_10
  10
3967
  20
14009.479
  0
SEQEND
  0
POLYLINE
  5
284
  8
Layer_10
  62
12
  70
1
  66
1
  10
0
  20
0
  30
0
  0
VERTEX
  5
284
  8
Layer_10
  10
3981.3794
  20
14005.025
  0
VERTEX
  5
285
  8
Layer_10
  10
3981.3794
  20
14007.402
  0
VERTEX
  5
286
  8
Layer_10
  10
3983.7566
  20
14007.402
  0
VERTEX
  5
287
  8
Layer_10
  10
3983.7566
  20
14005.025
  0
VERTEX
  5
288
  8
Layer_10
  10
3981.3794
  20
14005.025
  0
SEQEND
  0
POLYLINE
  5
28a
  8
Layer_10
  62
12
  70
1
  66
1
  10
0
  20
0
  30
0
  0
VERTEX
  5
28a
  8
Layer_10
  10
3235.6165
  20
13223.808
  0
VERTEX
  5
28b
  8
Layer_10
  10
3235.6165
  20
13225.813
  0
VERTEX
  5
28c
  8
Layer_10
  10
3246.6213
  20
13225.813
  0
VERTEX
  5
28d
  8
Layer_10
  10
3246.6213
  20
13224.19
  0
VERTEX
  5
28e
  8
Layer_10
  10
3245.8115
  20
13223.256
  0
VERTEX
  5
28f
  8
Layer_10
  10
3245.0051
  20
13222.178
  0
VERTEX
  5
290
  8
Layer_10
  10
3244.2024
  20
13220.959
  0
VERTEX
  5
291
  8
Layer_10
  10
3243.4033
  20
13219.599
  0
VERTEX
  5
292
  8
Layer_10
  10
3242.6514
  20
13218.156
  0
VERTEX
  5
293
  8
Layer_10
  10
3241.99
  20
13216.693
  0
VERTEX
  5
294
  8
Layer_10
  10
3241.4194
  20
13215.211
  0
VERTEX
  5
295
  8
Layer_10
  10
3240.939
  20
13213.707
  0
VERTEX
  5
296
  8
Layer_10
  10
3240.6543
  20
13212.615
  0
VERTEX
  5
297
  8
Layer_10
  10
3240.426
  20
13211.473
  0
VERTEX
  5
298
  8
Layer_10
  10
3240.2544
  20
13210.279
  0
VERTEX
  5
299
  8
Layer_10
  10
3240.1392
  20
13209.034
  0
VERTEX
  5
29a
  8
Layer_10
  10
3237.9937
  20
13209.034
  0
VERTEX
  5
29b
  8
Layer_10
  10
3238.0562
  20
13210.09
  0
VERTEX
  5
29c
  8
Layer_10
  10
3238.2083
  20
13211.249
  0
VERTEX
  5
29d
  8
Layer_10
  10
3238.4502
  20
13212.514
  0
VERTEX
  5
29e
  8
Layer_10
  10
3238.7822
  20
13213.882
  0
VERTEX
  5
29f
  8
Layer_10
  10
3239.2002
  20
13215.289
  0
VERTEX
  5
2a0
  8
Layer_10
  10
3239.6997
  20
13216.671
  0
VERTEX
  5
2a1
  8
Layer_10
  10
3240.2815
  20
13218.028
  0
VERTEX
  5
2a2
  8
Layer_10
  10
3240.9448
  20
13219.36
  0
VERTEX
  5
2a3
  8
Layer_10
  10
3241.6606
  20
13220.628
  0
VERTEX
  5
2a4
  8
Layer_10
  10
3242.3989
  20
13221.792
  0
VERTEX
  5
2a5
  8
Layer_10
  10
3243.1594
  20
13222.852
  0
VERTEX
  5
2a6
  8
Layer_10
  10
3243.9424
  20
13223.808
  0
VERTEX
  5
2a7
  8
Layer_10
  10
3235.6165
  20
13223.808
  0
SEQEND
  0
POLYLINE
  5
2a9
  8
Layer_10
  62
12
  70
1
  66
1
  10
0
  20
0
  30
0
  0
VERTEX
  5
2a9
  8
Layer_10
  10
3249.8567
  20
13209.034
  0
VERTEX
  5
2aa
  8
Layer_10
  10
3249.8567
  20
13211.411
  0
VERTEX
  5
2ab
  8
Layer_10
  10
3252.2339
  20
13211.411
  0
VERTEX
  5
2ac
  8
Layer_10
  10
3252.2339
  20
13209.034
  0
VERTEX
  5
2ad
  8
Layer_10
  10
3249.8567
  20
13209.034
  0
SEQEND
  0
POLYLINE
  5
2af
  8
Layer_10
  62
12
  70
1
  66
1
  10
0
  20
0
  30
0
  0
VERTEX
  5
2af
  8
Layer_10
  10
3422.1479
  20
13217.963
  0
VERTEX
  5
2b0
  8
Layer_10
  10
3421.5405
  20
13218.225
  0
VERTEX
  5
2b1
  8
Layer_10
  10
3421.0171
  20
13218.539
  0
VERTEX
  5
2b2
  8
Layer_10
  10
3420.5781
  20
13218.904
  0
VERTEX
  5
2b3
  8
Layer_10
  10
3420.2229
  20
13219.32
  0
VERTEX
  5
2b4
  8
Layer_10
  10
3419.949
  20
13219.783
  0
VERTEX
  5
2b5
  8
Layer_10
  10
3419.7534
  20
13220.289
  0
VERTEX
  5
2b6
  8
Layer_10
  10
3419.6357
  20
13220.839
  0
VERTEX
  5
2b7
  8
Layer_10
  10
3419.5967
  20
13221.431
  0
VERTEX
  5
2b8
  8
Layer_10
  10
3419.6802
  20
13222.322
  0
VERTEX
  5
2b9
  8
Layer_10
  10
3419.9299
  20
13223.139
  0
VERTEX
  5
2ba
  8
Layer_10
  10
3420.3467
  20
13223.882
  0
VERTEX
  5
2bb
  8
Layer_10
  10
3420.9302
  20
13224.55
  0
VERTEX
  5
2bc
  8
Layer_10
  10
3421.6521
  20
13225.103
  0
VERTEX
  5
2bd
  8
Layer_10
  10
3422.4841
  20
13225.498
  0
VERTEX
  5
2be
  8
Layer_10
  10
3423.4263
  20
13225.734
  0
VERTEX
  5
2bf
  8
Layer_10
  10
3424.4785
  20
13225.813
  0
VERTEX
  5
2c0
  8
Layer_10
  10
3425.5376
  20
13225.732
  0
VERTEX
  5
2c1
  8
Layer_10
  10
3426.4878
  20
13225.49
  0
VERTEX
  5
2c2
  8
Layer_10
  10
3427.3291
  20
13225.086
  0
VERTEX
  5
2c3
  8
Layer_10
  10
3428.062
  20
13224.521
  0
VERTEX
  5
2c4
  8
Layer_10
  10
3428.6555
  20
13223.84
  0
VERTEX
  5
2c5
  8
Layer_10
  10
3429.0796
  20
13223.088
  0
VERTEX
  5
2c6
  8
Layer_10
  10
3429.334
  20
13222.265
  0
VERTEX
  5
2c7
  8
Layer_10
  10
3429.4187
  20
13221.372
  0
VERTEX
  5
2c8
  8
Layer_10
  10
3429.3799
  20
13220.8
  0
VERTEX
  5
2c9
  8
Layer_10
  10
3429.2637
  20
13220.266
  0
VERTEX
  5
2ca
  8
Layer_10
  10
3429.0698
  20
13219.77
  0
VERTEX
  5
2cb
  8
Layer_10
  10
3428.7983
  20
13219.314
  0
VERTEX
  5
2cc
  8
Layer_10
  10
3428.4478
  20
13218.9
  0
VERTEX
  5
2cd
  8
Layer_10
  10
3428.0171
  20
13218.539
  0
VERTEX
  5
2ce
  8
Layer_10
  10
3427.5056
  20
13218.225
  0
VERTEX
  5
2cf
  8
Layer_10
  10
3426.9138
  20
13217.963
  0
VERTEX
  5
2d0
  8
Layer_10
  10
3427.6499
  20
13217.668
  0
VERTEX
  5
2d1
  8
Layer_10
  10
3428.2925
  20
13217.296
  0
VERTEX
  5
2d2
  8
Layer_10
  10
3428.8413
  20
13216.845
  0
VERTEX
  5
2d3
  8
Layer_10
  10
3429.2969
  20
13216.316
  0
VERTEX
  5
2d4
  8
Layer_10
  10
3429.6545
  20
13215.72
  0
VERTEX
  5
2d5
  8
Layer_10
  10
3429.9102
  20
13215.069
  0
VERTEX
  5
2d6
  8
Layer_10
  10
3430.0635
  20
13214.363
  0
VERTEX
  5
2d7
  8
Layer_10
  10
3430.1145
  20
13213.603
  0
VERTEX
  5
2d8
  8
Layer_10
  10
3430.0903
  20
13213.068
  0
VERTEX
  5
2d9
  8
Layer_10
  10
3430.0181
  20
13212.557
  0
VERTEX
  5
2da
  8
Layer_10
  10
3429.8975
  20
13212.066
  0
VERTEX
  5
2db
  8
Layer_10
  10
3429.729
  20
13211.597
  0
VERTEX
  5
2dc
  8
Layer_10
  10
3429.512
  20
13211.149
  0
VERTEX
  5
2dd
  8
Layer_10
  10
3429.2468
  20
13210.724
  0
VERTEX
  5
2de
  8
Layer_10
  10
3428.9336
  20
13210.32
  0
VERTEX
  5
2df
  8
Layer_10
  10
3428.5723
  20
13209.938
  0
VERTEX
  5
2e0
  8
Layer_10
  10
3428.1714
  20
13209.591
  0
VERTEX
  5
2e1
  8
Layer_10
  10
3427.7402
  20
13209.289
  0
VERTEX
  5
2e2
  8
Layer_10
  10
3427.2783
  20
13209.034
  0
VERTEX
  5
2e3
  8
Layer_10
  10
3426.7864
  20
13208.825
  0
VERTEX
  5
2e4
  8
Layer_10
  10
3426.2637
  20
13208.662
  0
VERTEX
  5
2e5
  8
Layer_10
  10
3425.7109
  20
13208.547
  0
VERTEX
  5
2e6
  8
Layer_10
  10
3425.1274
  20
13208.477
  0
VERTEX
  5
2e7
  8
Layer_10
  10
3424.5134
  20
13208.454
  0
VERTEX
  5
2e8
  8
Layer_10
  10
3423.8994
  20
13208.477
  0
VERTEX
  5
2e9
  8
Layer_10
  10
3423.3159
  20
13208.547
  0
VERTEX
  5
2ea
  8
Layer_10
  10
3422.7632
  20
13208.664
  0
VERTEX
  5
2eb
  8
Layer_10
  10
3422.2407
  20
13208.826
  0
VERTEX
  5
2ec
  8
Layer_10
  10
3421.7485
  20
13209.037
  0
VERTEX
  5
2ed
  8
Layer_10
  10
3421.2869
  20
13209.293
  0
VERTEX
  5
2ee
  8
Layer_10
  10
3420.8557
  20
13209.595
  0
VERTEX
  5
2ef
  8
Layer_10
  10
3420.4548
  20
13209.944
  0
VERTEX
  5
2f0
  8
Layer_10
  10
3420.0933
  20
13210.329
  0
VERTEX
  5
2f1
  8
Layer_10
  10
3419.78
  20
13210.736
  0
VERTEX
  5
2f2
  8
Layer_10
  10
3419.5149
  20
13211.166
  0
VERTEX
  5
2f3
  8
Layer_10
  10
3419.2981
  20
13211.619
  0
VERTEX
  5
2f4
  8
Layer_10
  10
3419.1294
  20
13212.096
  0
VERTEX
  5
2f5
  8
Layer_10
  10
3419.0088
  20
13212.594
  0
VERTEX
  5
2f6
  8
Layer_10
  10
3418.9365
  20
13213.115
  0
VERTEX
  5
2f7
  8
Layer_10
  10
3418.9126
  20
13213.661
  0
VERTEX
  5
2f8
  8
Layer_10
  10
3418.9648
  20
13214.457
  0
VERTEX
  5
2f9
  8
Layer_10
  10
3419.1226
  20
13215.185
  0
VERTEX
  5
2fa
  8
Layer_10
  10
3419.3853
  20
13215.846
  0
VERTEX
  5
2fb
  8
Layer_10
  10
3419.7532
  20
13216.438
  0
VERTEX
  5
2fc
  8
Layer_10
  10
3420.2183
  20
13216.953
  0
VERTEX
  5
2fd
  8
Layer_10
  10
3420.7722
  20
13217.379
  0
VERTEX
  5
2fe
  8
Layer_10
  10
3421.4155
  20
13217.715
  0
VERTEX
  5
2ff
  8
Layer_10
  10
3422.1479
  20
13217.963
  0
SEQEND
  0
POLYLINE
  5
301
  8
Layer_10
  62
12
  70
1
  66
1
  10
0
  20
0
  30
0
  0
VERTEX
  5
301
  8
Layer_10
  10
3421.7305
  20
13221.5
  0
VERTEX
  5
302
  8
Layer_10
  10
3421.7788
  20
13220.925
  0
VERTEX
  5
303
  8
Layer_10
  10
3421.9246
  20
13220.404
  0
VERTEX
  5
304
  8
Layer_10
  10
3422.1672
  20
13219.939
  0
VERTEX
  5
305
  8
Layer_10
  10
3422.5073
  20
13219.528
  0
VERTEX
  5
306
  8
Layer_10
  10
3422.9248
  20
13219.193
  0
VERTEX
  5
307
  8
Layer_10
  10
3423.4004
  20
13218.955
  0
VERTEX
  5
308
  8
Layer_10
  10
3423.9336
  20
13218.811
  0
VERTEX
  5
309
  8
Layer_10
  10
3424.5249
  20
13218.764
  0
VERTEX
  5
30a
  8
Layer_10
  10
3425.1008
  20
13218.811
  0
VERTEX
  5
30b
  8
Layer_10
  10
3425.6223
  20
13218.953
  0
VERTEX
  5
30c
  8
Layer_10
  10
3426.0894
  20
13219.19
  0
VERTEX
  5
30d
  8
Layer_10
  10
3426.5022
  20
13219.522
  0
VERTEX
  5
30e
  8
Layer_10
  10
3426.8396
  20
13219.924
  0
VERTEX
  5
30f
  8
Layer_10
  10
3427.0806
  20
13220.367
  0
VERTEX
  5
310
  8
Layer_10
  10
3427.2251
  20
13220.854
  0
VERTEX
  5
311
  8
Layer_10
  10
3427.2734
  20
13221.384
  0
VERTEX
  5
312
  8
Layer_10
  10
3427.2236
  20
13221.936
  0
VERTEX
  5
313
  8
Layer_10
  10
3427.0747
  20
13222.44
  0
VERTEX
  5
314
  8
Layer_10
  10
3426.8264
  20
13222.9
  0
VERTEX
  5
315
  8
Layer_10
  10
3426.479
  20
13223.314
  0
VERTEX
  5
316
  8
Layer_10
  10
3426.0576
  20
13223.658
  0
VERTEX
  5
317
  8
Layer_10
  10
3425.5874
  20
13223.902
  0
VERTEX
  5
318
  8
Layer_10
  10
3425.0691
  20
13224.049
  0
VERTEX
  5
319
  8
Layer_10
  10
3424.502
  20
13224.098
  0
VERTEX
  5
31a
  8
Layer_10
  10
3423.9302
  20
13224.051
  0
VERTEX
  5
31b
  8
Layer_10
  10
3423.4089
  20
13223.906
  0
VERTEX
  5
31c
  8
Layer_10
  10
3422.9385
  20
13223.668
  0
VERTEX
  5
31d
  8
Layer_10
  10
3422.519
  20
13223.332
  0
VERTEX
  5
31e
  8
Layer_10
  10
3422.1738
  20
13222.932
  0
VERTEX
  5
31f
  8
Layer_10
  10
3421.9275
  20
13222.491
  0
VERTEX
  5
320
  8
Layer_10
  10
3421.7798
  20
13222.015
  0
VERTEX
  5
321
  8
Layer_10
  10
3421.7305
  20
13221.5
  0
SEQEND
  0
POLYLINE
  5
323
  8
Layer_10
  62
12
  70
1
  66
1
  10
0
  20
0
  30
0
  0
VERTEX
  5
323
  8
Layer_10
  10
3421.0576
  20
13213.649
  0
VERTEX
  5
324
  8
Layer_10
  10
3421.0842
  20
13213.206
  0
VERTEX
  5
325
  8
Layer_10
  10
3421.1636
  20
13212.771
  0
VERTEX
  5
326
  8
Layer_10
  10
3421.2959
  20
13212.343
  0
VERTEX
  5
327
  8
Layer_10
  10
3421.481
  20
13211.922
  0
VERTEX
  5
328
  8
Layer_10
  10
3421.7183
  20
13211.527
  0
VERTEX
  5
329
  8
Layer_10
  10
3422.0073
  20
13211.181
  0
VERTEX
  5
32a
  8
Layer_10
  10
3422.3474
  20
13210.881
  0
VERTEX
  5
32b
  8
Layer_10
  10
3422.7393
  20
13210.629
  0
VERTEX
  5
32c
  8
Layer_10
  10
3423.1648
  20
13210.429
  0
VERTEX
  5
32d
  8
Layer_10
  10
3423.606
  20
13210.285
  0
VERTEX
  5
32e
  8
Layer_10
  10
3424.0635
  20
13210.199
  0
VERTEX
  5
32f
  8
Layer_10
  10
3424.5366
  20
13210.171
  0
VERTEX
  5
330
  8
Layer_10
  10
3425.252
  20
13210.231
  0
VERTEX
  5
331
  8
Layer_10
  10
3425.9021
  20
13210.412
  0
VERTEX
  5
332
  8
Layer_10
  10
3426.4868
  20
13210.712
  0
VERTEX
  5
333
  8
Layer_10
  10
3427.0066
  20
13211.133
  0
VERTEX
  5
334
  8
Layer_10
  10
3427.4329
  20
13211.646
  0
VERTEX
  5
335
  8
Layer_10
  10
3427.7373
  20
13212.225
  0
VERTEX
  5
336
  8
Layer_10
  10
3427.9199
  20
13212.87
  0
VERTEX
  5
337
  8
Layer_10
  10
3427.9807
  20
13213.58
  0
VERTEX
  5
338
  8
Layer_10
  10
3427.918
  20
13214.301
  0
VERTEX
  5
339
  8
Layer_10
  10
3427.73
  20
13214.957
  0
VERTEX
  5
33a
  8
Layer_10
  10
3427.4165
  20
13215.547
  0
VERTEX
  5
33b
  8
Layer_10
  10
3426.9775
  20
13216.073
  0
VERTEX
  5
33c
  8
Layer_10
  10
3426.4446
  20
13216.505
  0
VERTEX
  5
33d
  8
Layer_10
  10
3425.8484
  20
13216.813
  0
VERTEX
  5
33e
  8
Layer_10
  10
3425.1892
  20
13216.997
  0
VERTEX
  5
33f
  8
Layer_10
  10
3424.467
  20
13217.059
  0
VERTEX
  5
340
  8
Layer_10
  10
3423.7622
  20
13216.998
  0
VERTEX
  5
341
  8
Layer_10
  10
3423.1204
  20
13216.815
  0
VERTEX
  5
342
  8
Layer_10
  10
3422.5417
  20
13216.512
  0
VERTEX
  5
343
  8
Layer_10
  10
3422.0261
  20
13216.085
  0
VERTEX
  5
344
  8
Layer_10
  10
3421.6025
  20
13215.567
  0
VERTEX
  5
345
  8
Layer_10
  10
3421.2998
  20
13214.988
  0
VERTEX
  5
346
  8
Layer_10
  10
3421.1182
  20
13214.35
  0
VERTEX
  5
347
  8
Layer_10
  10
3421.0576
  20
13213.649
  0
SEQEND
  0
POLYLINE
  5
349
  8
Layer_10
  62
12
  70
1
  66
1
  10
0
  20
0
  30
0
  0
VERTEX
  5
349
  8
Layer_10
  10
3433.3149
  20
13208.744
  0
VERTEX
  5
34a
  8
Layer_10
  10
3433.3149
  20
13211.121
  0
VERTEX
  5
34b
  8
Layer_10
  10
3435.6924
  20
13211.121
  0
VERTEX
  5
34c
  8
Layer_10
  10
3435.6924
  20
13208.744
  0
VERTEX
  5
34d
  8
Layer_10
  10
3433.3149
  20
13208.744
  0
SEQEND
  0
POLYLINE
  5
34f
  8
Layer_10
  62
12
  70
1
  66
1
  10
0
  20
0
  30
0
  0
VERTEX
  5
34f
  8
Layer_10
  10
3591.4199
  20
13212.675
  0
VERTEX
  5
350
  8
Layer_10
  10
3593.4263
  20
13212.86
  0
VERTEX
  5
351
  8
Layer_10
  10
3593.5828
  20
13212.201
  0
VERTEX
  5
352
  8
Layer_10
  10
3593.7974
  20
13211.641
  0
VERTEX
  5
353
  8
Layer_10
  10
3594.0698
  20
13211.176
  0
VERTEX
  5
354
  8
Layer_10
  10
3594.4004
  20
13210.809
  0
VERTEX
  5
355
  8
Layer_10
  10
3594.7852
  20
13210.529
  0
VERTEX
  5
356
  8
Layer_10
  10
3595.2207
  20
13210.33
  0
VERTEX
  5
357
  8
Layer_10
  10
3595.707
  20
13210.211
  0
VERTEX
  5
358
  8
Layer_10
  10
3596.2441
  20
13210.171
  0
VERTEX
  5
359
  8
Layer_10
  10
3596.7104
  20
13210.198
  0
VERTEX
  5
35a
  8
Layer_10
  10
3597.1472
  20
13210.281
  0
VERTEX
  5
35b
  8
Layer_10
  10
3597.5542
  20
13210.42
  0
VERTEX
  5
35c
  8
Layer_10
  10
3597.9312
  20
13210.611
  0
VERTEX
  5
35d
  8
Layer_10
  10
3598.2773
  20
13210.85
  0
VERTEX
  5
35e
  8
Layer_10
  10
3598.5908
  20
13211.126
  0
VERTEX
  5
35f
  8
Layer_10
  10
3598.8718
  20
13211.438
  0
VERTEX
  5
360
  8
Layer_10
  10
3599.1199
  20
13211.788
  0
VERTEX
  5
361
  8
Layer_10
  10
3599.3423
  20
13212.188
  0
VERTEX
  5
362
  8
Layer_10
  10
3599.5459
  20
13212.654
  0
VERTEX
  5
363
  8
Layer_10
  10
3599.731
  20
13213.184
  0
VERTEX
  5
364
  8
Layer_10
  10
3599.897
  20
13213.777
  0
VERTEX
  5
365
  8
Layer_10
  10
3600.0337
  20
13214.406
  0
VERTEX
  5
366
  8
Layer_10
  10
3600.1316
  20
13215.041
  0
VERTEX
  5
367
  8
Layer_10
  10
3600.1904
  20
13215.682
  0
VERTEX
  5
368
  8
Layer_10
  10
3600.21
  20
13216.328
  0
VERTEX
  5
369
  8
Layer_10
  10
3600.207
  20
13216.502
  0
VERTEX
  5
36a
  8
Layer_10
  10
3600.1982
  20
13216.745
  0
VERTEX
  5
36b
  8
Layer_10
  10
3599.8567
  20
13216.27
  0
VERTEX
  5
36c
  8
Layer_10
  10
3599.4575
  20
13215.842
  0
VERTEX
  5
36d
  8
Layer_10
  10
3599.0015
  20
13215.461
  0
VERTEX
  5
36e
  8
Layer_10
  10
3598.4878
  20
13215.128
  0
VERTEX
  5
36f
  8
Layer_10
  10
3597.9346
  20
13214.856
  0
VERTEX
  5
370
  8
Layer_10
  10
3597.3589
  20
13214.662
  0
VERTEX
  5
371
  8
Layer_10
  10
3596.7605
  20
13214.547
  0
VERTEX
  5
372
  8
Layer_10
  10
3596.1396
  20
13214.508
  0
VERTEX
  5
373
  8
Layer_10
  10
3595.6221
  20
13214.531
  0
VERTEX
  5
374
  8
Layer_10
  10
3595.125
  20
13214.603
  0
VERTEX
  5
375
  8
Layer_10
  10
3594.6482
  20
13214.722
  0
VERTEX
  5
376
  8
Layer_10
  10
3594.1917
  20
13214.89
  0
VERTEX
  5
377
  8
Layer_10
  10
3593.7554
  20
13215.105
  0
VERTEX
  5
378
  8
Layer_10
  10
3593.3394
  20
13215.368
  0
VERTEX
  5
379
  8
Layer_10
  10
3592.9436
  20
13215.68
  0
VERTEX
  5
37a
  8
Layer_10
  10
3592.5681
  20
13216.038
  0
VERTEX
  5
37b
  8
Layer_10
  10
3592.2256
  20
13216.437
  0
VERTEX
  5
37c
  8
Layer_10
  10
3591.929
  20
13216.864
  0
VERTEX
  5
37d
  8
Layer_10
  10
3591.6777
  20
13217.323
  0
VERTEX
  5
37e
  8
Layer_10
  10
3591.4722
  20
13217.813
  0
VERTEX
  5
37f
  8
Layer_10
  10
3591.3125
  20
13218.332
  0
VERTEX
  5
380
  8
Layer_10
  10
3591.1982
  20
13218.882
  0
VERTEX
  5
381
  8
Layer_10
  10
3591.1299
  20
13219.463
  0
VERTEX
  5
382
  8
Layer_10
  10
3591.1069
  20
13220.073
  0
VERTEX
  5
383
  8
Layer_10
  10
3591.1309
  20
13220.703
  0
VERTEX
  5
384
  8
Layer_10
  10
3591.2021
  20
13221.303
  0
VERTEX
  5
385
  8
Layer_10
  10
3591.3213
  20
13221.871
  0
VERTEX
  5
386
  8
Layer_10
  10
3591.4883
  20
13222.408
  0
VERTEX
  5
387
  8
Layer_10
  10
3591.7026
  20
13222.912
  0
VERTEX
  5
388
  8
Layer_10
  10
3591.9646
  20
13223.385
  0
VERTEX
  5
389
  8
Layer_10
  10
3592.2744
  20
13223.826
  0
VERTEX
  5
38a
  8
Layer_10
  10
3592.6318
  20
13224.236
  0
VERTEX
  5
38b
  8
Layer_10
  10
3593.0251
  20
13224.605
  0
VERTEX
  5
38c
  8
Layer_10
  10
3593.4424
  20
13224.926
  0
VERTEX
  5
38d
  8
Layer_10
  10
3593.8838
  20
13225.197
  0
VERTEX
  5
38e
  8
Layer_10
  10
3594.3496
  20
13225.419
  0
VERTEX
  5
38f
  8
Layer_10
  10
3594.8394
  20
13225.592
  0
VERTEX
  5
390
  8
Layer_10
  10
3595.353
  20
13225.715
  0
VERTEX
  5
391
  8
Layer_10
  10
3595.8909
  20
13225.789
  0
VERTEX
  5
392
  8
Layer_10
  10
3596.4526
  20
13225.813
  0
VERTEX
  5
393
  8
Layer_10
  10
3597.2642
  20
13225.758
  0
VERTEX
  5
394
  8
Layer_10
  10
3598.04
  20
13225.59
  0
VERTEX
  5
395
  8
Layer_10
  10
3598.7803
  20
13225.312
  0
VERTEX
  5
396
  8
Layer_10
  10
3599.4854
  20
13224.921
  0
VERTEX
  5
397
  8
Layer_10
  10
3600.1311
  20
13224.427
  0
VERTEX
  5
398
  8
Layer_10
  10
3600.6941
  20
13223.838
  0
VERTEX
  5
399
  8
Layer_10
  10
3601.1746
  20
13223.154
  0
VERTEX
  5
39a
  8
Layer_10
  10
3601.5725
  20
13222.376
  0
VERTEX
  5
39b
  8
Layer_10
  10
3601.7397
  20
13221.938
  0
VERTEX
  5
39c
  8
Layer_10
  10
3601.8845
  20
13221.456
  0
VERTEX
  5
39d
  8
Layer_10
  10
3602.0071
  20
13220.928
  0
VERTEX
  5
39e
  8
Layer_10
  10
3602.1074
  20
13220.354
  0
VERTEX
  5
39f
  8
Layer_10
  10
3602.1853
  20
13219.732
  0
VERTEX
  5
3a0
  8
Layer_10
  10
3602.241
  20
13219.064
  0
VERTEX
  5
3a1
  8
Layer_10
  10
3602.2744
  20
13218.352
  0
VERTEX
  5
3a2
  8
Layer_10
  10
3602.2856
  20
13217.592
  0
VERTEX
  5
3a3
  8
Layer_10
  10
3602.2415
  20
13216.045
  0
VERTEX
  5
3a4
  8
Layer_10
  10
3602.1089
  20
13214.666
  0
VERTEX
  5
3a5
  8
Layer_10
  10
3601.8879
  20
13213.451
  0
VERTEX
  5
3a6
  8
Layer_10
  10
3601.5784
  20
13212.402
  0
VERTEX
  5
3a7
  8
Layer_10
  10
3601.1816
  20
13211.494
  0
VERTEX
  5
3a8
  8
Layer_10
  10
3600.6985
  20
13210.701
  0
VERTEX
  5
3a9
  8
Layer_10
  10
3600.1292
  20
13210.025
  0
VERTEX
  5
3aa
  8
Layer_10
  10
3599.4736
  20
13209.463
  0
VERTEX
  5
3ab
  8
Layer_10
  10
3598.7449
  20
13209.022
  0
VERTEX
  5
3ac
  8
Layer_10
  10
3597.9561
  20
13208.707
  0
VERTEX
  5
3ad
  8
Layer_10
  10
3597.1069
  20
13208.518
  0
VERTEX
  5
3ae
  8
Layer_10
  10
3596.1978
  20
13208.454
  0
VERTEX
  5
3af
  8
Layer_10
  10
3595.2461
  20
13208.523
  0
VERTEX
  5
3b0
  8
Layer_10
  10
3594.3857
  20
13208.731
  0
VERTEX
  5
3b1
  8
Layer_10
  10
3593.6167
  20
13209.078
  0
VERTEX
  5
3b2
  8
Layer_10
  10
3592.939
  20
13209.562
  0
VERTEX
  5
3b3
  8
Layer_10
  10
3592.3701
  20
13210.172
  0
VERTEX
  5
3b4
  8
Layer_10
  10
3591.9272
  20
13210.894
  0
VERTEX
  5
3b5
  8
Layer_10
  10
3591.6106
  20
13211.728
  0
VERTEX
  5
3b6
  8
Layer_10
  10
3591.4199
  20
13212.675
  0
SEQEND
  0
POLYLINE
  5
3b8
  8
Layer_10
  62
12
  70
1
  66
1
  10
0
  20
0
  30
0
  0
VERTEX
  5
3b8
  8
Layer_10
  10
3599.9663
  20
13220.178
  0
VERTEX
  5
3b9
  8
Layer_10
  10
3599.9067
  20
13221.03
  0
VERTEX
  5
3ba
  8
Layer_10
  10
3599.7273
  20
13221.79
  0
VERTEX
  5
3bb
  8
Layer_10
  10
3599.4282
  20
13222.457
  0
VERTEX
  5
3bc
  8
Layer_10
  10
3599.0098
  20
13223.03
  0
VERTEX
  5
3bd
  8
Layer_10
  10
3598.5073
  20
13223.493
  0
VERTEX
  5
3be
  8
Layer_10
  10
3597.9561
  20
13223.822
  0
VERTEX
  5
3bf
  8
Layer_10
  10
3597.3562
  20
13224.021
  0
VERTEX
  5
3c0
  8
Layer_10
  10
3596.708
  20
13224.086
  0
VERTEX
  5
3c1
  8
Layer_10
  10
3596.0347
  20
13224.016
  0
VERTEX
  5
3c2
  8
Layer_10
  10
3595.4063
  20
13223.802
  0
VERTEX
  5
3c3
  8
Layer_10
  10
3594.8228
  20
13223.447
  0
VERTEX
  5
3c4
  8
Layer_10
  10
3594.2842
  20
13222.949
  0
VERTEX
  5
3c5
  8
Layer_10
  10
3593.8328
  20
13222.34
  0
VERTEX
  5
3c6
  8
Layer_10
  10
3593.5103
  20
13221.645
  0
VERTEX
  5
3c7
  8
Layer_10
  10
3593.3167
  20
13220.867
  0
VERTEX
  5
3c8
  8
Layer_10
  10
3593.2522
  20
13220.004
  0
VERTEX
  5
3c9
  8
Layer_10
  10
3593.3135
  20
13219.23
  0
VERTEX
  5
3ca
  8
Layer_10
  10
3593.4971
  20
13218.533
  0
VERTEX
  5
3cb
  8
Layer_10
  10
3593.8035
  20
13217.911
  0
VERTEX
  5
3cc
  8
Layer_10
  10
3594.2322
  20
13217.366
  0
VERTEX
  5
3cd
  8
Layer_10
  10
3594.7507
  20
13216.922
  0
VERTEX
  5
3ce
  8
Layer_10
  10
3595.3267
  20
13216.604
  0
VERTEX
  5
3cf
  8
Layer_10
  10
3595.9595
  20
13216.415
  0
VERTEX
  5
3d0
  8
Layer_10
  10
3596.6499
  20
13216.352
  0
VERTEX
  5
3d1
  8
Layer_10
  10
3597.3423
  20
13216.415
  0
VERTEX
  5
3d2
  8
Layer_10
  10
3597.9705
  20
13216.604
  0
VERTEX
  5
3d3
  8
Layer_10
  10
3598.5339
  20
13216.922
  0
VERTEX
  5
3d4
  8
Layer_10
  10
3599.033
  20
13217.366
  0
VERTEX
  5
3d5
  8
Layer_10
  10
3599.4414
  20
13217.922
  0
VERTEX
  5
3d6
  8
Layer_10
  10
3599.7329
  20
13218.576
  0
VERTEX
  5
3d7
  8
Layer_10
  10
3599.9082
  20
13219.328
  0
VERTEX
  5
3d8
  8
Layer_10
  10
3599.9663
  20
13220.178
  0
SEQEND
  0
POLYLINE
  5
3da
  8
Layer_10
  62
12
  70
1
  66
1
  10
0
  20
0
  30
0
  0
VERTEX
  5
3da
  8
Layer_10
  10
3605.4863
  20
13208.744
  0
VERTEX
  5
3db
  8
Layer_10
  10
3605.4863
  20
13211.121
  0
VERTEX
  5
3dc
  8
Layer_10
  10
3607.8635
  20
13211.121
  0
VERTEX
  5
3dd
  8
Layer_10
  10
3607.8635
  20
13208.744
  0
VERTEX
  5
3de
  8
Layer_10
  10
3605.4863
  20
13208.744
  0
SEQEND
  0
POLYLINE
  5
3e0
  8
Layer_10
  62
12
  70
1
  66
1
  10
0
  20
0
  30
0
  0
VERTEX
  5
3e0
  8
Layer_10
  10
3783.9458
  20
13208.744
  0
VERTEX
  5
3e1
  8
Layer_10
  10
3781.8584
  20
13208.744
  0
VERTEX
  5
3e2
  8
Layer_10
  10
3781.8584
  20
13222.045
  0
VERTEX
  5
3e3
  8
Layer_10
  10
3781.4521
  20
13221.686
  0
VERTEX
  5
3e4
  8
Layer_10
  10
3780.9873
  20
13221.326
  0
VERTEX
  5
3e5
  8
Layer_10
  10
3780.4636
  20
13220.967
  0
VERTEX
  5
3e6
  8
Layer_10
  10
3779.8813
  20
13220.607
  0
VERTEX
  5
3e7
  8
Layer_10
  10
3779.2852
  20
13220.271
  0
VERTEX
  5
3e8
  8
Layer_10
  10
3778.7202
  20
13219.979
  0
VERTEX
  5
3e9
  8
Layer_10
  10
3778.1865
  20
13219.731
  0
VERTEX
  5
3ea
  8
Layer_10
  10
3777.6838
  20
13219.528
  0
VERTEX
  5
3eb
  8
Layer_10
  10
3777.6838
  20
13221.547
  0
VERTEX
  5
3ec
  8
Layer_10
  10
3778.5317
  20
13221.98
  0
VERTEX
  5
3ed
  8
Layer_10
  10
3779.3247
  20
13222.457
  0
VERTEX
  5
3ee
  8
Layer_10
  10
3780.0625
  20
13222.978
  0
VERTEX
  5
3ef
  8
Layer_10
  10
3780.7454
  20
13223.541
  0
VERTEX
  5
3f0
  8
Layer_10
  10
3781.3525
  20
13224.122
  0
VERTEX
  5
3f1
  8
Layer_10
  10
3781.8643
  20
13224.695
  0
VERTEX
  5
3f2
  8
Layer_10
  10
3782.2803
  20
13225.259
  0
VERTEX
  5
3f3
  8
Layer_10
  10
3782.6006
  20
13225.813
  0
VERTEX
  5
3f4
  8
Layer_10
  10
3783.9458
  20
13225.813
  0
VERTEX
  5
3f5
  8
Layer_10
  10
3783.9458
  20
13208.744
  0
SEQEND
  0
POLYLINE
  5
3f7
  8
Layer_10
  62
12
  70
1
  66
1
  10
0
  20
0
  30
0
  0
VERTEX
  5
3f7
  8
Layer_10
  10
3789.2917
  20
13217.128
  0
VERTEX
  5
3f8
  8
Layer_10
  10
3789.3306
  20
13218.563
  0
VERTEX
  5
3f9
  8
Layer_10
  10
3789.4468
  20
13219.85
  0
VERTEX
  5
3fa
  8
Layer_10
  10
3789.6406
  20
13220.989
  0
VERTEX
  5
3fb
  8
Layer_10
  10
3789.9121
  20
13221.981
  0
VERTEX
  5
3fc
  8
Layer_10
  10
3790.2603
  20
13222.848
  0
VERTEX
  5
3fd
  8
Layer_10
  10
3790.6831
  20
13223.609
  0
VERTEX
  5
3fe
  8
Layer_10
  10
3791.1821
  20
13224.266
  0
VERTEX
  5
3ff
  8
Layer_10
  10
3791.7559
  20
13224.816
  0
VERTEX
  5
400
  8
Layer_10
  10
3792.407
  20
13225.252
  0
VERTEX
  5
401
  8
Layer_10
  10
3793.1372
  20
13225.564
  0
VERTEX
  5
402
  8
Layer_10
  10
3793.9465
  20
13225.751
  0
VERTEX
  5
403
  8
Layer_10
  10
3794.8347
  20
13225.813
  0
VERTEX
  5
404
  8
Layer_10
  10
3795.4978
  20
13225.779
  0
VERTEX
  5
405
  8
Layer_10
  10
3796.1189
  20
13225.676
  0
VERTEX
  5
406
  8
Layer_10
  10
3796.698
  20
13225.504
  0
VERTEX
  5
407
  8
Layer_10
  10
3797.2351
  20
13225.263
  0
VERTEX
  5
408
  8
Layer_10
  10
3797.7288
  20
13224.957
  0
VERTEX
  5
409
  8
Layer_10
  10
3798.1772
  20
13224.59
  0
VERTEX
  5
40a
  8
Layer_10
  10
3798.5811
  20
13224.162
  0
VERTEX
  5
40b
  8
Layer_10
  10
3798.9397
  20
13223.674
  0
VERTEX
  5
40c
  8
Layer_10
  10
3799.2581
  20
13223.127
  0
VERTEX
  5
40d
  8
Layer_10
  10
3799.54
  20
13222.523
  0
VERTEX
  5
40e
  8
Layer_10
  10
3799.7856
  20
13221.862
  0
VERTEX
  5
40f
  8
Layer_10
  10
3799.9951
  20
13221.146
  0
VERTEX
  5
410
  8
Layer_10
  10
3800.1626
  20
13220.337
  0
VERTEX
  5
411
  8
Layer_10
  10
3800.282
  20
13219.396
  0
VERTEX
  5
412
  8
Layer_10
  10
3800.3538
  20
13218.327
  0
VERTEX
  5
413
  8
Layer_10
  10
3800.3777
  20
13217.128
  0
VERTEX
  5
414
  8
Layer_10
  10
3800.3394
  20
13215.703
  0
VERTEX
  5
415
  8
Layer_10
  10
3800.2241
  20
13214.424
  0
VERTEX
  5
416
  8
Layer_10
  10
3800.0322
  20
13213.289
  0
VERTEX
  5
417
  8
Layer_10
  10
3799.7632
  20
13212.299
  0
VERTEX
  5
418
  8
Layer_10
  10
3799.4175
  20
13211.432
  0
VERTEX
  5
419
  8
Layer_10
  10
3798.9961
  20
13210.669
  0
VERTEX
  5
41a
  8
Layer_10
  10
3798.4988
  20
13210.011
  0
VERTEX
  5
41b
  8
Layer_10
  10
3797.925
  20
13209.457
  0
VERTEX
  5
41c
  8
Layer_10
  10
3797.2729
  20
13209.02
  0
VERTEX
  5
41d
  8
Layer_10
  10
3796.5405
  20
13208.705
  0
VERTEX
  5
41e
  8
Layer_10
  10
3795.728
  20
13208.517
  0
VERTEX
  5
41f
  8
Layer_10
  10
3794.8347
  20
13208.454
  0
VERTEX
  5
420
  8
Layer_10
  10
3794.2363
  20
13208.481
  0
VERTEX
  5
421
  8
Layer_10
  10
3793.6714
  20
13208.564
  0
VERTEX
  5
422
  8
Layer_10
  10
3793.1392
  20
13208.703
  0
VERTEX
  5
423
  8
Layer_10
  10
3792.6401
  20
13208.895
  0
VERTEX
  5
424
  8
Layer_10
  10
3792.1738
  20
13209.143
  0
VERTEX
  5
425
  8
Layer_10
  10
3791.7407
  20
13209.445
  0
VERTEX
  5
426
  8
Layer_10
  10
3791.3403
  20
13209.805
  0
VERTEX
  5
427
  8
Layer_10
  10
3790.9731
  20
13210.217
  0
VERTEX
  5
428
  8
Layer_10
  10
3790.5791
  20
13210.789
  0
VERTEX
  5
429
  8
Layer_10
  10
3790.2375
  20
13211.444
  0
VERTEX
  5
42a
  8
Layer_10
  10
3789.9485
  20
13212.184
  0
VERTEX
  5
42b
  8
Layer_10
  10
3789.7119
  20
13213.006
  0
VERTEX
  5
42c
  8
Layer_10
  10
3789.5281
  20
13213.911
  0
VERTEX
  5
42d
  8
Layer_10
  10
3789.3967
  20
13214.9
  0
VERTEX
  5
42e
  8
Layer_10
  10
3789.3179
  20
13215.973
  0
VERTEX
  5
42f
  8
Layer_10
  10
3789.2917
  20
13217.128
  0
SEQEND
  0
POLYLINE
  5
431
  8
Layer_10
  62
12
  70
1
  66
1
  10
0
  20
0
  30
0
  0
VERTEX
  5
431
  8
Layer_10
  10
3791.437
  20
13217.128
  0
VERTEX
  5
432
  8
Layer_10
  10
3791.4524
  20
13216.125
  0
VERTEX
  5
433
  8
Layer_10
  10
3791.4983
  20
13215.21
  0
VERTEX
  5
434
  8
Layer_10
  10
3791.5747
  20
13214.382
  0
VERTEX
  5
435
  8
Layer_10
  10
3791.6819
  20
13213.642
  0
VERTEX
  5
436
  8
Layer_10
  10
3791.8198
  20
13212.989
  0
VERTEX
  5
437
  8
Layer_10
  10
3791.9883
  20
13212.424
  0
VERTEX
  5
438
  8
Layer_10
  10
3792.187
  20
13211.946
  0
VERTEX
  5
439
  8
Layer_10
  10
3792.4167
  20
13211.557
  0
VERTEX
  5
43a
  8
Layer_10
  10
3792.9353
  20
13210.951
  0
VERTEX
  5
43b
  8
Layer_10
  10
3793.5112
  20
13210.518
  0
VERTEX
  5
43c
  8
Layer_10
  10
3794.1445
  20
13210.258
  0
VERTEX
  5
43d
  8
Layer_10
  10
3794.8347
  20
13210.171
  0
VERTEX
  5
43e
  8
Layer_10
  10
3795.5249
  20
13210.258
  0
VERTEX
  5
43f
  8
Layer_10
  10
3796.1582
  20
13210.519
  0
VERTEX
  5
440
  8
Layer_10
  10
3796.7339
  20
13210.953
  0
VERTEX
  5
441
  8
Layer_10
  10
3797.2524
  20
13211.563
  0
VERTEX
  5
442
  8
Layer_10
  10
3797.4822
  20
13211.953
  0
VERTEX
  5
443
  8
Layer_10
  10
3797.6812
  20
13212.432
  0
VERTEX
  5
444
  8
Layer_10
  10
3797.8496
  20
13212.996
  0
VERTEX
  5
445
  8
Layer_10
  10
3797.9875
  20
13213.648
  0
VERTEX
  5
446
  8
Layer_10
  10
3798.0947
  20
13214.388
  0
VERTEX
  5
447
  8
Layer_10
  10
3798.1711
  20
13215.215
  0
VERTEX
  5
448
  8
Layer_10
  10
3798.217
  20
13216.127
  0
VERTEX
  5
449
  8
Layer_10
  10
3798.2324
  20
13217.128
  0
VERTEX
  5
44a
  8
Layer_10
  10
3798.217
  20
13218.134
  0
VERTEX
  5
44b
  8
Layer_10
  10
3798.1711
  20
13219.051
  0
VERTEX
  5
44c
  8
Layer_10
  10
3798.0947
  20
13219.88
  0
VERTEX
  5
44d
  8
Layer_10
  10
3797.9875
  20
13220.621
  0
VERTEX
  5
44e
  8
Layer_10
  10
3797.8496
  20
13221.274
  0
VERTEX
  5
44f
  8
Layer_10
  10
3797.6812
  20
13221.84
  0
VERTEX
  5
450
  8
Layer_10
  10
3797.4822
  20
13222.317
  0
VERTEX
  5
451
  8
Layer_10
  10
3797.2524
  20
13222.706
  0
VERTEX
  5
452
  8
Layer_10
  10
3796.7324
  20
13223.309
  0
VERTEX
  5
453
  8
Layer_10
  10
3796.1523
  20
13223.74
  0
VERTEX
  5
454
  8
Layer_10
  10
3795.512
  20
13223.999
  0
VERTEX
  5
455
  8
Layer_10
  10
3794.8115
  20
13224.086
  0
VERTEX
  5
456
  8
Layer_10
  10
3794.1289
  20
13224.01
  0
VERTEX
  5
457
  8
Layer_10
  10
3793.5186
  20
13223.781
  0
VERTEX
  5
458
  8
Layer_10
  10
3792.9807
  20
13223.4
  0
VERTEX
  5
459
  8
Layer_10
  10
3792.5154
  20
13222.868
  0
VERTEX
  5
45a
  8
Layer_10
  10
3792.2625
  20
13222.438
  0
VERTEX
  5
45b
  8
Layer_10
  10
3792.0435
  20
13221.926
  0
VERTEX
  5
45c
  8
Layer_10
  10
3791.8582
  20
13221.332
  0
VERTEX
  5
45d
  8
Layer_10
  10
3791.7065
  20
13220.656
  0
VERTEX
  5
45e
  8
Layer_10
  10
3791.5886
  20
13219.897
  0
VERTEX
  5
45f
  8
Layer_10
  10
3791.5044
  20
13219.057
  0
VERTEX
  5
460
  8
Layer_10
  10
3791.4539
  20
13218.134
  0
VERTEX
  5
461
  8
Layer_10
  10
3791.437
  20
13217.128
  0
SEQEND
  0
POLYLINE
  5
463
  8
Layer_10
  62
12
  70
1
  66
1
  10
0
  20
0
  30
0
  0
VERTEX
  5
463
  8
Layer_10
  10
3803.6709
  20
13208.744
  0
VERTEX
  5
464
  8
Layer_10
  10
3803.6709
  20
13211.121
  0
VERTEX
  5
465
  8
Layer_10
  10
3806.0483
  20
13211.121
  0
VERTEX
  5
466
  8
Layer_10
  10
3806.0483
  20
13208.744
  0
VERTEX
  5
467
  8
Layer_10
  10
3803.6709
  20
13208.744
  0
SEQEND
  0
POLYLINE
  5
469
  8
Layer_10
  62
12
  70
1
  66
1
  10
0
  20
0
  30
0
  0
VERTEX
  5
469
  8
Layer_10
  10
3973.262
  20
13208.744
  0
VERTEX
  5
46a
  8
Layer_10
  10
3971.1746
  20
13208.744
  0
VERTEX
  5
46b
  8
Layer_10
  10
3971.1746
  20
13222.045
  0
VERTEX
  5
46c
  8
Layer_10
  10
3970.7686
  20
13221.686
  0
VERTEX
  5
46d
  8
Layer_10
  10
3970.3037
  20
13221.326
  0
VERTEX
  5
46e
  8
Layer_10
  10
3969.78
  20
13220.967
  0
VERTEX
  5
46f
  8
Layer_10
  10
3969.1975
  20
13220.607
  0
VERTEX
  5
470
  8
Layer_10
  10
3968.6013
  20
13220.271
  0
VERTEX
  5
471
  8
Layer_10
  10
3968.0364
  20
13219.979
  0
VERTEX
  5
472
  8
Layer_10
  10
3967.5027
  20
13219.731
  0
VERTEX
  5
473
  8
Layer_10
  10
3967
  20
13219.528
  0
VERTEX
  5
474
  8
Layer_10
  10
3967
  20
13221.547
  0
VERTEX
  5
475
  8
Layer_10
  10
3967.8477
  20
13221.98
  0
VERTEX
  5
476
  8
Layer_10
  10
3968.6406
  20
13222.457
  0
VERTEX
  5
477
  8
Layer_10
  10
3969.3784
  20
13222.978
  0
VERTEX
  5
478
  8
Layer_10
  10
3970.0615
  20
13223.541
  0
VERTEX
  5
479
  8
Layer_10
  10
3970.6687
  20
13224.122
  0
VERTEX
  5
47a
  8
Layer_10
  10
3971.1804
  20
13224.695
  0
VERTEX
  5
47b
  8
Layer_10
  10
3971.5964
  20
13225.259
  0
VERTEX
  5
47c
  8
Layer_10
  10
3971.9167
  20
13225.813
  0
VERTEX
  5
47d
  8
Layer_10
  10
3973.262
  20
13225.813
  0
VERTEX
  5
47e
  8
Layer_10
  10
3973.262
  20
13208.744
  0
SEQEND
  0
POLYLINE
  5
480
  8
Layer_10
  62
12
  70
1
  66
1
  10
0
  20
0
  30
0
  0
VERTEX
  5
480
  8
Layer_10
  10
3984.7075
  20
13208.744
  0
VERTEX
  5
481
  8
Layer_10
  10
3982.6201
  20
13208.744
  0
VERTEX
  5
482
  8
Layer_10
  10
3982.6201
  20
13222.045
  0
VERTEX
  5
483
  8
Layer_10
  10
3982.2139
  20
13221.686
  0
VERTEX
  5
484
  8
Layer_10
  10
3981.749
  20
13221.326
  0
VERTEX
  5
485
  8
Layer_10
  10
3981.2253
  20
13220.967
  0
VERTEX
  5
486
  8
Layer_10
  10
3980.6431
  20
13220.607
  0
VERTEX
  5
487
  8
Layer_10
  10
3980.0469
  20
13220.271
  0
VERTEX
  5
488
  8
Layer_10
  10
3979.4819
  20
13219.979
  0
VERTEX
  5
489
  8
Layer_10
  10
3978.9482
  20
13219.731
  0
VERTEX
  5
48a
  8
Layer_10
  10
3978.4456
  20
13219.528
  0
VERTEX
  5
48b
  8
Layer_10
  10
3978.4456
  20
13221.547
  0
VERTEX
  5
48c
  8
Layer_10
  10
3979.2935
  20
13221.98
  0
VERTEX
  5
48d
  8
Layer_10
  10
3980.0864
  20
13222.457
  0
VERTEX
  5
48e
  8
Layer_10
  10
3980.8242
  20
13222.978
  0
VERTEX
  5
48f
  8
Layer_10
  10
3981.5068
  20
13223.541
  0
VERTEX
  5
490
  8
Layer_10
  10
3982.1143
  20
13224.122
  0
VERTEX
  5
491
  8
Layer_10
  10
3982.626
  20
13224.695
  0
VERTEX
  5
492
  8
Layer_10
  10
3983.042
  20
13225.259
  0
VERTEX
  5
493
  8
Layer_10
  10
3983.3623
  20
13225.813
  0
VERTEX
  5
494
  8
Layer_10
  10
3984.7075
  20
13225.813
  0
VERTEX
  5
495
  8
Layer_10
  10
3984.7075
  20
13208.744
  0
SEQEND
  0
POLYLINE
  5
497
  8
Layer_10
  62
12
  70
1
  66
1
  10
0
  20
0
  30
0
  0
VERTEX
  5
497
  8
Layer_10
  10
3991.2246
  20
13208.744
  0
VERTEX
  5
498
  8
Layer_10
  10
3991.2246
  20
13211.121
  0
VERTEX
  5
499
  8
Layer_10
  10
3993.6018
  20
13211.121
  0
VERTEX
  5
49a
  8
Layer_10
  10
3993.6018
  20
13208.744
  0
VERTEX
  5
49b
  8
Layer_10
  10
3991.2246
  20
13208.744
  0
SEQEND
  0
POLYLINE
  5
49d
  8
Layer_10
  62
12
  70
1
  66
1
  10
0
  20
0
  30
0
  0
VERTEX
  5
49d
  8
Layer_10
  10
4155.0791
  20
13208.744
  0
VERTEX
  5
49e
  8
Layer_10
  10
4152.9912
  20
13208.744
  0
VERTEX
  5
49f
  8
Layer_10
  10
4152.9912
  20
13222.045
  0
VERTEX
  5
4a0
  8
Layer_10
  10
4152.5854
  20
13221.686
  0
VERTEX
  5
4a1
  8
Layer_10
  10
4152.1206
  20
13221.326
  0
VERTEX
  5
4a2
  8
Layer_10
  10
4151.5967
  20
13220.967
  0
VERTEX
  5
4a3
  8
Layer_10
  10
4151.0146
  20
13220.607
  0
VERTEX
  5
4a4
  8
Layer_10
  10
4150.418
  20
13220.271
  0
VERTEX
  5
4a5
  8
Layer_10
  10
4149.8535
  20
13219.979
  0
VERTEX
  5
4a6
  8
Layer_10
  10
4149.3193
  20
13219.731
  0
VERTEX
  5
4a7
  8
Layer_10
  10
4148.8169
  20
13219.528
  0
VERTEX
  5
4a8
  8
Layer_10
  10
4148.8169
  20
13221.547
  0
VERTEX
  5
4a9
  8
Layer_10
  10
4149.6646
  20
13221.98
  0
VERTEX
  5
4aa
  8
Layer_10
  10
4150.4575
  20
13222.457
  0
VERTEX
  5
4ab
  8
Layer_10
  10
4151.1953
  20
13222.978
  0
VERTEX
  5
4ac
  8
Layer_10
  10
4151.8784
  20
13223.541
  0
VERTEX
  5
4ad
  8
Layer_10
  10
4152.4854
  20
13224.122
  0
VERTEX
  5
4ae
  8
Layer_10
  10
4152.9971
  20
13224.695
  0
VERTEX
  5
4af
  8
Layer_10
  10
4153.4131
  20
13225.259
  0
VERTEX
  5
4b0
  8
Layer_10
  10
4153.7334
  20
13225.813
  0
VERTEX
  5
4b1
  8
Layer_10
  10
4155.0791
  20
13225.813
  0
VERTEX
  5
4b2
  8
Layer_10
  10
4155.0791
  20
13208.744
  0
SEQEND
  0
POLYLINE
  5
4b4
  8
Layer_10
  62
12
  70
1
  66
1
  10
0
  20
0
  30
0
  0
VERTEX
  5
4b4
  8
Layer_10
  10
4171.3945
  20
13210.75
  0
VERTEX
  5
4b5
  8
Layer_10
  10
4171.3945
  20
13208.744
  0
VERTEX
  5
4b6
  8
Layer_10
  10
4160.1582
  20
13208.744
  0
VERTEX
  5
4b7
  8
Layer_10
  10
4160.207
  20
13209.483
  0
VERTEX
  5
4b8
  8
Layer_10
  10
4160.4014
  20
13210.193
  0
VERTEX
  5
4b9
  8
Layer_10
  10
4160.6484
  20
13210.766
  0
VERTEX
  5
4ba
  8
Layer_10
  10
4160.9595
  20
13211.333
  0
VERTEX
  5
4bb
  8
Layer_10
  10
4161.335
  20
13211.896
  0
VERTEX
  5
4bc
  8
Layer_10
  10
4161.7754
  20
13212.455
  0
VERTEX
  5
4bd
  8
Layer_10
  10
4162.3008
  20
13213.034
  0
VERTEX
  5
4be
  8
Layer_10
  10
4162.9312
  20
13213.656
  0
VERTEX
  5
4bf
  8
Layer_10
  10
4163.6665
  20
13214.322
  0
VERTEX
  5
4c0
  8
Layer_10
  10
4164.5068
  20
13215.029
  0
VERTEX
  5
4c1
  8
Layer_10
  10
4165.1714
  20
13215.583
  0
VERTEX
  5
4c2
  8
Layer_10
  10
4165.7803
  20
13216.107
  0
VERTEX
  5
4c3
  8
Layer_10
  10
4166.3325
  20
13216.602
  0
VERTEX
  5
4c4
  8
Layer_10
  10
4166.8291
  20
13217.066
  0
VERTEX
  5
4c5
  8
Layer_10
  10
4167.269
  20
13217.502
  0
VERTEX
  5
4c6
  8
Layer_10
  10
4167.6528
  20
13217.907
  0
VERTEX
  5
4c7
  8
Layer_10
  10
4167.9805
  20
13218.283
  0
VERTEX
  5
4c8
  8
Layer_10
  10
4168.252
  20
13218.63
  0
VERTEX
  5
4c9
  8
Layer_10
  10
4168.6782
  20
13219.285
  0
VERTEX
  5
4ca
  8
Layer_10
  10
4168.9824
  20
13219.922
  0
VERTEX
  5
4cb
  8
Layer_10
  10
4169.1655
  20
13220.54
  0
VERTEX
  5
4cc
  8
Layer_10
  10
4169.2266
  20
13221.141
  0
VERTEX
  5
4cd
  8
Layer_10
  10
4169.1709
  20
13221.737
  0
VERTEX
  5
4ce
  8
Layer_10
  10
4169.0044
  20
13222.284
  0
VERTEX
  5
4cf
  8
Layer_10
  10
4168.7271
  20
13222.783
  0
VERTEX
  5
4d0
  8
Layer_10
  10
4168.3389
  20
13223.233
  0
VERTEX
  5
4d1
  8
Layer_10
  10
4167.8618
  20
13223.606
  0
VERTEX
  5
4d2
  8
Layer_10
  10
4167.3174
  20
13223.873
  0
VERTEX
  5
4d3
  8
Layer_10
  10
4166.7051
  20
13224.033
  0
VERTEX
  5
4d4
  8
Layer_10
  10
4166.0254
  20
13224.086
  0
VERTEX
  5
4d5
  8
Layer_10
  10
4165.3096
  20
13224.029
  0
VERTEX
  5
4d6
  8
Layer_10
  10
4164.6689
  20
13223.859
  0
VERTEX
  5
4d7
  8
Layer_10
  10
4164.104
  20
13223.576
  0
VERTEX
  5
4d8
  8
Layer_10
  10
4163.6138
  20
13223.182
  0
VERTEX
  5
4d9
  8
Layer_10
  10
4163.2173
  20
13222.686
  0
VERTEX
  5
4da
  8
Layer_10
  10
4162.9326
  20
13222.103
  0
VERTEX
  5
4db
  8
Layer_10
  10
4162.7593
  20
13221.434
  0
VERTEX
  5
4dc
  8
Layer_10
  10
4162.6973
  20
13220.677
  0
VERTEX
  5
4dd
  8
Layer_10
  10
4160.5522
  20
13220.897
  0
VERTEX
  5
4de
  8
Layer_10
  10
4160.6265
  20
13221.479
  0
VERTEX
  5
4df
  8
Layer_10
  10
4160.7388
  20
13222.026
  0
VERTEX
  5
4e0
  8
Layer_10
  10
4160.8887
  20
13222.537
  0
VERTEX
  5
4e1
  8
Layer_10
  10
4161.0771
  20
13223.012
  0
VERTEX
  5
4e2
  8
Layer_10
  10
4161.3037
  20
13223.451
  0
VERTEX
  5
4e3
  8
Layer_10
  10
4161.5679
  20
13223.855
  0
VERTEX
  5
4e4
  8
Layer_10
  10
4161.8701
  20
13224.223
  0
VERTEX
  5
4e5
  8
Layer_10
  10
4162.2104
  20
13224.556
  0
VERTEX
  5
4e6
  8
Layer_10
  10
4162.5854
  20
13224.851
  0
VERTEX
  5
4e7
  8
Layer_10
  10
4162.9912
  20
13225.106
  0
VERTEX
  5
4e8
  8
Layer_10
  10
4163.4277
  20
13225.323
  0
VERTEX
  5
4e9
  8
Layer_10
  10
4163.895
  20
13225.499
  0
VERTEX
  5
4ea
  8
Layer_10
  10
4164.9219
  20
13225.734
  0
VERTEX
  5
4eb
  8
Layer_10
  10
4166.0723
  20
13225.813
  0
VERTEX
  5
4ec
  8
Layer_10
  10
4166.668
  20
13225.792
  0
VERTEX
  5
4ed
  8
Layer_10
  10
4167.2314
  20
13225.729
  0
VERTEX
  5
4ee
  8
Layer_10
  10
4167.7637
  20
13225.623
  0
VERTEX
  5
4ef
  8
Layer_10
  10
4168.2637
  20
13225.475
  0
VERTEX
  5
4f0
  8
Layer_10
  10
4168.7319
  20
13225.283
  0
VERTEX
  5
4f1
  8
Layer_10
  10
4169.168
  20
13225.051
  0
VERTEX
  5
4f2
  8
Layer_10
  10
4169.5728
  20
13224.775
  0
VERTEX
  5
4f3
  8
Layer_10
  10
4169.9453
  20
13224.457
  0
VERTEX
  5
4f4
  8
Layer_10
  10
4170.5693
  20
13223.738
  0
VERTEX
  5
4f5
  8
Layer_10
  10
4171.0151
  20
13222.938
  0
VERTEX
  5
4f6
  8
Layer_10
  10
4171.2822
  20
13222.057
  0
VERTEX
  5
4f7
  8
Layer_10
  10
4171.3716
  20
13221.094
  0
VERTEX
  5
4f8
  8
Layer_10
  10
4171.3457
  20
13220.586
  0
VERTEX
  5
4f9
  8
Layer_10
  10
4171.2676
  20
13220.082
  0
VERTEX
  5
4fa
  8
Layer_10
  10
4171.1367
  20
13219.582
  0
VERTEX
  5
4fb
  8
Layer_10
  10
4170.9541
  20
13219.088
  0
VERTEX
  5
4fc
  8
Layer_10
  10
4170.7109
  20
13218.589
  0
VERTEX
  5
4fd
  8
Layer_10
  10
4170.3989
  20
13218.076
  0
VERTEX
  5
4fe
  8
Layer_10
  10
4170.0181
  20
13217.551
  0
VERTEX
  5
4ff
  8
Layer_10
  10
4169.5684
  20
13217.013
  0
VERTEX
  5
500
  8
Layer_10
  10
4169.0039
  20
13216.416
  0
VERTEX
  5
501
  8
Layer_10
  10
4168.2793
  20
13215.719
  0
VERTEX
  5
502
  8
Layer_10
  10
4167.3945
  20
13214.92
  0
VERTEX
  5
503
  8
Layer_10
  10
4166.3506
  20
13214.021
  0
VERTEX
  5
504
  8
Layer_10
  10
4165.9014
  20
13213.643
  0
VERTEX
  5
505
  8
Layer_10
  10
4165.4951
  20
13213.295
  0
VERTEX
  5
506
  8
Layer_10
  10
4165.1309
  20
13212.98
  0
VERTEX
  5
507
  8
Layer_10
  10
4164.8081
  20
13212.696
  0
VERTEX
  5
508
  8
Layer_10
  10
4164.5273
  20
13212.445
  0
VERTEX
  5
509
  8
Layer_10
  10
4164.2891
  20
13212.226
  0
VERTEX
  5
50a
  8
Layer_10
  10
4164.0928
  20
13212.038
  0
VERTEX
  5
50b
  8
Layer_10
  10
4163.9385
  20
13211.881
  0
VERTEX
  5
50c
  8
Layer_10
  10
4163.4517
  20
13211.317
  0
VERTEX
  5
50d
  8
Layer_10
  10
4163.0571
  20
13210.75
  0
VERTEX
  5
50e
  8
Layer_10
  10
4171.3945
  20
13210.75
  0
SEQEND
  0
POLYLINE
  5
510
  8
Layer_10
  62
12
  70
1
  66
1
  10
0
  20
0
  30
0
  0
VERTEX
  5
510
  8
Layer_10
  10
4174.8037
  20
13208.744
  0
VERTEX
  5
511
  8
Layer_10
  10
4174.8037
  20
13211.121
  0
VERTEX
  5
512
  8
Layer_10
  10
4177.1816
  20
13211.121
  0
VERTEX
  5
513
  8
Layer_10
  10
4177.1816
  20
13208.744
  0
VERTEX
  5
514
  8
Layer_10
  10
4174.8037
  20
13208.744
  0
SEQEND
  0
POLYLINE
  5
516
  8
Layer_10
  62
12
  70
1
  66
1
  10
0
  20
0
  30
0
  0
VERTEX
  5
516
  8
Layer_10
  10
3231.1467
  20
12417.648
  0
VERTEX
  5
517
  8
Layer_10
  10
3229.0596
  20
12417.648
  0
VERTEX
  5
518
  8
Layer_10
  10
3229.0596
  20
12430.949
  0
VERTEX
  5
519
  8
Layer_10
  10
3228.6531
  20
12430.59
  0
VERTEX
  5
51a
  8
Layer_10
  10
3228.1882
  20
12430.23
  0
VERTEX
  5
51b
  8
Layer_10
  10
3227.6646
  20
12429.871
  0
VERTEX
  5
51c
  8
Layer_10
  10
3227.0823
  20
12429.512
  0
VERTEX
  5
51d
  8
Layer_10
  10
3226.4861
  20
12429.175
  0
VERTEX
  5
51e
  8
Layer_10
  10
3225.9211
  20
12428.883
  0
VERTEX
  5
51f
  8
Layer_10
  10
3225.3872
  20
12428.636
  0
VERTEX
  5
520
  8
Layer_10
  10
3224.8848
  20
12428.433
  0
VERTEX
  5
521
  8
Layer_10
  10
3224.8848
  20
12430.451
  0
VERTEX
  5
522
  8
Layer_10
  10
3225.7327
  20
12430.885
  0
VERTEX
  5
523
  8
Layer_10
  10
3226.5256
  20
12431.361
  0
VERTEX
  5
524
  8
Layer_10
  10
3227.2634
  20
12431.882
  0
VERTEX
  5
525
  8
Layer_10
  10
3227.9463
  20
12432.445
  0
VERTEX
  5
526
  8
Layer_10
  10
3228.5535
  20
12433.026
  0
VERTEX
  5
527
  8
Layer_10
  10
3229.0652
  20
12433.6
  0
VERTEX
  5
528
  8
Layer_10
  10
3229.4812
  20
12434.163
  0
VERTEX
  5
529
  8
Layer_10
  10
3229.8015
  20
12434.718
  0
VERTEX
  5
52a
  8
Layer_10
  10
3231.1467
  20
12434.718
  0
VERTEX
  5
52b
  8
Layer_10
  10
3231.1467
  20
12417.648
  0
SEQEND
  0
POLYLINE
  5
52d
  8
Layer_10
  62
12
  70
1
  66
1
  10
0
  20
0
  30
0
  0
VERTEX
  5
52d
  8
Layer_10
  10
3236.5042
  20
12422.136
  0
VERTEX
  5
52e
  8
Layer_10
  10
3238.5916
  20
12422.414
  0
VERTEX
  5
52f
  8
Layer_10
  10
3238.8027
  20
12421.589
  0
VERTEX
  5
530
  8
Layer_10
  10
3239.0771
  20
12420.887
  0
VERTEX
  5
531
  8
Layer_10
  10
3239.4146
  20
12420.311
  0
VERTEX
  5
532
  8
Layer_10
  10
3239.8149
  20
12419.857
  0
VERTEX
  5
533
  8
Layer_10
  10
3240.2705
  20
12419.515
  0
VERTEX
  5
534
  8
Layer_10
  10
3240.7732
  20
12419.271
  0
VERTEX
  5
535
  8
Layer_10
  10
3241.3228
  20
12419.124
  0
VERTEX
  5
536
  8
Layer_10
  10
3241.9197
  20
12419.075
  0
VERTEX
  5
537
  8
Layer_10
  10
3242.6274
  20
12419.139
  0
VERTEX
  5
538
  8
Layer_10
  10
3243.2778
  20
12419.33
  0
VERTEX
  5
539
  8
Layer_10
  10
3243.8711
  20
12419.649
  0
VERTEX
  5
53a
  8
Layer_10
  10
3244.407
  20
12420.096
  0
VERTEX
  5
53b
  8
Layer_10
  10
3244.8511
  20
12420.636
  0
VERTEX
  5
53c
  8
Layer_10
  10
3245.168
  20
12421.238
  0
VERTEX
  5
53d
  8
Layer_10
  10
3245.3584
  20
12421.9
  0
VERTEX
  5
53e
  8
Layer_10
  10
3245.4219
  20
12422.623
  0
VERTEX
  5
53f
  8
Layer_10
  10
3245.363
  20
12423.311
  0
VERTEX
  5
540
  8
Layer_10
  10
3245.187
  20
12423.935
  0
VERTEX
  5
541
  8
Layer_10
  10
3244.8933
  20
12424.497
  0
VERTEX
  5
542
  8
Layer_10
  10
3244.4824
  20
12424.995
  0
VERTEX
  5
543
  8
Layer_10
  10
3243.981
  20
12425.403
  0
VERTEX
  5
544
  8
Layer_10
  10
3243.4155
  20
12425.694
  0
VERTEX
  5
545
  8
Layer_10
  10
3242.7866
  20
12425.869
  0
VERTEX
  5
546
  8
Layer_10
  10
3242.0938
  20
12425.928
  0
VERTEX
  5
547
  8
Layer_10
  10
3241.4297
  20
12425.869
  0
VERTEX
  5
548
  8
Layer_10
  10
3240.6208
  20
12425.696
  0
VERTEX
  5
549
  8
Layer_10
  10
3240.8528
  20
12427.528
  0
VERTEX
  5
54a
  8
Layer_10
  10
3241.041
  20
12427.511
  0
VERTEX
  5
54b
  8
Layer_10
  10
3241.189
  20
12427.505
  0
VERTEX
  5
54c
  8
Layer_10
  10
3241.8391
  20
12427.549
  0
VERTEX
  5
54d
  8
Layer_10
  10
3242.4561
  20
12427.679
  0
VERTEX
  5
54e
  8
Layer_10
  10
3243.0393
  20
12427.896
  0
VERTEX
  5
54f
  8
Layer_10
  10
3243.5894
  20
12428.201
  0
VERTEX
  5
550
  8
Layer_10
  10
3244.0562
  20
12428.597
  0
VERTEX
  5
551
  8
Layer_10
  10
3244.3896
  20
12429.086
  0
VERTEX
  5
552
  8
Layer_10
  10
3244.5896
  20
12429.669
  0
VERTEX
  5
553
  8
Layer_10
  10
3244.6563
  20
12430.347
  0
VERTEX
  5
554
  8
Layer_10
  10
3244.6079
  20
12430.896
  0
VERTEX
  5
555
  8
Layer_10
  10
3244.4622
  20
12431.395
  0
VERTEX
  5
556
  8
Layer_10
  10
3244.2195
  20
12431.846
  0
VERTEX
  5
557
  8
Layer_10
  10
3243.8794
  20
12432.248
  0
VERTEX
  5
558
  8
Layer_10
  10
3243.4626
  20
12432.578
  0
VERTEX
  5
559
  8
Layer_10
  10
3242.9893
  20
12432.814
  0
VERTEX
  5
55a
  8
Layer_10
  10
3242.4595
  20
12432.955
  0
VERTEX
  5
55b
  8
Layer_10
  10
3241.8733
  20
12433.002
  0
VERTEX
  5
55c
  8
Layer_10
  10
3241.2898
  20
12432.955
  0
VERTEX
  5
55d
  8
Layer_10
  10
3240.7571
  20
12432.811
  0
VERTEX
  5
55e
  8
Layer_10
  10
3240.2751
  20
12432.572
  0
VERTEX
  5
55f
  8
Layer_10
  10
3239.8438
  20
12432.236
  0
VERTEX
  5
560
  8
Layer_10
  10
3239.4741
  20
12431.807
  0
VERTEX
  5
561
  8
Layer_10
  10
3239.1772
  20
12431.279
  0
VERTEX
  5
562
  8
Layer_10
  10
3238.9524
  20
12430.658
  0
VERTEX
  5
563
  8
Layer_10
  10
3238.8003
  20
12429.94
  0
VERTEX
  5
564
  8
Layer_10
  10
3236.7129
  20
12430.312
  0
VERTEX
  5
565
  8
Layer_10
  10
3236.9651
  20
12431.303
  0
VERTEX
  5
566
  8
Layer_10
  10
3237.3391
  20
12432.175
  0
VERTEX
  5
567
  8
Layer_10
  10
3237.835
  20
12432.929
  0
VERTEX
  5
568
  8
Layer_10
  10
3238.4524
  20
12433.564
  0
VERTEX
  5
569
  8
Layer_10
  10
3239.1719
  20
12434.07
  0
VERTEX
  5
56a
  8
Layer_10
  10
3239.9744
  20
12434.43
  0
VERTEX
  5
56b
  8
Layer_10
  10
3240.8594
  20
12434.646
  0
VERTEX
  5
56c
  8
Layer_10
  10
3241.8269
  20
12434.718
  0
VERTEX
  5
56d
  8
Layer_10
  10
3242.5088
  20
12434.681
  0
VERTEX
  5
56e
  8
Layer_10
  10
3243.1633
  20
12434.568
  0
VERTEX
  5
56f
  8
Layer_10
  10
3243.7903
  20
12434.383
  0
VERTEX
  5
570
  8
Layer_10
  10
3244.3896
  20
12434.121
  0
VERTEX
  5
571
  8
Layer_10
  10
3244.9409
  20
12433.795
  0
VERTEX
  5
572
  8
Layer_10
  10
3245.4231
  20
12433.415
  0
VERTEX
  5
573
  8
Layer_10
  10
3245.8367
  20
12432.98
  0
VERTEX
  5
574
  8
Layer_10
  10
3246.1812
  20
12432.491
  0
VERTEX
  5
575
  8
Layer_10
  10
3246.4526
  20
12431.968
  0
VERTEX
  5
576
  8
Layer_10
  10
3246.6465
  20
12431.428
  0
VERTEX
  5
577
  8
Layer_10
  10
3246.7629
  20
12430.872
  0
VERTEX
  5
578
  8
Layer_10
  10
3246.8018
  20
12430.3
  0
VERTEX
  5
579
  8
Layer_10
  10
3246.7646
  20
12429.762
  0
VERTEX
  5
57a
  8
Layer_10
  10
3246.6538
  20
12429.248
  0
VERTEX
  5
57b
  8
Layer_10
  10
3246.469
  20
12428.758
  0
VERTEX
  5
57c
  8
Layer_10
  10
3246.2102
  20
12428.294
  0
VERTEX
  5
57d
  8
Layer_10
  10
3245.8789
  20
12427.865
  0
VERTEX
  5
57e
  8
Layer_10
  10
3245.4768
  20
12427.482
  0
VERTEX
  5
57f
  8
Layer_10
  10
3245.0034
  20
12427.146
  0
VERTEX
  5
580
  8
Layer_10
  10
3244.4592
  20
12426.855
  0
VERTEX
  5
581
  8
Layer_10
  10
3245.1709
  20
12426.635
  0
VERTEX
  5
582
  8
Layer_10
  10
3245.7986
  20
12426.32
  0
VERTEX
  5
583
  8
Layer_10
  10
3246.3423
  20
12425.913
  0
VERTEX
  5
584
  8
Layer_10
  10
3246.8018
  20
12425.412
  0
VERTEX
  5
585
  8
Layer_10
  10
3247.167
  20
12424.83
  0
VERTEX
  5
586
  8
Layer_10
  10
3247.4277
  20
12424.179
  0
VERTEX
  5
587
  8
Layer_10
  10
3247.5845
  20
12423.459
  0
VERTEX
  5
588
  8
Layer_10
  10
3247.6367
  20
12422.67
  0
VERTEX
  5
589
  8
Layer_10
  10
3247.6113
  20
12422.124
  0
VERTEX
  5
58a
  8
Layer_10
  10
3247.5352
  20
12421.599
  0
VERTEX
  5
58b
  8
Layer_10
  10
3247.4082
  20
12421.096
  0
VERTEX
  5
58c
  8
Layer_10
  10
3247.2307
  20
12420.613
  0
VERTEX
  5
58d
  8
Layer_10
  10
3247.0024
  20
12420.152
  0
VERTEX
  5
58e
  8
Layer_10
  10
3246.7234
  20
12419.712
  0
VERTEX
  5
58f
  8
Layer_10
  10
3246.3936
  20
12419.293
  0
VERTEX
  5
590
  8
Layer_10
  10
3246.0132
  20
12418.896
  0
VERTEX
  5
591
  8
Layer_10
  10
3245.5938
  20
12418.531
  0
VERTEX
  5
592
  8
Layer_10
  10
3245.1477
  20
12418.218
  0
VERTEX
  5
593
  8
Layer_10
  10
3244.6748
  20
12417.951
  0
VERTEX
  5
594
  8
Layer_10
  10
3244.175
  20
12417.734
  0
VERTEX
  5
595
  8
Layer_10
  10
3243.6487
  20
12417.564
  0
VERTEX
  5
596
  8
Layer_10
  10
3243.0952
  20
12417.443
  0
VERTEX
  5
597
  8
Layer_10
  10
3242.5151
  20
12417.371
  0
VERTEX
  5
598
  8
Layer_10
  10
3241.9082
  20
12417.347
  0
VERTEX
  5
599
  8
Layer_10
  10
3240.8367
  20
12417.43
  0
VERTEX
  5
59a
  8
Layer_10
  10
3239.8599
  20
12417.68
  0
VERTEX
  5
59b
  8
Layer_10
  10
3238.9783
  20
12418.097
  0
VERTEX
  5
59c
  8
Layer_10
  10
3238.1914
  20
12418.681
  0
VERTEX
  5
59d
  8
Layer_10
  10
3237.5315
  20
12419.396
  0
VERTEX
  5
59e
  8
Layer_10
  10
3237.0303
  20
12420.211
  0
VERTEX
  5
59f
  8
Layer_10
  10
3236.6877
  20
12421.124
  0
VERTEX
  5
5a0
  8
Layer_10
  10
3236.5042
  20
12422.136
  0
SEQEND
  0
POLYLINE
  5
5a2
  8
Layer_10
  62
12
  70
1
  66
1
  10
0
  20
0
  30
0
  0
VERTEX
  5
5a2
  8
Layer_10
  10
3250.8721
  20
12417.648
  0
VERTEX
  5
5a3
  8
Layer_10
  10
3250.8721
  20
12420.025
  0
VERTEX
  5
5a4
  8
Layer_10
  10
3253.249
  20
12420.025
  0
VERTEX
  5
5a5
  8
Layer_10
  10
3253.249
  20
12417.648
  0
VERTEX
  5
5a6
  8
Layer_10
  10
3250.8721
  20
12417.648
  0
SEQEND
  0
POLYLINE
  5
5a8
  8
Layer_10
  62
12
  70
1
  66
1
  10
0
  20
0
  30
0
  0
VERTEX
  5
5a8
  8
Layer_10
  10
3420.4629
  20
12417.648
  0
VERTEX
  5
5a9
  8
Layer_10
  10
3418.3755
  20
12417.648
  0
VERTEX
  5
5aa
  8
Layer_10
  10
3418.3755
  20
12430.949
  0
VERTEX
  5
5ab
  8
Layer_10
  10
3417.9692
  20
12430.59
  0
VERTEX
  5
5ac
  8
Layer_10
  10
3417.5044
  20
12430.23
  0
VERTEX
  5
5ad
  8
Layer_10
  10
3416.9807
  20
12429.871
  0
VERTEX
  5
5ae
  8
Layer_10
  10
3416.3984
  20
12429.512
  0
VERTEX
  5
5af
  8
Layer_10
  10
3415.8022
  20
12429.175
  0
VERTEX
  5
5b0
  8
Layer_10
  10
3415.2373
  20
12428.883
  0
VERTEX
  5
5b1
  8
Layer_10
  10
3414.7036
  20
12428.636
  0
VERTEX
  5
5b2
  8
Layer_10
  10
3414.2007
  20
12428.433
  0
VERTEX
  5
5b3
  8
Layer_10
  10
3414.2007
  20
12430.451
  0
VERTEX
  5
5b4
  8
Layer_10
  10
3415.0488
  20
12430.885
  0
VERTEX
  5
5b5
  8
Layer_10
  10
3415.8418
  20
12431.361
  0
VERTEX
  5
5b6
  8
Layer_10
  10
3416.5796
  20
12431.882
  0
VERTEX
  5
5b7
  8
Layer_10
  10
3417.2622
  20
12432.445
  0
VERTEX
  5
5b8
  8
Layer_10
  10
3417.8696
  20
12433.026
  0
VERTEX
  5
5b9
  8
Layer_10
  10
3418.3813
  20
12433.6
  0
VERTEX
  5
5ba
  8
Layer_10
  10
3418.7974
  20
12434.163
  0
VERTEX
  5
5bb
  8
Layer_10
  10
3419.1177
  20
12434.718
  0
VERTEX
  5
5bc
  8
Layer_10
  10
3420.4629
  20
12434.718
  0
VERTEX
  5
5bd
  8
Layer_10
  10
3420.4629
  20
12417.648
  0
SEQEND
  0
POLYLINE
  5
5bf
  8
Layer_10
  62
12
  70
1
  66
1
  10
0
  20
0
  30
0
  0
VERTEX
  5
5bf
  8
Layer_10
  10
3432.4995
  20
12417.648
  0
VERTEX
  5
5c0
  8
Layer_10
  10
3432.4995
  20
12421.719
  0
VERTEX
  5
5c1
  8
Layer_10
  10
3425.1245
  20
12421.719
  0
VERTEX
  5
5c2
  8
Layer_10
  10
3425.1245
  20
12423.632
  0
VERTEX
  5
5c3
  8
Layer_10
  10
3432.8823
  20
12434.648
  0
VERTEX
  5
5c4
  8
Layer_10
  10
3434.5869
  20
12434.648
  0
VERTEX
  5
5c5
  8
Layer_10
  10
3434.5869
  20
12423.632
  0
VERTEX
  5
5c6
  8
Layer_10
  10
3436.8831
  20
12423.632
  0
VERTEX
  5
5c7
  8
Layer_10
  10
3436.8831
  20
12421.719
  0
VERTEX
  5
5c8
  8
Layer_10
  10
3434.5869
  20
12421.719
  0
VERTEX
  5
5c9
  8
Layer_10
  10
3434.5869
  20
12417.648
  0
VERTEX
  5
5ca
  8
Layer_10
  10
3432.4995
  20
12417.648
  0
SEQEND
  0
POLYLINE
  5
5cc
  8
Layer_10
  62
12
  70
1
  66
1
  10
0
  20
0
  30
0
  0
VERTEX
  5
5cc
  8
Layer_10
  10
3432.4995
  20
12423.632
  0
VERTEX
  5
5cd
  8
Layer_10
  10
3432.4995
  20
12431.297
  0
VERTEX
  5
5ce
  8
Layer_10
  10
3427.177
  20
12423.632
  0
VERTEX
  5
5cf
  8
Layer_10
  10
3432.4995
  20
12423.632
  0
SEQEND
  0
POLYLINE
  5
5d1
  8
Layer_10
  62
12
  70
1
  66
1
  10
0
  20
0
  30
0
  0
VERTEX
  5
5d1
  8
Layer_10
  10
3440.188
  20
12417.648
  0
VERTEX
  5
5d2
  8
Layer_10
  10
3440.188
  20
12420.025
  0
VERTEX
  5
5d3
  8
Layer_10
  10
3442.5652
  20
12420.025
  0
VERTEX
  5
5d4
  8
Layer_10
  10
3442.5652
  20
12417.648
  0
VERTEX
  5
5d5
  8
Layer_10
  10
3440.188
  20
12417.648
  0
SEQEND
  0
POLYLINE
  5
5d7
  8
Layer_10
  62
12
  70
1
  66
1
  10
0
  20
0
  30
0
  0
VERTEX
  5
5d7
  8
Layer_10
  10
3602.2795
  20
12417.648
  0
VERTEX
  5
5d8
  8
Layer_10
  10
3600.1924
  20
12417.648
  0
VERTEX
  5
5d9
  8
Layer_10
  10
3600.1924
  20
12430.949
  0
VERTEX
  5
5da
  8
Layer_10
  10
3599.7859
  20
12430.59
  0
VERTEX
  5
5db
  8
Layer_10
  10
3599.321
  20
12430.23
  0
VERTEX
  5
5dc
  8
Layer_10
  10
3598.7974
  20
12429.871
  0
VERTEX
  5
5dd
  8
Layer_10
  10
3598.2151
  20
12429.512
  0
VERTEX
  5
5de
  8
Layer_10
  10
3597.6189
  20
12429.175
  0
VERTEX
  5
5df
  8
Layer_10
  10
3597.054
  20
12428.883
  0
VERTEX
  5
5e0
  8
Layer_10
  10
3596.52
  20
12428.636
  0
VERTEX
  5
5e1
  8
Layer_10
  10
3596.0176
  20
12428.433
  0
VERTEX
  5
5e2
  8
Layer_10
  10
3596.0176
  20
12430.451
  0
VERTEX
  5
5e3
  8
Layer_10
  10
3596.8655
  20
12430.885
  0
VERTEX
  5
5e4
  8
Layer_10
  10
3597.6584
  20
12431.361
  0
VERTEX
  5
5e5
  8
Layer_10
  10
3598.3962
  20
12431.882
  0
VERTEX
  5
5e6
  8
Layer_10
  10
3599.0791
  20
12432.445
  0
VERTEX
  5
5e7
  8
Layer_10
  10
3599.6863
  20
12433.026
  0
VERTEX
  5
5e8
  8
Layer_10
  10
3600.198
  20
12433.6
  0
VERTEX
  5
5e9
  8
Layer_10
  10
3600.614
  20
12434.163
  0
VERTEX
  5
5ea
  8
Layer_10
  10
3600.9343
  20
12434.718
  0
VERTEX
  5
5eb
  8
Layer_10
  10
3602.2795
  20
12434.718
  0
VERTEX
  5
5ec
  8
Layer_10
  10
3602.2795
  20
12417.648
  0
SEQEND
  0
POLYLINE
  5
5ee
  8
Layer_10
  62
12
  70
1
  66
1
  10
0
  20
0
  30
0
  0
VERTEX
  5
5ee
  8
Layer_10
  10
3607.6255
  20
12422.102
  0
VERTEX
  5
5ef
  8
Layer_10
  10
3609.8171
  20
12422.287
  0
VERTEX
  5
5f0
  8
Layer_10
  10
3609.9792
  20
12421.536
  0
VERTEX
  5
5f1
  8
Layer_10
  10
3610.2217
  20
12420.885
  0
VERTEX
  5
5f2
  8
Layer_10
  10
3610.5444
  20
12420.333
  0
VERTEX
  5
5f3
  8
Layer_10
  10
3610.9478
  20
12419.881
  0
VERTEX
  5
5f4
  8
Layer_10
  10
3611.4141
  20
12419.528
  0
VERTEX
  5
5f5
  8
Layer_10
  10
3611.9263
  20
12419.276
  0
VERTEX
  5
5f6
  8
Layer_10
  10
3612.4839
  20
12419.125
  0
VERTEX
  5
5f7
  8
Layer_10
  10
3613.0874
  20
12419.075
  0
VERTEX
  5
5f8
  8
Layer_10
  10
3613.812
  20
12419.146
  0
VERTEX
  5
5f9
  8
Layer_10
  10
3614.479
  20
12419.359
  0
VERTEX
  5
5fa
  8
Layer_10
  10
3615.0876
  20
12419.713
  0
VERTEX
  5
5fb
  8
Layer_10
  10
3615.6384
  20
12420.211
  0
VERTEX
  5
5fc
  8
Layer_10
  10
3616.0952
  20
12420.826
  0
VERTEX
  5
5fd
  8
Layer_10
  10
3616.4214
  20
12421.533
  0
VERTEX
  5
5fe
  8
Layer_10
  10
3616.6169
  20
12422.333
  0
VERTEX
  5
5ff
  8
Layer_10
  10
3616.6821
  20
12423.227
  0
VERTEX
  5
600
  8
Layer_10
  10
3616.6194
  20
12424.072
  0
VERTEX
  5
601
  8
Layer_10
  10
3616.4314
  20
12424.824
  0
VERTEX
  5
602
  8
Layer_10
  10
3616.1177
  20
12425.48
  0
VERTEX
  5
603
  8
Layer_10
  10
3615.679
  20
12426.044
  0
VERTEX
  5
604
  8
Layer_10
  10
3615.1387
  20
12426.496
  0
VERTEX
  5
605
  8
Layer_10
  10
3614.5208
  20
12426.818
  0
VERTEX
  5
606
  8
Layer_10
  10
3613.8254
  20
12427.012
  0
VERTEX
  5
607
  8
Layer_10
  10
3613.0525
  20
12427.076
  0
VERTEX
  5
608
  8
Layer_10
  10
3612.5603
  20
12427.047
  0
VERTEX
  5
609
  8
Layer_10
  10
3612.0928
  20
12426.962
  0
VERTEX
  5
60a
  8
Layer_10
  10
3611.6501
  20
12426.818
  0
VERTEX
  5
60b
  8
Layer_10
  10
3611.2319
  20
12426.618
  0
VERTEX
  5
60c
  8
Layer_10
  10
3610.8477
  20
12426.371
  0
VERTEX
  5
60d
  8
Layer_10
  10
3610.5071
  20
12426.092
  0
VERTEX
  5
60e
  8
Layer_10
  10
3610.21
  20
12425.778
  0
VERTEX
  5
60f
  8
Layer_10
  10
3609.9563
  20
12425.43
  0
VERTEX
  5
610
  8
Layer_10
  10
3607.9966
  20
12425.685
  0
VERTEX
  5
611
  8
Layer_10
  10
3609.6431
  20
12434.417
  0
VERTEX
  5
612
  8
Layer_10
  10
3618.0967
  20
12434.417
  0
VERTEX
  5
613
  8
Layer_10
  10
3618.0967
  20
12432.422
  0
VERTEX
  5
614
  8
Layer_10
  10
3611.313
  20
12432.422
  0
VERTEX
  5
615
  8
Layer_10
  10
3610.397
  20
12427.854
  0
VERTEX
  5
616
  8
Layer_10
  10
3611.1719
  20
12428.32
  0
VERTEX
  5
617
  8
Layer_10
  10
3611.9653
  20
12428.653
  0
VERTEX
  5
618
  8
Layer_10
  10
3612.7778
  20
12428.854
  0
VERTEX
  5
619
  8
Layer_10
  10
3613.6091
  20
12428.92
  0
VERTEX
  5
61a
  8
Layer_10
  10
3614.1548
  20
12428.896
  0
VERTEX
  5
61b
  8
Layer_10
  10
3614.679
  20
12428.823
  0
VERTEX
  5
61c
  8
Layer_10
  10
3615.1812
  20
12428.703
  0
VERTEX
  5
61d
  8
Layer_10
  10
3615.6616
  20
12428.534
  0
VERTEX
  5
61e
  8
Layer_10
  10
3616.1204
  20
12428.318
  0
VERTEX
  5
61f
  8
Layer_10
  10
3616.5574
  20
12428.053
  0
VERTEX
  5
620
  8
Layer_10
  10
3616.9727
  20
12427.739
  0
VERTEX
  5
621
  8
Layer_10
  10
3617.3662
  20
12427.378
  0
VERTEX
  5
622
  8
Layer_10
  10
3617.7249
  20
12426.979
  0
VERTEX
  5
623
  8
Layer_10
  10
3618.0359
  20
12426.552
  0
VERTEX
  5
624
  8
Layer_10
  10
3618.2988
  20
12426.098
  0
VERTEX
  5
625
  8
Layer_10
  10
3618.5142
  20
12425.615
  0
VERTEX
  5
626
  8
Layer_10
  10
3618.6816
  20
12425.105
  0
VERTEX
  5
627
  8
Layer_10
  10
3618.8013
  20
12424.568
  0
VERTEX
  5
628
  8
Layer_10
  10
3618.873
  20
12424.004
  0
VERTEX
  5
629
  8
Layer_10
  10
3618.897
  20
12423.412
  0
VERTEX
  5
62a
  8
Layer_10
  10
3618.813
  20
12422.298
  0
VERTEX
  5
62b
  8
Layer_10
  10
3618.5608
  20
12421.261
  0
VERTEX
  5
62c
  8
Layer_10
  10
3618.1404
  20
12420.303
  0
VERTEX
  5
62d
  8
Layer_10
  10
3617.5518
  20
12419.423
  0
VERTEX
  5
62e
  8
Layer_10
  10
3617.1245
  20
12418.938
  0
VERTEX
  5
62f
  8
Layer_10
  10
3616.6597
  20
12418.52
  0
VERTEX
  5
630
  8
Layer_10
  10
3616.1577
  20
12418.165
  0
VERTEX
  5
631
  8
Layer_10
  10
3615.6182
  20
12417.875
  0
VERTEX
  5
632
  8
Layer_10
  10
3615.0415
  20
12417.649
  0
VERTEX
  5
633
  8
Layer_10
  10
3614.4272
  20
12417.488
  0
VERTEX
  5
634
  8
Layer_10
  10
3613.7759
  20
12417.391
  0
VERTEX
  5
635
  8
Layer_10
  10
3613.0874
  20
12417.358
  0
VERTEX
  5
636
  8
Layer_10
  10
3611.981
  20
12417.439
  0
VERTEX
  5
637
  8
Layer_10
  10
3610.981
  20
12417.684
  0
VERTEX
  5
638
  8
Layer_10
  10
3610.0879
  20
12418.09
  0
VERTEX
  5
639
  8
Layer_10
  10
3609.301
  20
12418.657
  0
VERTEX
  5
63a
  8
Layer_10
  10
3608.6462
  20
12419.359
  0
VERTEX
  5
63b
  8
Layer_10
  10
3608.1487
  20
12420.168
  0
VERTEX
  5
63c
  8
Layer_10
  10
3607.8083
  20
12421.082
  0
VERTEX
  5
63d
  8
Layer_10
  10
3607.6255
  20
12422.102
  0
SEQEND
  0
POLYLINE
  5
63f
  8
Layer_10
  62
12
  70
1
  66
1
  10
0
  20
0
  30
0
  0
VERTEX
  5
63f
  8
Layer_10
  10
3622.0049
  20
12417.648
  0
VERTEX
  5
640
  8
Layer_10
  10
3622.0049
  20
12420.025
  0
VERTEX
  5
641
  8
Layer_10
  10
3624.3818
  20
12420.025
  0
VERTEX
  5
642
  8
Layer_10
  10
3624.3818
  20
12417.648
  0
VERTEX
  5
643
  8
Layer_10
  10
3622.0049
  20
12417.648
  0
SEQEND
  0
POLYLINE
  5
645
  8
Layer_10
  62
12
  70
1
  66
1
  10
0
  20
0
  30
0
  0
VERTEX
  5
645
  8
Layer_10
  10
3790.5796
  20
12417.648
  0
VERTEX
  5
646
  8
Layer_10
  10
3788.4922
  20
12417.648
  0
VERTEX
  5
647
  8
Layer_10
  10
3788.4922
  20
12430.949
  0
VERTEX
  5
648
  8
Layer_10
  10
3788.0859
  20
12430.59
  0
VERTEX
  5
649
  8
Layer_10
  10
3787.6211
  20
12430.23
  0
VERTEX
  5
64a
  8
Layer_10
  10
3787.0974
  20
12429.871
  0
VERTEX
  5
64b
  8
Layer_10
  10
3786.5151
  20
12429.512
  0
VERTEX
  5
64c
  8
Layer_10
  10
3785.9189
  20
12429.175
  0
VERTEX
  5
64d
  8
Layer_10
  10
3785.354
  20
12428.883
  0
VERTEX
  5
64e
  8
Layer_10
  10
3784.8203
  20
12428.636
  0
VERTEX
  5
64f
  8
Layer_10
  10
3784.3176
  20
12428.433
  0
VERTEX
  5
650
  8
Layer_10
  10
3784.3176
  20
12430.451
  0
VERTEX
  5
651
  8
Layer_10
  10
3785.1655
  20
12430.885
  0
VERTEX
  5
652
  8
Layer_10
  10
3785.9585
  20
12431.361
  0
VERTEX
  5
653
  8
Layer_10
  10
3786.6963
  20
12431.882
  0
VERTEX
  5
654
  8
Layer_10
  10
3787.3792
  20
12432.445
  0
VERTEX
  5
655
  8
Layer_10
  10
3787.9863
  20
12433.026
  0
VERTEX
  5
656
  8
Layer_10
  10
3788.498
  20
12433.6
  0
VERTEX
  5
657
  8
Layer_10
  10
3788.9141
  20
12434.163
  0
VERTEX
  5
658
  8
Layer_10
  10
3789.2344
  20
12434.718
  0
VERTEX
  5
659
  8
Layer_10
  10
3790.5796
  20
12434.718
  0
VERTEX
  5
65a
  8
Layer_10
  10
3790.5796
  20
12417.648
  0
SEQEND
  0
POLYLINE
  5
65c
  8
Layer_10
  62
12
  70
1
  66
1
  10
0
  20
0
  30
0
  0
VERTEX
  5
65c
  8
Layer_10
  10
3806.7563
  20
12430.485
  0
VERTEX
  5
65d
  8
Layer_10
  10
3804.6807
  20
12430.323
  0
VERTEX
  5
65e
  8
Layer_10
  10
3804.5269
  20
12430.896
  0
VERTEX
  5
65f
  8
Layer_10
  10
3804.3442
  20
12431.384
  0
VERTEX
  5
660
  8
Layer_10
  10
3804.1326
  20
12431.789
  0
VERTEX
  5
661
  8
Layer_10
  10
3803.8921
  20
12432.109
  0
VERTEX
  5
662
  8
Layer_10
  10
3803.4441
  20
12432.5
  0
VERTEX
  5
663
  8
Layer_10
  10
3802.947
  20
12432.779
  0
VERTEX
  5
664
  8
Layer_10
  10
3802.4004
  20
12432.946
  0
VERTEX
  5
665
  8
Layer_10
  10
3801.8047
  20
12433.002
  0
VERTEX
  5
666
  8
Layer_10
  10
3801.3213
  20
12432.967
  0
VERTEX
  5
667
  8
Layer_10
  10
3800.8684
  20
12432.862
  0
VERTEX
  5
668
  8
Layer_10
  10
3800.4458
  20
12432.688
  0
VERTEX
  5
669
  8
Layer_10
  10
3800.0537
  20
12432.445
  0
VERTEX
  5
66a
  8
Layer_10
  10
3799.5869
  20
12432.044
  0
VERTEX
  5
66b
  8
Layer_10
  10
3799.1724
  20
12431.561
  0
VERTEX
  5
66c
  8
Layer_10
  10
3798.8101
  20
12430.995
  0
VERTEX
  5
66d
  8
Layer_10
  10
3798.4998
  20
12430.347
  0
VERTEX
  5
66e
  8
Layer_10
  10
3798.2498
  20
12429.584
  0
VERTEX
  5
66f
  8
Layer_10
  10
3798.0679
  20
12428.674
  0
VERTEX
  5
670
  8
Layer_10
  10
3797.9539
  20
12427.617
  0
VERTEX
  5
671
  8
Layer_10
  10
3797.9084
  20
12426.415
  0
VERTEX
  5
672
  8
Layer_10
  10
3798.3064
  20
12426.952
  0
VERTEX
  5
673
  8
Layer_10
  10
3798.7463
  20
12427.415
  0
VERTEX
  5
674
  8
Layer_10
  10
3799.2283
  20
12427.805
  0
VERTEX
  5
675
  8
Layer_10
  10
3799.7522
  20
12428.12
  0
VERTEX
  5
676
  8
Layer_10
  10
3800.304
  20
12428.363
  0
VERTEX
  5
677
  8
Layer_10
  10
3800.8687
  20
12428.538
  0
VERTEX
  5
678
  8
Layer_10
  10
3801.446
  20
12428.643
  0
VERTEX
  5
679
  8
Layer_10
  10
3802.0366
  20
12428.677
  0
VERTEX
  5
67a
  8
Layer_10
  10
3802.5488
  20
12428.652
  0
VERTEX
  5
67b
  8
Layer_10
  10
3803.0415
  20
12428.581
  0
VERTEX
  5
67c
  8
Layer_10
  10
3803.5149
  20
12428.461
  0
VERTEX
  5
67d
  8
Layer_10
  10
3803.9688
  20
12428.293
  0
VERTEX
  5
67e
  8
Layer_10
  10
3804.4033
  20
12428.076
  0
VERTEX
  5
67f
  8
Layer_10
  10
3804.8186
  20
12427.813
  0
VERTEX
  5
680
  8
Layer_10
  10
3805.2144
  20
12427.5
  0
VERTEX
  5
681
  8
Layer_10
  10
3805.5908
  20
12427.14
  0
VERTEX
  5
682
  8
Layer_10
  10
3805.9346
  20
12426.741
  0
VERTEX
  5
683
  8
Layer_10
  10
3806.2327
  20
12426.314
  0
VERTEX
  5
684
  8
Layer_10
  10
3806.4846
  20
12425.861
  0
VERTEX
  5
685
  8
Layer_10
  10
3806.6912
  20
12425.379
  0
VERTEX
  5
686
  8
Layer_10
  10
3806.8516
  20
12424.868
  0
VERTEX
  5
687
  8
Layer_10
  10
3806.9663
  20
12424.33
  0
VERTEX
  5
688
  8
Layer_10
  10
3807.0349
  20
12423.764
  0
VERTEX
  5
689
  8
Layer_10
  10
3807.0579
  20
12423.168
  0
VERTEX
  5
68a
  8
Layer_10
  10
3807.0146
  20
12422.382
  0
VERTEX
  5
68b
  8
Layer_10
  10
3806.8855
  20
12421.625
  0
VERTEX
  5
68c
  8
Layer_10
  10
3806.6699
  20
12420.895
  0
VERTEX
  5
68d
  8
Layer_10
  10
3806.3679
  20
12420.193
  0
VERTEX
  5
68e
  8
Layer_10
  10
3805.9907
  20
12419.547
  0
VERTEX
  5
68f
  8
Layer_10
  10
3805.5488
  20
12418.98
  0
VERTEX
  5
690
  8
Layer_10
  10
3805.0427
  20
12418.494
  0
VERTEX
  5
691
  8
Layer_10
  10
3804.4719
  20
12418.089
  0
VERTEX
  5
692
  8
Layer_10
  10
3803.8486
  20
12417.77
  0
VERTEX
  5
693
  8
Layer_10
  10
3803.1846
  20
12417.541
  0
VERTEX
  5
694
  8
Layer_10
  10
3802.48
  20
12417.404
  0
VERTEX
  5
695
  8
Layer_10
  10
3801.7351
  20
12417.358
  0
VERTEX
  5
696
  8
Layer_10
  10
3801.0977
  20
12417.389
  0
VERTEX
  5
697
  8
Layer_10
  10
3800.4907
  20
12417.479
  0
VERTEX
  5
698
  8
Layer_10
  10
3799.9136
  20
12417.627
  0
VERTEX
  5
699
  8
Layer_10
  10
3799.3667
  20
12417.838
  0
VERTEX
  5
69a
  8
Layer_10
  10
3798.8496
  20
12418.107
  0
VERTEX
  5
69b
  8
Layer_10
  10
3798.3628
  20
12418.438
  0
VERTEX
  5
69c
  8
Layer_10
  10
3797.906
  20
12418.827
  0
VERTEX
  5
69d
  8
Layer_10
  10
3797.4792
  20
12419.277
  0
VERTEX
  5
69e
  8
Layer_10
  10
3797.0933
  20
12419.797
  0
VERTEX
  5
69f
  8
Layer_10
  10
3796.759
  20
12420.393
  0
VERTEX
  5
6a0
  8
Layer_10
  10
3796.4761
  20
12421.066
  0
VERTEX
  5
6a1
  8
Layer_10
  10
3796.2444
  20
12421.818
  0
VERTEX
  5
6a2
  8
Layer_10
  10
3796.0645
  20
12422.648
  0
VERTEX
  5
6a3
  8
Layer_10
  10
3795.9358
  20
12423.556
  0
VERTEX
  5
6a4
  8
Layer_10
  10
3795.8584
  20
12424.541
  0
VERTEX
  5
6a5
  8
Layer_10
  10
3795.8328
  20
12425.604
  0
VERTEX
  5
6a6
  8
Layer_10
  10
3795.8613
  20
12426.793
  0
VERTEX
  5
6a7
  8
Layer_10
  10
3795.9465
  20
12427.898
  0
VERTEX
  5
6a8
  8
Layer_10
  10
3796.0886
  20
12428.922
  0
VERTEX
  5
6a9
  8
Layer_10
  10
3796.2878
  20
12429.859
  0
VERTEX
  5
6aa
  8
Layer_10
  10
3796.5439
  20
12430.714
  0
VERTEX
  5
6ab
  8
Layer_10
  10
3796.8569
  20
12431.482
  0
VERTEX
  5
6ac
  8
Layer_10
  10
3797.2266
  20
12432.168
  0
VERTEX
  5
6ad
  8
Layer_10
  10
3797.6533
  20
12432.77
  0
VERTEX
  5
6ae
  8
Layer_10
  10
3798.0679
  20
12433.227
  0
VERTEX
  5
6af
  8
Layer_10
  10
3798.5166
  20
12433.621
  0
VERTEX
  5
6b0
  8
Layer_10
  10
3798.9998
  20
12433.957
  0
VERTEX
  5
6b1
  8
Layer_10
  10
3799.5173
  20
12434.23
  0
VERTEX
  5
6b2
  8
Layer_10
  10
3800.0696
  20
12434.443
  0
VERTEX
  5
6b3
  8
Layer_10
  10
3800.656
  20
12434.596
  0
VERTEX
  5
6b4
  8
Layer_10
  10
3801.2771
  20
12434.688
  0
VERTEX
  5
6b5
  8
Layer_10
  10
3801.9324
  20
12434.718
  0
VERTEX
  5
6b6
  8
Layer_10
  10
3802.8901
  20
12434.648
  0
VERTEX
  5
6b7
  8
Layer_10
  10
3803.7573
  20
12434.438
  0
VERTEX
  5
6b8
  8
Layer_10
  10
3804.5337
  20
12434.086
  0
VERTEX
  5
6b9
  8
Layer_10
  10
3805.2197
  20
12433.594
  0
VERTEX
  5
6ba
  8
Layer_10
  10
3805.7964
  20
12432.979
  0
VERTEX
  5
6bb
  8
Layer_10
  10
3806.2446
  20
12432.254
  0
VERTEX
  5
6bc
  8
Layer_10
  10
3806.5645
  20
12431.424
  0
VERTEX
  5
6bd
  8
Layer_10
  10
3806.7563
  20
12430.485
  0
SEQEND
  0
POLYLINE
  5
6bf
  8
Layer_10
  62
12
  70
1
  66
1
  10
0
  20
0
  30
0
  0
VERTEX
  5
6bf
  8
Layer_10
  10
3798.2332
  20
12423.156
  0
VERTEX
  5
6c0
  8
Layer_10
  10
3798.2617
  20
12422.623
  0
VERTEX
  5
6c1
  8
Layer_10
  10
3798.3477
  20
12422.102
  0
VERTEX
  5
6c2
  8
Layer_10
  10
3798.4907
  20
12421.592
  0
VERTEX
  5
6c3
  8
Layer_10
  10
3798.6912
  20
12421.093
  0
VERTEX
  5
6c4
  8
Layer_10
  10
3798.9431
  20
12420.629
  0
VERTEX
  5
6c5
  8
Layer_10
  10
3799.2405
  20
12420.225
  0
VERTEX
  5
6c6
  8
Layer_10
  10
3799.5837
  20
12419.879
  0
VERTEX
  5
6c7
  8
Layer_10
  10
3799.9727
  20
12419.591
  0
VERTEX
  5
6c8
  8
Layer_10
  10
3800.3894
  20
12419.365
  0
VERTEX
  5
6c9
  8
Layer_10
  10
3800.8164
  20
12419.204
  0
VERTEX
  5
6ca
  8
Layer_10
  10
3801.2534
  20
12419.107
  0
VERTEX
  5
6cb
  8
Layer_10
  10
3801.7004
  20
12419.075
  0
VERTEX
  5
6cc
  8
Layer_10
  10
3802.3381
  20
12419.142
  0
VERTEX
  5
6cd
  8
Layer_10
  10
3802.9297
  20
12419.342
  0
VERTEX
  5
6ce
  8
Layer_10
  10
3803.4746
  20
12419.675
  0
VERTEX
  5
6cf
  8
Layer_10
  10
3803.9731
  20
12420.142
  0
VERTEX
  5
6d0
  8
Layer_10
  10
3804.3892
  20
12420.723
  0
VERTEX
  5
6d1
  8
Layer_10
  10
3804.6863
  20
12421.399
  0
VERTEX
  5
6d2
  8
Layer_10
  10
3804.8647
  20
12422.172
  0
VERTEX
  5
6d3
  8
Layer_10
  10
3804.9241
  20
12423.041
  0
VERTEX
  5
6d4
  8
Layer_10
  10
3804.8652
  20
12423.876
  0
VERTEX
  5
6d5
  8
Layer_10
  10
3804.6892
  20
12424.617
  0
VERTEX
  5
6d6
  8
Layer_10
  10
3804.3958
  20
12425.265
  0
VERTEX
  5
6d7
  8
Layer_10
  10
3803.9849
  20
12425.818
  0
VERTEX
  5
6d8
  8
Layer_10
  10
3803.4849
  20
12426.262
  0
VERTEX
  5
6d9
  8
Layer_10
  10
3802.9238
  20
12426.579
  0
VERTEX
  5
6da
  8
Layer_10
  10
3802.3018
  20
12426.77
  0
VERTEX
  5
6db
  8
Layer_10
  10
3801.6191
  20
12426.833
  0
VERTEX
  5
6dc
  8
Layer_10
  10
3800.9385
  20
12426.77
  0
VERTEX
  5
6dd
  8
Layer_10
  10
3800.3115
  20
12426.579
  0
VERTEX
  5
6de
  8
Layer_10
  10
3799.7383
  20
12426.262
  0
VERTEX
  5
6df
  8
Layer_10
  10
3799.2188
  20
12425.818
  0
VERTEX
  5
6e0
  8
Layer_10
  10
3798.7876
  20
12425.271
  0
VERTEX
  5
6e1
  8
Layer_10
  10
3798.4795
  20
12424.646
  0
VERTEX
  5
6e2
  8
Layer_10
  10
3798.2949
  20
12423.939
  0
VERTEX
  5
6e3
  8
Layer_10
  10
3798.2332
  20
12423.156
  0
SEQEND
  0
POLYLINE
  5
6e5
  8
Layer_10
  62
12
  70
1
  66
1
  10
0
  20
0
  30
0
  0
VERTEX
  5
6e5
  8
Layer_10
  10
3810.3047
  20
12417.648
  0
VERTEX
  5
6e6
  8
Layer_10
  10
3810.3047
  20
12420.025
  0
VERTEX
  5
6e7
  8
Layer_10
  10
3812.6821
  20
12420.025
  0
VERTEX
  5
6e8
  8
Layer_10
  10
3812.6821
  20
12417.648
  0
VERTEX
  5
6e9
  8
Layer_10
  10
3810.3047
  20
12417.648
  0
SEQEND
  0
CIRCLE
  5
6eb
  8
Layer_0
  62
7
  10
4008.2639
  20
12349.939
  30
0
  40
70.000549
  0
CIRCLE
  5
6eb
  8
Layer_0
  62
7
  10
4009.1143
  20
12113.212
  30
0
  40
20
  0
POLYLINE
  5
6eb
  8
Layer_0
  62
7
  70
1
  66
1
  10
0
  20
0
  30
0
  0
VERTEX
  5
6eb
  8
Layer_0
  10
3831.1133
  20
11751.79
  0
VERTEX
  5
6ec
  8
Layer_0
  10
3831.2595
  20
11723.478
  0
VERTEX
  5
6ed
  8
Layer_0
  10
3831.2925
  20
11716.399
  0
VERTEX
  5
6ee
  8
Layer_0
  10
3831.3074
  20
11712.86
  0
VERTEX
  5
6ef
  8
Layer_0
  10
3831.334
  20
11705.782
  0
VERTEX
  5
6f0
  8
Layer_0
  10
3831.3547
  20
11698.703
  0
VERTEX
  5
6f1
  8
Layer_0
  10
3831.3691
  20
11691.625
  0
VERTEX
  5
6f2
  8
Layer_0
  10
3831.376
  20
11684.547
  0
VERTEX
  5
6f3
  8
Layer_0
  10
3831.3762
  20
11681.008
  0
VERTEX
  5
6f4
  8
Layer_0
  10
3871.4431
  20
11681.008
  0
VERTEX
  5
6f5
  8
Layer_0
  10
3871.4431
  20
11693.008
  0
VERTEX
  5
6f6
  8
Layer_0
  10
3886.4888
  20
11693.008
  0
VERTEX
  5
6f7
  8
Layer_0
  10
3886.4888
  20
12236.25
  0
VERTEX
  5
6f8
  8
Layer_0
  10
3871.4431
  20
12236.25
  0
VERTEX
  5
6f9
  8
Layer_0
  10
3871.4431
  20
12248.25
  0
VERTEX
  5
6fa
  8
Layer_0
  10
3886.4888
  20
12248.25
  0
VERTEX
  5
6fb
  8
Layer_0
  10
3886.4888
  20
12449.25
  0
VERTEX
  5
6fc
  8
Layer_0
  10
3871.4431
  20
12449.25
  0
VERTEX
  5
6fd
  8
Layer_0
  10
3871.4431
  20
12461.25
  0
VERTEX
  5
6fe
  8
Layer_0
  10
3831.3752
  20
12461.25
  0
VERTEX
  5
6ff
  8
Layer_0
  10
3831.3611
  20
12457.082
  0
VERTEX
  5
700
  8
Layer_0
  10
3831.2737
  20
12452.916
  0
VERTEX
  5
701
  8
Layer_0
  10
3831.1128
  20
12448.751
  0
VERTEX
  5
702
  8
Layer_0
  10
3830.8789
  20
12444.591
  0
VERTEX
  5
703
  8
Layer_0
  10
3830.4839
  20
12439.187
  0
VERTEX
  5
704
  8
Layer_0
  10
3830.0269
  20
12433.787
  0
VERTEX
  5
705
  8
Layer_0
  10
3829.5078
  20
12428.394
  0
VERTEX
  5
706
  8
Layer_0
  10
3828.9272
  20
12423.006
  0
VERTEX
  5
707
  8
Layer_0
  10
3828.7468
  20
12421.349
  0
VERTEX
  5
708
  8
Layer_0
  10
3828.29
  20
12417.205
  0
VERTEX
  5
709
  8
Layer_0
  10
3827.8396
  20
12413.062
  0
VERTEX
  5
70a
  8
Layer_0
  10
3827.3076
  20
12408.087
  0
VERTEX
  5
70b
  8
Layer_0
  10
3827.1245
  20
12406.43
  0
VERTEX
  5
70c
  8
Layer_0
  10
3826.5015
  20
12401.047
  0
VERTEX
  5
70d
  8
Layer_0
  10
3825.8152
  20
12395.671
  0
VERTEX
  5
70e
  8
Layer_0
  10
3825.0654
  20
12390.305
  0
VERTEX
  5
70f
  8
Layer_0
  10
3824.2524
  20
12384.948
  0
VERTEX
  5
710
  8
Layer_0
  10
3823.3765
  20
12379.602
  0
VERTEX
  5
711
  8
Layer_0
  10
3822.4373
  20
12374.266
  0
VERTEX
  5
712
  8
Layer_0
  10
3821.4353
  20
12368.939
  0
VERTEX
  5
713
  8
Layer_0
  10
3820.3704
  20
12363.627
  0
VERTEX
  5
714
  8
Layer_0
  10
3818.6829
  20
12355.889
  0
VERTEX
  5
715
  8
Layer_0
  10
3816.8267
  20
12348.191
  0
VERTEX
  5
716
  8
Layer_0
  10
3814.8032
  20
12340.538
  0
VERTEX
  5
717
  8
Layer_0
  10
3812.6128
  20
12332.933
  0
VERTEX
  5
718
  8
Layer_0
  10
3810.2566
  20
12325.377
  0
VERTEX
  5
719
  8
Layer_0
  10
3807.7354
  20
12317.873
  0
VERTEX
  5
71a
  8
Layer_0
  10
3805.0496
  20
12310.425
  0
VERTEX
  5
71b
  8
Layer_0
  10
3802.2004
  20
12303.034
  0
VERTEX
  5
71c
  8
Layer_0
  10
3798.8628
  20
12294.942
  0
VERTEX
  5
71d
  8
Layer_0
  10
3795.3677
  20
12286.917
  0
VERTEX
  5
71e
  8
Layer_0
  10
3791.7153
  20
12278.962
  0
VERTEX
  5
71f
  8
Layer_0
  10
3787.9067
  20
12271.08
  0
VERTEX
  5
720
  8
Layer_0
  10
3784.3628
  20
12263.997
  0
VERTEX
  5
721
  8
Layer_0
  10
3780.7632
  20
12256.942
  0
VERTEX
  5
722
  8
Layer_0
  10
3777.1084
  20
12249.915
  0
VERTEX
  5
723
  8
Layer_0
  10
3765.5925
  20
12228.182
  0
VERTEX
  5
724
  8
Layer_0
  10
3758.6763
  20
12214.863
  0
VERTEX
  5
725
  8
Layer_0
  10
3755.105
  20
12207.793
  0
VERTEX
  5
726
  8
Layer_0
  10
3751.6418
  20
12200.671
  0
VERTEX
  5
727
  8
Layer_0
  10
3748.2871
  20
12193.497
  0
VERTEX
  5
728
  8
Layer_0
  10
3745.0417
  20
12186.272
  0
VERTEX
  5
729
  8
Layer_0
  10
3742.2681
  20
12179.753
  0
VERTEX
  5
72a
  8
Layer_0
  10
3739.6543
  20
12173.168
  0
VERTEX
  5
72b
  8
Layer_0
  10
3737.2021
  20
12166.521
  0
VERTEX
  5
72c
  8
Layer_0
  10
3734.9121
  20
12159.816
  0
VERTEX
  5
72d
  8
Layer_0
  10
3733.1804
  20
12154.246
  0
VERTEX
  5
72e
  8
Layer_0
  10
3731.6299
  20
12148.625
  0
VERTEX
  5
72f
  8
Layer_0
  10
3730.2615
  20
12142.955
  0
VERTEX
  5
730
  8
Layer_0
  10
3729.0769
  20
12137.243
  0
VERTEX
  5
731
  8
Layer_0
  10
3728.3103
  20
12132.719
  0
VERTEX
  5
732
  8
Layer_0
  10
3727.7256
  20
12128.17
  0
VERTEX
  5
733
  8
Layer_0
  10
3727.323
  20
12123.602
  0
VERTEX
  5
734
  8
Layer_0
  10
3727.103
  20
12119.018
  0
VERTEX
  5
735
  8
Layer_0
  10
3727.0894
  20
12113.188
  0
VERTEX
  5
736
  8
Layer_0
  10
3727.1699
  20
12107.358
  0
VERTEX
  5
737
  8
Layer_0
  10
3727.3044
  20
12103.193
  0
VERTEX
  5
738
  8
Layer_0
  10
3727.5581
  20
12099.034
  0
VERTEX
  5
739
  8
Layer_0
  10
3727.9309
  20
12094.884
  0
VERTEX
  5
73a
  8
Layer_0
  10
3728.4224
  20
12090.746
  0
VERTEX
  5
73b
  8
Layer_0
  10
3729.1973
  20
12085.808
  0
VERTEX
  5
73c
  8
Layer_0
  10
3730.1274
  20
12080.898
  0
VERTEX
  5
73d
  8
Layer_0
  10
3731.2117
  20
12076.02
  0
VERTEX
  5
73e
  8
Layer_0
  10
3732.449
  20
12071.178
  0
VERTEX
  5
73f
  8
Layer_0
  10
3734.0435
  20
12065.566
  0
VERTEX
  5
740
  8
Layer_0
  10
3735.7549
  20
12059.992
  0
VERTEX
  5
741
  8
Layer_0
  10
3737.5828
  20
12054.453
  0
VERTEX
  5
742
  8
Layer_0
  10
3739.5264
  20
12048.953
  0
VERTEX
  5
743
  8
Layer_0
  10
3742.1494
  20
12041.924
  0
VERTEX
  5
744
  8
Layer_0
  10
3744.8638
  20
12034.93
  0
VERTEX
  5
745
  8
Layer_0
  10
3747.6685
  20
12027.972
  0
VERTEX
  5
746
  8
Layer_0
  10
3750.5637
  20
12021.05
  0
VERTEX
  5
747
  8
Layer_0
  10
3754.3455
  20
12012.24
  0
VERTEX
  5
748
  8
Layer_0
  10
3758.1733
  20
12003.447
  0
VERTEX
  5
749
  8
Layer_0
  10
3762.0464
  20
11994.675
  0
VERTEX
  5
74a
  8
Layer_0
  10
3765.9624
  20
11985.926
  0
VERTEX
  5
74b
  8
Layer_0
  10
3768.6846
  20
11979.836
  0
VERTEX
  5
74c
  8
Layer_0
  10
3776.1438
  20
11963.078
  0
VERTEX
  5
74d
  8
Layer_0
  10
3783.4814
  20
11946.268
  0
VERTEX
  5
74e
  8
Layer_0
  10
3787.8916
  20
11935.913
  0
VERTEX
  5
74f
  8
Layer_0
  10
3792.1787
  20
11925.506
  0
VERTEX
  5
750
  8
Layer_0
  10
3796.3425
  20
11915.049
  0
VERTEX
  5
751
  8
Layer_0
  10
3800.3816
  20
11904.543
  0
VERTEX
  5
752
  8
Layer_0
  10
3802.4155
  20
11899.072
  0
VERTEX
  5
753
  8
Layer_0
  10
3804.3945
  20
11893.582
  0
VERTEX
  5
754
  8
Layer_0
  10
3806.3181
  20
11888.072
  0
VERTEX
  5
755
  8
Layer_0
  10
3808.1863
  20
11882.545
  0
VERTEX
  5
756
  8
Layer_0
  10
3809.9988
  20
11876.998
  0
VERTEX
  5
757
  8
Layer_0
  10
3811.7556
  20
11871.434
  0
VERTEX
  5
758
  8
Layer_0
  10
3813.4565
  20
11865.852
  0
VERTEX
  5
759
  8
Layer_0
  10
3815.1013
  20
11860.252
  0
VERTEX
  5
75a
  8
Layer_0
  10
3816.8442
  20
11854.033
  0
VERTEX
  5
75b
  8
Layer_0
  10
3818.4946
  20
11847.789
  0
VERTEX
  5
75c
  8
Layer_0
  10
3820.0513
  20
11841.522
  0
VERTEX
  5
75d
  8
Layer_0
  10
3821.5146
  20
11835.234
  0
VERTEX
  5
75e
  8
Layer_0
  10
3822.8843
  20
11828.925
  0
VERTEX
  5
75f
  8
Layer_0
  10
3824.1599
  20
11822.597
  0
VERTEX
  5
760
  8
Layer_0
  10
3825.3416
  20
11816.248
  0
VERTEX
  5
761
  8
Layer_0
  10
3826.4287
  20
11809.882
  0
VERTEX
  5
762
  8
Layer_0
  10
3827.5303
  20
11802.67
  0
VERTEX
  5
763
  8
Layer_0
  10
3828.4849
  20
11795.439
  0
VERTEX
  5
764
  8
Layer_0
  10
3829.2925
  20
11788.193
  0
VERTEX
  5
765
  8
Layer_0
  10
3829.9521
  20
11780.932
  0
VERTEX
  5
766
  8
Layer_0
  10
3830.4644
  20
11773.658
  0
VERTEX
  5
767
  8
Layer_0
  10
3830.8286
  20
11766.375
  0
VERTEX
  5
768
  8
Layer_0
  10
3831.0449
  20
11759.085
  0
VERTEX
  5
769
  8
Layer_0
  10
3831.1133
  20
11751.79
  0
SEQEND
  0
POLYLINE
  5
76b
  8
Layer_0
  62
7
  70
1
  66
1
  10
0
  20
0
  30
0
  0
VERTEX
  5
76b
  8
Layer_0
  10
3277.9761
  20
14041.734
  0
VERTEX
  5
76c
  8
Layer_0
  10
3277.9592
  20
14037.479
  0
VERTEX
  5
76d
  8
Layer_0
  10
3277.8611
  20
14033.225
  0
VERTEX
  5
76e
  8
Layer_0
  10
3277.6816
  20
14028.973
  0
VERTEX
  5
76f
  8
Layer_0
  10
3277.4211
  20
14024.725
  0
VERTEX
  5
770
  8
Layer_0
  10
3277.002
  20
14019.42
  0
VERTEX
  5
771
  8
Layer_0
  10
3276.521
  20
14014.121
  0
VERTEX
  5
772
  8
Layer_0
  10
3275.979
  20
14008.829
  0
VERTEX
  5
773
  8
Layer_0
  10
3275.2134
  20
14002.133
  0
VERTEX
  5
774
  8
Layer_0
  10
3274.8042
  20
13998.608
  0
VERTEX
  5
775
  8
Layer_0
  10
3274.3987
  20
13995.085
  0
VERTEX
  5
776
  8
Layer_0
  10
3274.24
  20
13993.675
  0
VERTEX
  5
777
  8
Layer_0
  10
3273.6321
  20
13988.21
  0
VERTEX
  5
778
  8
Layer_0
  10
3272.9639
  20
13982.752
  0
VERTEX
  5
779
  8
Layer_0
  10
3272.2361
  20
13977.303
  0
VERTEX
  5
77a
  8
Layer_0
  10
3271.4482
  20
13971.861
  0
VERTEX
  5
77b
  8
Layer_0
  10
3270.6006
  20
13966.43
  0
VERTEX
  5
77c
  8
Layer_0
  10
3269.6934
  20
13961.006
  0
VERTEX
  5
77d
  8
Layer_0
  10
3268.7266
  20
13955.594
  0
VERTEX
  5
77e
  8
Layer_0
  10
3267.7002
  20
13950.19
  0
VERTEX
  5
77f
  8
Layer_0
  10
3266.4551
  20
13944.109
  0
VERTEX
  5
780
  8
Layer_0
  10
3265.1082
  20
13938.053
  0
VERTEX
  5
781
  8
Layer_0
  10
3263.6602
  20
13932.021
  0
VERTEX
  5
782
  8
Layer_0
  10
3262.1111
  20
13926.013
  0
VERTEX
  5
783
  8
Layer_0
  10
3260.4614
  20
13920.032
  0
VERTEX
  5
784
  8
Layer_0
  10
3258.7112
  20
13914.08
  0
VERTEX
  5
785
  8
Layer_0
  10
3256.8613
  20
13908.156
  0
VERTEX
  5
786
  8
Layer_0
  10
3254.9116
  20
13902.264
  0
VERTEX
  5
787
  8
Layer_0
  10
3253.1426
  20
13897.244
  0
VERTEX
  5
788
  8
Layer_0
  10
3251.3047
  20
13892.252
  0
VERTEX
  5
789
  8
Layer_0
  10
3249.3975
  20
13887.284
  0
VERTEX
  5
78a
  8
Layer_0
  10
3247.4216
  20
13882.345
  0
VERTEX
  5
78b
  8
Layer_0
  10
3245.3774
  20
13877.433
  0
VERTEX
  5
78c
  8
Layer_0
  10
3243.2654
  20
13872.55
  0
VERTEX
  5
78d
  8
Layer_0
  10
3241.0854
  20
13867.696
  0
VERTEX
  5
78e
  8
Layer_0
  10
3238.8379
  20
13862.872
  0
VERTEX
  5
78f
  8
Layer_0
  10
3235.2983
  20
13855.521
  0
VERTEX
  5
790
  8
Layer_0
  10
3231.6743
  20
13848.211
  0
VERTEX
  5
791
  8
Layer_0
  10
3227.9673
  20
13840.943
  0
VERTEX
  5
792
  8
Layer_0
  10
3224.1768
  20
13833.717
  0
VERTEX
  5
793
  8
Layer_0
  10
3223.5151
  20
13832.461
  0
VERTEX
  5
794
  8
Layer_0
  10
3216.5269
  20
13819.301
  0
VERTEX
  5
795
  8
Layer_0
  10
3209.5771
  20
13806.121
  0
VERTEX
  5
796
  8
Layer_0
  10
3205.9856
  20
13799.192
  0
VERTEX
  5
797
  8
Layer_0
  10
3202.481
  20
13792.219
  0
VERTEX
  5
798
  8
Layer_0
  10
3199.0637
  20
13785.202
  0
VERTEX
  5
799
  8
Layer_0
  10
3195.7344
  20
13778.145
  0
VERTEX
  5
79a
  8
Layer_0
  10
3192.6763
  20
13771.352
  0
VERTEX
  5
79b
  8
Layer_0
  10
3189.7739
  20
13764.492
  0
VERTEX
  5
79c
  8
Layer_0
  10
3187.0293
  20
13757.569
  0
VERTEX
  5
79d
  8
Layer_0
  10
3184.4424
  20
13750.584
  0
VERTEX
  5
79e
  8
Layer_0
  10
3182.498
  20
13744.878
  0
VERTEX
  5
79f
  8
Layer_0
  10
3180.7227
  20
13739.119
  0
VERTEX
  5
7a0
  8
Layer_0
  10
3179.1167
  20
13733.311
  0
VERTEX
  5
7a1
  8
Layer_0
  10
3177.6814
  20
13727.455
  0
VERTEX
  5
7a2
  8
Layer_0
  10
3176.7283
  20
13722.943
  0
VERTEX
  5
7a3
  8
Layer_0
  10
3175.936
  20
13718.402
  0
VERTEX
  5
7a4
  8
Layer_0
  10
3175.3052
  20
13713.836
  0
VERTEX
  5
7a5
  8
Layer_0
  10
3174.8362
  20
13709.249
  0
VERTEX
  5
7a6
  8
Layer_0
  10
3174.6785
  20
13706.771
  0
VERTEX
  5
7a7
  8
Layer_0
  10
3174.5771
  20
13704.289
  0
VERTEX
  5
7a8
  8
Layer_0
  10
3174.5317
  20
13701.807
  0
VERTEX
  5
7a9
  8
Layer_0
  10
3174.543
  20
13699.324
  0
VERTEX
  5
7aa
  8
Layer_0
  10
3174.5454
  20
13697.905
  0
VERTEX
  5
7ab
  8
Layer_0
  10
3174.5635
  20
13694.088
  0
VERTEX
  5
7ac
  8
Layer_0
  10
3174.6309
  20
13690.273
  0
VERTEX
  5
7ad
  8
Layer_0
  10
3174.7883
  20
13685.983
  0
VERTEX
  5
7ae
  8
Layer_0
  10
3175.0767
  20
13681.701
  0
VERTEX
  5
7af
  8
Layer_0
  10
3175.4958
  20
13677.43
  0
VERTEX
  5
7b0
  8
Layer_0
  10
3176.0454
  20
13673.174
  0
VERTEX
  5
7b1
  8
Layer_0
  10
3176.8271
  20
13668.472
  0
VERTEX
  5
7b2
  8
Layer_0
  10
3177.7456
  20
13663.796
  0
VERTEX
  5
7b3
  8
Layer_0
  10
3178.8
  20
13659.148
  0
VERTEX
  5
7b4
  8
Layer_0
  10
3179.9897
  20
13654.533
  0
VERTEX
  5
7b5
  8
Layer_0
  10
3181.5581
  20
13649.03
  0
VERTEX
  5
7b6
  8
Layer_0
  10
3183.2366
  20
13643.561
  0
VERTEX
  5
7b7
  8
Layer_0
  10
3185.0249
  20
13638.127
  0
VERTEX
  5
7b8
  8
Layer_0
  10
3186.9224
  20
13632.729
  0
VERTEX
  5
7b9
  8
Layer_0
  10
3189.5779
  20
13625.574
  0
VERTEX
  5
7ba
  8
Layer_0
  10
3192.325
  20
13618.453
  0
VERTEX
  5
7bb
  8
Layer_0
  10
3195.1636
  20
13611.369
  0
VERTEX
  5
7bc
  8
Layer_0
  10
3198.0933
  20
13604.322
  0
VERTEX
  5
7bd
  8
Layer_0
  10
3201.8357
  20
13595.543
  0
VERTEX
  5
7be
  8
Layer_0
  10
3205.6177
  20
13586.785
  0
VERTEX
  5
7bf
  8
Layer_0
  10
3209.4407
  20
13578.045
  0
VERTEX
  5
7c0
  8
Layer_0
  10
3213.3062
  20
13569.319
  0
VERTEX
  5
7c1
  8
Layer_0
  10
3219.6777
  20
13554.923
  0
VERTEX
  5
7c2
  8
Layer_0
  10
3223.6953
  20
13545.745
  0
VERTEX
  5
7c3
  8
Layer_0
  10
3227.6748
  20
13536.551
  0
VERTEX
  5
7c4
  8
Layer_0
  10
3231.6162
  20
13527.34
  0
VERTEX
  5
7c5
  8
Layer_0
  10
3236.0369
  20
13516.778
  0
VERTEX
  5
7c6
  8
Layer_0
  10
3240.3269
  20
13506.163
  0
VERTEX
  5
7c7
  8
Layer_0
  10
3244.4858
  20
13495.496
  0
VERTEX
  5
7c8
  8
Layer_0
  10
3248.5127
  20
13484.777
  0
VERTEX
  5
7c9
  8
Layer_0
  10
3250.5461
  20
13479.171
  0
VERTEX
  5
7ca
  8
Layer_0
  10
3252.5215
  20
13473.545
  0
VERTEX
  5
7cb
  8
Layer_0
  10
3254.4387
  20
13467.898
  0
VERTEX
  5
7cc
  8
Layer_0
  10
3256.2974
  20
13462.234
  0
VERTEX
  5
7cd
  8
Layer_0
  10
3258.0974
  20
13456.55
  0
VERTEX
  5
7ce
  8
Layer_0
  10
3259.8389
  20
13450.848
  0
VERTEX
  5
7cf
  8
Layer_0
  10
3261.5215
  20
13445.126
  0
VERTEX
  5
7d0
  8
Layer_0
  10
3263.145
  20
13439.388
  0
VERTEX
  5
7d1
  8
Layer_0
  10
3264.8184
  20
13433.172
  0
VERTEX
  5
7d2
  8
Layer_0
  10
3266.3989
  20
13426.933
  0
VERTEX
  5
7d3
  8
Layer_0
  10
3267.886
  20
13420.671
  0
VERTEX
  5
7d4
  8
Layer_0
  10
3269.2795
  20
13414.39
  0
VERTEX
  5
7d5
  8
Layer_0
  10
3270.5791
  20
13408.088
  0
VERTEX
  5
7d6
  8
Layer_0
  10
3271.7852
  20
13401.766
  0
VERTEX
  5
7d7
  8
Layer_0
  10
3272.8965
  20
13395.427
  0
VERTEX
  5
7d8
  8
Layer_0
  10
3273.9136
  20
13389.07
  0
VERTEX
  5
7d9
  8
Layer_0
  10
3274.8896
  20
13382.223
  0
VERTEX
  5
7da
  8
Layer_0
  10
3275.7319
  20
13375.357
  0
VERTEX
  5
7db
  8
Layer_0
  10
3276.4404
  20
13368.48
  0
VERTEX
  5
7dc
  8
Layer_0
  10
3277.0151
  20
13361.59
  0
VERTEX
  5
7dd
  8
Layer_0
  10
3277.4561
  20
13354.689
  0
VERTEX
  5
7de
  8
Layer_0
  10
3277.7622
  20
13347.781
  0
VERTEX
  5
7df
  8
Layer_0
  10
3277.9343
  20
13340.869
  0
VERTEX
  5
7e0
  8
Layer_0
  10
3277.9722
  20
13333.951
  0
VERTEX
  5
7e1
  8
Layer_0
  10
3277.9771
  20
13261.492
  0
VERTEX
  5
7e2
  8
Layer_0
  10
3318.0439
  20
13261.492
  0
VERTEX
  5
7e3
  8
Layer_0
  10
3318.0439
  20
13273.492
  0
VERTEX
  5
7e4
  8
Layer_0
  10
3333.0894
  20
13273.492
  0
VERTEX
  5
7e5
  8
Layer_0
  10
3333.0894
  20
13816.734
  0
VERTEX
  5
7e6
  8
Layer_0
  10
3318.0439
  20
13816.734
  0
VERTEX
  5
7e7
  8
Layer_0
  10
3318.0439
  20
13828.734
  0
VERTEX
  5
7e8
  8
Layer_0
  10
3333.0894
  20
13828.734
  0
VERTEX
  5
7e9
  8
Layer_0
  10
3333.0894
  20
14029.734
  0
VERTEX
  5
7ea
  8
Layer_0
  10
3318.0439
  20
14029.734
  0
VERTEX
  5
7eb
  8
Layer_0
  10
3318.0439
  20
14041.734
  0
VERTEX
  5
7ec
  8
Layer_0
  10
3277.9761
  20
14041.734
  0
SEQEND
  0
POLYLINE
  5
7ee
  8
Layer_0
  62
7
  70
1
  66
1
  10
0
  20
0
  30
0
  0
VERTEX
  5
7ee
  8
Layer_0
  10
3456.9324
  20
14041.734
  0
VERTEX
  5
7ef
  8
Layer_0
  10
3456.9114
  20
14037.152
  0
VERTEX
  5
7f0
  8
Layer_0
  10
3456.8008
  20
14032.572
  0
VERTEX
  5
7f1
  8
Layer_0
  10
3456.6008
  20
14027.994
  0
VERTEX
  5
7f2
  8
Layer_0
  10
3456.3115
  20
14023.422
  0
VERTEX
  5
7f3
  8
Layer_0
  10
3455.8789
  20
14018.022
  0
VERTEX
  5
7f4
  8
Layer_0
  10
3455.3896
  20
14012.629
  0
VERTEX
  5
7f5
  8
Layer_0
  10
3454.8442
  20
14007.24
  0
VERTEX
  5
7f6
  8
Layer_0
  10
3454.2427
  20
14001.857
  0
VERTEX
  5
7f7
  8
Layer_0
  10
3453.7771
  20
13997.717
  0
VERTEX
  5
7f8
  8
Layer_0
  10
3453.5
  20
13995.232
  0
VERTEX
  5
7f9
  8
Layer_0
  10
3452.959
  20
13990.262
  0
VERTEX
  5
7fa
  8
Layer_0
  10
3452.7766
  20
13988.605
  0
VERTEX
  5
7fb
  8
Layer_0
  10
3452.1318
  20
13983.018
  0
VERTEX
  5
7fc
  8
Layer_0
  10
3451.4204
  20
13977.438
  0
VERTEX
  5
7fd
  8
Layer_0
  10
3450.6418
  20
13971.869
  0
VERTEX
  5
7fe
  8
Layer_0
  10
3449.7969
  20
13966.309
  0
VERTEX
  5
7ff
  8
Layer_0
  10
3448.885
  20
13960.76
  0
VERTEX
  5
800
  8
Layer_0
  10
3447.9067
  20
13955.221
  0
VERTEX
  5
801
  8
Layer_0
  10
3446.8621
  20
13949.695
  0
VERTEX
  5
802
  8
Layer_0
  10
3445.751
  20
13944.181
  0
VERTEX
  5
803
  8
Layer_0
  10
3444.0066
  20
13936.245
  0
VERTEX
  5
804
  8
Layer_0
  10
3442.0852
  20
13928.354
  0
VERTEX
  5
805
  8
Layer_0
  10
3439.9878
  20
13920.508
  0
VERTEX
  5
806
  8
Layer_0
  10
3437.7148
  20
13912.714
  0
VERTEX
  5
807
  8
Layer_0
  10
3435.2676
  20
13904.973
  0
VERTEX
  5
808
  8
Layer_0
  10
3432.647
  20
13897.286
  0
VERTEX
  5
809
  8
Layer_0
  10
3429.8538
  20
13889.659
  0
VERTEX
  5
80a
  8
Layer_0
  10
3426.8887
  20
13882.094
  0
VERTEX
  5
80b
  8
Layer_0
  10
3423.5076
  20
13874.023
  0
VERTEX
  5
80c
  8
Layer_0
  10
3419.9734
  20
13866.021
  0
VERTEX
  5
80d
  8
Layer_0
  10
3416.2874
  20
13858.086
  0
VERTEX
  5
80e
  8
Layer_0
  10
3412.4502
  20
13850.223
  0
VERTEX
  5
80f
  8
Layer_0
  10
3408.8853
  20
13843.152
  0
VERTEX
  5
810
  8
Layer_0
  10
3405.2717
  20
13836.11
  0
VERTEX
  5
811
  8
Layer_0
  10
3401.6094
  20
13829.093
  0
VERTEX
  5
812
  8
Layer_0
  10
3397.8975
  20
13822.099
  0
VERTEX
  5
813
  8
Layer_0
  10
3392.2371
  20
13811.422
  0
VERTEX
  5
814
  8
Layer_0
  10
3388.9524
  20
13805.146
  0
VERTEX
  5
815
  8
Layer_0
  10
3385.7012
  20
13798.854
  0
VERTEX
  5
816
  8
Layer_0
  10
3382.4834
  20
13792.543
  0
VERTEX
  5
817
  8
Layer_0
  10
3378.9617
  20
13785.453
  0
VERTEX
  5
818
  8
Layer_0
  10
3375.5591
  20
13778.307
  0
VERTEX
  5
819
  8
Layer_0
  10
3372.2766
  20
13771.104
  0
VERTEX
  5
81a
  8
Layer_0
  10
3369.1152
  20
13763.846
  0
VERTEX
  5
81b
  8
Layer_0
  10
3366.4272
  20
13757.294
  0
VERTEX
  5
81c
  8
Layer_0
  10
3363.9121
  20
13750.676
  0
VERTEX
  5
81d
  8
Layer_0
  10
3361.5703
  20
13743.994
  0
VERTEX
  5
81e
  8
Layer_0
  10
3359.4038
  20
13737.252
  0
VERTEX
  5
81f
  8
Layer_0
  10
3357.8992
  20
13732.051
  0
VERTEX
  5
820
  8
Layer_0
  10
3356.5613
  20
13726.806
  0
VERTEX
  5
821
  8
Layer_0
  10
3355.3911
  20
13721.521
  0
VERTEX
  5
822
  8
Layer_0
  10
3354.3894
  20
13716.2
  0
VERTEX
  5
823
  8
Layer_0
  10
3353.7659
  20
13712.081
  0
VERTEX
  5
824
  8
Layer_0
  10
3353.2993
  20
13707.943
  0
VERTEX
  5
825
  8
Layer_0
  10
3352.9902
  20
13703.789
  0
VERTEX
  5
826
  8
Layer_0
  10
3352.8389
  20
13699.627
  0
VERTEX
  5
827
  8
Layer_0
  10
3352.8413
  20
13694.625
  0
VERTEX
  5
828
  8
Layer_0
  10
3352.8955
  20
13689.623
  0
VERTEX
  5
829
  8
Layer_0
  10
3353.0225
  20
13685.043
  0
VERTEX
  5
82a
  8
Layer_0
  10
3353.292
  20
13680.471
  0
VERTEX
  5
82b
  8
Layer_0
  10
3353.7039
  20
13675.908
  0
VERTEX
  5
82c
  8
Layer_0
  10
3354.2581
  20
13671.359
  0
VERTEX
  5
82d
  8
Layer_0
  10
3355.0574
  20
13666.428
  0
VERTEX
  5
82e
  8
Layer_0
  10
3356.0093
  20
13661.525
  0
VERTEX
  5
82f
  8
Layer_0
  10
3357.1128
  20
13656.654
  0
VERTEX
  5
830
  8
Layer_0
  10
3358.3672
  20
13651.818
  0
VERTEX
  5
831
  8
Layer_0
  10
3359.9785
  20
13646.215
  0
VERTEX
  5
832
  8
Layer_0
  10
3361.7046
  20
13640.646
  0
VERTEX
  5
833
  8
Layer_0
  10
3363.5447
  20
13635.115
  0
VERTEX
  5
834
  8
Layer_0
  10
3365.4985
  20
13629.623
  0
VERTEX
  5
835
  8
Layer_0
  10
3368.1326
  20
13622.602
  0
VERTEX
  5
836
  8
Layer_0
  10
3370.8555
  20
13615.614
  0
VERTEX
  5
837
  8
Layer_0
  10
3373.6672
  20
13608.662
  0
VERTEX
  5
838
  8
Layer_0
  10
3376.5674
  20
13601.746
  0
VERTEX
  5
839
  8
Layer_0
  10
3380.355
  20
13592.941
  0
VERTEX
  5
83a
  8
Layer_0
  10
3384.1841
  20
13584.157
  0
VERTEX
  5
83b
  8
Layer_0
  10
3388.0559
  20
13575.392
  0
VERTEX
  5
83c
  8
Layer_0
  10
3391.9714
  20
13566.645
  0
VERTEX
  5
83d
  8
Layer_0
  10
3394.0117
  20
13562.08
  0
VERTEX
  5
83e
  8
Layer_0
  10
3401.8054
  20
13544.568
  0
VERTEX
  5
83f
  8
Layer_0
  10
3409.4653
  20
13526.998
  0
VERTEX
  5
840
  8
Layer_0
  10
3413.8645
  20
13516.644
  0
VERTEX
  5
841
  8
Layer_0
  10
3418.1396
  20
13506.238
  0
VERTEX
  5
842
  8
Layer_0
  10
3422.2898
  20
13495.781
  0
VERTEX
  5
843
  8
Layer_0
  10
3426.3147
  20
13485.276
  0
VERTEX
  5
844
  8
Layer_0
  10
3428.3408
  20
13479.807
  0
VERTEX
  5
845
  8
Layer_0
  10
3430.3118
  20
13474.316
  0
VERTEX
  5
846
  8
Layer_0
  10
3432.2271
  20
13468.807
  0
VERTEX
  5
847
  8
Layer_0
  10
3434.0869
  20
13463.279
  0
VERTEX
  5
848
  8
Layer_0
  10
3435.8906
  20
13457.732
  0
VERTEX
  5
849
  8
Layer_0
  10
3437.6387
  20
13452.168
  0
VERTEX
  5
84a
  8
Layer_0
  10
3439.3306
  20
13446.586
  0
VERTEX
  5
84b
  8
Layer_0
  10
3440.9661
  20
13440.986
  0
VERTEX
  5
84c
  8
Layer_0
  10
3442.6987
  20
13434.768
  0
VERTEX
  5
84d
  8
Layer_0
  10
3444.3384
  20
13428.525
  0
VERTEX
  5
84e
  8
Layer_0
  10
3445.8845
  20
13422.259
  0
VERTEX
  5
84f
  8
Layer_0
  10
3447.3369
  20
13415.972
  0
VERTEX
  5
850
  8
Layer_0
  10
3448.6953
  20
13409.663
  0
VERTEX
  5
851
  8
Layer_0
  10
3449.96
  20
13403.335
  0
VERTEX
  5
852
  8
Layer_0
  10
3451.1299
  20
13396.988
  0
VERTEX
  5
853
  8
Layer_0
  10
3452.2053
  20
13390.623
  0
VERTEX
  5
854
  8
Layer_0
  10
3453.2935
  20
13383.412
  0
VERTEX
  5
855
  8
Layer_0
  10
3454.2344
  20
13376.184
  0
VERTEX
  5
856
  8
Layer_0
  10
3455.0273
  20
13368.939
  0
VERTEX
  5
857
  8
Layer_0
  10
3455.6724
  20
13361.68
  0
VERTEX
  5
858
  8
Layer_0
  10
3456.1694
  20
13354.408
  0
VERTEX
  5
859
  8
Layer_0
  10
3456.5181
  20
13347.129
  0
VERTEX
  5
85a
  8
Layer_0
  10
3456.7183
  20
13339.842
  0
VERTEX
  5
85b
  8
Layer_0
  10
3456.77
  20
13332.55
  0
VERTEX
  5
85c
  8
Layer_0
  10
3456.8608
  20
13304.124
  0
VERTEX
  5
85d
  8
Layer_0
  10
3456.8992
  20
13289.912
  0
VERTEX
  5
85e
  8
Layer_0
  10
3456.925
  20
13275.701
  0
VERTEX
  5
85f
  8
Layer_0
  10
3456.9333
  20
13261.492
  0
VERTEX
  5
860
  8
Layer_0
  10
3497.0002
  20
13261.492
  0
VERTEX
  5
861
  8
Layer_0
  10
3497.0002
  20
13273.492
  0
VERTEX
  5
862
  8
Layer_0
  10
3512.0459
  20
13273.492
  0
VERTEX
  5
863
  8
Layer_0
  10
3512.0459
  20
13816.734
  0
VERTEX
  5
864
  8
Layer_0
  10
3497.0002
  20
13816.734
  0
VERTEX
  5
865
  8
Layer_0
  10
3497.0002
  20
13828.734
  0
VERTEX
  5
866
  8
Layer_0
  10
3512.0459
  20
13828.734
  0
VERTEX
  5
867
  8
Layer_0
  10
3512.0459
  20
14029.734
  0
VERTEX
  5
868
  8
Layer_0
  10
3497.0002
  20
14029.734
  0
VERTEX
  5
869
  8
Layer_0
  10
3497.0002
  20
14041.734
  0
VERTEX
  5
86a
  8
Layer_0
  10
3456.9324
  20
14041.734
  0
SEQEND
  0
POLYLINE
  5
86c
  8
Layer_0
  62
7
  70
1
  66
1
  10
0
  20
0
  30
0
  0
VERTEX
  5
86c
  8
Layer_0
  10
3638.8682
  20
14041.734
  0
VERTEX
  5
86d
  8
Layer_0
  10
3638.843
  20
14036.719
  0
VERTEX
  5
86e
  8
Layer_0
  10
3638.7275
  20
14031.705
  0
VERTEX
  5
86f
  8
Layer_0
  10
3638.5215
  20
14026.694
  0
VERTEX
  5
870
  8
Layer_0
  10
3638.2251
  20
14021.688
  0
VERTEX
  5
871
  8
Layer_0
  10
3637.7891
  20
14015.852
  0
VERTEX
  5
872
  8
Layer_0
  10
3637.3032
  20
14010.02
  0
VERTEX
  5
873
  8
Layer_0
  10
3636.7676
  20
14004.191
  0
VERTEX
  5
874
  8
Layer_0
  10
3636.1821
  20
13998.368
  0
VERTEX
  5
875
  8
Layer_0
  10
3635.8496
  20
13995.043
  0
VERTEX
  5
876
  8
Layer_0
  10
3635.6858
  20
13993.379
  0
VERTEX
  5
877
  8
Layer_0
  10
3635.2017
  20
13988.386
  0
VERTEX
  5
878
  8
Layer_0
  10
3634.7273
  20
13983.603
  0
VERTEX
  5
879
  8
Layer_0
  10
3634.2021
  20
13978.824
  0
VERTEX
  5
87a
  8
Layer_0
  10
3633.627
  20
13974.051
  0
VERTEX
  5
87b
  8
Layer_0
  10
3633.001
  20
13969.285
  0
VERTEX
  5
87c
  8
Layer_0
  10
3632.3247
  20
13964.526
  0
VERTEX
  5
87d
  8
Layer_0
  10
3631.5981
  20
13959.774
  0
VERTEX
  5
87e
  8
Layer_0
  10
3630.8213
  20
13955.03
  0
VERTEX
  5
87f
  8
Layer_0
  10
3629.9944
  20
13950.294
  0
VERTEX
  5
880
  8
Layer_0
  10
3629.1531
  20
13945.771
  0
VERTEX
  5
881
  8
Layer_0
  10
3628.2563
  20
13941.262
  0
VERTEX
  5
882
  8
Layer_0
  10
3627.304
  20
13936.765
  0
VERTEX
  5
883
  8
Layer_0
  10
3626.2964
  20
13932.28
  0
VERTEX
  5
884
  8
Layer_0
  10
3625.2339
  20
13927.809
  0
VERTEX
  5
885
  8
Layer_0
  10
3624.116
  20
13923.352
  0
VERTEX
  5
886
  8
Layer_0
  10
3622.9434
  20
13918.908
  0
VERTEX
  5
887
  8
Layer_0
  10
3621.7163
  20
13914.482
  0
VERTEX
  5
888
  8
Layer_0
  10
3620.4346
  20
13910.069
  0
VERTEX
  5
889
  8
Layer_0
  10
3619.0981
  20
13905.674
  0
VERTEX
  5
88a
  8
Layer_0
  10
3617.7075
  20
13901.294
  0
VERTEX
  5
88b
  8
Layer_0
  10
3616.2629
  20
13896.932
  0
VERTEX
  5
88c
  8
Layer_0
  10
3614.7642
  20
13892.586
  0
VERTEX
  5
88d
  8
Layer_0
  10
3613.2117
  20
13888.259
  0
VERTEX
  5
88e
  8
Layer_0
  10
3611.6055
  20
13883.95
  0
VERTEX
  5
88f
  8
Layer_0
  10
3609.9458
  20
13879.661
  0
VERTEX
  5
890
  8
Layer_0
  10
3606.4722
  20
13871.146
  0
VERTEX
  5
891
  8
Layer_0
  10
3602.8333
  20
13862.701
  0
VERTEX
  5
892
  8
Layer_0
  10
3599.0303
  20
13854.329
  0
VERTEX
  5
893
  8
Layer_0
  10
3595.0645
  20
13846.031
  0
VERTEX
  5
894
  8
Layer_0
  10
3591.3545
  20
13838.538
  0
VERTEX
  5
895
  8
Layer_0
  10
3587.5876
  20
13831.074
  0
VERTEX
  5
896
  8
Layer_0
  10
3583.7637
  20
13823.64
  0
VERTEX
  5
897
  8
Layer_0
  10
3579.8823
  20
13816.234
  0
VERTEX
  5
898
  8
Layer_0
  10
3571.7349
  20
13800.682
  0
VERTEX
  5
899
  8
Layer_0
  10
3564.4797
  20
13786.55
  0
VERTEX
  5
89a
  8
Layer_0
  10
3560.9312
  20
13779.445
  0
VERTEX
  5
89b
  8
Layer_0
  10
3557.4861
  20
13772.289
  0
VERTEX
  5
89c
  8
Layer_0
  10
3554.1455
  20
13765.084
  0
VERTEX
  5
89d
  8
Layer_0
  10
3550.9092
  20
13757.83
  0
VERTEX
  5
89e
  8
Layer_0
  10
3548.1384
  20
13751.288
  0
VERTEX
  5
89f
  8
Layer_0
  10
3545.5249
  20
13744.682
  0
VERTEX
  5
8a0
  8
Layer_0
  10
3543.0696
  20
13738.016
  0
VERTEX
  5
8a1
  8
Layer_0
  10
3540.7734
  20
13731.292
  0
VERTEX
  5
8a2
  8
Layer_0
  10
3539.1582
  20
13726.105
  0
VERTEX
  5
8a3
  8
Layer_0
  10
3537.699
  20
13720.875
  0
VERTEX
  5
8a4
  8
Layer_0
  10
3536.3965
  20
13715.604
  0
VERTEX
  5
8a5
  8
Layer_0
  10
3535.2517
  20
13710.294
  0
VERTEX
  5
8a6
  8
Layer_0
  10
3534.7507
  20
13707.624
  0
VERTEX
  5
8a7
  8
Layer_0
  10
3534.3096
  20
13704.946
  0
VERTEX
  5
8a8
  8
Layer_0
  10
3533.9282
  20
13702.26
  0
VERTEX
  5
8a9
  8
Layer_0
  10
3533.6069
  20
13699.564
  0
VERTEX
  5
8aa
  8
Layer_0
  10
3533.3457
  20
13696.863
  0
VERTEX
  5
8ab
  8
Layer_0
  10
3533.145
  20
13694.156
  0
VERTEX
  5
8ac
  8
Layer_0
  10
3533.0044
  20
13691.445
  0
VERTEX
  5
8ad
  8
Layer_0
  10
3532.9243
  20
13688.729
  0
VERTEX
  5
8ae
  8
Layer_0
  10
3532.9341
  20
13686.213
  0
VERTEX
  5
8af
  8
Layer_0
  10
3532.9805
  20
13683.698
  0
VERTEX
  5
8b0
  8
Layer_0
  10
3533.0559
  20
13679.936
  0
VERTEX
  5
8b1
  8
Layer_0
  10
3533.2102
  20
13676.178
  0
VERTEX
  5
8b2
  8
Layer_0
  10
3533.4436
  20
13672.424
  0
VERTEX
  5
8b3
  8
Layer_0
  10
3533.7556
  20
13668.676
  0
VERTEX
  5
8b4
  8
Layer_0
  10
3534.0574
  20
13665.977
  0
VERTEX
  5
8b5
  8
Layer_0
  10
3534.4097
  20
13663.283
  0
VERTEX
  5
8b6
  8
Layer_0
  10
3534.8127
  20
13660.599
  0
VERTEX
  5
8b7
  8
Layer_0
  10
3535.2664
  20
13657.922
  0
VERTEX
  5
8b8
  8
Layer_0
  10
3535.77
  20
13655.255
  0
VERTEX
  5
8b9
  8
Layer_0
  10
3536.3242
  20
13652.598
  0
VERTEX
  5
8ba
  8
Layer_0
  10
3536.9282
  20
13649.951
  0
VERTEX
  5
8bb
  8
Layer_0
  10
3537.5823
  20
13647.314
  0
VERTEX
  5
8bc
  8
Layer_0
  10
3539.1133
  20
13641.67
  0
VERTEX
  5
8bd
  8
Layer_0
  10
3540.7771
  20
13636.063
  0
VERTEX
  5
8be
  8
Layer_0
  10
3542.5728
  20
13630.498
  0
VERTEX
  5
8bf
  8
Layer_0
  10
3544.5
  20
13624.977
  0
VERTEX
  5
8c0
  8
Layer_0
  10
3546.9673
  20
13618.313
  0
VERTEX
  5
8c1
  8
Layer_0
  10
3549.5303
  20
13611.686
  0
VERTEX
  5
8c2
  8
Layer_0
  10
3552.1892
  20
13605.096
  0
VERTEX
  5
8c3
  8
Layer_0
  10
3554.9436
  20
13598.547
  0
VERTEX
  5
8c4
  8
Layer_0
  10
3558.6011
  20
13590.109
  0
VERTEX
  5
8c5
  8
Layer_0
  10
3562.3159
  20
13581.695
  0
VERTEX
  5
8c6
  8
Layer_0
  10
3566.0874
  20
13573.307
  0
VERTEX
  5
8c7
  8
Layer_0
  10
3570.6118
  20
13563.426
  0
VERTEX
  5
8c8
  8
Layer_0
  10
3578.991
  20
13545.193
  0
VERTEX
  5
8c9
  8
Layer_0
  10
3587.2832
  20
13526.92
  0
VERTEX
  5
8ca
  8
Layer_0
  10
3591.7017
  20
13516.99
  0
VERTEX
  5
8cb
  8
Layer_0
  10
3596.0129
  20
13507.013
  0
VERTEX
  5
8cc
  8
Layer_0
  10
3600.2161
  20
13496.989
  0
VERTEX
  5
8cd
  8
Layer_0
  10
3604.311
  20
13486.922
  0
VERTEX
  5
8ce
  8
Layer_0
  10
3606.46
  20
13481.479
  0
VERTEX
  5
8cf
  8
Layer_0
  10
3608.5542
  20
13476.014
  0
VERTEX
  5
8d0
  8
Layer_0
  10
3610.5933
  20
13470.527
  0
VERTEX
  5
8d1
  8
Layer_0
  10
3612.5771
  20
13465.023
  0
VERTEX
  5
8d2
  8
Layer_0
  10
3614.5059
  20
13459.498
  0
VERTEX
  5
8d3
  8
Layer_0
  10
3616.3789
  20
13453.954
  0
VERTEX
  5
8d4
  8
Layer_0
  10
3618.1965
  20
13448.392
  0
VERTEX
  5
8d5
  8
Layer_0
  10
3619.9585
  20
13442.811
  0
VERTEX
  5
8d6
  8
Layer_0
  10
3621.8303
  20
13436.61
  0
VERTEX
  5
8d7
  8
Layer_0
  10
3623.6084
  20
13430.383
  0
VERTEX
  5
8d8
  8
Layer_0
  10
3625.293
  20
13424.131
  0
VERTEX
  5
8d9
  8
Layer_0
  10
3626.8833
  20
13417.855
  0
VERTEX
  5
8da
  8
Layer_0
  10
3628.3794
  20
13411.555
  0
VERTEX
  5
8db
  8
Layer_0
  10
3629.7813
  20
13405.234
  0
VERTEX
  5
8dc
  8
Layer_0
  10
3631.0879
  20
13398.891
  0
VERTEX
  5
8dd
  8
Layer_0
  10
3632.2998
  20
13392.528
  0
VERTEX
  5
8de
  8
Layer_0
  10
3633.6091
  20
13384.906
  0
VERTEX
  5
8df
  8
Layer_0
  10
3634.7544
  20
13377.261
  0
VERTEX
  5
8e0
  8
Layer_0
  10
3635.7354
  20
13369.594
  0
VERTEX
  5
8e1
  8
Layer_0
  10
3636.5513
  20
13361.907
  0
VERTEX
  5
8e2
  8
Layer_0
  10
3637.2026
  20
13354.205
  0
VERTEX
  5
8e3
  8
Layer_0
  10
3637.689
  20
13346.491
  0
VERTEX
  5
8e4
  8
Layer_0
  10
3638.0098
  20
13338.767
  0
VERTEX
  5
8e5
  8
Layer_0
  10
3638.165
  20
13331.034
  0
VERTEX
  5
8e6
  8
Layer_0
  10
3638.2666
  20
13324.074
  0
VERTEX
  5
8e7
  8
Layer_0
  10
3638.5574
  20
13303.205
  0
VERTEX
  5
8e8
  8
Layer_0
  10
3638.7227
  20
13289.296
  0
VERTEX
  5
8e9
  8
Layer_0
  10
3638.834
  20
13275.395
  0
VERTEX
  5
8ea
  8
Layer_0
  10
3638.8691
  20
13261.492
  0
VERTEX
  5
8eb
  8
Layer_0
  10
3678.9363
  20
13261.492
  0
VERTEX
  5
8ec
  8
Layer_0
  10
3678.9363
  20
13273.492
  0
VERTEX
  5
8ed
  8
Layer_0
  10
3693.9819
  20
13273.492
  0
VERTEX
  5
8ee
  8
Layer_0
  10
3693.9819
  20
13816.734
  0
VERTEX
  5
8ef
  8
Layer_0
  10
3678.9363
  20
13816.734
  0
VERTEX
  5
8f0
  8
Layer_0
  10
3678.9363
  20
13828.734
  0
VERTEX
  5
8f1
  8
Layer_0
  10
3693.9819
  20
13828.734
  0
VERTEX
  5
8f2
  8
Layer_0
  10
3693.9819
  20
14029.734
  0
VERTEX
  5
8f3
  8
Layer_0
  10
3678.9363
  20
14029.734
  0
VERTEX
  5
8f4
  8
Layer_0
  10
3678.9363
  20
14041.734
  0
VERTEX
  5
8f5
  8
Layer_0
  10
3638.8682
  20
14041.734
  0
SEQEND
  0
POLYLINE
  5
8f7
  8
Layer_0
  62
7
  70
1
  66
1
  10
0
  20
0
  30
0
  0
VERTEX
  5
8f7
  8
Layer_0
  10
3822.2261
  20
14041.734
  0
VERTEX
  5
8f8
  8
Layer_0
  10
3822.2305
  20
14040.055
  0
VERTEX
  5
8f9
  8
Layer_0
  10
3822.2253
  20
14038.375
  0
VERTEX
  5
8fa
  8
Layer_0
  10
3822.1074
  20
14031.658
  0
VERTEX
  5
8fb
  8
Layer_0
  10
3821.8828
  20
14024.946
  0
VERTEX
  5
8fc
  8
Layer_0
  10
3821.5518
  20
14018.238
  0
VERTEX
  5
8fd
  8
Layer_0
  10
3821.1145
  20
14011.535
  0
VERTEX
  5
8fe
  8
Layer_0
  10
3819.9683
  20
13996.461
  0
VERTEX
  5
8ff
  8
Layer_0
  10
3818.7495
  20
13981.39
  0
VERTEX
  5
900
  8
Layer_0
  10
3818.0498
  20
13973.653
  0
VERTEX
  5
901
  8
Layer_0
  10
3817.1982
  20
13965.934
  0
VERTEX
  5
902
  8
Layer_0
  10
3816.1953
  20
13958.233
  0
VERTEX
  5
903
  8
Layer_0
  10
3815.041
  20
13950.556
  0
VERTEX
  5
904
  8
Layer_0
  10
3813.7358
  20
13942.902
  0
VERTEX
  5
905
  8
Layer_0
  10
3812.2803
  20
13935.275
  0
VERTEX
  5
906
  8
Layer_0
  10
3810.6743
  20
13927.676
  0
VERTEX
  5
907
  8
Layer_0
  10
3808.9185
  20
13920.108
  0
VERTEX
  5
908
  8
Layer_0
  10
3807.1555
  20
13913.191
  0
VERTEX
  5
909
  8
Layer_0
  10
3805.2671
  20
13906.31
  0
VERTEX
  5
90a
  8
Layer_0
  10
3803.2537
  20
13899.464
  0
VERTEX
  5
90b
  8
Layer_0
  10
3801.1157
  20
13892.657
  0
VERTEX
  5
90c
  8
Layer_0
  10
3798.854
  20
13885.891
  0
VERTEX
  5
90d
  8
Layer_0
  10
3796.4688
  20
13879.166
  0
VERTEX
  5
90e
  8
Layer_0
  10
3793.9609
  20
13872.484
  0
VERTEX
  5
90f
  8
Layer_0
  10
3791.3311
  20
13865.848
  0
VERTEX
  5
910
  8
Layer_0
  10
3787.7764
  20
13857.32
  0
VERTEX
  5
911
  8
Layer_0
  10
3784.0806
  20
13848.855
  0
VERTEX
  5
912
  8
Layer_0
  10
3780.2446
  20
13840.452
  0
VERTEX
  5
913
  8
Layer_0
  10
3776.269
  20
13832.113
  0
VERTEX
  5
914
  8
Layer_0
  10
3772.3804
  20
13824.198
  0
VERTEX
  5
915
  8
Layer_0
  10
3768.4434
  20
13816.309
  0
VERTEX
  5
916
  8
Layer_0
  10
3764.457
  20
13808.443
  0
VERTEX
  5
917
  8
Layer_0
  10
3760.4209
  20
13800.602
  0
VERTEX
  5
918
  8
Layer_0
  10
3756.5825
  20
13793.131
  0
VERTEX
  5
919
  8
Layer_0
  10
3755.0498
  20
13790.142
  0
VERTEX
  5
91a
  8
Layer_0
  10
3753.52
  20
13787.15
  0
VERTEX
  5
91b
  8
Layer_0
  10
3751.9951
  20
13784.158
  0
VERTEX
  5
91c
  8
Layer_0
  10
3750.4758
  20
13781.162
  0
VERTEX
  5
91d
  8
Layer_0
  10
3749.7185
  20
13779.662
  0
VERTEX
  5
91e
  8
Layer_0
  10
3745.9531
  20
13772.154
  0
VERTEX
  5
91f
  8
Layer_0
  10
3742.2739
  20
13764.605
  0
VERTEX
  5
920
  8
Layer_0
  10
3738.6816
  20
13757.015
  0
VERTEX
  5
921
  8
Layer_0
  10
3735.1758
  20
13749.383
  0
VERTEX
  5
922
  8
Layer_0
  10
3732.2998
  20
13742.851
  0
VERTEX
  5
923
  8
Layer_0
  10
3729.5552
  20
13736.264
  0
VERTEX
  5
924
  8
Layer_0
  10
3726.9429
  20
13729.622
  0
VERTEX
  5
925
  8
Layer_0
  10
3724.4631
  20
13722.929
  0
VERTEX
  5
926
  8
Layer_0
  10
3722.6875
  20
13717.77
  0
VERTEX
  5
927
  8
Layer_0
  10
3721.0474
  20
13712.568
  0
VERTEX
  5
928
  8
Layer_0
  10
3719.5435
  20
13707.324
  0
VERTEX
  5
929
  8
Layer_0
  10
3718.1765
  20
13702.043
  0
VERTEX
  5
92a
  8
Layer_0
  10
3717.417
  20
13698.77
  0
VERTEX
  5
92b
  8
Layer_0
  10
3716.7393
  20
13695.479
  0
VERTEX
  5
92c
  8
Layer_0
  10
3716.1438
  20
13692.176
  0
VERTEX
  5
92d
  8
Layer_0
  10
3715.6309
  20
13688.857
  0
VERTEX
  5
92e
  8
Layer_0
  10
3715.2004
  20
13685.527
  0
VERTEX
  5
92f
  8
Layer_0
  10
3714.853
  20
13682.188
  0
VERTEX
  5
930
  8
Layer_0
  10
3714.5884
  20
13678.84
  0
VERTEX
  5
931
  8
Layer_0
  10
3714.407
  20
13675.484
  0
VERTEX
  5
932
  8
Layer_0
  10
3714.3174
  20
13672.967
  0
VERTEX
  5
933
  8
Layer_0
  10
3714.333
  20
13670.447
  0
VERTEX
  5
934
  8
Layer_0
  10
3714.4363
  20
13667.091
  0
VERTEX
  5
935
  8
Layer_0
  10
3714.6265
  20
13662.477
  0
VERTEX
  5
936
  8
Layer_0
  10
3714.9565
  20
13657.871
  0
VERTEX
  5
937
  8
Layer_0
  10
3715.4263
  20
13653.277
  0
VERTEX
  5
938
  8
Layer_0
  10
3716.0356
  20
13648.699
  0
VERTEX
  5
939
  8
Layer_0
  10
3716.8965
  20
13643.738
  0
VERTEX
  5
93a
  8
Layer_0
  10
3717.9138
  20
13638.809
  0
VERTEX
  5
93b
  8
Layer_0
  10
3719.0869
  20
13633.912
  0
VERTEX
  5
93c
  8
Layer_0
  10
3720.4148
  20
13629.055
  0
VERTEX
  5
93d
  8
Layer_0
  10
3722.1169
  20
13623.431
  0
VERTEX
  5
93e
  8
Layer_0
  10
3723.9395
  20
13617.846
  0
VERTEX
  5
93f
  8
Layer_0
  10
3725.8816
  20
13612.301
  0
VERTEX
  5
940
  8
Layer_0
  10
3727.9426
  20
13606.797
  0
VERTEX
  5
941
  8
Layer_0
  10
3730.8801
  20
13599.381
  0
VERTEX
  5
942
  8
Layer_0
  10
3733.9248
  20
13592.006
  0
VERTEX
  5
943
  8
Layer_0
  10
3737.0767
  20
13584.678
  0
VERTEX
  5
944
  8
Layer_0
  10
3740.3352
  20
13577.396
  0
VERTEX
  5
945
  8
Layer_0
  10
3744.1899
  20
13568.999
  0
VERTEX
  5
946
  8
Layer_0
  10
3748.0879
  20
13560.625
  0
VERTEX
  5
947
  8
Layer_0
  10
3752.0305
  20
13552.271
  0
VERTEX
  5
948
  8
Layer_0
  10
3756.0186
  20
13543.937
  0
VERTEX
  5
949
  8
Layer_0
  10
3759.6409
  20
13536.359
  0
VERTEX
  5
94a
  8
Layer_0
  10
3761.0884
  20
13533.328
  0
VERTEX
  5
94b
  8
Layer_0
  10
3762.5342
  20
13530.295
  0
VERTEX
  5
94c
  8
Layer_0
  10
3763.9771
  20
13527.262
  0
VERTEX
  5
94d
  8
Layer_0
  10
3765.4165
  20
13524.226
  0
VERTEX
  5
94e
  8
Layer_0
  10
3766.8516
  20
13521.188
  0
VERTEX
  5
94f
  8
Layer_0
  10
3771.1318
  20
13512.065
  0
VERTEX
  5
950
  8
Layer_0
  10
3775.3264
  20
13502.9
  0
VERTEX
  5
951
  8
Layer_0
  10
3779.4346
  20
13493.697
  0
VERTEX
  5
952
  8
Layer_0
  10
3783.4556
  20
13484.457
  0
VERTEX
  5
953
  8
Layer_0
  10
3785.5867
  20
13479.431
  0
VERTEX
  5
954
  8
Layer_0
  10
3787.6699
  20
13474.386
  0
VERTEX
  5
955
  8
Layer_0
  10
3789.7056
  20
13469.321
  0
VERTEX
  5
956
  8
Layer_0
  10
3791.6934
  20
13464.237
  0
VERTEX
  5
957
  8
Layer_0
  10
3793.6331
  20
13459.135
  0
VERTEX
  5
958
  8
Layer_0
  10
3795.5244
  20
13454.016
  0
VERTEX
  5
959
  8
Layer_0
  10
3797.3679
  20
13448.877
  0
VERTEX
  5
95a
  8
Layer_0
  10
3799.1628
  20
13443.721
  0
VERTEX
  5
95b
  8
Layer_0
  10
3801.1602
  20
13437.749
  0
VERTEX
  5
95c
  8
Layer_0
  10
3803.0688
  20
13431.749
  0
VERTEX
  5
95d
  8
Layer_0
  10
3804.8887
  20
13425.723
  0
VERTEX
  5
95e
  8
Layer_0
  10
3806.6191
  20
13419.67
  0
VERTEX
  5
95f
  8
Layer_0
  10
3808.2603
  20
13413.594
  0
VERTEX
  5
960
  8
Layer_0
  10
3809.812
  20
13407.492
  0
VERTEX
  5
961
  8
Layer_0
  10
3811.2739
  20
13401.369
  0
VERTEX
  5
962
  8
Layer_0
  10
3812.6453
  20
13395.223
  0
VERTEX
  5
963
  8
Layer_0
  10
3814.3203
  20
13386.992
  0
VERTEX
  5
964
  8
Layer_0
  10
3815.8059
  20
13378.729
  0
VERTEX
  5
965
  8
Layer_0
  10
3817.1013
  20
13370.438
  0
VERTEX
  5
966
  8
Layer_0
  10
3818.2058
  20
13362.117
  0
VERTEX
  5
967
  8
Layer_0
  10
3819.1191
  20
13353.774
  0
VERTEX
  5
968
  8
Layer_0
  10
3819.8413
  20
13345.412
  0
VERTEX
  5
969
  8
Layer_0
  10
3820.3716
  20
13337.033
  0
VERTEX
  5
96a
  8
Layer_0
  10
3820.7097
  20
13328.641
  0
VERTEX
  5
96b
  8
Layer_0
  10
3820.9282
  20
13321.917
  0
VERTEX
  5
96c
  8
Layer_0
  10
3821.1382
  20
13315.193
  0
VERTEX
  5
96d
  8
Layer_0
  10
3821.5535
  20
13301.764
  0
VERTEX
  5
96e
  8
Layer_0
  10
3821.9102
  20
13288.332
  0
VERTEX
  5
96f
  8
Layer_0
  10
3822.0483
  20
13281.621
  0
VERTEX
  5
970
  8
Layer_0
  10
3822.1511
  20
13274.914
  0
VERTEX
  5
971
  8
Layer_0
  10
3822.2126
  20
13268.205
  0
VERTEX
  5
972
  8
Layer_0
  10
3822.2271
  20
13261.492
  0
VERTEX
  5
973
  8
Layer_0
  10
3862.2939
  20
13261.492
  0
VERTEX
  5
974
  8
Layer_0
  10
3862.2939
  20
13273.492
  0
VERTEX
  5
975
  8
Layer_0
  10
3877.3394
  20
13273.492
  0
VERTEX
  5
976
  8
Layer_0
  10
3877.3394
  20
13816.734
  0
VERTEX
  5
977
  8
Layer_0
  10
3862.2939
  20
13816.734
  0
VERTEX
  5
978
  8
Layer_0
  10
3862.2939
  20
13828.734
  0
VERTEX
  5
979
  8
Layer_0
  10
3877.3394
  20
13828.734
  0
VERTEX
  5
97a
  8
Layer_0
  10
3877.3394
  20
14029.734
  0
VERTEX
  5
97b
  8
Layer_0
  10
3862.2939
  20
14029.734
  0
VERTEX
  5
97c
  8
Layer_0
  10
3862.2939
  20
14041.734
  0
VERTEX
  5
97d
  8
Layer_0
  10
3822.2261
  20
14041.734
  0
SEQEND
  0
POLYLINE
  5
97f
  8
Layer_0
  62
7
  70
1
  66
1
  10
0
  20
0
  30
0
  0
VERTEX
  5
97f
  8
Layer_0
  10
4006.542
  20
14041.734
  0
VERTEX
  5
980
  8
Layer_0
  10
4006.4966
  20
14034.109
  0
VERTEX
  5
981
  8
Layer_0
  10
4006.3511
  20
14026.486
  0
VERTEX
  5
982
  8
Layer_0
  10
4006.106
  20
14018.865
  0
VERTEX
  5
983
  8
Layer_0
  10
4005.7607
  20
14011.249
  0
VERTEX
  5
984
  8
Layer_0
  10
4004.8877
  20
13995.176
  0
VERTEX
  5
985
  8
Layer_0
  10
4003.9463
  20
13979.104
  0
VERTEX
  5
986
  8
Layer_0
  10
4003.6384
  20
13974.135
  0
VERTEX
  5
987
  8
Layer_0
  10
4003.2654
  20
13969.172
  0
VERTEX
  5
988
  8
Layer_0
  10
4002.8276
  20
13964.215
  0
VERTEX
  5
989
  8
Layer_0
  10
4002.3252
  20
13959.265
  0
VERTEX
  5
98a
  8
Layer_0
  10
4001.7583
  20
13954.322
  0
VERTEX
  5
98b
  8
Layer_0
  10
4001.127
  20
13949.389
  0
VERTEX
  5
98c
  8
Layer_0
  10
4000.4312
  20
13944.465
  0
VERTEX
  5
98d
  8
Layer_0
  10
3999.6709
  20
13939.549
  0
VERTEX
  5
98e
  8
Layer_0
  10
3998.8464
  20
13934.645
  0
VERTEX
  5
98f
  8
Layer_0
  10
3997.958
  20
13929.752
  0
VERTEX
  5
990
  8
Layer_0
  10
3997.0054
  20
13924.869
  0
VERTEX
  5
991
  8
Layer_0
  10
3995.9893
  20
13920
  0
VERTEX
  5
992
  8
Layer_0
  10
3994.9092
  20
13915.143
  0
VERTEX
  5
993
  8
Layer_0
  10
3993.7656
  20
13910.301
  0
VERTEX
  5
994
  8
Layer_0
  10
3992.5581
  20
13905.471
  0
VERTEX
  5
995
  8
Layer_0
  10
3991.2876
  20
13900.656
  0
VERTEX
  5
996
  8
Layer_0
  10
3989.6313
  20
13894.741
  0
VERTEX
  5
997
  8
Layer_0
  10
3987.8916
  20
13888.852
  0
VERTEX
  5
998
  8
Layer_0
  10
3986.0681
  20
13882.987
  0
VERTEX
  5
999
  8
Layer_0
  10
3984.1611
  20
13877.151
  0
VERTEX
  5
99a
  8
Layer_0
  10
3982.1714
  20
13871.343
  0
VERTEX
  5
99b
  8
Layer_0
  10
3980.0984
  20
13865.563
  0
VERTEX
  5
99c
  8
Layer_0
  10
3977.9434
  20
13859.812
  0
VERTEX
  5
99d
  8
Layer_0
  10
3975.7061
  20
13854.091
  0
VERTEX
  5
99e
  8
Layer_0
  10
3972.022
  20
13845.071
  0
VERTEX
  5
99f
  8
Layer_0
  10
3968.1997
  20
13836.11
  0
VERTEX
  5
9a0
  8
Layer_0
  10
3964.2395
  20
13827.209
  0
VERTEX
  5
9a1
  8
Layer_0
  10
3960.1423
  20
13818.369
  0
VERTEX
  5
9a2
  8
Layer_0
  10
3956.1316
  20
13809.955
  0
VERTEX
  5
9a3
  8
Layer_0
  10
3952.074
  20
13801.566
  0
VERTEX
  5
9a4
  8
Layer_0
  10
3947.9683
  20
13793.201
  0
VERTEX
  5
9a5
  8
Layer_0
  10
3941.5483
  20
13780.306
  0
VERTEX
  5
9a6
  8
Layer_0
  10
3939.2847
  20
13775.754
  0
VERTEX
  5
9a7
  8
Layer_0
  10
3937.7781
  20
13772.718
  0
VERTEX
  5
9a8
  8
Layer_0
  10
3936.2747
  20
13769.682
  0
VERTEX
  5
9a9
  8
Layer_0
  10
3932.3401
  20
13761.702
  0
VERTEX
  5
9aa
  8
Layer_0
  10
3928.4739
  20
13753.691
  0
VERTEX
  5
9ab
  8
Layer_0
  10
3924.6763
  20
13745.646
  0
VERTEX
  5
9ac
  8
Layer_0
  10
3920.9473
  20
13737.569
  0
VERTEX
  5
9ad
  8
Layer_0
  10
3918.0149
  20
13730.993
  0
VERTEX
  5
9ae
  8
Layer_0
  10
3915.1914
  20
13724.369
  0
VERTEX
  5
9af
  8
Layer_0
  10
3912.4768
  20
13717.7
  0
VERTEX
  5
9b0
  8
Layer_0
  10
3909.8723
  20
13710.987
  0
VERTEX
  5
9b1
  8
Layer_0
  10
3907.8428
  20
13705.418
  0
VERTEX
  5
9b2
  8
Layer_0
  10
3905.9536
  20
13699.801
  0
VERTEX
  5
9b3
  8
Layer_0
  10
3904.2053
  20
13694.139
  0
VERTEX
  5
9b4
  8
Layer_0
  10
3902.5994
  20
13688.433
  0
VERTEX
  5
9b5
  8
Layer_0
  10
3901.6123
  20
13684.53
  0
VERTEX
  5
9b6
  8
Layer_0
  10
3900.7358
  20
13680.604
  0
VERTEX
  5
9b7
  8
Layer_0
  10
3899.9712
  20
13676.655
  0
VERTEX
  5
9b8
  8
Layer_0
  10
3899.3184
  20
13672.688
  0
VERTEX
  5
9b9
  8
Layer_0
  10
3898.7773
  20
13668.703
  0
VERTEX
  5
9ba
  8
Layer_0
  10
3898.3491
  20
13664.705
  0
VERTEX
  5
9bb
  8
Layer_0
  10
3898.0339
  20
13660.693
  0
VERTEX
  5
9bc
  8
Layer_0
  10
3897.832
  20
13656.672
  0
VERTEX
  5
9bd
  8
Layer_0
  10
3897.7449
  20
13654.98
  0
VERTEX
  5
9be
  8
Layer_0
  10
3897.7087
  20
13653.286
  0
VERTEX
  5
9bf
  8
Layer_0
  10
3897.7236
  20
13651.592
  0
VERTEX
  5
9c0
  8
Layer_0
  10
3897.7896
  20
13649.898
  0
VERTEX
  5
9c1
  8
Layer_0
  10
3898.0039
  20
13645.244
  0
VERTEX
  5
9c2
  8
Layer_0
  10
3898.3638
  20
13640.6
  0
VERTEX
  5
9c3
  8
Layer_0
  10
3898.8691
  20
13635.969
  0
VERTEX
  5
9c4
  8
Layer_0
  10
3899.5193
  20
13631.355
  0
VERTEX
  5
9c5
  8
Layer_0
  10
3900.4258
  20
13626.357
  0
VERTEX
  5
9c6
  8
Layer_0
  10
3901.4902
  20
13621.391
  0
VERTEX
  5
9c7
  8
Layer_0
  10
3902.7122
  20
13616.461
  0
VERTEX
  5
9c8
  8
Layer_0
  10
3904.0901
  20
13611.572
  0
VERTEX
  5
9c9
  8
Layer_0
  10
3905.9844
  20
13605.51
  0
VERTEX
  5
9ca
  8
Layer_0
  10
3908.019
  20
13599.493
  0
VERTEX
  5
9cb
  8
Layer_0
  10
3910.1929
  20
13593.525
  0
VERTEX
  5
9cc
  8
Layer_0
  10
3912.5046
  20
13587.609
  0
VERTEX
  5
9cd
  8
Layer_0
  10
3915.5754
  20
13580.17
  0
VERTEX
  5
9ce
  8
Layer_0
  10
3918.7571
  20
13572.777
  0
VERTEX
  5
9cf
  8
Layer_0
  10
3922.0493
  20
13565.434
  0
VERTEX
  5
9d0
  8
Layer_0
  10
3925.4514
  20
13558.141
  0
VERTEX
  5
9d1
  8
Layer_0
  10
3929.2896
  20
13550.115
  0
VERTEX
  5
9d2
  8
Layer_0
  10
3933.1719
  20
13542.109
  0
VERTEX
  5
9d3
  8
Layer_0
  10
3937.0977
  20
13534.127
  0
VERTEX
  5
9d4
  8
Layer_0
  10
3941.822
  20
13524.648
  0
VERTEX
  5
9d5
  8
Layer_0
  10
3948.053
  20
13512.133
  0
VERTEX
  5
9d6
  8
Layer_0
  10
3951.9741
  20
13504.148
  0
VERTEX
  5
9d7
  8
Layer_0
  10
3955.8525
  20
13496.144
  0
VERTEX
  5
9d8
  8
Layer_0
  10
3959.6885
  20
13488.115
  0
VERTEX
  5
9d9
  8
Layer_0
  10
3963.7983
  20
13479.281
  0
VERTEX
  5
9da
  8
Layer_0
  10
3967.7754
  20
13470.389
  0
VERTEX
  5
9db
  8
Layer_0
  10
3971.6191
  20
13461.436
  0
VERTEX
  5
9dc
  8
Layer_0
  10
3975.3284
  20
13452.426
  0
VERTEX
  5
9dd
  8
Layer_0
  10
3977.5059
  20
13446.91
  0
VERTEX
  5
9de
  8
Layer_0
  10
3979.6084
  20
13441.365
  0
VERTEX
  5
9df
  8
Layer_0
  10
3981.6353
  20
13435.793
  0
VERTEX
  5
9e0
  8
Layer_0
  10
3983.5864
  20
13430.195
  0
VERTEX
  5
9e1
  8
Layer_0
  10
3985.4614
  20
13424.57
  0
VERTEX
  5
9e2
  8
Layer_0
  10
3987.2607
  20
13418.921
  0
VERTEX
  5
9e3
  8
Layer_0
  10
3988.9834
  20
13413.247
  0
VERTEX
  5
9e4
  8
Layer_0
  10
3990.6289
  20
13407.549
  0
VERTEX
  5
9e5
  8
Layer_0
  10
3991.916
  20
13402.85
  0
VERTEX
  5
9e6
  8
Layer_0
  10
3993.1421
  20
13398.135
  0
VERTEX
  5
9e7
  8
Layer_0
  10
3994.3062
  20
13393.405
  0
VERTEX
  5
9e8
  8
Layer_0
  10
3995.4087
  20
13388.662
  0
VERTEX
  5
9e9
  8
Layer_0
  10
3996.4495
  20
13383.906
  0
VERTEX
  5
9ea
  8
Layer_0
  10
3997.4282
  20
13379.139
  0
VERTEX
  5
9eb
  8
Layer_0
  10
3998.345
  20
13374.357
  0
VERTEX
  5
9ec
  8
Layer_0
  10
3999.1995
  20
13369.566
  0
VERTEX
  5
9ed
  8
Layer_0
  10
3999.9919
  20
13364.764
  0
VERTEX
  5
9ee
  8
Layer_0
  10
4000.7217
  20
13359.951
  0
VERTEX
  5
9ef
  8
Layer_0
  10
4001.3894
  20
13355.13
  0
VERTEX
  5
9f0
  8
Layer_0
  10
4001.9946
  20
13350.3
  0
VERTEX
  5
9f1
  8
Layer_0
  10
4002.5371
  20
13345.46
  0
VERTEX
  5
9f2
  8
Layer_0
  10
4003.0166
  20
13340.614
  0
VERTEX
  5
9f3
  8
Layer_0
  10
4003.4336
  20
13335.761
  0
VERTEX
  5
9f4
  8
Layer_0
  10
4003.7876
  20
13330.9
  0
VERTEX
  5
9f5
  8
Layer_0
  10
4004.7744
  20
13313.136
  0
VERTEX
  5
9f6
  8
Layer_0
  10
4005.6782
  20
13295.366
  0
VERTEX
  5
9f7
  8
Layer_0
  10
4006.0522
  20
13286.902
  0
VERTEX
  5
9f8
  8
Layer_0
  10
4006.3213
  20
13278.436
  0
VERTEX
  5
9f9
  8
Layer_0
  10
4006.4846
  20
13269.965
  0
VERTEX
  5
9fa
  8
Layer_0
  10
4006.5427
  20
13261.492
  0
VERTEX
  5
9fb
  8
Layer_0
  10
4046.6099
  20
13261.492
  0
VERTEX
  5
9fc
  8
Layer_0
  10
4046.6099
  20
13273.492
  0
VERTEX
  5
9fd
  8
Layer_0
  10
4061.6553
  20
13273.492
  0
VERTEX
  5
9fe
  8
Layer_0
  10
4061.6553
  20
13816.734
  0
VERTEX
  5
9ff
  8
Layer_0
  10
4046.6099
  20
13816.734
  0
VERTEX
  5
a00
  8
Layer_0
  10
4046.6099
  20
13828.734
  0
VERTEX
  5
a01
  8
Layer_0
  10
4061.6553
  20
13828.734
  0
VERTEX
  5
a02
  8
Layer_0
  10
4061.6553
  20
14029.734
  0
VERTEX
  5
a03
  8
Layer_0
  10
4046.6099
  20
14029.734
  0
VERTEX
  5
a04
  8
Layer_0
  10
4046.6099
  20
14041.734
  0
VERTEX
  5
a05
  8
Layer_0
  10
4006.542
  20
14041.734
  0
SEQEND
  0
POLYLINE
  5
a07
  8
Layer_0
  62
7
  70
1
  66
1
  10
0
  20
0
  30
0
  0
VERTEX
  5
a07
  8
Layer_0
  10
4193.479
  20
14041.734
  0
VERTEX
  5
a08
  8
Layer_0
  10
4193.4648
  20
14035.086
  0
VERTEX
  5
a09
  8
Layer_0
  10
4193.3965
  20
14028.441
  0
VERTEX
  5
a0a
  8
Layer_0
  10
4193.2803
  20
14021.797
  0
VERTEX
  5
a0b
  8
Layer_0
  10
4193.123
  20
14015.15
  0
VERTEX
  5
a0c
  8
Layer_0
  10
4192.7153
  20
14001.846
  0
VERTEX
  5
a0d
  8
Layer_0
  10
4192.2402
  20
13988.545
  0
VERTEX
  5
a0e
  8
Layer_0
  10
4192
  20
13981.883
  0
VERTEX
  5
a0f
  8
Layer_0
  10
4191.751
  20
13975.222
  0
VERTEX
  5
a10
  8
Layer_0
  10
4191.4883
  20
13968.923
  0
VERTEX
  5
a11
  8
Layer_0
  10
4191.1177
  20
13962.63
  0
VERTEX
  5
a12
  8
Layer_0
  10
4190.6387
  20
13956.344
  0
VERTEX
  5
a13
  8
Layer_0
  10
4190.0513
  20
13950.066
  0
VERTEX
  5
a14
  8
Layer_0
  10
4189.166
  20
13942.344
  0
VERTEX
  5
a15
  8
Layer_0
  10
4188.1255
  20
13934.643
  0
VERTEX
  5
a16
  8
Layer_0
  10
4186.9307
  20
13926.965
  0
VERTEX
  5
a17
  8
Layer_0
  10
4185.5811
  20
13919.313
  0
VERTEX
  5
a18
  8
Layer_0
  10
4184.0781
  20
13911.691
  0
VERTEX
  5
a19
  8
Layer_0
  10
4182.4219
  20
13904.1
  0
VERTEX
  5
a1a
  8
Layer_0
  10
4180.6128
  20
13896.541
  0
VERTEX
  5
a1b
  8
Layer_0
  10
4178.6514
  20
13889.02
  0
VERTEX
  5
a1c
  8
Layer_0
  10
4177.0137
  20
13883.148
  0
VERTEX
  5
a1d
  8
Layer_0
  10
4175.3013
  20
13877.301
  0
VERTEX
  5
a1e
  8
Layer_0
  10
4173.5137
  20
13871.477
  0
VERTEX
  5
a1f
  8
Layer_0
  10
4171.6509
  20
13865.675
  0
VERTEX
  5
a20
  8
Layer_0
  10
4169.7139
  20
13859.898
  0
VERTEX
  5
a21
  8
Layer_0
  10
4167.7021
  20
13854.146
  0
VERTEX
  5
a22
  8
Layer_0
  10
4165.6162
  20
13848.42
  0
VERTEX
  5
a23
  8
Layer_0
  10
4163.4561
  20
13842.722
  0
VERTEX
  5
a24
  8
Layer_0
  10
4159.5967
  20
13832.949
  0
VERTEX
  5
a25
  8
Layer_0
  10
4155.5942
  20
13823.232
  0
VERTEX
  5
a26
  8
Layer_0
  10
4151.4502
  20
13813.577
  0
VERTEX
  5
a27
  8
Layer_0
  10
4147.1646
  20
13803.983
  0
VERTEX
  5
a28
  8
Layer_0
  10
4142.958
  20
13794.816
  0
VERTEX
  5
a29
  8
Layer_0
  10
4138.7012
  20
13785.67
  0
VERTEX
  5
a2a
  8
Layer_0
  10
4134.395
  20
13776.545
  0
VERTEX
  5
a2b
  8
Layer_0
  10
4130.04
  20
13767.446
  0
VERTEX
  5
a2c
  8
Layer_0
  10
4125.6895
  20
13758.345
  0
VERTEX
  5
a2d
  8
Layer_0
  10
4120.9854
  20
13748.48
  0
VERTEX
  5
a2e
  8
Layer_0
  10
4117.062
  20
13740.107
  0
VERTEX
  5
a2f
  8
Layer_0
  10
4113.1953
  20
13731.709
  0
VERTEX
  5
a30
  8
Layer_0
  10
4109.3848
  20
13723.282
  0
VERTEX
  5
a31
  8
Layer_0
  10
4106.3452
  20
13716.355
  0
VERTEX
  5
a32
  8
Layer_0
  10
4103.4111
  20
13709.383
  0
VERTEX
  5
a33
  8
Layer_0
  10
4100.584
  20
13702.365
  0
VERTEX
  5
a34
  8
Layer_0
  10
4097.8643
  20
13695.307
  0
VERTEX
  5
a35
  8
Layer_0
  10
4095.8574
  20
13689.778
  0
VERTEX
  5
a36
  8
Layer_0
  10
4093.9805
  20
13684.206
  0
VERTEX
  5
a37
  8
Layer_0
  10
4092.2334
  20
13678.592
  0
VERTEX
  5
a38
  8
Layer_0
  10
4090.6174
  20
13672.937
  0
VERTEX
  5
a39
  8
Layer_0
  10
4089.3752
  20
13668.051
  0
VERTEX
  5
a3a
  8
Layer_0
  10
4088.2986
  20
13663.128
  0
VERTEX
  5
a3b
  8
Layer_0
  10
4087.3877
  20
13658.171
  0
VERTEX
  5
a3c
  8
Layer_0
  10
4086.644
  20
13653.186
  0
VERTEX
  5
a3d
  8
Layer_0
  10
4086.1816
  20
13649.008
  0
VERTEX
  5
a3e
  8
Layer_0
  10
4085.8257
  20
13644.822
  0
VERTEX
  5
a3f
  8
Layer_0
  10
4085.5764
  20
13640.629
  0
VERTEX
  5
a40
  8
Layer_0
  10
4085.4341
  20
13636.43
  0
VERTEX
  5
a41
  8
Layer_0
  10
4085.3604
  20
13633.909
  0
VERTEX
  5
a42
  8
Layer_0
  10
4085.3948
  20
13631.389
  0
VERTEX
  5
a43
  8
Layer_0
  10
4085.6162
  20
13626.77
  0
VERTEX
  5
a44
  8
Layer_0
  10
4085.9941
  20
13622.162
  0
VERTEX
  5
a45
  8
Layer_0
  10
4086.5278
  20
13617.57
  0
VERTEX
  5
a46
  8
Layer_0
  10
4087.2173
  20
13612.997
  0
VERTEX
  5
a47
  8
Layer_0
  10
4088.1577
  20
13608.045
  0
VERTEX
  5
a48
  8
Layer_0
  10
4089.25
  20
13603.125
  0
VERTEX
  5
a49
  8
Layer_0
  10
4090.4934
  20
13598.241
  0
VERTEX
  5
a4a
  8
Layer_0
  10
4091.8877
  20
13593.396
  0
VERTEX
  5
a4b
  8
Layer_0
  10
4093.9314
  20
13586.991
  0
VERTEX
  5
a4c
  8
Layer_0
  10
4096.1313
  20
13580.641
  0
VERTEX
  5
a4d
  8
Layer_0
  10
4098.4863
  20
13574.344
  0
VERTEX
  5
a4e
  8
Layer_0
  10
4100.9961
  20
13568.107
  0
VERTEX
  5
a4f
  8
Layer_0
  10
4104.1211
  20
13560.758
  0
VERTEX
  5
a50
  8
Layer_0
  10
4107.3599
  20
13553.46
  0
VERTEX
  5
a51
  8
Layer_0
  10
4110.7124
  20
13546.212
  0
VERTEX
  5
a52
  8
Layer_0
  10
4114.1777
  20
13539.018
  0
VERTEX
  5
a53
  8
Layer_0
  10
4117.9014
  20
13531.481
  0
VERTEX
  5
a54
  8
Layer_0
  10
4121.6685
  20
13523.965
  0
VERTEX
  5
a55
  8
Layer_0
  10
4125.4775
  20
13516.471
  0
VERTEX
  5
a56
  8
Layer_0
  10
4130.8662
  20
13506.009
  0
VERTEX
  5
a57
  8
Layer_0
  10
4133.1738
  20
13501.523
  0
VERTEX
  5
a58
  8
Layer_0
  10
4134.709
  20
13498.531
  0
VERTEX
  5
a59
  8
Layer_0
  10
4138.7314
  20
13490.674
  0
VERTEX
  5
a5a
  8
Layer_0
  10
4142.689
  20
13482.785
  0
VERTEX
  5
a5b
  8
Layer_0
  10
4146.582
  20
13474.863
  0
VERTEX
  5
a5c
  8
Layer_0
  10
4150.4106
  20
13466.91
  0
VERTEX
  5
a5d
  8
Layer_0
  10
4154.4819
  20
13458.143
  0
VERTEX
  5
a5e
  8
Layer_0
  10
4158.3857
  20
13449.299
  0
VERTEX
  5
a5f
  8
Layer_0
  10
4162.1201
  20
13440.383
  0
VERTEX
  5
a60
  8
Layer_0
  10
4165.6846
  20
13431.397
  0
VERTEX
  5
a61
  8
Layer_0
  10
4167.7607
  20
13425.888
  0
VERTEX
  5
a62
  8
Layer_0
  10
4169.75
  20
13420.348
  0
VERTEX
  5
a63
  8
Layer_0
  10
4171.6528
  20
13414.78
  0
VERTEX
  5
a64
  8
Layer_0
  10
4173.4688
  20
13409.186
  0
VERTEX
  5
a65
  8
Layer_0
  10
4175.1973
  20
13403.565
  0
VERTEX
  5
a66
  8
Layer_0
  10
4176.8394
  20
13397.92
  0
VERTEX
  5
a67
  8
Layer_0
  10
4178.3936
  20
13392.25
  0
VERTEX
  5
a68
  8
Layer_0
  10
4179.8599
  20
13386.558
  0
VERTEX
  5
a69
  8
Layer_0
  10
4181.2383
  20
13380.844
  0
VERTEX
  5
a6a
  8
Layer_0
  10
4182.5283
  20
13375.107
  0
VERTEX
  5
a6b
  8
Layer_0
  10
4183.73
  20
13369.352
  0
VERTEX
  5
a6c
  8
Layer_0
  10
4184.8428
  20
13363.578
  0
VERTEX
  5
a6d
  8
Layer_0
  10
4185.8662
  20
13357.786
  0
VERTEX
  5
a6e
  8
Layer_0
  10
4186.8008
  20
13351.978
  0
VERTEX
  5
a6f
  8
Layer_0
  10
4187.6455
  20
13346.153
  0
VERTEX
  5
a70
  8
Layer_0
  10
4188.4009
  20
13340.313
  0
VERTEX
  5
a71
  8
Layer_0
  10
4189.061
  20
13334.466
  0
VERTEX
  5
a72
  8
Layer_0
  10
4189.6484
  20
13328.611
  0
VERTEX
  5
a73
  8
Layer_0
  10
4190.1626
  20
13322.749
  0
VERTEX
  5
a74
  8
Layer_0
  10
4190.6035
  20
13316.881
  0
VERTEX
  5
a75
  8
Layer_0
  10
4191.6074
  20
13303.467
  0
VERTEX
  5
a76
  8
Layer_0
  10
4192.5391
  20
13290.047
  0
VERTEX
  5
a77
  8
Layer_0
  10
4192.9517
  20
13282.915
  0
VERTEX
  5
a78
  8
Layer_0
  10
4193.2461
  20
13275.777
  0
VERTEX
  5
a79
  8
Layer_0
  10
4193.4224
  20
13268.637
  0
VERTEX
  5
a7a
  8
Layer_0
  10
4193.48
  20
13261.492
  0
VERTEX
  5
a7b
  8
Layer_0
  10
4233.5469
  20
13261.492
  0
VERTEX
  5
a7c
  8
Layer_0
  10
4233.5469
  20
13273.492
  0
VERTEX
  5
a7d
  8
Layer_0
  10
4248.5928
  20
13273.492
  0
VERTEX
  5
a7e
  8
Layer_0
  10
4248.5928
  20
13816.734
  0
VERTEX
  5
a7f
  8
Layer_0
  10
4233.5469
  20
13816.734
  0
VERTEX
  5
a80
  8
Layer_0
  10
4233.5469
  20
13828.734
  0
VERTEX
  5
a81
  8
Layer_0
  10
4248.5928
  20
13828.734
  0
VERTEX
  5
a82
  8
Layer_0
  10
4248.5928
  20
14029.734
  0
VERTEX
  5
a83
  8
Layer_0
  10
4233.5469
  20
14029.734
  0
VERTEX
  5
a84
  8
Layer_0
  10
4233.5469
  20
14041.734
  0
VERTEX
  5
a85
  8
Layer_0
  10
4193.479
  20
14041.734
  0
SEQEND
  0
POLYLINE
  5
a87
  8
Layer_0
  62
7
  70
1
  66
1
  10
0
  20
0
  30
0
  0
VERTEX
  5
a87
  8
Layer_0
  10
4010.1968
  20
13251.492
  0
VERTEX
  5
a88
  8
Layer_0
  10
4010.1631
  20
13237.582
  0
VERTEX
  5
a89
  8
Layer_0
  10
4010.0527
  20
13223.673
  0
VERTEX
  5
a8a
  8
Layer_0
  10
4009.8882
  20
13209.756
  0
VERTEX
  5
a8b
  8
Layer_0
  10
4009.6956
  20
13195.84
  0
VERTEX
  5
a8c
  8
Layer_0
  10
4009.5977
  20
13188.876
  0
VERTEX
  5
a8d
  8
Layer_0
  10
4009.4958
  20
13181.912
  0
VERTEX
  5
a8e
  8
Layer_0
  10
4009.4165
  20
13176.688
  0
VERTEX
  5
a8f
  8
Layer_0
  10
4009.2598
  20
13171.467
  0
VERTEX
  5
a90
  8
Layer_0
  10
4009.0259
  20
13166.248
  0
VERTEX
  5
a91
  8
Layer_0
  10
4008.7148
  20
13161.033
  0
VERTEX
  5
a92
  8
Layer_0
  10
4008.3271
  20
13155.824
  0
VERTEX
  5
a93
  8
Layer_0
  10
4007.8618
  20
13150.621
  0
VERTEX
  5
a94
  8
Layer_0
  10
4007.3198
  20
13145.424
  0
VERTEX
  5
a95
  8
Layer_0
  10
4006.7007
  20
13140.235
  0
VERTEX
  5
a96
  8
Layer_0
  10
4005.7656
  20
13133.405
  0
VERTEX
  5
a97
  8
Layer_0
  10
4004.7139
  20
13126.594
  0
VERTEX
  5
a98
  8
Layer_0
  10
4003.5459
  20
13119.803
  0
VERTEX
  5
a99
  8
Layer_0
  10
4002.2622
  20
13113.032
  0
VERTEX
  5
a9a
  8
Layer_0
  10
4000.8628
  20
13106.285
  0
VERTEX
  5
a9b
  8
Layer_0
  10
3999.3481
  20
13099.563
  0
VERTEX
  5
a9c
  8
Layer_0
  10
3997.7183
  20
13092.866
  0
VERTEX
  5
a9d
  8
Layer_0
  10
3995.9731
  20
13086.197
  0
VERTEX
  5
a9e
  8
Layer_0
  10
3994.3535
  20
13080.357
  0
VERTEX
  5
a9f
  8
Layer_0
  10
3992.6655
  20
13074.535
  0
VERTEX
  5
aa0
  8
Layer_0
  10
3990.9097
  20
13068.736
  0
VERTEX
  5
aa1
  8
Layer_0
  10
3989.0862
  20
13062.957
  0
VERTEX
  5
aa2
  8
Layer_0
  10
3987.1953
  20
13057.199
  0
VERTEX
  5
aa3
  8
Layer_0
  10
3985.2368
  20
13051.465
  0
VERTEX
  5
aa4
  8
Layer_0
  10
3983.2109
  20
13045.752
  0
VERTEX
  5
aa5
  8
Layer_0
  10
3981.1184
  20
13040.063
  0
VERTEX
  5
aa6
  8
Layer_0
  10
3977.0857
  20
13029.521
  0
VERTEX
  5
aa7
  8
Layer_0
  10
3972.9063
  20
13019.037
  0
VERTEX
  5
aa8
  8
Layer_0
  10
3968.5811
  20
13008.613
  0
VERTEX
  5
aa9
  8
Layer_0
  10
3964.1106
  20
12998.251
  0
VERTEX
  5
aaa
  8
Layer_0
  10
3959.8823
  20
12988.693
  0
VERTEX
  5
aab
  8
Layer_0
  10
3955.6079
  20
12979.158
  0
VERTEX
  5
aac
  8
Layer_0
  10
3951.2864
  20
12969.645
  0
VERTEX
  5
aad
  8
Layer_0
  10
3946.9167
  20
12960.149
  0
VERTEX
  5
aae
  8
Layer_0
  10
3943.425
  20
12952.553
  0
VERTEX
  5
aaf
  8
Layer_0
  10
3942.0298
  20
12949.514
  0
VERTEX
  5
ab0
  8
Layer_0
  10
3940.6367
  20
12946.474
  0
VERTEX
  5
ab1
  8
Layer_0
  10
3939.2466
  20
12943.432
  0
VERTEX
  5
ab2
  8
Layer_0
  10
3937.8604
  20
12940.389
  0
VERTEX
  5
ab3
  8
Layer_0
  10
3934.2351
  20
12932.394
  0
VERTEX
  5
ab4
  8
Layer_0
  10
3930.6785
  20
12924.369
  0
VERTEX
  5
ab5
  8
Layer_0
  10
3927.1899
  20
12916.313
  0
VERTEX
  5
ab6
  8
Layer_0
  10
3923.7695
  20
12908.229
  0
VERTEX
  5
ab7
  8
Layer_0
  10
3921.2402
  20
12902.039
  0
VERTEX
  5
ab8
  8
Layer_0
  10
3918.8101
  20
12895.81
  0
VERTEX
  5
ab9
  8
Layer_0
  10
3916.479
  20
12889.543
  0
VERTEX
  5
aba
  8
Layer_0
  10
3914.2485
  20
12883.238
  0
VERTEX
  5
abb
  8
Layer_0
  10
3912.5393
  20
12878.086
  0
VERTEX
  5
abc
  8
Layer_0
  10
3910.9565
  20
12872.893
  0
VERTEX
  5
abd
  8
Layer_0
  10
3909.501
  20
12867.662
  0
VERTEX
  5
abe
  8
Layer_0
  10
3908.1729
  20
12862.397
  0
VERTEX
  5
abf
  8
Layer_0
  10
3907.481
  20
12859.34
  0
VERTEX
  5
ac0
  8
Layer_0
  10
3906.8584
  20
12856.269
  0
VERTEX
  5
ac1
  8
Layer_0
  10
3906.3057
  20
12853.185
  0
VERTEX
  5
ac2
  8
Layer_0
  10
3905.8223
  20
12850.09
  0
VERTEX
  5
ac3
  8
Layer_0
  10
3905.4092
  20
12846.984
  0
VERTEX
  5
ac4
  8
Layer_0
  10
3905.0664
  20
12843.871
  0
VERTEX
  5
ac5
  8
Layer_0
  10
3904.7935
  20
12840.75
  0
VERTEX
  5
ac6
  8
Layer_0
  10
3904.5913
  20
12837.621
  0
VERTEX
  5
ac7
  8
Layer_0
  10
3904.3608
  20
12831.768
  0
VERTEX
  5
ac8
  8
Layer_0
  10
3904.2571
  20
12825.91
  0
VERTEX
  5
ac9
  8
Layer_0
  10
3904.3174
  20
12821.734
  0
VERTEX
  5
aca
  8
Layer_0
  10
3904.5327
  20
12817.564
  0
VERTEX
  5
acb
  8
Layer_0
  10
3904.9031
  20
12813.405
  0
VERTEX
  5
acc
  8
Layer_0
  10
3905.4277
  20
12809.262
  0
VERTEX
  5
acd
  8
Layer_0
  10
3906.2383
  20
12804.313
  0
VERTEX
  5
ace
  8
Layer_0
  10
3907.2083
  20
12799.396
  0
VERTEX
  5
acf
  8
Layer_0
  10
3908.3374
  20
12794.512
  0
VERTEX
  5
ad0
  8
Layer_0
  10
3909.6245
  20
12789.665
  0
VERTEX
  5
ad1
  8
Layer_0
  10
3911.5376
  20
12783.26
  0
VERTEX
  5
ad2
  8
Layer_0
  10
3913.6211
  20
12776.907
  0
VERTEX
  5
ad3
  8
Layer_0
  10
3915.8733
  20
12770.613
  0
VERTEX
  5
ad4
  8
Layer_0
  10
3918.2935
  20
12764.381
  0
VERTEX
  5
ad5
  8
Layer_0
  10
3921.3335
  20
12757.044
  0
VERTEX
  5
ad6
  8
Layer_0
  10
3924.5068
  20
12749.764
  0
VERTEX
  5
ad7
  8
Layer_0
  10
3927.813
  20
12742.544
  0
VERTEX
  5
ad8
  8
Layer_0
  10
3931.2502
  20
12735.386
  0
VERTEX
  5
ad9
  8
Layer_0
  10
3934.7759
  20
12728.269
  0
VERTEX
  5
ada
  8
Layer_0
  10
3938.354
  20
12721.178
  0
VERTEX
  5
adb
  8
Layer_0
  10
3941.9846
  20
12714.113
  0
VERTEX
  5
adc
  8
Layer_0
  10
3945.6672
  20
12707.077
  0
VERTEX
  5
add
  8
Layer_0
  10
3953.8171
  20
12691.526
  0
VERTEX
  5
ade
  8
Layer_0
  10
3961.0864
  20
12677.403
  0
VERTEX
  5
adf
  8
Layer_0
  10
3965.0154
  20
12669.553
  0
VERTEX
  5
ae0
  8
Layer_0
  10
3968.8247
  20
12661.646
  0
VERTEX
  5
ae1
  8
Layer_0
  10
3972.5134
  20
12653.68
  0
VERTEX
  5
ae2
  8
Layer_0
  10
3976.0813
  20
12645.66
  0
VERTEX
  5
ae3
  8
Layer_0
  10
3978.2173
  20
12640.66
  0
VERTEX
  5
ae4
  8
Layer_0
  10
3980.2793
  20
12635.631
  0
VERTEX
  5
ae5
  8
Layer_0
  10
3982.2676
  20
12630.574
  0
VERTEX
  5
ae6
  8
Layer_0
  10
3984.1816
  20
12625.491
  0
VERTEX
  5
ae7
  8
Layer_0
  10
3986.0212
  20
12620.382
  0
VERTEX
  5
ae8
  8
Layer_0
  10
3987.7861
  20
12615.246
  0
VERTEX
  5
ae9
  8
Layer_0
  10
3989.4766
  20
12610.087
  0
VERTEX
  5
aea
  8
Layer_0
  10
3991.0918
  20
12604.903
  0
VERTEX
  5
aeb
  8
Layer_0
  10
3992.6316
  20
12599.696
  0
VERTEX
  5
aec
  8
Layer_0
  10
3994.0959
  20
12594.469
  0
VERTEX
  5
aed
  8
Layer_0
  10
3995.4844
  20
12589.219
  0
VERTEX
  5
aee
  8
Layer_0
  10
3996.7969
  20
12583.949
  0
VERTEX
  5
aef
  8
Layer_0
  10
3998.0332
  20
12578.66
  0
VERTEX
  5
af0
  8
Layer_0
  10
3999.1924
  20
12573.352
  0
VERTEX
  5
af1
  8
Layer_0
  10
4000.2749
  20
12568.025
  0
VERTEX
  5
af2
  8
Layer_0
  10
4001.2803
  20
12562.683
  0
VERTEX
  5
af3
  8
Layer_0
  10
4002.1104
  20
12557.947
  0
VERTEX
  5
af4
  8
Layer_0
  10
4002.8896
  20
12553.204
  0
VERTEX
  5
af5
  8
Layer_0
  10
4003.6191
  20
12548.453
  0
VERTEX
  5
af6
  8
Layer_0
  10
4004.2979
  20
12543.695
  0
VERTEX
  5
af7
  8
Layer_0
  10
4004.926
  20
12538.93
  0
VERTEX
  5
af8
  8
Layer_0
  10
4005.5034
  20
12534.158
  0
VERTEX
  5
af9
  8
Layer_0
  10
4006.0303
  20
12529.38
  0
VERTEX
  5
afa
  8
Layer_0
  10
4006.5059
  20
12524.596
  0
VERTEX
  5
afb
  8
Layer_0
  10
4006.9905
  20
12519.603
  0
VERTEX
  5
afc
  8
Layer_0
  10
4008.2231
  20
12507.123
  0
VERTEX
  5
afd
  8
Layer_0
  10
4009.1748
  20
12496.295
  0
VERTEX
  5
afe
  8
Layer_0
  10
4009.627
  20
12490.043
  0
VERTEX
  5
aff
  8
Layer_0
  10
4009.9487
  20
12483.783
  0
VERTEX
  5
b00
  8
Layer_0
  10
4010.1387
  20
12477.519
  0
VERTEX
  5
b01
  8
Layer_0
  10
4010.1978
  20
12471.25
  0
VERTEX
  5
b02
  8
Layer_0
  10
4050.2646
  20
12471.25
  0
VERTEX
  5
b03
  8
Layer_0
  10
4050.2646
  20
12483.25
  0
VERTEX
  5
b04
  8
Layer_0
  10
4065.3103
  20
12483.25
  0
VERTEX
  5
b05
  8
Layer_0
  10
4065.3103
  20
13026.492
  0
VERTEX
  5
b06
  8
Layer_0
  10
4050.2646
  20
13026.492
  0
VERTEX
  5
b07
  8
Layer_0
  10
4050.2646
  20
13038.492
  0
VERTEX
  5
b08
  8
Layer_0
  10
4065.3103
  20
13038.492
  0
VERTEX
  5
b09
  8
Layer_0
  10
4065.3103
  20
13239.492
  0
VERTEX
  5
b0a
  8
Layer_0
  10
4050.2646
  20
13239.492
  0
VERTEX
  5
b0b
  8
Layer_0
  10
4050.2646
  20
13251.492
  0
VERTEX
  5
b0c
  8
Layer_0
  10
4010.1968
  20
13251.492
  0
SEQEND
  0
POLYLINE
  5
b0e
  8
Layer_0
  62
7
  70
1
  66
1
  10
0
  20
0
  30
0
  0
VERTEX
  5
b0e
  8
Layer_0
  10
4197.1338
  20
13251.492
  0
VERTEX
  5
b0f
  8
Layer_0
  10
4197.1216
  20
13244.775
  0
VERTEX
  5
b10
  8
Layer_0
  10
4197.062
  20
13238.063
  0
VERTEX
  5
b11
  8
Layer_0
  10
4196.9604
  20
13231.351
  0
VERTEX
  5
b12
  8
Layer_0
  10
4196.8232
  20
13224.637
  0
VERTEX
  5
b13
  8
Layer_0
  10
4196.4678
  20
13211.197
  0
VERTEX
  5
b14
  8
Layer_0
  10
4196.0527
  20
13197.762
  0
VERTEX
  5
b15
  8
Layer_0
  10
4195.8423
  20
13191.033
  0
VERTEX
  5
b16
  8
Layer_0
  10
4195.624
  20
13184.307
  0
VERTEX
  5
b17
  8
Layer_0
  10
4195.3379
  20
13176.754
  0
VERTEX
  5
b18
  8
Layer_0
  10
4194.8931
  20
13169.211
  0
VERTEX
  5
b19
  8
Layer_0
  10
4194.2896
  20
13161.678
  0
VERTEX
  5
b1a
  8
Layer_0
  10
4193.5273
  20
13154.158
  0
VERTEX
  5
b1b
  8
Layer_0
  10
4192.5986
  20
13146.66
  0
VERTEX
  5
b1c
  8
Layer_0
  10
4191.5234
  20
13139.184
  0
VERTEX
  5
b1d
  8
Layer_0
  10
4190.3027
  20
13131.73
  0
VERTEX
  5
b1e
  8
Layer_0
  10
4188.9375
  20
13124.304
  0
VERTEX
  5
b1f
  8
Layer_0
  10
4187.4268
  20
13116.905
  0
VERTEX
  5
b20
  8
Layer_0
  10
4185.7725
  20
13109.537
  0
VERTEX
  5
b21
  8
Layer_0
  10
4183.9736
  20
13102.201
  0
VERTEX
  5
b22
  8
Layer_0
  10
4182.0317
  20
13094.899
  0
VERTEX
  5
b23
  8
Layer_0
  10
4180.4287
  20
13089.243
  0
VERTEX
  5
b24
  8
Layer_0
  10
4178.7568
  20
13083.607
  0
VERTEX
  5
b25
  8
Layer_0
  10
4177.0151
  20
13077.994
  0
VERTEX
  5
b26
  8
Layer_0
  10
4175.2051
  20
13072.402
  0
VERTEX
  5
b27
  8
Layer_0
  10
4173.3262
  20
13066.834
  0
VERTEX
  5
b28
  8
Layer_0
  10
4171.3789
  20
13061.289
  0
VERTEX
  5
b29
  8
Layer_0
  10
4169.3633
  20
13055.768
  0
VERTEX
  5
b2a
  8
Layer_0
  10
4167.2798
  20
13050.271
  0
VERTEX
  5
b2b
  8
Layer_0
  10
4163.4258
  20
13040.507
  0
VERTEX
  5
b2c
  8
Layer_0
  10
4159.4292
  20
13030.801
  0
VERTEX
  5
b2d
  8
Layer_0
  10
4155.292
  20
13021.153
  0
VERTEX
  5
b2e
  8
Layer_0
  10
4151.0142
  20
13011.566
  0
VERTEX
  5
b2f
  8
Layer_0
  10
4146.8149
  20
13002.406
  0
VERTEX
  5
b30
  8
Layer_0
  10
4142.5649
  20
12993.268
  0
VERTEX
  5
b31
  8
Layer_0
  10
4138.2656
  20
12984.153
  0
VERTEX
  5
b32
  8
Layer_0
  10
4133.9165
  20
12975.063
  0
VERTEX
  5
b33
  8
Layer_0
  10
4129.5703
  20
12965.97
  0
VERTEX
  5
b34
  8
Layer_0
  10
4128.124
  20
12962.938
  0
VERTEX
  5
b35
  8
Layer_0
  10
4126.6797
  20
12959.904
  0
VERTEX
  5
b36
  8
Layer_0
  10
4125.2393
  20
12956.87
  0
VERTEX
  5
b37
  8
Layer_0
  10
4121.4717
  20
12948.897
  0
VERTEX
  5
b38
  8
Layer_0
  10
4117.771
  20
12940.895
  0
VERTEX
  5
b39
  8
Layer_0
  10
4114.1377
  20
12932.859
  0
VERTEX
  5
b3a
  8
Layer_0
  10
4110.5713
  20
12924.795
  0
VERTEX
  5
b3b
  8
Layer_0
  10
4107.7681
  20
12918.232
  0
VERTEX
  5
b3c
  8
Layer_0
  10
4105.0747
  20
12911.623
  0
VERTEX
  5
b3d
  8
Layer_0
  10
4102.4922
  20
12904.97
  0
VERTEX
  5
b3e
  8
Layer_0
  10
4100.0205
  20
12898.274
  0
VERTEX
  5
b3f
  8
Layer_0
  10
4098.2388
  20
12893.119
  0
VERTEX
  5
b40
  8
Layer_0
  10
4096.582
  20
12887.924
  0
VERTEX
  5
b41
  8
Layer_0
  10
4095.051
  20
12882.689
  0
VERTEX
  5
b42
  8
Layer_0
  10
4093.6462
  20
12877.418
  0
VERTEX
  5
b43
  8
Layer_0
  10
4092.9556
  20
12874.561
  0
VERTEX
  5
b44
  8
Layer_0
  10
4092.3247
  20
12871.691
  0
VERTEX
  5
b45
  8
Layer_0
  10
4091.7546
  20
12868.811
  0
VERTEX
  5
b46
  8
Layer_0
  10
4091.2446
  20
12865.918
  0
VERTEX
  5
b47
  8
Layer_0
  10
4090.7954
  20
12863.016
  0
VERTEX
  5
b48
  8
Layer_0
  10
4090.4063
  20
12860.104
  0
VERTEX
  5
b49
  8
Layer_0
  10
4090.0786
  20
12857.184
  0
VERTEX
  5
b4a
  8
Layer_0
  10
4089.8118
  20
12854.258
  0
VERTEX
  5
b4b
  8
Layer_0
  10
4089.5872
  20
12850.904
  0
VERTEX
  5
b4c
  8
Layer_0
  10
4089.4124
  20
12847.547
  0
VERTEX
  5
b4d
  8
Layer_0
  10
4089.2876
  20
12844.188
  0
VERTEX
  5
b4e
  8
Layer_0
  10
4089.2129
  20
12840.828
  0
VERTEX
  5
b4f
  8
Layer_0
  10
4089.3574
  20
12836.215
  0
VERTEX
  5
b50
  8
Layer_0
  10
4089.6624
  20
12831.609
  0
VERTEX
  5
b51
  8
Layer_0
  10
4090.1272
  20
12827.018
  0
VERTEX
  5
b52
  8
Layer_0
  10
4090.752
  20
12822.443
  0
VERTEX
  5
b53
  8
Layer_0
  10
4091.7041
  20
12817.07
  0
VERTEX
  5
b54
  8
Layer_0
  10
4092.8379
  20
12811.736
  0
VERTEX
  5
b55
  8
Layer_0
  10
4094.1528
  20
12806.442
  0
VERTEX
  5
b56
  8
Layer_0
  10
4095.6475
  20
12801.195
  0
VERTEX
  5
b57
  8
Layer_0
  10
4097.6758
  20
12794.793
  0
VERTEX
  5
b58
  8
Layer_0
  10
4099.8608
  20
12788.443
  0
VERTEX
  5
b59
  8
Layer_0
  10
4102.2007
  20
12782.148
  0
VERTEX
  5
b5a
  8
Layer_0
  10
4104.6943
  20
12775.912
  0
VERTEX
  5
b5b
  8
Layer_0
  10
4107.8022
  20
12768.565
  0
VERTEX
  5
b5c
  8
Layer_0
  10
4111.0254
  20
12761.269
  0
VERTEX
  5
b5d
  8
Layer_0
  10
4114.3628
  20
12754.023
  0
VERTEX
  5
b5e
  8
Layer_0
  10
4117.814
  20
12746.83
  0
VERTEX
  5
b5f
  8
Layer_0
  10
4121.5254
  20
12739.297
  0
VERTEX
  5
b60
  8
Layer_0
  10
4125.2808
  20
12731.785
  0
VERTEX
  5
b61
  8
Layer_0
  10
4129.0796
  20
12724.295
  0
VERTEX
  5
b62
  8
Layer_0
  10
4132.9209
  20
12716.827
  0
VERTEX
  5
b63
  8
Layer_0
  10
4135.9922
  20
12710.852
  0
VERTEX
  5
b64
  8
Layer_0
  10
4140.7861
  20
12701.514
  0
VERTEX
  5
b65
  8
Layer_0
  10
4144.7578
  20
12693.64
  0
VERTEX
  5
b66
  8
Layer_0
  10
4148.6733
  20
12685.738
  0
VERTEX
  5
b67
  8
Layer_0
  10
4152.5327
  20
12677.811
  0
VERTEX
  5
b68
  8
Layer_0
  10
4156.4697
  20
12669.453
  0
VERTEX
  5
b69
  8
Layer_0
  10
4160.2607
  20
12661.03
  0
VERTEX
  5
b6a
  8
Layer_0
  10
4163.9043
  20
12652.543
  0
VERTEX
  5
b6b
  8
Layer_0
  10
4167.4004
  20
12643.992
  0
VERTEX
  5
b6c
  8
Layer_0
  10
4169.6885
  20
12638.118
  0
VERTEX
  5
b6d
  8
Layer_0
  10
4171.8789
  20
12632.211
  0
VERTEX
  5
b6e
  8
Layer_0
  10
4173.9717
  20
12626.271
  0
VERTEX
  5
b6f
  8
Layer_0
  10
4175.9658
  20
12620.3
  0
VERTEX
  5
b70
  8
Layer_0
  10
4177.8613
  20
12614.298
  0
VERTEX
  5
b71
  8
Layer_0
  10
4179.6582
  20
12608.267
  0
VERTEX
  5
b72
  8
Layer_0
  10
4181.356
  20
12602.209
  0
VERTEX
  5
b73
  8
Layer_0
  10
4182.9541
  20
12596.123
  0
VERTEX
  5
b74
  8
Layer_0
  10
4184.4521
  20
12590.012
  0
VERTEX
  5
b75
  8
Layer_0
  10
4185.8506
  20
12583.877
  0
VERTEX
  5
b76
  8
Layer_0
  10
4187.1484
  20
12577.719
  0
VERTEX
  5
b77
  8
Layer_0
  10
4188.3447
  20
12571.54
  0
VERTEX
  5
b78
  8
Layer_0
  10
4189.4404
  20
12565.34
  0
VERTEX
  5
b79
  8
Layer_0
  10
4190.4351
  20
12559.121
  0
VERTEX
  5
b7a
  8
Layer_0
  10
4191.3276
  20
12552.885
  0
VERTEX
  5
b7b
  8
Layer_0
  10
4192.1187
  20
12546.631
  0
VERTEX
  5
b7c
  8
Layer_0
  10
4192.7612
  20
12540.787
  0
VERTEX
  5
b7d
  8
Layer_0
  10
4193.3413
  20
12534.938
  0
VERTEX
  5
b7e
  8
Layer_0
  10
4193.8594
  20
12529.082
  0
VERTEX
  5
b7f
  8
Layer_0
  10
4194.3149
  20
12523.221
  0
VERTEX
  5
b80
  8
Layer_0
  10
4195.3203
  20
12510.662
  0
VERTEX
  5
b81
  8
Layer_0
  10
4196.2295
  20
12498.096
  0
VERTEX
  5
b82
  8
Layer_0
  10
4196.6289
  20
12491.392
  0
VERTEX
  5
b83
  8
Layer_0
  10
4196.9131
  20
12484.682
  0
VERTEX
  5
b84
  8
Layer_0
  10
4197.082
  20
12477.967
  0
VERTEX
  5
b85
  8
Layer_0
  10
4197.1348
  20
12471.25
  0
VERTEX
  5
b86
  8
Layer_0
  10
4237.2021
  20
12471.25
  0
VERTEX
  5
b87
  8
Layer_0
  10
4237.2021
  20
12483.25
  0
VERTEX
  5
b88
  8
Layer_0
  10
4252.2476
  20
12483.25
  0
VERTEX
  5
b89
  8
Layer_0
  10
4252.2476
  20
13026.492
  0
VERTEX
  5
b8a
  8
Layer_0
  10
4237.2021
  20
13026.492
  0
VERTEX
  5
b8b
  8
Layer_0
  10
4237.2021
  20
13038.492
  0
VERTEX
  5
b8c
  8
Layer_0
  10
4252.2476
  20
13038.492
  0
VERTEX
  5
b8d
  8
Layer_0
  10
4252.2476
  20
13239.492
  0
VERTEX
  5
b8e
  8
Layer_0
  10
4237.2021
  20
13239.492
  0
VERTEX
  5
b8f
  8
Layer_0
  10
4237.2021
  20
13251.492
  0
VERTEX
  5
b90
  8
Layer_0
  10
4197.1338
  20
13251.492
  0
SEQEND
  0
POLYLINE
  5
b92
  8
Layer_0
  62
7
  70
1
  66
1
  10
0
  20
0
  30
0
  0
VERTEX
  5
b92
  8
Layer_0
  10
3703.1309
  20
11693.008
  0
VERTEX
  5
b93
  8
Layer_0
  10
3703.1309
  20
12236.25
  0
VERTEX
  5
b94
  8
Layer_0
  10
3688.0854
  20
12236.25
  0
VERTEX
  5
b95
  8
Layer_0
  10
3688.0854
  20
12248.25
  0
VERTEX
  5
b96
  8
Layer_0
  10
3703.1309
  20
12248.25
  0
VERTEX
  5
b97
  8
Layer_0
  10
3703.1309
  20
12449.25
  0
VERTEX
  5
b98
  8
Layer_0
  10
3688.0854
  20
12449.25
  0
VERTEX
  5
b99
  8
Layer_0
  10
3688.0854
  20
12461.25
  0
VERTEX
  5
b9a
  8
Layer_0
  10
3648.0176
  20
12461.25
  0
VERTEX
  5
b9b
  8
Layer_0
  10
3647.9868
  20
12455.813
  0
VERTEX
  5
b9c
  8
Layer_0
  10
3647.8569
  20
12450.377
  0
VERTEX
  5
b9d
  8
Layer_0
  10
3647.6274
  20
12444.943
  0
VERTEX
  5
b9e
  8
Layer_0
  10
3647.2988
  20
12439.516
  0
VERTEX
  5
b9f
  8
Layer_0
  10
3646.8618
  20
12433.674
  0
VERTEX
  5
ba0
  8
Layer_0
  10
3646.3818
  20
12427.836
  0
VERTEX
  5
ba1
  8
Layer_0
  10
3645.8591
  20
12422.002
  0
VERTEX
  5
ba2
  8
Layer_0
  10
3645.2935
  20
12416.173
  0
VERTEX
  5
ba3
  8
Layer_0
  10
3644.9751
  20
12412.842
  0
VERTEX
  5
ba4
  8
Layer_0
  10
3644.509
  20
12407.843
  0
VERTEX
  5
ba5
  8
Layer_0
  10
3643.6443
  20
12399.1
  0
VERTEX
  5
ba6
  8
Layer_0
  10
3642.6099
  20
12390.375
  0
VERTEX
  5
ba7
  8
Layer_0
  10
3641.4063
  20
12381.673
  0
VERTEX
  5
ba8
  8
Layer_0
  10
3640.0332
  20
12372.995
  0
VERTEX
  5
ba9
  8
Layer_0
  10
3639.207
  20
12368.254
  0
VERTEX
  5
baa
  8
Layer_0
  10
3638.3198
  20
12363.525
  0
VERTEX
  5
bab
  8
Layer_0
  10
3637.3718
  20
12358.809
  0
VERTEX
  5
bac
  8
Layer_0
  10
3636.363
  20
12354.107
  0
VERTEX
  5
bad
  8
Layer_0
  10
3635.2939
  20
12349.418
  0
VERTEX
  5
bae
  8
Layer_0
  10
3634.1646
  20
12344.745
  0
VERTEX
  5
baf
  8
Layer_0
  10
3632.9746
  20
12340.087
  0
VERTEX
  5
bb0
  8
Layer_0
  10
3631.7251
  20
12335.445
  0
VERTEX
  5
bb1
  8
Layer_0
  10
3630.4155
  20
12330.819
  0
VERTEX
  5
bb2
  8
Layer_0
  10
3629.0466
  20
12326.211
  0
VERTEX
  5
bb3
  8
Layer_0
  10
3627.6179
  20
12321.621
  0
VERTEX
  5
bb4
  8
Layer_0
  10
3626.1299
  20
12317.049
  0
VERTEX
  5
bb5
  8
Layer_0
  10
3624.583
  20
12312.495
  0
VERTEX
  5
bb6
  8
Layer_0
  10
3622.9766
  20
12307.961
  0
VERTEX
  5
bb7
  8
Layer_0
  10
3621.3115
  20
12303.447
  0
VERTEX
  5
bb8
  8
Layer_0
  10
3619.5879
  20
12298.952
  0
VERTEX
  5
bb9
  8
Layer_0
  10
3616.1328
  20
12290.422
  0
VERTEX
  5
bba
  8
Layer_0
  10
3612.5105
  20
12281.961
  0
VERTEX
  5
bbb
  8
Layer_0
  10
3608.7222
  20
12273.573
  0
VERTEX
  5
bbc
  8
Layer_0
  10
3604.7686
  20
12265.262
  0
VERTEX
  5
bbd
  8
Layer_0
  10
3601.0669
  20
12257.758
  0
VERTEX
  5
bbe
  8
Layer_0
  10
3597.3047
  20
12250.284
  0
VERTEX
  5
bbf
  8
Layer_0
  10
3593.4819
  20
12242.842
  0
VERTEX
  5
bc0
  8
Layer_0
  10
3589.5979
  20
12235.429
  0
VERTEX
  5
bc1
  8
Layer_0
  10
3581.4307
  20
12219.869
  0
VERTEX
  5
bc2
  8
Layer_0
  10
3574.1416
  20
12205.739
  0
VERTEX
  5
bc3
  8
Layer_0
  10
3570.5701
  20
12198.639
  0
VERTEX
  5
bc4
  8
Layer_0
  10
3567.0977
  20
12191.488
  0
VERTEX
  5
bc5
  8
Layer_0
  10
3563.7246
  20
12184.29
  0
VERTEX
  5
bc6
  8
Layer_0
  10
3560.4521
  20
12177.046
  0
VERTEX
  5
bc7
  8
Layer_0
  10
3557.645
  20
12170.513
  0
VERTEX
  5
bc8
  8
Layer_0
  10
3554.9907
  20
12163.916
  0
VERTEX
  5
bc9
  8
Layer_0
  10
3552.4905
  20
12157.26
  0
VERTEX
  5
bca
  8
Layer_0
  10
3550.145
  20
12150.547
  0
VERTEX
  5
bcb
  8
Layer_0
  10
3548.4883
  20
12145.37
  0
VERTEX
  5
bcc
  8
Layer_0
  10
3546.9832
  20
12140.148
  0
VERTEX
  5
bcd
  8
Layer_0
  10
3545.6311
  20
12134.885
  0
VERTEX
  5
bce
  8
Layer_0
  10
3544.4326
  20
12129.582
  0
VERTEX
  5
bcf
  8
Layer_0
  10
3543.9019
  20
12126.912
  0
VERTEX
  5
bd0
  8
Layer_0
  10
3543.4294
  20
12124.232
  0
VERTEX
  5
bd1
  8
Layer_0
  10
3543.0156
  20
12121.543
  0
VERTEX
  5
bd2
  8
Layer_0
  10
3542.6606
  20
12118.847
  0
VERTEX
  5
bd3
  8
Layer_0
  10
3542.3645
  20
12116.144
  0
VERTEX
  5
bd4
  8
Layer_0
  10
3542.1274
  20
12113.434
  0
VERTEX
  5
bd5
  8
Layer_0
  10
3541.9492
  20
12110.719
  0
VERTEX
  5
bd6
  8
Layer_0
  10
3541.8306
  20
12107.999
  0
VERTEX
  5
bd7
  8
Layer_0
  10
3541.7966
  20
12104.66
  0
VERTEX
  5
bd8
  8
Layer_0
  10
3541.8567
  20
12101.32
  0
VERTEX
  5
bd9
  8
Layer_0
  10
3541.9409
  20
12097.557
  0
VERTEX
  5
bda
  8
Layer_0
  10
3542.105
  20
12093.796
  0
VERTEX
  5
bdb
  8
Layer_0
  10
3542.3491
  20
12090.039
  0
VERTEX
  5
bdc
  8
Layer_0
  10
3542.6731
  20
12086.288
  0
VERTEX
  5
bdd
  8
Layer_0
  10
3542.9836
  20
12083.588
  0
VERTEX
  5
bde
  8
Layer_0
  10
3543.3442
  20
12080.895
  0
VERTEX
  5
bdf
  8
Layer_0
  10
3543.7554
  20
12078.209
  0
VERTEX
  5
be0
  8
Layer_0
  10
3544.2163
  20
12075.53
  0
VERTEX
  5
be1
  8
Layer_0
  10
3544.7273
  20
12072.861
  0
VERTEX
  5
be2
  8
Layer_0
  10
3545.2881
  20
12070.203
  0
VERTEX
  5
be3
  8
Layer_0
  10
3545.8984
  20
12067.555
  0
VERTEX
  5
be4
  8
Layer_0
  10
3546.5583
  20
12064.918
  0
VERTEX
  5
be5
  8
Layer_0
  10
3548.1003
  20
12059.271
  0
VERTEX
  5
be6
  8
Layer_0
  10
3549.7734
  20
12053.662
  0
VERTEX
  5
be7
  8
Layer_0
  10
3551.5771
  20
12048.095
  0
VERTEX
  5
be8
  8
Layer_0
  10
3553.5107
  20
12042.569
  0
VERTEX
  5
be9
  8
Layer_0
  10
3555.9846
  20
12035.902
  0
VERTEX
  5
bea
  8
Layer_0
  10
3558.5535
  20
12029.271
  0
VERTEX
  5
beb
  8
Layer_0
  10
3561.2173
  20
12022.678
  0
VERTEX
  5
bec
  8
Layer_0
  10
3563.9758
  20
12016.123
  0
VERTEX
  5
bed
  8
Layer_0
  10
3567.6382
  20
12007.678
  0
VERTEX
  5
bee
  8
Layer_0
  10
3571.3574
  20
11999.259
  0
VERTEX
  5
bef
  8
Layer_0
  10
3575.1331
  20
11990.864
  0
VERTEX
  5
bf0
  8
Layer_0
  10
3578.9653
  20
11982.495
  0
VERTEX
  5
bf1
  8
Layer_0
  10
3579.6628
  20
11980.975
  0
VERTEX
  5
bf2
  8
Layer_0
  10
3588.0503
  20
11962.727
  0
VERTEX
  5
bf3
  8
Layer_0
  10
3596.3535
  20
11944.44
  0
VERTEX
  5
bf4
  8
Layer_0
  10
3600.7776
  20
11934.502
  0
VERTEX
  5
bf5
  8
Layer_0
  10
3605.093
  20
11924.518
  0
VERTEX
  5
bf6
  8
Layer_0
  10
3609.2998
  20
11914.486
  0
VERTEX
  5
bf7
  8
Layer_0
  10
3613.3977
  20
11904.409
  0
VERTEX
  5
bf8
  8
Layer_0
  10
3615.4707
  20
11899.155
  0
VERTEX
  5
bf9
  8
Layer_0
  10
3617.4929
  20
11893.882
  0
VERTEX
  5
bfa
  8
Layer_0
  10
3619.4639
  20
11888.59
  0
VERTEX
  5
bfb
  8
Layer_0
  10
3621.3833
  20
11883.278
  0
VERTEX
  5
bfc
  8
Layer_0
  10
3623.2515
  20
11877.949
  0
VERTEX
  5
bfd
  8
Layer_0
  10
3625.0681
  20
11872.602
  0
VERTEX
  5
bfe
  8
Layer_0
  10
3626.833
  20
11867.236
  0
VERTEX
  5
bff
  8
Layer_0
  10
3628.5461
  20
11861.854
  0
VERTEX
  5
c00
  8
Layer_0
  10
3630.436
  20
11855.653
  0
VERTEX
  5
c01
  8
Layer_0
  10
3632.2329
  20
11849.426
  0
VERTEX
  5
c02
  8
Layer_0
  10
3633.9363
  20
11843.173
  0
VERTEX
  5
c03
  8
Layer_0
  10
3635.5459
  20
11836.896
  0
VERTEX
  5
c04
  8
Layer_0
  10
3637.0618
  20
11830.595
  0
VERTEX
  5
c05
  8
Layer_0
  10
3638.4832
  20
11824.271
  0
VERTEX
  5
c06
  8
Layer_0
  10
3639.8103
  20
11817.927
  0
VERTEX
  5
c07
  8
Layer_0
  10
3641.0427
  20
11811.563
  0
VERTEX
  5
c08
  8
Layer_0
  10
3642.377
  20
11803.938
  0
VERTEX
  5
c09
  8
Layer_0
  10
3643.5483
  20
11796.29
  0
VERTEX
  5
c0a
  8
Layer_0
  10
3644.5562
  20
11788.62
  0
VERTEX
  5
c0b
  8
Layer_0
  10
3645.4006
  20
11780.932
  0
VERTEX
  5
c0c
  8
Layer_0
  10
3646.0811
  20
11773.226
  0
VERTEX
  5
c0d
  8
Layer_0
  10
3646.5972
  20
11765.506
  0
VERTEX
  5
c0e
  8
Layer_0
  10
3646.9492
  20
11757.776
  0
VERTEX
  5
c0f
  8
Layer_0
  10
3647.1362
  20
11750.038
  0
VERTEX
  5
c10
  8
Layer_0
  10
3647.2634
  20
11743.129
  0
VERTEX
  5
c11
  8
Layer_0
  10
3647.3857
  20
11736.218
  0
VERTEX
  5
c12
  8
Layer_0
  10
3647.6272
  20
11722.411
  0
VERTEX
  5
c13
  8
Layer_0
  10
3647.8345
  20
11708.604
  0
VERTEX
  5
c14
  8
Layer_0
  10
3647.9744
  20
11694.806
  0
VERTEX
  5
c15
  8
Layer_0
  10
3648.0186
  20
11681.008
  0
VERTEX
  5
c16
  8
Layer_0
  10
3688.0854
  20
11681.008
  0
VERTEX
  5
c17
  8
Layer_0
  10
3688.0854
  20
11693.008
  0
VERTEX
  5
c18
  8
Layer_0
  10
3703.1309
  20
11693.008
  0
SEQEND
  0
POLYLINE
  5
c1a
  8
Layer_0
  62
7
  70
1
  66
1
  10
0
  20
0
  30
0
  0
VERTEX
  5
c1a
  8
Layer_0
  10
3825.8809
  20
13251.492
  0
VERTEX
  5
c1b
  8
Layer_0
  10
3825.873
  20
13237.274
  0
VERTEX
  5
c1c
  8
Layer_0
  10
3825.8477
  20
13223.058
  0
VERTEX
  5
c1d
  8
Layer_0
  10
3825.8096
  20
13208.838
  0
VERTEX
  5
c1e
  8
Layer_0
  10
3825.7185
  20
13180.396
  0
VERTEX
  5
c1f
  8
Layer_0
  10
3825.6892
  20
13174.146
  0
VERTEX
  5
c20
  8
Layer_0
  10
3825.55
  20
13167.899
  0
VERTEX
  5
c21
  8
Layer_0
  10
3825.3003
  20
13161.657
  0
VERTEX
  5
c22
  8
Layer_0
  10
3824.9404
  20
13155.42
  0
VERTEX
  5
c23
  8
Layer_0
  10
3824.4705
  20
13149.191
  0
VERTEX
  5
c24
  8
Layer_0
  10
3823.8906
  20
13142.971
  0
VERTEX
  5
c25
  8
Layer_0
  10
3823.2009
  20
13136.76
  0
VERTEX
  5
c26
  8
Layer_0
  10
3822.4014
  20
13130.562
  0
VERTEX
  5
c27
  8
Layer_0
  10
3821.4333
  20
13123.97
  0
VERTEX
  5
c28
  8
Layer_0
  10
3820.3608
  20
13117.395
  0
VERTEX
  5
c29
  8
Layer_0
  10
3819.1841
  20
13110.84
  0
VERTEX
  5
c2a
  8
Layer_0
  10
3817.9036
  20
13104.303
  0
VERTEX
  5
c2b
  8
Layer_0
  10
3816.5193
  20
13097.787
  0
VERTEX
  5
c2c
  8
Layer_0
  10
3815.0315
  20
13091.295
  0
VERTEX
  5
c2d
  8
Layer_0
  10
3813.4407
  20
13084.826
  0
VERTEX
  5
c2e
  8
Layer_0
  10
3811.7468
  20
13078.383
  0
VERTEX
  5
c2f
  8
Layer_0
  10
3810.1323
  20
13072.562
  0
VERTEX
  5
c30
  8
Layer_0
  10
3808.4546
  20
13066.758
  0
VERTEX
  5
c31
  8
Layer_0
  10
3806.7136
  20
13060.974
  0
VERTEX
  5
c32
  8
Layer_0
  10
3804.9097
  20
13055.209
  0
VERTEX
  5
c33
  8
Layer_0
  10
3803.043
  20
13049.465
  0
VERTEX
  5
c34
  8
Layer_0
  10
3801.1135
  20
13043.74
  0
VERTEX
  5
c35
  8
Layer_0
  10
3799.1216
  20
13038.037
  0
VERTEX
  5
c36
  8
Layer_0
  10
3797.0674
  20
13032.355
  0
VERTEX
  5
c37
  8
Layer_0
  10
3793.1179
  20
13021.822
  0
VERTEX
  5
c38
  8
Layer_0
  10
3789.033
  20
13011.341
  0
VERTEX
  5
c39
  8
Layer_0
  10
3784.8132
  20
13000.913
  0
VERTEX
  5
c3a
  8
Layer_0
  10
3780.4595
  20
12990.54
  0
VERTEX
  5
c3b
  8
Layer_0
  10
3776.1787
  20
12980.591
  0
VERTEX
  5
c3c
  8
Layer_0
  10
3771.8491
  20
12970.659
  0
VERTEX
  5
c3d
  8
Layer_0
  10
3767.4717
  20
12960.748
  0
VERTEX
  5
c3e
  8
Layer_0
  10
3763.0483
  20
12950.86
  0
VERTEX
  5
c3f
  8
Layer_0
  10
3760.3279
  20
12944.774
  0
VERTEX
  5
c40
  8
Layer_0
  10
3757.6113
  20
12938.687
  0
VERTEX
  5
c41
  8
Layer_0
  10
3756.2561
  20
12935.641
  0
VERTEX
  5
c42
  8
Layer_0
  10
3754.9043
  20
12932.594
  0
VERTEX
  5
c43
  8
Layer_0
  10
3751.3677
  20
12924.592
  0
VERTEX
  5
c44
  8
Layer_0
  10
3747.8926
  20
12916.562
  0
VERTEX
  5
c45
  8
Layer_0
  10
3744.4792
  20
12908.505
  0
VERTEX
  5
c46
  8
Layer_0
  10
3741.1292
  20
12900.422
  0
VERTEX
  5
c47
  8
Layer_0
  10
3738.6479
  20
12894.236
  0
VERTEX
  5
c48
  8
Layer_0
  10
3736.26
  20
12888.014
  0
VERTEX
  5
c49
  8
Layer_0
  10
3733.9658
  20
12881.756
  0
VERTEX
  5
c4a
  8
Layer_0
  10
3731.7656
  20
12875.465
  0
VERTEX
  5
c4b
  8
Layer_0
  10
3730.0767
  20
12870.324
  0
VERTEX
  5
c4c
  8
Layer_0
  10
3728.5078
  20
12865.145
  0
VERTEX
  5
c4d
  8
Layer_0
  10
3727.0598
  20
12859.93
  0
VERTEX
  5
c4e
  8
Layer_0
  10
3725.7334
  20
12854.684
  0
VERTEX
  5
c4f
  8
Layer_0
  10
3725.0371
  20
12851.639
  0
VERTEX
  5
c50
  8
Layer_0
  10
3724.4097
  20
12848.58
  0
VERTEX
  5
c51
  8
Layer_0
  10
3723.8506
  20
12845.508
  0
VERTEX
  5
c52
  8
Layer_0
  10
3723.3604
  20
12842.425
  0
VERTEX
  5
c53
  8
Layer_0
  10
3722.9395
  20
12839.33
  0
VERTEX
  5
c54
  8
Layer_0
  10
3722.5874
  20
12836.229
  0
VERTEX
  5
c55
  8
Layer_0
  10
3722.3047
  20
12833.119
  0
VERTEX
  5
c56
  8
Layer_0
  10
3722.0916
  20
12830.002
  0
VERTEX
  5
c57
  8
Layer_0
  10
3721.9478
  20
12826.673
  0
VERTEX
  5
c58
  8
Layer_0
  10
3721.8481
  20
12823.341
  0
VERTEX
  5
c59
  8
Layer_0
  10
3721.793
  20
12820.008
  0
VERTEX
  5
c5a
  8
Layer_0
  10
3721.782
  20
12816.676
  0
VERTEX
  5
c5b
  8
Layer_0
  10
3721.772
  20
12814.174
  0
VERTEX
  5
c5c
  8
Layer_0
  10
3721.8191
  20
12811.676
  0
VERTEX
  5
c5d
  8
Layer_0
  10
3721.9233
  20
12809.178
  0
VERTEX
  5
c5e
  8
Layer_0
  10
3722.085
  20
12806.686
  0
VERTEX
  5
c5f
  8
Layer_0
  10
3722.3035
  20
12804.196
  0
VERTEX
  5
c60
  8
Layer_0
  10
3722.5789
  20
12801.713
  0
VERTEX
  5
c61
  8
Layer_0
  10
3722.9111
  20
12799.234
  0
VERTEX
  5
c62
  8
Layer_0
  10
3723.3003
  20
12796.764
  0
VERTEX
  5
c63
  8
Layer_0
  10
3724.292
  20
12791.441
  0
VERTEX
  5
c64
  8
Layer_0
  10
3725.4541
  20
12786.154
  0
VERTEX
  5
c65
  8
Layer_0
  10
3726.7859
  20
12780.908
  0
VERTEX
  5
c66
  8
Layer_0
  10
3728.2861
  20
12775.706
  0
VERTEX
  5
c67
  8
Layer_0
  10
3730.4448
  20
12768.963
  0
VERTEX
  5
c68
  8
Layer_0
  10
3732.7798
  20
12762.279
  0
VERTEX
  5
c69
  8
Layer_0
  10
3735.29
  20
12755.658
  0
VERTEX
  5
c6a
  8
Layer_0
  10
3737.9746
  20
12749.105
  0
VERTEX
  5
c6b
  8
Layer_0
  10
3740.9602
  20
12742.227
  0
VERTEX
  5
c6c
  8
Layer_0
  10
3744.0571
  20
12735.397
  0
VERTEX
  5
c6d
  8
Layer_0
  10
3747.2646
  20
12728.619
  0
VERTEX
  5
c6e
  8
Layer_0
  10
3750.582
  20
12721.894
  0
VERTEX
  5
c6f
  8
Layer_0
  10
3754.1655
  20
12714.834
  0
VERTEX
  5
c70
  8
Layer_0
  10
3757.7922
  20
12707.797
  0
VERTEX
  5
c71
  8
Layer_0
  10
3761.4624
  20
12700.783
  0
VERTEX
  5
c72
  8
Layer_0
  10
3765.1758
  20
12693.792
  0
VERTEX
  5
c73
  8
Layer_0
  10
3768.2971
  20
12687.901
  0
VERTEX
  5
c74
  8
Layer_0
  10
3769.8547
  20
12684.955
  0
VERTEX
  5
c75
  8
Layer_0
  10
3773.5435
  20
12677.95
  0
VERTEX
  5
c76
  8
Layer_0
  10
3777.168
  20
12670.912
  0
VERTEX
  5
c77
  8
Layer_0
  10
3780.728
  20
12663.841
  0
VERTEX
  5
c78
  8
Layer_0
  10
3784.2229
  20
12656.739
  0
VERTEX
  5
c79
  8
Layer_0
  10
3788.1396
  20
12648.452
  0
VERTEX
  5
c7a
  8
Layer_0
  10
3791.8745
  20
12640.083
  0
VERTEX
  5
c7b
  8
Layer_0
  10
3795.4258
  20
12631.634
  0
VERTEX
  5
c7c
  8
Layer_0
  10
3798.793
  20
12623.109
  0
VERTEX
  5
c7d
  8
Layer_0
  10
3801.3071
  20
12616.266
  0
VERTEX
  5
c7e
  8
Layer_0
  10
3803.6824
  20
12609.375
  0
VERTEX
  5
c7f
  8
Layer_0
  10
3805.9185
  20
12602.439
  0
VERTEX
  5
c80
  8
Layer_0
  10
3808.0151
  20
12595.461
  0
VERTEX
  5
c81
  8
Layer_0
  10
3809.9712
  20
12588.443
  0
VERTEX
  5
c82
  8
Layer_0
  10
3811.7859
  20
12581.385
  0
VERTEX
  5
c83
  8
Layer_0
  10
3813.4592
  20
12574.291
  0
VERTEX
  5
c84
  8
Layer_0
  10
3814.9905
  20
12567.164
  0
VERTEX
  5
c85
  8
Layer_0
  10
3816.083
  20
12561.646
  0
VERTEX
  5
c86
  8
Layer_0
  10
3817.1094
  20
12556.116
  0
VERTEX
  5
c87
  8
Layer_0
  10
3818.0698
  20
12550.575
  0
VERTEX
  5
c88
  8
Layer_0
  10
3818.9646
  20
12545.023
  0
VERTEX
  5
c89
  8
Layer_0
  10
3819.793
  20
12539.461
  0
VERTEX
  5
c8a
  8
Layer_0
  10
3820.5552
  20
12533.889
  0
VERTEX
  5
c8b
  8
Layer_0
  10
3821.251
  20
12528.307
  0
VERTEX
  5
c8c
  8
Layer_0
  10
3821.8804
  20
12522.719
  0
VERTEX
  5
c8d
  8
Layer_0
  10
3822.4216
  20
12517.748
  0
VERTEX
  5
c8e
  8
Layer_0
  10
3823.801
  20
12505.325
  0
VERTEX
  5
c8f
  8
Layer_0
  10
3824.8516
  20
12494.544
  0
VERTEX
  5
c90
  8
Layer_0
  10
3825.3105
  20
12488.73
  0
VERTEX
  5
c91
  8
Layer_0
  10
3825.6353
  20
12482.908
  0
VERTEX
  5
c92
  8
Layer_0
  10
3825.8257
  20
12477.082
  0
VERTEX
  5
c93
  8
Layer_0
  10
3825.8818
  20
12471.25
  0
VERTEX
  5
c94
  8
Layer_0
  10
3865.9487
  20
12471.25
  0
VERTEX
  5
c95
  8
Layer_0
  10
3865.9487
  20
12483.25
  0
VERTEX
  5
c96
  8
Layer_0
  10
3880.9944
  20
12483.25
  0
VERTEX
  5
c97
  8
Layer_0
  10
3880.9944
  20
13026.492
  0
VERTEX
  5
c98
  8
Layer_0
  10
3865.9487
  20
13026.492
  0
VERTEX
  5
c99
  8
Layer_0
  10
3865.9487
  20
13038.492
  0
VERTEX
  5
c9a
  8
Layer_0
  10
3880.9944
  20
13038.492
  0
VERTEX
  5
c9b
  8
Layer_0
  10
3880.9944
  20
13239.492
  0
VERTEX
  5
c9c
  8
Layer_0
  10
3865.9487
  20
13239.492
  0
VERTEX
  5
c9d
  8
Layer_0
  10
3865.9487
  20
13251.492
  0
VERTEX
  5
c9e
  8
Layer_0
  10
3825.8809
  20
13251.492
  0
SEQEND
  0
POLYLINE
  5
ca0
  8
Layer_0
  62
7
  70
1
  66
1
  10
0
  20
0
  30
0
  0
VERTEX
  5
ca0
  8
Layer_0
  10
3466.0815
  20
12461.25
  0
VERTEX
  5
ca1
  8
Layer_0
  10
3466.0854
  20
12459.568
  0
VERTEX
  5
ca2
  8
Layer_0
  10
3465.9993
  20
12452.424
  0
VERTEX
  5
ca3
  8
Layer_0
  10
3465.7981
  20
12445.283
  0
VERTEX
  5
ca4
  8
Layer_0
  10
3465.4822
  20
12438.147
  0
VERTEX
  5
ca5
  8
Layer_0
  10
3465.0515
  20
12431.016
  0
VERTEX
  5
ca6
  8
Layer_0
  10
3463.918
  20
12415.082
  0
VERTEX
  5
ca7
  8
Layer_0
  10
3462.7036
  20
12399.152
  0
VERTEX
  5
ca8
  8
Layer_0
  10
3461.9829
  20
12390.988
  0
VERTEX
  5
ca9
  8
Layer_0
  10
3461.0894
  20
12382.843
  0
VERTEX
  5
caa
  8
Layer_0
  10
3460.0229
  20
12374.721
  0
VERTEX
  5
cab
  8
Layer_0
  10
3458.7839
  20
12366.623
  0
VERTEX
  5
cac
  8
Layer_0
  10
3457.373
  20
12358.554
  0
VERTEX
  5
cad
  8
Layer_0
  10
3455.7908
  20
12350.517
  0
VERTEX
  5
cae
  8
Layer_0
  10
3454.0371
  20
12342.512
  0
VERTEX
  5
caf
  8
Layer_0
  10
3452.1133
  20
12334.544
  0
VERTEX
  5
cb0
  8
Layer_0
  10
3450.394
  20
12328.043
  0
VERTEX
  5
cb1
  8
Layer_0
  10
3448.5645
  20
12321.572
  0
VERTEX
  5
cb2
  8
Layer_0
  10
3446.625
  20
12315.137
  0
VERTEX
  5
cb3
  8
Layer_0
  10
3444.5757
  20
12308.734
  0
VERTEX
  5
cb4
  8
Layer_0
  10
3442.4175
  20
12302.368
  0
VERTEX
  5
cb5
  8
Layer_0
  10
3440.1509
  20
12296.039
  0
VERTEX
  5
cb6
  8
Layer_0
  10
3437.7759
  20
12289.748
  0
VERTEX
  5
cb7
  8
Layer_0
  10
3435.2935
  20
12283.498
  0
VERTEX
  5
cb8
  8
Layer_0
  10
3431.7336
  20
12274.964
  0
VERTEX
  5
cb9
  8
Layer_0
  10
3428.033
  20
12266.49
  0
VERTEX
  5
cba
  8
Layer_0
  10
3424.1924
  20
12258.078
  0
VERTEX
  5
cbb
  8
Layer_0
  10
3420.2126
  20
12249.731
  0
VERTEX
  5
cbc
  8
Layer_0
  10
3416.3198
  20
12241.809
  0
VERTEX
  5
cbd
  8
Layer_0
  10
3412.3774
  20
12233.911
  0
VERTEX
  5
cbe
  8
Layer_0
  10
3408.3853
  20
12226.038
  0
VERTEX
  5
cbf
  8
Layer_0
  10
3404.3428
  20
12218.19
  0
VERTEX
  5
cc0
  8
Layer_0
  10
3401.2651
  20
12212.211
  0
VERTEX
  5
cc1
  8
Layer_0
  10
3399.728
  20
12209.22
  0
VERTEX
  5
cc2
  8
Layer_0
  10
3398.1929
  20
12206.228
  0
VERTEX
  5
cc3
  8
Layer_0
  10
3396.6616
  20
12203.233
  0
VERTEX
  5
cc4
  8
Layer_0
  10
3395.1353
  20
12200.238
  0
VERTEX
  5
cc5
  8
Layer_0
  10
3391.3379
  20
12192.738
  0
VERTEX
  5
cc6
  8
Layer_0
  10
3387.6172
  20
12185.199
  0
VERTEX
  5
cc7
  8
Layer_0
  10
3383.9731
  20
12177.623
  0
VERTEX
  5
cc8
  8
Layer_0
  10
3380.406
  20
12170.011
  0
VERTEX
  5
cc9
  8
Layer_0
  10
3377.4697
  20
12163.497
  0
VERTEX
  5
cca
  8
Layer_0
  10
3374.6545
  20
12156.932
  0
VERTEX
  5
ccb
  8
Layer_0
  10
3371.9609
  20
12150.314
  0
VERTEX
  5
ccc
  8
Layer_0
  10
3369.3896
  20
12143.648
  0
VERTEX
  5
ccd
  8
Layer_0
  10
3367.396
  20
12138.115
  0
VERTEX
  5
cce
  8
Layer_0
  10
3365.5508
  20
12132.531
  0
VERTEX
  5
ccf
  8
Layer_0
  10
3363.855
  20
12126.9
  0
VERTEX
  5
cd0
  8
Layer_0
  10
3362.3091
  20
12121.227
  0
VERTEX
  5
cd1
  8
Layer_0
  10
3361.3657
  20
12117.346
  0
VERTEX
  5
cd2
  8
Layer_0
  10
3360.5356
  20
12113.441
  0
VERTEX
  5
cd3
  8
Layer_0
  10
3359.8196
  20
12109.517
  0
VERTEX
  5
cd4
  8
Layer_0
  10
3359.2178
  20
12105.572
  0
VERTEX
  5
cd5
  8
Layer_0
  10
3358.7305
  20
12101.613
  0
VERTEX
  5
cd6
  8
Layer_0
  10
3358.3584
  20
12097.641
  0
VERTEX
  5
cd7
  8
Layer_0
  10
3358.1013
  20
12093.657
  0
VERTEX
  5
cd8
  8
Layer_0
  10
3357.96
  20
12089.666
  0
VERTEX
  5
cd9
  8
Layer_0
  10
3357.9951
  20
12087.141
  0
VERTEX
  5
cda
  8
Layer_0
  10
3358.0835
  20
12084.615
  0
VERTEX
  5
cdb
  8
Layer_0
  10
3358.2744
  20
12079.996
  0
VERTEX
  5
cdc
  8
Layer_0
  10
3358.605
  20
12075.386
  0
VERTEX
  5
cdd
  8
Layer_0
  10
3359.0747
  20
12070.788
  0
VERTEX
  5
cde
  8
Layer_0
  10
3359.6833
  20
12066.205
  0
VERTEX
  5
cdf
  8
Layer_0
  10
3360.543
  20
12061.238
  0
VERTEX
  5
ce0
  8
Layer_0
  10
3361.5588
  20
12056.303
  0
VERTEX
  5
ce1
  8
Layer_0
  10
3362.7302
  20
12051.401
  0
VERTEX
  5
ce2
  8
Layer_0
  10
3364.0562
  20
12046.538
  0
VERTEX
  5
ce3
  8
Layer_0
  10
3365.8835
  20
12040.507
  0
VERTEX
  5
ce4
  8
Layer_0
  10
3367.8467
  20
12034.52
  0
VERTEX
  5
ce5
  8
Layer_0
  10
3369.9451
  20
12028.576
  0
VERTEX
  5
ce6
  8
Layer_0
  10
3372.178
  20
12022.684
  0
VERTEX
  5
ce7
  8
Layer_0
  10
3375.1418
  20
12015.268
  0
VERTEX
  5
ce8
  8
Layer_0
  10
3378.2092
  20
12007.895
  0
VERTEX
  5
ce9
  8
Layer_0
  10
3381.3796
  20
12000.566
  0
VERTEX
  5
cea
  8
Layer_0
  10
3384.6528
  20
11993.281
  0
VERTEX
  5
ceb
  8
Layer_0
  10
3388.5198
  20
11984.882
  0
VERTEX
  5
cec
  8
Layer_0
  10
3392.4297
  20
11976.501
  0
VERTEX
  5
ced
  8
Layer_0
  10
3396.3818
  20
11968.14
  0
VERTEX
  5
cee
  8
Layer_0
  10
3400.3748
  20
11959.799
  0
VERTEX
  5
cef
  8
Layer_0
  10
3404.7251
  20
11950.697
  0
VERTEX
  5
cf0
  8
Layer_0
  10
3406.1729
  20
11947.661
  0
VERTEX
  5
cf1
  8
Layer_0
  10
3407.6177
  20
11944.625
  0
VERTEX
  5
cf2
  8
Layer_0
  10
3409.0591
  20
11941.587
  0
VERTEX
  5
cf3
  8
Layer_0
  10
3413.3647
  20
11932.464
  0
VERTEX
  5
cf4
  8
Layer_0
  10
3417.5908
  20
11923.303
  0
VERTEX
  5
cf5
  8
Layer_0
  10
3421.7368
  20
11914.106
  0
VERTEX
  5
cf6
  8
Layer_0
  10
3425.8027
  20
11904.874
  0
VERTEX
  5
cf7
  8
Layer_0
  10
3427.9607
  20
11899.853
  0
VERTEX
  5
cf8
  8
Layer_0
  10
3430.0723
  20
11894.813
  0
VERTEX
  5
cf9
  8
Layer_0
  10
3432.1372
  20
11889.755
  0
VERTEX
  5
cfa
  8
Layer_0
  10
3434.1558
  20
11884.678
  0
VERTEX
  5
cfb
  8
Layer_0
  10
3436.1277
  20
11879.582
  0
VERTEX
  5
cfc
  8
Layer_0
  10
3438.0527
  20
11874.469
  0
VERTEX
  5
cfd
  8
Layer_0
  10
3439.9309
  20
11869.338
  0
VERTEX
  5
cfe
  8
Layer_0
  10
3441.7617
  20
11864.188
  0
VERTEX
  5
cff
  8
Layer_0
  10
3443.8015
  20
11858.225
  0
VERTEX
  5
d00
  8
Layer_0
  10
3445.7537
  20
11852.232
  0
VERTEX
  5
d01
  8
Layer_0
  10
3447.6182
  20
11846.213
  0
VERTEX
  5
d02
  8
Layer_0
  10
3449.3945
  20
11840.166
  0
VERTEX
  5
d03
  8
Layer_0
  10
3451.0825
  20
11834.095
  0
VERTEX
  5
d04
  8
Layer_0
  10
3452.6821
  20
11827.998
  0
VERTEX
  5
d05
  8
Layer_0
  10
3454.1926
  20
11821.879
  0
VERTEX
  5
d06
  8
Layer_0
  10
3455.6143
  20
11815.738
  0
VERTEX
  5
d07
  8
Layer_0
  10
3456.5308
  20
11811.526
  0
VERTEX
  5
d08
  8
Layer_0
  10
3457.3984
  20
11807.307
  0
VERTEX
  5
d09
  8
Layer_0
  10
3458.2163
  20
11803.077
  0
VERTEX
  5
d0a
  8
Layer_0
  10
3458.9854
  20
11798.84
  0
VERTEX
  5
d0b
  8
Layer_0
  10
3459.7051
  20
11794.594
  0
VERTEX
  5
d0c
  8
Layer_0
  10
3460.3752
  20
11790.341
  0
VERTEX
  5
d0d
  8
Layer_0
  10
3460.9956
  20
11786.08
  0
VERTEX
  5
d0e
  8
Layer_0
  10
3461.5669
  20
11781.813
  0
VERTEX
  5
d0f
  8
Layer_0
  10
3462.0884
  20
11777.539
  0
VERTEX
  5
d10
  8
Layer_0
  10
3462.5601
  20
11773.26
  0
VERTEX
  5
d11
  8
Layer_0
  10
3462.9824
  20
11768.975
  0
VERTEX
  5
d12
  8
Layer_0
  10
3463.3547
  20
11764.685
  0
VERTEX
  5
d13
  8
Layer_0
  10
3463.6772
  20
11760.39
  0
VERTEX
  5
d14
  8
Layer_0
  10
3463.9502
  20
11756.091
  0
VERTEX
  5
d15
  8
Layer_0
  10
3464.1731
  20
11751.788
  0
VERTEX
  5
d16
  8
Layer_0
  10
3464.3457
  20
11747.482
  0
VERTEX
  5
d17
  8
Layer_0
  10
3464.4729
  20
11744.16
  0
VERTEX
  5
d18
  8
Layer_0
  10
3464.5947
  20
11740.837
  0
VERTEX
  5
d19
  8
Layer_0
  10
3465.1353
  20
11725.884
  0
VERTEX
  5
d1a
  8
Layer_0
  10
3465.2522
  20
11722.561
  0
VERTEX
  5
d1b
  8
Layer_0
  10
3465.3655
  20
11719.237
  0
VERTEX
  5
d1c
  8
Layer_0
  10
3465.6721
  20
11709.684
  0
VERTEX
  5
d1d
  8
Layer_0
  10
3465.8938
  20
11700.126
  0
VERTEX
  5
d1e
  8
Layer_0
  10
3466.0305
  20
11690.567
  0
VERTEX
  5
d1f
  8
Layer_0
  10
3466.0825
  20
11681.008
  0
VERTEX
  5
d20
  8
Layer_0
  10
3506.1494
  20
11681.008
  0
VERTEX
  5
d21
  8
Layer_0
  10
3506.1494
  20
11693.008
  0
VERTEX
  5
d22
  8
Layer_0
  10
3521.1951
  20
11693.008
  0
VERTEX
  5
d23
  8
Layer_0
  10
3521.1951
  20
12236.25
  0
VERTEX
  5
d24
  8
Layer_0
  10
3506.1494
  20
12236.25
  0
VERTEX
  5
d25
  8
Layer_0
  10
3506.1494
  20
12248.25
  0
VERTEX
  5
d26
  8
Layer_0
  10
3521.1951
  20
12248.25
  0
VERTEX
  5
d27
  8
Layer_0
  10
3521.1951
  20
12449.25
  0
VERTEX
  5
d28
  8
Layer_0
  10
3506.1494
  20
12449.25
  0
VERTEX
  5
d29
  8
Layer_0
  10
3506.1494
  20
12461.25
  0
VERTEX
  5
d2a
  8
Layer_0
  10
3466.0815
  20
12461.25
  0
SEQEND
  0
POLYLINE
  5
d2c
  8
Layer_0
  62
7
  70
1
  66
1
  10
0
  20
0
  30
0
  0
VERTEX
  5
d2c
  8
Layer_0
  10
3283.4712
  20
12461.25
  0
VERTEX
  5
d2d
  8
Layer_0
  10
3283.4375
  20
12454.049
  0
VERTEX
  5
d2e
  8
Layer_0
  10
3283.3218
  20
12446.849
  0
VERTEX
  5
d2f
  8
Layer_0
  10
3283.124
  20
12439.649
  0
VERTEX
  5
d30
  8
Layer_0
  10
3282.8442
  20
12432.454
  0
VERTEX
  5
d31
  8
Layer_0
  10
3281.9851
  20
12414.684
  0
VERTEX
  5
d32
  8
Layer_0
  10
3281.0352
  20
12396.915
  0
VERTEX
  5
d33
  8
Layer_0
  10
3280.7642
  20
12392.262
  0
VERTEX
  5
d34
  8
Layer_0
  10
3280.4355
  20
12387.613
  0
VERTEX
  5
d35
  8
Layer_0
  10
3280.0493
  20
12382.971
  0
VERTEX
  5
d36
  8
Layer_0
  10
3279.6052
  20
12378.334
  0
VERTEX
  5
d37
  8
Layer_0
  10
3279.1035
  20
12373.704
  0
VERTEX
  5
d38
  8
Layer_0
  10
3278.5442
  20
12369.081
  0
VERTEX
  5
d39
  8
Layer_0
  10
3277.9275
  20
12364.467
  0
VERTEX
  5
d3a
  8
Layer_0
  10
3277.2534
  20
12359.859
  0
VERTEX
  5
d3b
  8
Layer_0
  10
3276.522
  20
12355.262
  0
VERTEX
  5
d3c
  8
Layer_0
  10
3275.7334
  20
12350.673
  0
VERTEX
  5
d3d
  8
Layer_0
  10
3274.8877
  20
12346.094
  0
VERTEX
  5
d3e
  8
Layer_0
  10
3273.9849
  20
12341.525
  0
VERTEX
  5
d3f
  8
Layer_0
  10
3273.0251
  20
12336.967
  0
VERTEX
  5
d40
  8
Layer_0
  10
3272.0088
  20
12332.42
  0
VERTEX
  5
d41
  8
Layer_0
  10
3270.9353
  20
12327.887
  0
VERTEX
  5
d42
  8
Layer_0
  10
3269.8052
  20
12323.364
  0
VERTEX
  5
d43
  8
Layer_0
  10
3268.1738
  20
12317.223
  0
VERTEX
  5
d44
  8
Layer_0
  10
3266.4512
  20
12311.109
  0
VERTEX
  5
d45
  8
Layer_0
  10
3264.6367
  20
12305.022
  0
VERTEX
  5
d46
  8
Layer_0
  10
3262.7314
  20
12298.963
  0
VERTEX
  5
d47
  8
Layer_0
  10
3260.7356
  20
12292.933
  0
VERTEX
  5
d48
  8
Layer_0
  10
3258.6492
  20
12286.934
  0
VERTEX
  5
d49
  8
Layer_0
  10
3256.4727
  20
12280.965
  0
VERTEX
  5
d4a
  8
Layer_0
  10
3254.2065
  20
12275.029
  0
VERTEX
  5
d4b
  8
Layer_0
  10
3250.4277
  20
12265.592
  0
VERTEX
  5
d4c
  8
Layer_0
  10
3246.4927
  20
12256.219
  0
VERTEX
  5
d4d
  8
Layer_0
  10
3242.4021
  20
12246.912
  0
VERTEX
  5
d4e
  8
Layer_0
  10
3238.157
  20
12237.673
  0
VERTEX
  5
d4f
  8
Layer_0
  10
3234.168
  20
12229.249
  0
VERTEX
  5
d50
  8
Layer_0
  10
3230.125
  20
12220.853
  0
VERTEX
  5
d51
  8
Layer_0
  10
3226.0286
  20
12212.481
  0
VERTEX
  5
d52
  8
Layer_0
  10
3213.2026
  20
12186.688
  0
VERTEX
  5
d53
  8
Layer_0
  10
3205.3953
  20
12170.699
  0
VERTEX
  5
d54
  8
Layer_0
  10
3201.9331
  20
12163.434
  0
VERTEX
  5
d55
  8
Layer_0
  10
3198.5618
  20
12156.126
  0
VERTEX
  5
d56
  8
Layer_0
  10
3195.282
  20
12148.776
  0
VERTEX
  5
d57
  8
Layer_0
  10
3192.0947
  20
12141.386
  0
VERTEX
  5
d58
  8
Layer_0
  10
3189.5132
  20
12135.12
  0
VERTEX
  5
d59
  8
Layer_0
  10
3187.0674
  20
12128.802
  0
VERTEX
  5
d5a
  8
Layer_0
  10
3184.7578
  20
12122.432
  0
VERTEX
  5
d5b
  8
Layer_0
  10
3182.5859
  20
12116.013
  0
VERTEX
  5
d5c
  8
Layer_0
  10
3180.9587
  20
12110.757
  0
VERTEX
  5
d5d
  8
Layer_0
  10
3179.4966
  20
12105.453
  0
VERTEX
  5
d5e
  8
Layer_0
  10
3178.2004
  20
12100.105
  0
VERTEX
  5
d5f
  8
Layer_0
  10
3177.071
  20
12094.72
  0
VERTEX
  5
d60
  8
Layer_0
  10
3176.5947
  20
12092.007
  0
VERTEX
  5
d61
  8
Layer_0
  10
3176.1704
  20
12089.287
  0
VERTEX
  5
d62
  8
Layer_0
  10
3175.7988
  20
12086.56
  0
VERTEX
  5
d63
  8
Layer_0
  10
3175.4795
  20
12083.826
  0
VERTEX
  5
d64
  8
Layer_0
  10
3175.2129
  20
12081.087
  0
VERTEX
  5
d65
  8
Layer_0
  10
3174.9988
  20
12078.343
  0
VERTEX
  5
d66
  8
Layer_0
  10
3174.8376
  20
12075.595
  0
VERTEX
  5
d67
  8
Layer_0
  10
3174.7292
  20
12072.843
  0
VERTEX
  5
d68
  8
Layer_0
  10
3174.6567
  20
12071.15
  0
VERTEX
  5
d69
  8
Layer_0
  10
3174.6365
  20
12069.455
  0
VERTEX
  5
d6a
  8
Layer_0
  10
3174.668
  20
12067.762
  0
VERTEX
  5
d6b
  8
Layer_0
  10
3174.9622
  20
12061.839
  0
VERTEX
  5
d6c
  8
Layer_0
  10
3175.2966
  20
12057.617
  0
VERTEX
  5
d6d
  8
Layer_0
  10
3175.7544
  20
12053.407
  0
VERTEX
  5
d6e
  8
Layer_0
  10
3176.335
  20
12049.211
  0
VERTEX
  5
d6f
  8
Layer_0
  10
3177.2173
  20
12044.207
  0
VERTEX
  5
d70
  8
Layer_0
  10
3178.2588
  20
12039.236
  0
VERTEX
  5
d71
  8
Layer_0
  10
3179.459
  20
12034.302
  0
VERTEX
  5
d72
  8
Layer_0
  10
3180.8171
  20
12029.406
  0
VERTEX
  5
d73
  8
Layer_0
  10
3182.6885
  20
12023.336
  0
VERTEX
  5
d74
  8
Layer_0
  10
3184.7017
  20
12017.313
  0
VERTEX
  5
d75
  8
Layer_0
  10
3186.856
  20
12011.338
  0
VERTEX
  5
d76
  8
Layer_0
  10
3189.1501
  20
12005.415
  0
VERTEX
  5
d77
  8
Layer_0
  10
3192.2007
  20
11997.967
  0
VERTEX
  5
d78
  8
Layer_0
  10
3195.3647
  20
11990.568
  0
VERTEX
  5
d79
  8
Layer_0
  10
3198.6418
  20
11983.217
  0
VERTEX
  5
d7a
  8
Layer_0
  10
3202.0313
  20
11975.918
  0
VERTEX
  5
d7b
  8
Layer_0
  10
3205.8584
  20
11967.887
  0
VERTEX
  5
d7c
  8
Layer_0
  10
3209.7312
  20
11959.878
  0
VERTEX
  5
d7d
  8
Layer_0
  10
3213.6504
  20
11951.893
  0
VERTEX
  5
d7e
  8
Layer_0
  10
3218.3711
  20
11942.411
  0
VERTEX
  5
d7f
  8
Layer_0
  10
3226.283
  20
11926.475
  0
VERTEX
  5
d80
  8
Layer_0
  10
3234.0671
  20
11910.476
  0
VERTEX
  5
d81
  8
Layer_0
  10
3238.2351
  20
11901.668
  0
VERTEX
  5
d82
  8
Layer_0
  10
3242.2813
  20
11892.806
  0
VERTEX
  5
d83
  8
Layer_0
  10
3246.2051
  20
11883.889
  0
VERTEX
  5
d84
  8
Layer_0
  10
3250.0063
  20
11874.918
  0
VERTEX
  5
d85
  8
Layer_0
  10
3252.165
  20
11869.623
  0
VERTEX
  5
d86
  8
Layer_0
  10
3254.2561
  20
11864.299
  0
VERTEX
  5
d87
  8
Layer_0
  10
3256.2798
  20
11858.951
  0
VERTEX
  5
d88
  8
Layer_0
  10
3258.2354
  20
11853.578
  0
VERTEX
  5
d89
  8
Layer_0
  10
3260.1226
  20
11848.182
  0
VERTEX
  5
d8a
  8
Layer_0
  10
3261.9419
  20
11842.76
  0
VERTEX
  5
d8b
  8
Layer_0
  10
3263.6924
  20
11837.316
  0
VERTEX
  5
d8c
  8
Layer_0
  10
3265.3743
  20
11831.851
  0
VERTEX
  5
d8d
  8
Layer_0
  10
3266.8616
  20
11826.766
  0
VERTEX
  5
d8e
  8
Layer_0
  10
3268.2776
  20
11821.664
  0
VERTEX
  5
d8f
  8
Layer_0
  10
3269.6221
  20
11816.543
  0
VERTEX
  5
d90
  8
Layer_0
  10
3270.895
  20
11811.406
  0
VERTEX
  5
d91
  8
Layer_0
  10
3272.0962
  20
11806.252
  0
VERTEX
  5
d92
  8
Layer_0
  10
3273.2256
  20
11801.084
  0
VERTEX
  5
d93
  8
Layer_0
  10
3274.2827
  20
11795.9
  0
VERTEX
  5
d94
  8
Layer_0
  10
3275.2678
  20
11790.702
  0
VERTEX
  5
d95
  8
Layer_0
  10
3276.1807
  20
11785.491
  0
VERTEX
  5
d96
  8
Layer_0
  10
3277.0208
  20
11780.268
  0
VERTEX
  5
d97
  8
Layer_0
  10
3277.7886
  20
11775.033
  0
VERTEX
  5
d98
  8
Layer_0
  10
3278.4834
  20
11769.787
  0
VERTEX
  5
d99
  8
Layer_0
  10
3279.1055
  20
11764.531
  0
VERTEX
  5
d9a
  8
Layer_0
  10
3279.6548
  20
11759.266
  0
VERTEX
  5
d9b
  8
Layer_0
  10
3280.1309
  20
11753.992
  0
VERTEX
  5
d9c
  8
Layer_0
  10
3280.5334
  20
11748.711
  0
VERTEX
  5
d9d
  8
Layer_0
  10
3281.6064
  20
11730.951
  0
VERTEX
  5
d9e
  8
Layer_0
  10
3282.5938
  20
11713.186
  0
VERTEX
  5
d9f
  8
Layer_0
  10
3282.9751
  20
11705.146
  0
VERTEX
  5
da0
  8
Layer_0
  10
3283.2485
  20
11697.103
  0
VERTEX
  5
da1
  8
Layer_0
  10
3283.4143
  20
11689.057
  0
VERTEX
  5
da2
  8
Layer_0
  10
3283.4722
  20
11681.008
  0
VERTEX
  5
da3
  8
Layer_0
  10
3323.5391
  20
11681.008
  0
VERTEX
  5
da4
  8
Layer_0
  10
3323.5391
  20
11693.008
  0
VERTEX
  5
da5
  8
Layer_0
  10
3338.585
  20
11693.008
  0
VERTEX
  5
da6
  8
Layer_0
  10
3338.585
  20
12236.25
  0
VERTEX
  5
da7
  8
Layer_0
  10
3323.5391
  20
12236.25
  0
VERTEX
  5
da8
  8
Layer_0
  10
3323.5391
  20
12248.25
  0
VERTEX
  5
da9
  8
Layer_0
  10
3338.585
  20
12248.25
  0
VERTEX
  5
daa
  8
Layer_0
  10
3338.585
  20
12449.25
  0
VERTEX
  5
dab
  8
Layer_0
  10
3323.5391
  20
12449.25
  0
VERTEX
  5
dac
  8
Layer_0
  10
3323.5391
  20
12461.25
  0
VERTEX
  5
dad
  8
Layer_0
  10
3283.4712
  20
12461.25
  0
SEQEND
  0
POLYLINE
  5
daf
  8
Layer_0
  62
7
  70
1
  66
1
  10
0
  20
0
  30
0
  0
VERTEX
  5
daf
  8
Layer_0
  10
3460.5872
  20
13251.492
  0
VERTEX
  5
db0
  8
Layer_0
  10
3460.5747
  20
13237.33
  0
VERTEX
  5
db1
  8
Layer_0
  10
3460.5334
  20
13223.17
  0
VERTEX
  5
db2
  8
Layer_0
  10
3460.4722
  20
13209.006
  0
VERTEX
  5
db3
  8
Layer_0
  10
3460.4001
  20
13194.841
  0
VERTEX
  5
db4
  8
Layer_0
  10
3460.3257
  20
13180.672
  0
VERTEX
  5
db5
  8
Layer_0
  10
3460.2861
  20
13174.627
  0
VERTEX
  5
db6
  8
Layer_0
  10
3460.1436
  20
13168.586
  0
VERTEX
  5
db7
  8
Layer_0
  10
3459.8979
  20
13162.548
  0
VERTEX
  5
db8
  8
Layer_0
  10
3459.5498
  20
13156.517
  0
VERTEX
  5
db9
  8
Layer_0
  10
3459.0986
  20
13150.492
  0
VERTEX
  5
dba
  8
Layer_0
  10
3458.5444
  20
13144.475
  0
VERTEX
  5
dbb
  8
Layer_0
  10
3457.8877
  20
13138.468
  0
VERTEX
  5
dbc
  8
Layer_0
  10
3457.1289
  20
13132.471
  0
VERTEX
  5
dbd
  8
Layer_0
  10
3456.177
  20
13125.873
  0
VERTEX
  5
dbe
  8
Layer_0
  10
3455.1201
  20
13119.293
  0
VERTEX
  5
dbf
  8
Layer_0
  10
3453.9587
  20
13112.732
  0
VERTEX
  5
dc0
  8
Layer_0
  10
3452.6926
  20
13106.189
  0
VERTEX
  5
dc1
  8
Layer_0
  10
3451.3225
  20
13099.668
  0
VERTEX
  5
dc2
  8
Layer_0
  10
3449.8484
  20
13093.17
  0
VERTEX
  5
dc3
  8
Layer_0
  10
3448.2705
  20
13086.695
  0
VERTEX
  5
dc4
  8
Layer_0
  10
3446.5891
  20
13080.244
  0
VERTEX
  5
dc5
  8
Layer_0
  10
3444.9851
  20
13074.416
  0
VERTEX
  5
dc6
  8
Layer_0
  10
3443.3174
  20
13068.606
  0
VERTEX
  5
dc7
  8
Layer_0
  10
3441.5857
  20
13062.817
  0
VERTEX
  5
dc8
  8
Layer_0
  10
3439.7903
  20
13057.046
  0
VERTEX
  5
dc9
  8
Layer_0
  10
3437.9316
  20
13051.296
  0
VERTEX
  5
dca
  8
Layer_0
  10
3436.0095
  20
13045.566
  0
VERTEX
  5
dcb
  8
Layer_0
  10
3434.0242
  20
13039.857
  0
VERTEX
  5
dcc
  8
Layer_0
  10
3431.9761
  20
13034.17
  0
VERTEX
  5
dcd
  8
Layer_0
  10
3428.0364
  20
13023.627
  0
VERTEX
  5
dce
  8
Layer_0
  10
3423.9595
  20
13013.138
  0
VERTEX
  5
dcf
  8
Layer_0
  10
3419.7456
  20
13002.703
  0
VERTEX
  5
dd0
  8
Layer_0
  10
3415.3955
  20
12992.322
  0
VERTEX
  5
dd1
  8
Layer_0
  10
3411.1162
  20
12982.365
  0
VERTEX
  5
dd2
  8
Layer_0
  10
3406.7881
  20
12972.428
  0
VERTEX
  5
dd3
  8
Layer_0
  10
3402.4106
  20
12962.513
  0
VERTEX
  5
dd4
  8
Layer_0
  10
3397.9846
  20
12952.619
  0
VERTEX
  5
dd5
  8
Layer_0
  10
3393.2222
  20
12941.963
  0
VERTEX
  5
dd6
  8
Layer_0
  10
3391.8643
  20
12938.917
  0
VERTEX
  5
dd7
  8
Layer_0
  10
3390.5088
  20
12935.87
  0
VERTEX
  5
dd8
  8
Layer_0
  10
3389.1572
  20
12932.821
  0
VERTEX
  5
dd9
  8
Layer_0
  10
3385.6208
  20
12924.813
  0
VERTEX
  5
dda
  8
Layer_0
  10
3382.1489
  20
12916.778
  0
VERTEX
  5
ddb
  8
Layer_0
  10
3378.7412
  20
12908.716
  0
VERTEX
  5
ddc
  8
Layer_0
  10
3375.3975
  20
12900.625
  0
VERTEX
  5
ddd
  8
Layer_0
  10
3372.9224
  20
12894.434
  0
VERTEX
  5
dde
  8
Layer_0
  10
3370.543
  20
12888.204
  0
VERTEX
  5
ddf
  8
Layer_0
  10
3368.2593
  20
12881.939
  0
VERTEX
  5
de0
  8
Layer_0
  10
3366.0718
  20
12875.64
  0
VERTEX
  5
de1
  8
Layer_0
  10
3364.3945
  20
12870.492
  0
VERTEX
  5
de2
  8
Layer_0
  10
3362.8398
  20
12865.307
  0
VERTEX
  5
de3
  8
Layer_0
  10
3361.4084
  20
12860.086
  0
VERTEX
  5
de4
  8
Layer_0
  10
3360.1011
  20
12854.832
  0
VERTEX
  5
de5
  8
Layer_0
  10
3359.3745
  20
12851.578
  0
VERTEX
  5
de6
  8
Layer_0
  10
3358.7261
  20
12848.308
  0
VERTEX
  5
de7
  8
Layer_0
  10
3358.1567
  20
12845.024
  0
VERTEX
  5
de8
  8
Layer_0
  10
3357.666
  20
12841.729
  0
VERTEX
  5
de9
  8
Layer_0
  10
3357.2544
  20
12838.424
  0
VERTEX
  5
dea
  8
Layer_0
  10
3356.9224
  20
12835.107
  0
VERTEX
  5
deb
  8
Layer_0
  10
3356.6697
  20
12831.783
  0
VERTEX
  5
dec
  8
Layer_0
  10
3356.4966
  20
12828.454
  0
VERTEX
  5
ded
  8
Layer_0
  10
3356.3267
  20
12821.783
  0
VERTEX
  5
dee
  8
Layer_0
  10
3356.2888
  20
12815.109
  0
VERTEX
  5
def
  8
Layer_0
  10
3356.4202
  20
12810.528
  0
VERTEX
  5
df0
  8
Layer_0
  10
3356.7422
  20
12805.959
  0
VERTEX
  5
df1
  8
Layer_0
  10
3357.2546
  20
12801.406
  0
VERTEX
  5
df2
  8
Layer_0
  10
3357.9565
  20
12796.877
  0
VERTEX
  5
df3
  8
Layer_0
  10
3358.9802
  20
12791.557
  0
VERTEX
  5
df4
  8
Layer_0
  10
3360.1716
  20
12786.275
  0
VERTEX
  5
df5
  8
Layer_0
  10
3361.5303
  20
12781.033
  0
VERTEX
  5
df6
  8
Layer_0
  10
3363.0547
  20
12775.836
  0
VERTEX
  5
df7
  8
Layer_0
  10
3365.1079
  20
12769.492
  0
VERTEX
  5
df8
  8
Layer_0
  10
3367.3174
  20
12763.202
  0
VERTEX
  5
df9
  8
Layer_0
  10
3369.6816
  20
12756.969
  0
VERTEX
  5
dfa
  8
Layer_0
  10
3372.1997
  20
12750.795
  0
VERTEX
  5
dfb
  8
Layer_0
  10
3375.1758
  20
12743.906
  0
VERTEX
  5
dfc
  8
Layer_0
  10
3378.2651
  20
12737.07
  0
VERTEX
  5
dfd
  8
Layer_0
  10
3381.4668
  20
12730.285
  0
VERTEX
  5
dfe
  8
Layer_0
  10
3384.7805
  20
12723.555
  0
VERTEX
  5
dff
  8
Layer_0
  10
3388.3613
  20
12716.49
  0
VERTEX
  5
e00
  8
Layer_0
  10
3391.9883
  20
12709.448
  0
VERTEX
  5
e01
  8
Layer_0
  10
3395.6602
  20
12702.43
  0
VERTEX
  5
e02
  8
Layer_0
  10
3399.3765
  20
12695.438
  0
VERTEX
  5
e03
  8
Layer_0
  10
3402.5022
  20
12689.545
  0
VERTEX
  5
e04
  8
Layer_0
  10
3404.0625
  20
12686.598
  0
VERTEX
  5
e05
  8
Layer_0
  10
3405.6191
  20
12683.648
  0
VERTEX
  5
e06
  8
Layer_0
  10
3407.1704
  20
12680.696
  0
VERTEX
  5
e07
  8
Layer_0
  10
3410.8323
  20
12673.674
  0
VERTEX
  5
e08
  8
Layer_0
  10
3414.4165
  20
12666.611
  0
VERTEX
  5
e09
  8
Layer_0
  10
3417.9224
  20
12659.51
  0
VERTEX
  5
e0a
  8
Layer_0
  10
3421.3491
  20
12652.37
  0
VERTEX
  5
e0b
  8
Layer_0
  10
3423.5464
  20
12647.646
  0
VERTEX
  5
e0c
  8
Layer_0
  10
3425.6807
  20
12642.893
  0
VERTEX
  5
e0d
  8
Layer_0
  10
3427.7515
  20
12638.111
  0
VERTEX
  5
e0e
  8
Layer_0
  10
3429.7588
  20
12633.305
  0
VERTEX
  5
e0f
  8
Layer_0
  10
3431.7024
  20
12628.471
  0
VERTEX
  5
e10
  8
Layer_0
  10
3433.5818
  20
12623.612
  0
VERTEX
  5
e11
  8
Layer_0
  10
3435.3967
  20
12618.729
  0
VERTEX
  5
e12
  8
Layer_0
  10
3437.1472
  20
12613.82
  0
VERTEX
  5
e13
  8
Layer_0
  10
3439.2649
  20
12607.498
  0
VERTEX
  5
e14
  8
Layer_0
  10
3441.2676
  20
12601.139
  0
VERTEX
  5
e15
  8
Layer_0
  10
3443.1548
  20
12594.746
  0
VERTEX
  5
e16
  8
Layer_0
  10
3444.9263
  20
12588.322
  0
VERTEX
  5
e17
  8
Layer_0
  10
3446.5818
  20
12581.866
  0
VERTEX
  5
e18
  8
Layer_0
  10
3448.1206
  20
12575.381
  0
VERTEX
  5
e19
  8
Layer_0
  10
3449.5425
  20
12568.867
  0
VERTEX
  5
e1a
  8
Layer_0
  10
3450.8472
  20
12562.328
  0
VERTEX
  5
e1b
  8
Layer_0
  10
3451.7932
  20
12557.204
  0
VERTEX
  5
e1c
  8
Layer_0
  10
3452.6836
  20
12552.07
  0
VERTEX
  5
e1d
  8
Layer_0
  10
3453.5181
  20
12546.927
  0
VERTEX
  5
e1e
  8
Layer_0
  10
3454.2964
  20
12541.776
  0
VERTEX
  5
e1f
  8
Layer_0
  10
3455.0188
  20
12536.617
  0
VERTEX
  5
e20
  8
Layer_0
  10
3455.6851
  20
12531.449
  0
VERTEX
  5
e21
  8
Layer_0
  10
3456.2949
  20
12526.274
  0
VERTEX
  5
e22
  8
Layer_0
  10
3457.2034
  20
12517.777
  0
VERTEX
  5
e23
  8
Layer_0
  10
3457.3848
  20
12516.12
  0
VERTEX
  5
e24
  8
Layer_0
  10
3458.5562
  20
12505.346
  0
VERTEX
  5
e25
  8
Layer_0
  10
3459.583
  20
12494.557
  0
VERTEX
  5
e26
  8
Layer_0
  10
3460.031
  20
12488.739
  0
VERTEX
  5
e27
  8
Layer_0
  10
3460.3479
  20
12482.914
  0
VERTEX
  5
e28
  8
Layer_0
  10
3460.5337
  20
12477.084
  0
VERTEX
  5
e29
  8
Layer_0
  10
3460.5881
  20
12471.25
  0
VERTEX
  5
e2a
  8
Layer_0
  10
3500.6553
  20
12471.25
  0
VERTEX
  5
e2b
  8
Layer_0
  10
3500.6553
  20
12483.25
  0
VERTEX
  5
e2c
  8
Layer_0
  10
3515.7007
  20
12483.25
  0
VERTEX
  5
e2d
  8
Layer_0
  10
3515.7007
  20
13026.492
  0
VERTEX
  5
e2e
  8
Layer_0
  10
3500.6553
  20
13026.492
  0
VERTEX
  5
e2f
  8
Layer_0
  10
3500.6553
  20
13038.492
  0
VERTEX
  5
e30
  8
Layer_0
  10
3515.7007
  20
13038.492
  0
VERTEX
  5
e31
  8
Layer_0
  10
3515.7007
  20
13239.492
  0
VERTEX
  5
e32
  8
Layer_0
  10
3500.6553
  20
13239.492
  0
VERTEX
  5
e33
  8
Layer_0
  10
3500.6553
  20
13251.492
  0
VERTEX
  5
e34
  8
Layer_0
  10
3460.5872
  20
13251.492
  0
SEQEND
  0
POLYLINE
  5
e36
  8
Layer_0
  62
7
  70
1
  66
1
  10
0
  20
0
  30
0
  0
VERTEX
  5
e36
  8
Layer_0
  10
3642.5232
  20
13251.492
  0
VERTEX
  5
e37
  8
Layer_0
  10
3642.5183
  20
13178.995
  0
VERTEX
  5
e38
  8
Layer_0
  10
3642.4966
  20
13172.789
  0
VERTEX
  5
e39
  8
Layer_0
  10
3642.3655
  20
13166.588
  0
VERTEX
  5
e3a
  8
Layer_0
  10
3642.1255
  20
13160.39
  0
VERTEX
  5
e3b
  8
Layer_0
  10
3641.7764
  20
13154.197
  0
VERTEX
  5
e3c
  8
Layer_0
  10
3641.3184
  20
13148.012
  0
VERTEX
  5
e3d
  8
Layer_0
  10
3640.7515
  20
13141.834
  0
VERTEX
  5
e3e
  8
Layer_0
  10
3640.0759
  20
13135.668
  0
VERTEX
  5
e3f
  8
Layer_0
  10
3639.2917
  20
13129.512
  0
VERTEX
  5
e40
  8
Layer_0
  10
3638.3337
  20
13122.901
  0
VERTEX
  5
e41
  8
Layer_0
  10
3637.2715
  20
13116.309
  0
VERTEX
  5
e42
  8
Layer_0
  10
3636.1055
  20
13109.734
  0
VERTEX
  5
e43
  8
Layer_0
  10
3634.8359
  20
13103.18
  0
VERTEX
  5
e44
  8
Layer_0
  10
3633.4631
  20
13096.646
  0
VERTEX
  5
e45
  8
Layer_0
  10
3631.9871
  20
13090.134
  0
VERTEX
  5
e46
  8
Layer_0
  10
3630.4082
  20
13083.646
  0
VERTEX
  5
e47
  8
Layer_0
  10
3628.7266
  20
13077.182
  0
VERTEX
  5
e48
  8
Layer_0
  10
3627.1487
  20
13071.428
  0
VERTEX
  5
e49
  8
Layer_0
  10
3625.5098
  20
13065.691
  0
VERTEX
  5
e4a
  8
Layer_0
  10
3623.8101
  20
13059.973
  0
VERTEX
  5
e4b
  8
Layer_0
  10
3622.0493
  20
13054.272
  0
VERTEX
  5
e4c
  8
Layer_0
  10
3620.228
  20
13048.592
  0
VERTEX
  5
e4d
  8
Layer_0
  10
3618.3464
  20
13042.93
  0
VERTEX
  5
e4e
  8
Layer_0
  10
3616.4043
  20
13037.289
  0
VERTEX
  5
e4f
  8
Layer_0
  10
3614.4021
  20
13031.668
  0
VERTEX
  5
e50
  8
Layer_0
  10
3610.4304
  20
13020.923
  0
VERTEX
  5
e51
  8
Layer_0
  10
3606.3196
  20
13010.23
  0
VERTEX
  5
e52
  8
Layer_0
  10
3602.0703
  20
12999.594
  0
VERTEX
  5
e53
  8
Layer_0
  10
3597.6821
  20
12989.011
  0
VERTEX
  5
e54
  8
Layer_0
  10
3593.3865
  20
12978.909
  0
VERTEX
  5
e55
  8
Layer_0
  10
3589.0405
  20
12968.826
  0
VERTEX
  5
e56
  8
Layer_0
  10
3584.645
  20
12958.766
  0
VERTEX
  5
e57
  8
Layer_0
  10
3578.6548
  20
12945.234
  0
VERTEX
  5
e58
  8
Layer_0
  10
3576.3374
  20
12939.996
  0
VERTEX
  5
e59
  8
Layer_0
  10
3574.7947
  20
12936.503
  0
VERTEX
  5
e5a
  8
Layer_0
  10
3573.2549
  20
12933.008
  0
VERTEX
  5
e5b
  8
Layer_0
  10
3571.7192
  20
12929.512
  0
VERTEX
  5
e5c
  8
Layer_0
  10
3568.2759
  20
12921.641
  0
VERTEX
  5
e5d
  8
Layer_0
  10
3564.8911
  20
12913.742
  0
VERTEX
  5
e5e
  8
Layer_0
  10
3561.5664
  20
12905.82
  0
VERTEX
  5
e5f
  8
Layer_0
  10
3558.3018
  20
12897.873
  0
VERTEX
  5
e60
  8
Layer_0
  10
3555.8315
  20
12891.666
  0
VERTEX
  5
e61
  8
Layer_0
  10
3553.4539
  20
12885.422
  0
VERTEX
  5
e62
  8
Layer_0
  10
3551.1694
  20
12879.144
  0
VERTEX
  5
e63
  8
Layer_0
  10
3548.978
  20
12872.832
  0
VERTEX
  5
e64
  8
Layer_0
  10
3547.3508
  20
12867.844
  0
VERTEX
  5
e65
  8
Layer_0
  10
3545.8342
  20
12862.822
  0
VERTEX
  5
e66
  8
Layer_0
  10
3544.4292
  20
12857.769
  0
VERTEX
  5
e67
  8
Layer_0
  10
3543.1357
  20
12852.686
  0
VERTEX
  5
e68
  8
Layer_0
  10
3541.9944
  20
12847.564
  0
VERTEX
  5
e69
  8
Layer_0
  10
3541.0413
  20
12842.405
  0
VERTEX
  5
e6a
  8
Layer_0
  10
3540.2773
  20
12837.215
  0
VERTEX
  5
e6b
  8
Layer_0
  10
3539.7036
  20
12832
  0
VERTEX
  5
e6c
  8
Layer_0
  10
3539.4292
  20
12828.191
  0
VERTEX
  5
e6d
  8
Layer_0
  10
3539.2366
  20
12824.379
  0
VERTEX
  5
e6e
  8
Layer_0
  10
3539.126
  20
12820.563
  0
VERTEX
  5
e6f
  8
Layer_0
  10
3539.0969
  20
12816.746
  0
VERTEX
  5
e70
  8
Layer_0
  10
3539.0891
  20
12813.418
  0
VERTEX
  5
e71
  8
Layer_0
  10
3539.0776
  20
12810.936
  0
VERTEX
  5
e72
  8
Layer_0
  10
3539.1233
  20
12808.454
  0
VERTEX
  5
e73
  8
Layer_0
  10
3539.2261
  20
12805.975
  0
VERTEX
  5
e74
  8
Layer_0
  10
3539.3857
  20
12803.5
  0
VERTEX
  5
e75
  8
Layer_0
  10
3539.6021
  20
12801.029
  0
VERTEX
  5
e76
  8
Layer_0
  10
3539.8755
  20
12798.563
  0
VERTEX
  5
e77
  8
Layer_0
  10
3540.2056
  20
12796.104
  0
VERTEX
  5
e78
  8
Layer_0
  10
3540.5925
  20
12793.652
  0
VERTEX
  5
e79
  8
Layer_0
  10
3541.5647
  20
12788.426
  0
VERTEX
  5
e7a
  8
Layer_0
  10
3542.7007
  20
12783.234
  0
VERTEX
  5
e7b
  8
Layer_0
  10
3544
  20
12778.082
  0
VERTEX
  5
e7c
  8
Layer_0
  10
3545.4614
  20
12772.971
  0
VERTEX
  5
e7d
  8
Layer_0
  10
3547.6084
  20
12766.215
  0
VERTEX
  5
e7e
  8
Layer_0
  10
3549.9346
  20
12759.521
  0
VERTEX
  5
e7f
  8
Layer_0
  10
3552.438
  20
12752.891
  0
VERTEX
  5
e80
  8
Layer_0
  10
3555.1179
  20
12746.328
  0
VERTEX
  5
e81
  8
Layer_0
  10
3558.2229
  20
12739.174
  0
VERTEX
  5
e82
  8
Layer_0
  10
3561.4497
  20
12732.074
  0
VERTEX
  5
e83
  8
Layer_0
  10
3564.7974
  20
12725.03
  0
VERTEX
  5
e84
  8
Layer_0
  10
3568.2651
  20
12718.045
  0
VERTEX
  5
e85
  8
Layer_0
  10
3571.812
  20
12711.1
  0
VERTEX
  5
e86
  8
Layer_0
  10
3575.4009
  20
12704.174
  0
VERTEX
  5
e87
  8
Layer_0
  10
3579.0303
  20
12697.27
  0
VERTEX
  5
e88
  8
Layer_0
  10
3582.6992
  20
12690.388
  0
VERTEX
  5
e89
  8
Layer_0
  10
3585.3618
  20
12685.379
  0
VERTEX
  5
e8a
  8
Layer_0
  10
3589.6777
  20
12677.233
  0
VERTEX
  5
e8b
  8
Layer_0
  10
3593.2686
  20
12670.311
  0
VERTEX
  5
e8c
  8
Layer_0
  10
3596.7996
  20
12663.356
  0
VERTEX
  5
e8d
  8
Layer_0
  10
3600.2705
  20
12656.372
  0
VERTEX
  5
e8e
  8
Layer_0
  10
3604.094
  20
12648.377
  0
VERTEX
  5
e8f
  8
Layer_0
  10
3607.7485
  20
12640.304
  0
VERTEX
  5
e90
  8
Layer_0
  10
3611.2329
  20
12632.156
  0
VERTEX
  5
e91
  8
Layer_0
  10
3614.5459
  20
12623.936
  0
VERTEX
  5
e92
  8
Layer_0
  10
3617.1016
  20
12617.133
  0
VERTEX
  5
e93
  8
Layer_0
  10
3619.5183
  20
12610.281
  0
VERTEX
  5
e94
  8
Layer_0
  10
3621.7954
  20
12603.384
  0
VERTEX
  5
e95
  8
Layer_0
  10
3623.9324
  20
12596.442
  0
VERTEX
  5
e96
  8
Layer_0
  10
3625.9287
  20
12589.459
  0
VERTEX
  5
e97
  8
Layer_0
  10
3627.7834
  20
12582.436
  0
VERTEX
  5
e98
  8
Layer_0
  10
3629.4961
  20
12575.375
  0
VERTEX
  5
e99
  8
Layer_0
  10
3631.0662
  20
12568.28
  0
VERTEX
  5
e9a
  8
Layer_0
  10
3632.2012
  20
12562.724
  0
VERTEX
  5
e9b
  8
Layer_0
  10
3633.27
  20
12557.153
  0
VERTEX
  5
e9c
  8
Layer_0
  10
3634.2725
  20
12551.571
  0
VERTEX
  5
e9d
  8
Layer_0
  10
3635.2085
  20
12545.979
  0
VERTEX
  5
e9e
  8
Layer_0
  10
3636.0781
  20
12540.374
  0
VERTEX
  5
e9f
  8
Layer_0
  10
3636.8811
  20
12534.76
  0
VERTEX
  5
ea0
  8
Layer_0
  10
3637.6174
  20
12529.136
  0
VERTEX
  5
ea1
  8
Layer_0
  10
3638.2871
  20
12523.504
  0
VERTEX
  5
ea2
  8
Layer_0
  10
3638.447
  20
12522.095
  0
VERTEX
  5
ea3
  8
Layer_0
  10
3638.7629
  20
12519.275
  0
VERTEX
  5
ea4
  8
Layer_0
  10
3639.082
  20
12516.458
  0
VERTEX
  5
ea5
  8
Layer_0
  10
3639.2451
  20
12515.049
  0
VERTEX
  5
ea6
  8
Layer_0
  10
3639.8682
  20
12509.768
  0
VERTEX
  5
ea7
  8
Layer_0
  10
3640.4531
  20
12504.482
  0
VERTEX
  5
ea8
  8
Layer_0
  10
3640.9998
  20
12499.193
  0
VERTEX
  5
ea9
  8
Layer_0
  10
3641.5078
  20
12493.9
  0
VERTEX
  5
eaa
  8
Layer_0
  10
3641.9617
  20
12488.247
  0
VERTEX
  5
eab
  8
Layer_0
  10
3642.2825
  20
12482.587
  0
VERTEX
  5
eac
  8
Layer_0
  10
3642.47
  20
12476.921
  0
VERTEX
  5
ead
  8
Layer_0
  10
3642.5242
  20
12471.25
  0
VERTEX
  5
eae
  8
Layer_0
  10
3682.5911
  20
12471.25
  0
VERTEX
  5
eaf
  8
Layer_0
  10
3682.5911
  20
12483.25
  0
VERTEX
  5
eb0
  8
Layer_0
  10
3697.6367
  20
12483.25
  0
VERTEX
  5
eb1
  8
Layer_0
  10
3697.6367
  20
13026.492
  0
VERTEX
  5
eb2
  8
Layer_0
  10
3682.5911
  20
13026.492
  0
VERTEX
  5
eb3
  8
Layer_0
  10
3682.5911
  20
13038.492
  0
VERTEX
  5
eb4
  8
Layer_0
  10
3697.6367
  20
13038.492
  0
VERTEX
  5
eb5
  8
Layer_0
  10
3697.6367
  20
13239.492
  0
VERTEX
  5
eb6
  8
Layer_0
  10
3682.5911
  20
13239.492
  0
VERTEX
  5
eb7
  8
Layer_0
  10
3682.5911
  20
13251.492
  0
VERTEX
  5
eb8
  8
Layer_0
  10
3642.5232
  20
13251.492
  0
SEQEND
  0
POLYLINE
  5
eba
  8
Layer_0
  62
7
  70
1
  66
1
  10
0
  20
0
  30
0
  0
VERTEX
  5
eba
  8
Layer_0
  10
3277.9771
  20
13251.492
  0
VERTEX
  5
ebb
  8
Layer_0
  10
3277.9348
  20
13237.687
  0
VERTEX
  5
ebc
  8
Layer_0
  10
3277.7964
  20
13223.881
  0
VERTEX
  5
ebd
  8
Layer_0
  10
3277.5901
  20
13210.066
  0
VERTEX
  5
ebe
  8
Layer_0
  10
3277.3486
  20
13196.252
  0
VERTEX
  5
ebf
  8
Layer_0
  10
3277.2261
  20
13189.338
  0
VERTEX
  5
ec0
  8
Layer_0
  10
3277.0991
  20
13182.424
  0
VERTEX
  5
ec1
  8
Layer_0
  10
3276.9917
  20
13176.986
  0
VERTEX
  5
ec2
  8
Layer_0
  10
3276.8018
  20
13171.552
  0
VERTEX
  5
ec3
  8
Layer_0
  10
3276.5288
  20
13166.121
  0
VERTEX
  5
ec4
  8
Layer_0
  10
3276.1733
  20
13160.695
  0
VERTEX
  5
ec5
  8
Layer_0
  10
3275.7349
  20
13155.276
  0
VERTEX
  5
ec6
  8
Layer_0
  10
3275.2139
  20
13149.864
  0
VERTEX
  5
ec7
  8
Layer_0
  10
3274.6104
  20
13144.46
  0
VERTEX
  5
ec8
  8
Layer_0
  10
3273.9241
  20
13139.063
  0
VERTEX
  5
ec9
  8
Layer_0
  10
3272.9351
  20
13132.236
  0
VERTEX
  5
eca
  8
Layer_0
  10
3271.8306
  20
13125.426
  0
VERTEX
  5
ecb
  8
Layer_0
  10
3270.6113
  20
13118.639
  0
VERTEX
  5
ecc
  8
Layer_0
  10
3269.2771
  20
13111.871
  0
VERTEX
  5
ecd
  8
Layer_0
  10
3267.8284
  20
13105.129
  0
VERTEX
  5
ece
  8
Layer_0
  10
3266.2656
  20
13098.411
  0
VERTEX
  5
ecf
  8
Layer_0
  10
3264.5889
  20
13091.72
  0
VERTEX
  5
ed0
  8
Layer_0
  10
3262.7986
  20
13085.057
  0
VERTEX
  5
ed1
  8
Layer_0
  10
3261.199
  20
13079.422
  0
VERTEX
  5
ed2
  8
Layer_0
  10
3259.5366
  20
13073.806
  0
VERTEX
  5
ed3
  8
Layer_0
  10
3257.8115
  20
13068.21
  0
VERTEX
  5
ed4
  8
Layer_0
  10
3256.0239
  20
13062.634
  0
VERTEX
  5
ed5
  8
Layer_0
  10
3254.1743
  20
13057.077
  0
VERTEX
  5
ed6
  8
Layer_0
  10
3252.2625
  20
13051.541
  0
VERTEX
  5
ed7
  8
Layer_0
  10
3250.2886
  20
13046.027
  0
VERTEX
  5
ed8
  8
Layer_0
  10
3248.2529
  20
13040.535
  0
VERTEX
  5
ed9
  8
Layer_0
  10
3244.3464
  20
13030.384
  0
VERTEX
  5
eda
  8
Layer_0
  10
3240.3047
  20
13020.286
  0
VERTEX
  5
edb
  8
Layer_0
  10
3236.1287
  20
13010.244
  0
VERTEX
  5
edc
  8
Layer_0
  10
3231.8184
  20
13000.256
  0
VERTEX
  5
edd
  8
Layer_0
  10
3227.5857
  20
12990.692
  0
VERTEX
  5
ede
  8
Layer_0
  10
3223.3057
  20
12981.148
  0
VERTEX
  5
edf
  8
Layer_0
  10
3218.9785
  20
12971.626
  0
VERTEX
  5
ee0
  8
Layer_0
  10
3212.5066
  20
12957.563
  0
VERTEX
  5
ee1
  8
Layer_0
  10
3210.4102
  20
12953.002
  0
VERTEX
  5
ee2
  8
Layer_0
  10
3209.0142
  20
12949.959
  0
VERTEX
  5
ee3
  8
Layer_0
  10
3207.6211
  20
12946.916
  0
VERTEX
  5
ee4
  8
Layer_0
  10
3206.231
  20
12943.871
  0
VERTEX
  5
ee5
  8
Layer_0
  10
3204.8452
  20
12940.824
  0
VERTEX
  5
ee6
  8
Layer_0
  10
3201.396
  20
12933.201
  0
VERTEX
  5
ee7
  8
Layer_0
  10
3198.0098
  20
12925.55
  0
VERTEX
  5
ee8
  8
Layer_0
  10
3194.6873
  20
12917.871
  0
VERTEX
  5
ee9
  8
Layer_0
  10
3191.4287
  20
12910.164
  0
VERTEX
  5
eea
  8
Layer_0
  10
3188.895
  20
12903.97
  0
VERTEX
  5
eeb
  8
Layer_0
  10
3186.4597
  20
12897.736
  0
VERTEX
  5
eec
  8
Layer_0
  10
3184.1228
  20
12891.466
  0
VERTEX
  5
eed
  8
Layer_0
  10
3181.885
  20
12885.158
  0
VERTEX
  5
eee
  8
Layer_0
  10
3180.1689
  20
12880.002
  0
VERTEX
  5
eef
  8
Layer_0
  10
3178.5781
  20
12874.807
  0
VERTEX
  5
ef0
  8
Layer_0
  10
3177.1125
  20
12869.574
  0
VERTEX
  5
ef1
  8
Layer_0
  10
3175.7734
  20
12864.309
  0
VERTEX
  5
ef2
  8
Layer_0
  10
3175.0737
  20
12861.25
  0
VERTEX
  5
ef3
  8
Layer_0
  10
3174.4431
  20
12858.178
  0
VERTEX
  5
ef4
  8
Layer_0
  10
3173.8818
  20
12855.093
  0
VERTEX
  5
ef5
  8
Layer_0
  10
3173.3899
  20
12851.996
  0
VERTEX
  5
ef6
  8
Layer_0
  10
3172.9678
  20
12848.891
  0
VERTEX
  5
ef7
  8
Layer_0
  10
3172.615
  20
12845.775
  0
VERTEX
  5
ef8
  8
Layer_0
  10
3172.3325
  20
12842.651
  0
VERTEX
  5
ef9
  8
Layer_0
  10
3172.1199
  20
12839.521
  0
VERTEX
  5
efa
  8
Layer_0
  10
3171.9663
  20
12836.176
  0
VERTEX
  5
efb
  8
Layer_0
  10
3171.853
  20
12832.828
  0
VERTEX
  5
efc
  8
Layer_0
  10
3171.7808
  20
12829.479
  0
VERTEX
  5
efd
  8
Layer_0
  10
3171.749
  20
12826.13
  0
VERTEX
  5
efe
  8
Layer_0
  10
3171.8135
  20
12823.621
  0
VERTEX
  5
eff
  8
Layer_0
  10
3171.9297
  20
12821.115
  0
VERTEX
  5
f00
  8
Layer_0
  10
3172.0981
  20
12818.613
  0
VERTEX
  5
f01
  8
Layer_0
  10
3172.3181
  20
12816.115
  0
VERTEX
  5
f02
  8
Layer_0
  10
3172.5896
  20
12813.622
  0
VERTEX
  5
f03
  8
Layer_0
  10
3172.9131
  20
12811.135
  0
VERTEX
  5
f04
  8
Layer_0
  10
3173.2878
  20
12808.654
  0
VERTEX
  5
f05
  8
Layer_0
  10
3173.7144
  20
12806.182
  0
VERTEX
  5
f06
  8
Layer_0
  10
3174.7876
  20
12800.853
  0
VERTEX
  5
f07
  8
Layer_0
  10
3176.0278
  20
12795.561
  0
VERTEX
  5
f08
  8
Layer_0
  10
3177.4346
  20
12790.313
  0
VERTEX
  5
f09
  8
Layer_0
  10
3179.0063
  20
12785.108
  0
VERTEX
  5
f0a
  8
Layer_0
  10
3181.1145
  20
12778.757
  0
VERTEX
  5
f0b
  8
Layer_0
  10
3183.3726
  20
12772.459
  0
VERTEX
  5
f0c
  8
Layer_0
  10
3185.78
  20
12766.215
  0
VERTEX
  5
f0d
  8
Layer_0
  10
3188.3354
  20
12760.03
  0
VERTEX
  5
f0e
  8
Layer_0
  10
3191.5151
  20
12752.745
  0
VERTEX
  5
f0f
  8
Layer_0
  10
3194.8093
  20
12745.512
  0
VERTEX
  5
f10
  8
Layer_0
  10
3198.218
  20
12738.333
  0
VERTEX
  5
f11
  8
Layer_0
  10
3201.7402
  20
12731.207
  0
VERTEX
  5
f12
  8
Layer_0
  10
3205.3345
  20
12724.116
  0
VERTEX
  5
f13
  8
Layer_0
  10
3208.9653
  20
12717.045
  0
VERTEX
  5
f14
  8
Layer_0
  10
3212.6331
  20
12709.993
  0
VERTEX
  5
f15
  8
Layer_0
  10
3216.3379
  20
12702.96
  0
VERTEX
  5
f16
  8
Layer_0
  10
3218.6729
  20
12698.516
  0
VERTEX
  5
f17
  8
Layer_0
  10
3220.2271
  20
12695.551
  0
VERTEX
  5
f18
  8
Layer_0
  10
3221.7783
  20
12692.585
  0
VERTEX
  5
f19
  8
Layer_0
  10
3223.3242
  20
12689.617
  0
VERTEX
  5
f1a
  8
Layer_0
  10
3224.8643
  20
12686.646
  0
VERTEX
  5
f1b
  8
Layer_0
  10
3225.6313
  20
12685.158
  0
VERTEX
  5
f1c
  8
Layer_0
  10
3229.6306
  20
12677.336
  0
VERTEX
  5
f1d
  8
Layer_0
  10
3233.5276
  20
12669.463
  0
VERTEX
  5
f1e
  8
Layer_0
  10
3237.3218
  20
12661.539
  0
VERTEX
  5
f1f
  8
Layer_0
  10
3241.0122
  20
12653.565
  0
VERTEX
  5
f20
  8
Layer_0
  10
3243.3115
  20
12648.406
  0
VERTEX
  5
f21
  8
Layer_0
  10
3245.5369
  20
12643.217
  0
VERTEX
  5
f22
  8
Layer_0
  10
3247.688
  20
12637.996
  0
VERTEX
  5
f23
  8
Layer_0
  10
3249.7651
  20
12632.745
  0
VERTEX
  5
f24
  8
Layer_0
  10
3251.7671
  20
12627.466
  0
VERTEX
  5
f25
  8
Layer_0
  10
3253.6943
  20
12622.157
  0
VERTEX
  5
f26
  8
Layer_0
  10
3255.5459
  20
12616.822
  0
VERTEX
  5
f27
  8
Layer_0
  10
3257.322
  20
12611.46
  0
VERTEX
  5
f28
  8
Layer_0
  10
3259.5415
  20
12604.266
  0
VERTEX
  5
f29
  8
Layer_0
  10
3261.6172
  20
12597.03
  0
VERTEX
  5
f2a
  8
Layer_0
  10
3263.5486
  20
12589.757
  0
VERTEX
  5
f2b
  8
Layer_0
  10
3265.3354
  20
12582.447
  0
VERTEX
  5
f2c
  8
Layer_0
  10
3266.9766
  20
12575.104
  0
VERTEX
  5
f2d
  8
Layer_0
  10
3268.4724
  20
12567.729
  0
VERTEX
  5
f2e
  8
Layer_0
  10
3269.8218
  20
12560.324
  0
VERTEX
  5
f2f
  8
Layer_0
  10
3271.0244
  20
12552.891
  0
VERTEX
  5
f30
  8
Layer_0
  10
3272.0962
  20
12545.437
  0
VERTEX
  5
f31
  8
Layer_0
  10
3273.0498
  20
12537.967
  0
VERTEX
  5
f32
  8
Layer_0
  10
3273.8848
  20
12530.483
  0
VERTEX
  5
f33
  8
Layer_0
  10
3274.6011
  20
12522.987
  0
VERTEX
  5
f34
  8
Layer_0
  10
3274.9116
  20
12519.655
  0
VERTEX
  5
f35
  8
Layer_0
  10
3276.0186
  20
12507.993
  0
VERTEX
  5
f36
  8
Layer_0
  10
3277.0049
  20
12496.32
  0
VERTEX
  5
f37
  8
Layer_0
  10
3277.4355
  20
12490.061
  0
VERTEX
  5
f38
  8
Layer_0
  10
3277.7415
  20
12483.795
  0
VERTEX
  5
f39
  8
Layer_0
  10
3277.9224
  20
12477.524
  0
VERTEX
  5
f3a
  8
Layer_0
  10
3277.978
  20
12471.25
  0
VERTEX
  5
f3b
  8
Layer_0
  10
3318.0449
  20
12471.25
  0
VERTEX
  5
f3c
  8
Layer_0
  10
3318.0449
  20
12483.25
  0
VERTEX
  5
f3d
  8
Layer_0
  10
3333.0903
  20
12483.25
  0
VERTEX
  5
f3e
  8
Layer_0
  10
3333.0903
  20
13026.492
  0
VERTEX
  5
f3f
  8
Layer_0
  10
3318.0449
  20
13026.492
  0
VERTEX
  5
f40
  8
Layer_0
  10
3318.0449
  20
13038.492
  0
VERTEX
  5
f41
  8
Layer_0
  10
3333.0903
  20
13038.492
  0
VERTEX
  5
f42
  8
Layer_0
  10
3333.0903
  20
13239.492
  0
VERTEX
  5
f43
  8
Layer_0
  10
3318.0449
  20
13239.492
  0
VERTEX
  5
f44
  8
Layer_0
  10
3318.0449
  20
13251.492
  0
VERTEX
  5
f45
  8
Layer_0
  10
3277.9771
  20
13251.492
  0
SEQEND
  0
POLYLINE
  5
f47
  8
Layer_0
  62
7
  70
1
  66
1
  10
0
  20
0
  30
0
  0
VERTEX
  5
f47
  8
Layer_0
  10
3923.8325
  20
12190.361
  0
VERTEX
  5
f48
  8
Layer_0
  10
3921.0647
  20
12187.188
  0
VERTEX
  5
f49
  8
Layer_0
  10
3918.4175
  20
12183.916
  0
VERTEX
  5
f4a
  8
Layer_0
  10
3915.8936
  20
12180.554
  0
VERTEX
  5
f4b
  8
Layer_0
  10
3913.4949
  20
12177.102
  0
VERTEX
  5
f4c
  8
Layer_0
  10
3911.2236
  20
12173.564
  0
VERTEX
  5
f4d
  8
Layer_0
  10
3909.083
  20
12169.945
  0
VERTEX
  5
f4e
  8
Layer_0
  10
3907.0747
  20
12166.249
  0
VERTEX
  5
f4f
  8
Layer_0
  10
3905.2009
  20
12162.478
  0
VERTEX
  5
f50
  8
Layer_0
  10
3932.949
  20
12150.984
  0
VERTEX
  5
f51
  8
Layer_0
  10
3928.5481
  20
12140.359
  0
VERTEX
  5
f52
  8
Layer_0
  10
3900.8
  20
12151.854
  0
VERTEX
  5
f53
  8
Layer_0
  10
3899.4578
  20
12147.861
  0
VERTEX
  5
f54
  8
Layer_0
  10
3898.2637
  20
12143.826
  0
VERTEX
  5
f55
  8
Layer_0
  10
3897.2185
  20
12139.754
  0
VERTEX
  5
f56
  8
Layer_0
  10
3896.3232
  20
12135.646
  0
VERTEX
  5
f57
  8
Layer_0
  10
3895.5789
  20
12131.51
  0
VERTEX
  5
f58
  8
Layer_0
  10
3894.9858
  20
12127.348
  0
VERTEX
  5
f59
  8
Layer_0
  10
3894.5449
  20
12123.163
  0
VERTEX
  5
f5a
  8
Layer_0
  10
3894.2576
  20
12118.962
  0
VERTEX
  5
f5b
  8
Layer_0
  10
3924.2917
  20
12118.962
  0
VERTEX
  5
f5c
  8
Layer_0
  10
3924.2917
  20
12107.462
  0
VERTEX
  5
f5d
  8
Layer_0
  10
3894.2576
  20
12107.462
  0
VERTEX
  5
f5e
  8
Layer_0
  10
3894.5449
  20
12103.261
  0
VERTEX
  5
f5f
  8
Layer_0
  10
3894.9858
  20
12099.076
  0
VERTEX
  5
f60
  8
Layer_0
  10
3895.5789
  20
12094.913
  0
VERTEX
  5
f61
  8
Layer_0
  10
3896.3232
  20
12090.776
  0
VERTEX
  5
f62
  8
Layer_0
  10
3897.2185
  20
12086.669
  0
VERTEX
  5
f63
  8
Layer_0
  10
3898.2637
  20
12082.597
  0
VERTEX
  5
f64
  8
Layer_0
  10
3899.4578
  20
12078.563
  0
VERTEX
  5
f65
  8
Layer_0
  10
3900.8
  20
12074.57
  0
VERTEX
  5
f66
  8
Layer_0
  10
3928.5481
  20
12086.063
  0
VERTEX
  5
f67
  8
Layer_0
  10
3932.949
  20
12075.439
  0
VERTEX
  5
f68
  8
Layer_0
  10
3905.2009
  20
12063.945
  0
VERTEX
  5
f69
  8
Layer_0
  10
3907.0747
  20
12060.173
  0
VERTEX
  5
f6a
  8
Layer_0
  10
3909.083
  20
12056.477
  0
VERTEX
  5
f6b
  8
Layer_0
  10
3911.2236
  20
12052.857
  0
VERTEX
  5
f6c
  8
Layer_0
  10
3913.4949
  20
12049.32
  0
VERTEX
  5
f6d
  8
Layer_0
  10
3915.8936
  20
12045.868
  0
VERTEX
  5
f6e
  8
Layer_0
  10
3918.4175
  20
12042.506
  0
VERTEX
  5
f6f
  8
Layer_0
  10
3921.0647
  20
12039.236
  0
VERTEX
  5
f70
  8
Layer_0
  10
3923.8325
  20
12036.062
  0
VERTEX
  5
f71
  8
Layer_0
  10
3945.0698
  20
12057.299
  0
VERTEX
  5
f72
  8
Layer_0
  10
3953.2017
  20
12049.167
  0
VERTEX
  5
f73
  8
Layer_0
  10
3931.9641
  20
12027.93
  0
VERTEX
  5
f74
  8
Layer_0
  10
3935.1387
  20
12025.162
  0
VERTEX
  5
f75
  8
Layer_0
  10
3938.4092
  20
12022.516
  0
VERTEX
  5
f76
  8
Layer_0
  10
3941.772
  20
12019.99
  0
VERTEX
  5
f77
  8
Layer_0
  10
3945.2234
  20
12017.592
  0
VERTEX
  5
f78
  8
Layer_0
  10
3948.7603
  20
12015.32
  0
VERTEX
  5
f79
  8
Layer_0
  10
3952.3789
  20
12013.18
  0
VERTEX
  5
f7a
  8
Layer_0
  10
3956.0762
  20
12011.172
  0
VERTEX
  5
f7b
  8
Layer_0
  10
3959.8481
  20
12009.298
  0
VERTEX
  5
f7c
  8
Layer_0
  10
3971.3418
  20
12037.046
  0
VERTEX
  5
f7d
  8
Layer_0
  10
3981.9663
  20
12032.646
  0
VERTEX
  5
f7e
  8
Layer_0
  10
3970.4727
  20
12004.897
  0
VERTEX
  5
f7f
  8
Layer_0
  10
3974.4648
  20
12003.556
  0
VERTEX
  5
f80
  8
Layer_0
  10
3978.4993
  20
12002.361
  0
VERTEX
  5
f81
  8
Layer_0
  10
3982.572
  20
12001.317
  0
VERTEX
  5
f82
  8
Layer_0
  10
3986.6787
  20
12000.422
  0
VERTEX
  5
f83
  8
Layer_0
  10
3990.8154
  20
11999.678
  0
VERTEX
  5
f84
  8
Layer_0
  10
3994.978
  20
11999.084
  0
VERTEX
  5
f85
  8
Layer_0
  10
3999.1624
  20
11998.643
  0
VERTEX
  5
f86
  8
Layer_0
  10
4003.3643
  20
11998.354
  0
VERTEX
  5
f87
  8
Layer_0
  10
4003.3643
  20
12028.389
  0
VERTEX
  5
f88
  8
Layer_0
  10
4014.8643
  20
12028.389
  0
VERTEX
  5
f89
  8
Layer_0
  10
4014.8643
  20
11998.354
  0
VERTEX
  5
f8a
  8
Layer_0
  10
4019.0662
  20
11998.643
  0
VERTEX
  5
f8b
  8
Layer_0
  10
4023.2505
  20
11999.084
  0
VERTEX
  5
f8c
  8
Layer_0
  10
4027.4131
  20
11999.678
  0
VERTEX
  5
f8d
  8
Layer_0
  10
4031.5498
  20
12000.422
  0
VERTEX
  5
f8e
  8
Layer_0
  10
4035.6565
  20
12001.317
  0
VERTEX
  5
f8f
  8
Layer_0
  10
4039.7292
  20
12002.361
  0
VERTEX
  5
f90
  8
Layer_0
  10
4043.7637
  20
12003.556
  0
VERTEX
  5
f91
  8
Layer_0
  10
4047.7559
  20
12004.897
  0
VERTEX
  5
f92
  8
Layer_0
  10
4036.2622
  20
12032.646
  0
VERTEX
  5
f93
  8
Layer_0
  10
4046.8867
  20
12037.046
  0
VERTEX
  5
f94
  8
Layer_0
  10
4058.3804
  20
12009.298
  0
VERTEX
  5
f95
  8
Layer_0
  10
4062.1523
  20
12011.172
  0
VERTEX
  5
f96
  8
Layer_0
  10
4065.8496
  20
12013.18
  0
VERTEX
  5
f97
  8
Layer_0
  10
4069.4683
  20
12015.32
  0
VERTEX
  5
f98
  8
Layer_0
  10
4073.0054
  20
12017.592
  0
VERTEX
  5
f99
  8
Layer_0
  10
4076.457
  20
12019.99
  0
VERTEX
  5
f9a
  8
Layer_0
  10
4079.8193
  20
12022.516
  0
VERTEX
  5
f9b
  8
Layer_0
  10
4083.0898
  20
12025.162
  0
VERTEX
  5
f9c
  8
Layer_0
  10
4086.2644
  20
12027.93
  0
VERTEX
  5
f9d
  8
Layer_0
  10
4065.0269
  20
12049.167
  0
VERTEX
  5
f9e
  8
Layer_0
  10
4073.1587
  20
12057.299
  0
VERTEX
  5
f9f
  8
Layer_0
  10
4094.396
  20
12036.062
  0
VERTEX
  5
fa0
  8
Layer_0
  10
4097.1641
  20
12039.236
  0
VERTEX
  5
fa1
  8
Layer_0
  10
4099.811
  20
12042.506
  0
VERTEX
  5
fa2
  8
Layer_0
  10
4102.335
  20
12045.868
  0
VERTEX
  5
fa3
  8
Layer_0
  10
4104.7334
  20
12049.32
  0
VERTEX
  5
fa4
  8
Layer_0
  10
4107.0049
  20
12052.857
  0
VERTEX
  5
fa5
  8
Layer_0
  10
4109.1455
  20
12056.477
  0
VERTEX
  5
fa6
  8
Layer_0
  10
4111.1538
  20
12060.173
  0
VERTEX
  5
fa7
  8
Layer_0
  10
4113.0273
  20
12063.945
  0
VERTEX
  5
fa8
  8
Layer_0
  10
4085.2795
  20
12075.439
  0
VERTEX
  5
fa9
  8
Layer_0
  10
4089.6804
  20
12086.063
  0
VERTEX
  5
faa
  8
Layer_0
  10
4117.4287
  20
12074.57
  0
VERTEX
  5
fab
  8
Layer_0
  10
4118.7705
  20
12078.563
  0
VERTEX
  5
fac
  8
Layer_0
  10
4119.9648
  20
12082.597
  0
VERTEX
  5
fad
  8
Layer_0
  10
4121.0098
  20
12086.669
  0
VERTEX
  5
fae
  8
Layer_0
  10
4121.9053
  20
12090.776
  0
VERTEX
  5
faf
  8
Layer_0
  10
4122.6494
  20
12094.913
  0
VERTEX
  5
fb0
  8
Layer_0
  10
4123.2427
  20
12099.076
  0
VERTEX
  5
fb1
  8
Layer_0
  10
4123.6836
  20
12103.261
  0
VERTEX
  5
fb2
  8
Layer_0
  10
4123.9707
  20
12107.462
  0
VERTEX
  5
fb3
  8
Layer_0
  10
4093.9365
  20
12107.462
  0
VERTEX
  5
fb4
  8
Layer_0
  10
4093.9365
  20
12118.962
  0
VERTEX
  5
fb5
  8
Layer_0
  10
4123.9707
  20
12118.962
  0
VERTEX
  5
fb6
  8
Layer_0
  10
4123.6836
  20
12123.163
  0
VERTEX
  5
fb7
  8
Layer_0
  10
4123.2427
  20
12127.348
  0
VERTEX
  5
fb8
  8
Layer_0
  10
4122.6494
  20
12131.51
  0
VERTEX
  5
fb9
  8
Layer_0
  10
4121.9053
  20
12135.646
  0
VERTEX
  5
fba
  8
Layer_0
  10
4121.0098
  20
12139.754
  0
VERTEX
  5
fbb
  8
Layer_0
  10
4119.9648
  20
12143.826
  0
VERTEX
  5
fbc
  8
Layer_0
  10
4118.7705
  20
12147.861
  0
VERTEX
  5
fbd
  8
Layer_0
  10
4117.4287
  20
12151.854
  0
VERTEX
  5
fbe
  8
Layer_0
  10
4089.6804
  20
12140.359
  0
VERTEX
  5
fbf
  8
Layer_0
  10
4085.2795
  20
12150.984
  0
VERTEX
  5
fc0
  8
Layer_0
  10
4113.0273
  20
12162.478
  0
VERTEX
  5
fc1
  8
Layer_0
  10
4111.1538
  20
12166.249
  0
VERTEX
  5
fc2
  8
Layer_0
  10
4109.1455
  20
12169.945
  0
VERTEX
  5
fc3
  8
Layer_0
  10
4107.0049
  20
12173.564
  0
VERTEX
  5
fc4
  8
Layer_0
  10
4104.7334
  20
12177.102
  0
VERTEX
  5
fc5
  8
Layer_0
  10
4102.335
  20
12180.554
  0
VERTEX
  5
fc6
  8
Layer_0
  10
4099.811
  20
12183.916
  0
VERTEX
  5
fc7
  8
Layer_0
  10
4097.1641
  20
12187.188
  0
VERTEX
  5
fc8
  8
Layer_0
  10
4094.396
  20
12190.361
  0
VERTEX
  5
fc9
  8
Layer_0
  10
4073.1587
  20
12169.124
  0
VERTEX
  5
fca
  8
Layer_0
  10
4065.0269
  20
12177.256
  0
VERTEX
  5
fcb
  8
Layer_0
  10
4086.2644
  20
12198.493
  0
VERTEX
  5
fcc
  8
Layer_0
  10
4083.0898
  20
12201.262
  0
VERTEX
  5
fcd
  8
Layer_0
  10
4079.8193
  20
12203.908
  0
VERTEX
  5
fce
  8
Layer_0
  10
4076.4565
  20
12206.434
  0
VERTEX
  5
fcf
  8
Layer_0
  10
4073.0051
  20
12208.832
  0
VERTEX
  5
fd0
  8
Layer_0
  10
4069.4683
  20
12211.104
  0
VERTEX
  5
fd1
  8
Layer_0
  10
4065.8496
  20
12213.244
  0
VERTEX
  5
fd2
  8
Layer_0
  10
4062.1523
  20
12215.252
  0
VERTEX
  5
fd3
  8
Layer_0
  10
4058.3804
  20
12217.125
  0
VERTEX
  5
fd4
  8
Layer_0
  10
4046.8867
  20
12189.377
  0
VERTEX
  5
fd5
  8
Layer_0
  10
4036.2622
  20
12193.777
  0
VERTEX
  5
fd6
  8
Layer_0
  10
4047.7556
  20
12221.525
  0
VERTEX
  5
fd7
  8
Layer_0
  10
4043.7637
  20
12222.868
  0
VERTEX
  5
fd8
  8
Layer_0
  10
4039.7292
  20
12224.063
  0
VERTEX
  5
fd9
  8
Layer_0
  10
4035.6565
  20
12225.106
  0
VERTEX
  5
fda
  8
Layer_0
  10
4031.5498
  20
12226.002
  0
VERTEX
  5
fdb
  8
Layer_0
  10
4027.4131
  20
12226.746
  0
VERTEX
  5
fdc
  8
Layer_0
  10
4023.2505
  20
12227.34
  0
VERTEX
  5
fdd
  8
Layer_0
  10
4019.0662
  20
12227.781
  0
VERTEX
  5
fde
  8
Layer_0
  10
4014.8643
  20
12228.068
  0
VERTEX
  5
fdf
  8
Layer_0
  10
4014.8643
  20
12198.034
  0
VERTEX
  5
fe0
  8
Layer_0
  10
4003.3643
  20
12198.034
  0
VERTEX
  5
fe1
  8
Layer_0
  10
4003.3643
  20
12228.068
  0
VERTEX
  5
fe2
  8
Layer_0
  10
3999.1624
  20
12227.781
  0
VERTEX
  5
fe3
  8
Layer_0
  10
3994.978
  20
12227.34
  0
VERTEX
  5
fe4
  8
Layer_0
  10
3990.8154
  20
12226.746
  0
VERTEX
  5
fe5
  8
Layer_0
  10
3986.6787
  20
12226.002
  0
VERTEX
  5
fe6
  8
Layer_0
  10
3982.572
  20
12225.106
  0
VERTEX
  5
fe7
  8
Layer_0
  10
3978.4993
  20
12224.063
  0
VERTEX
  5
fe8
  8
Layer_0
  10
3974.4648
  20
12222.868
  0
VERTEX
  5
fe9
  8
Layer_0
  10
3970.4727
  20
12221.525
  0
VERTEX
  5
fea
  8
Layer_0
  10
3981.9663
  20
12193.777
  0
VERTEX
  5
feb
  8
Layer_0
  10
3971.3418
  20
12189.377
  0
VERTEX
  5
fec
  8
Layer_0
  10
3959.8481
  20
12217.125
  0
VERTEX
  5
fed
  8
Layer_0
  10
3956.0762
  20
12215.252
  0
VERTEX
  5
fee
  8
Layer_0
  10
3952.3789
  20
12213.244
  0
VERTEX
  5
fef
  8
Layer_0
  10
3948.7603
  20
12211.104
  0
VERTEX
  5
ff0
  8
Layer_0
  10
3945.2234
  20
12208.832
  0
VERTEX
  5
ff1
  8
Layer_0
  10
3941.772
  20
12206.434
  0
VERTEX
  5
ff2
  8
Layer_0
  10
3938.4092
  20
12203.908
  0
VERTEX
  5
ff3
  8
Layer_0
  10
3935.1387
  20
12201.262
  0
VERTEX
  5
ff4
  8
Layer_0
  10
3931.9641
  20
12198.493
  0
VERTEX
  5
ff5
  8
Layer_0
  10
3953.2017
  20
12177.256
  0
VERTEX
  5
ff6
  8
Layer_0
  10
3945.0698
  20
12169.124
  0
VERTEX
  5
ff7
  8
Layer_0
  10
3923.8325
  20
12190.361
  0
SEQEND
  0
POLYLINE
  5
ff9
  8
Layer_0
  62
7
  70
1
  66
1
  10
0
  20
0
  30
0
  0
VERTEX
  5
ff9
  8
Layer_0
  10
3965.3853
  20
11754.025
  0
VERTEX
  5
ffa
  8
Layer_0
  10
3961.8369
  20
11755.797
  0
VERTEX
  5
ffb
  8
Layer_0
  10
3958.3584
  20
11757.693
  0
VERTEX
  5
ffc
  8
Layer_0
  10
3954.9521
  20
11759.711
  0
VERTEX
  5
ffd
  8
Layer_0
  10
3951.6221
  20
11761.852
  0
VERTEX
  5
ffe
  8
Layer_0
  10
3948.3711
  20
11764.109
  0
VERTEX
  5
fff
  8
Layer_0
  10
3945.2026
  20
11766.483
  0
VERTEX
  5
1000
  8
Layer_0
  10
3942.1196
  20
11768.972
  0
VERTEX
  5
1001
  8
Layer_0
  10
3939.1255
  20
11771.572
  0
VERTEX
  5
1002
  8
Layer_0
  10
3956.8228
  20
11789.27
  0
VERTEX
  5
1003
  8
Layer_0
  10
3948.6909
  20
11797.4
  0
VERTEX
  5
1004
  8
Layer_0
  10
3930.9937
  20
11779.703
  0
VERTEX
  5
1005
  8
Layer_0
  10
3928.3936
  20
11782.697
  0
VERTEX
  5
1006
  8
Layer_0
  10
3925.9053
  20
11785.781
  0
VERTEX
  5
1007
  8
Layer_0
  10
3923.5313
  20
11788.949
  0
VERTEX
  5
1008
  8
Layer_0
  10
3921.2734
  20
11792.201
  0
VERTEX
  5
1009
  8
Layer_0
  10
3919.134
  20
11795.531
  0
VERTEX
  5
100a
  8
Layer_0
  10
3917.1152
  20
11798.938
  0
VERTEX
  5
100b
  8
Layer_0
  10
3915.219
  20
11802.416
  0
VERTEX
  5
100c
  8
Layer_0
  10
3913.4475
  20
11805.963
  0
VERTEX
  5
100d
  8
Layer_0
  10
3936.5701
  20
11815.541
  0
VERTEX
  5
100e
  8
Layer_0
  10
3932.1692
  20
11826.166
  0
VERTEX
  5
100f
  8
Layer_0
  10
3909.0466
  20
11816.588
  0
VERTEX
  5
1010
  8
Layer_0
  10
3907.7905
  20
11820.35
  0
VERTEX
  5
1011
  8
Layer_0
  10
3906.6714
  20
11824.15
  0
VERTEX
  5
1012
  8
Layer_0
  10
3905.6904
  20
11827.986
  0
VERTEX
  5
1013
  8
Layer_0
  10
3904.8486
  20
11831.854
  0
VERTEX
  5
1014
  8
Layer_0
  10
3904.1465
  20
11835.748
  0
VERTEX
  5
1015
  8
Layer_0
  10
3903.5845
  20
11839.668
  0
VERTEX
  5
1016
  8
Layer_0
  10
3903.1638
  20
11843.607
  0
VERTEX
  5
1017
  8
Layer_0
  10
3902.8853
  20
11847.563
  0
VERTEX
  5
1018
  8
Layer_0
  10
3927.9128
  20
11847.563
  0
VERTEX
  5
1019
  8
Layer_0
  10
3927.9128
  20
11859.063
  0
VERTEX
  5
101a
  8
Layer_0
  10
3902.8853
  20
11859.063
  0
VERTEX
  5
101b
  8
Layer_0
  10
3903.1638
  20
11863.02
  0
VERTEX
  5
101c
  8
Layer_0
  10
3903.5845
  20
11866.959
  0
VERTEX
  5
101d
  8
Layer_0
  10
3904.1465
  20
11870.879
  0
VERTEX
  5
101e
  8
Layer_0
  10
3904.8486
  20
11874.773
  0
VERTEX
  5
101f
  8
Layer_0
  10
3905.6904
  20
11878.641
  0
VERTEX
  5
1020
  8
Layer_0
  10
3906.6714
  20
11882.477
  0
VERTEX
  5
1021
  8
Layer_0
  10
3907.7905
  20
11886.277
  0
VERTEX
  5
1022
  8
Layer_0
  10
3909.0466
  20
11890.039
  0
VERTEX
  5
1023
  8
Layer_0
  10
3932.1692
  20
11880.461
  0
VERTEX
  5
1024
  8
Layer_0
  10
3936.5701
  20
11891.086
  0
VERTEX
  5
1025
  8
Layer_0
  10
3913.4475
  20
11900.664
  0
VERTEX
  5
1026
  8
Layer_0
  10
3915.219
  20
11904.212
  0
VERTEX
  5
1027
  8
Layer_0
  10
3917.1152
  20
11907.691
  0
VERTEX
  5
1028
  8
Layer_0
  10
3919.134
  20
11911.098
  0
VERTEX
  5
1029
  8
Layer_0
  10
3921.2734
  20
11914.427
  0
VERTEX
  5
102a
  8
Layer_0
  10
3923.5313
  20
11917.678
  0
VERTEX
  5
102b
  8
Layer_0
  10
3925.9053
  20
11920.846
  0
VERTEX
  5
102c
  8
Layer_0
  10
3928.3936
  20
11923.93
  0
VERTEX
  5
102d
  8
Layer_0
  10
3930.9937
  20
11926.924
  0
VERTEX
  5
102e
  8
Layer_0
  10
3948.6909
  20
11909.227
  0
VERTEX
  5
102f
  8
Layer_0
  10
3956.8228
  20
11917.357
  0
VERTEX
  5
1030
  8
Layer_0
  10
3939.1255
  20
11935.055
  0
VERTEX
  5
1031
  8
Layer_0
  10
3942.1196
  20
11937.655
  0
VERTEX
  5
1032
  8
Layer_0
  10
3945.2029
  20
11940.144
  0
VERTEX
  5
1033
  8
Layer_0
  10
3948.3713
  20
11942.518
  0
VERTEX
  5
1034
  8
Layer_0
  10
3951.6223
  20
11944.775
  0
VERTEX
  5
1035
  8
Layer_0
  10
3954.9524
  20
11946.916
  0
VERTEX
  5
1036
  8
Layer_0
  10
3958.3584
  20
11948.934
  0
VERTEX
  5
1037
  8
Layer_0
  10
3961.8369
  20
11950.83
  0
VERTEX
  5
1038
  8
Layer_0
  10
3965.3853
  20
11952.602
  0
VERTEX
  5
1039
  8
Layer_0
  10
3974.9629
  20
11929.479
  0
VERTEX
  5
103a
  8
Layer_0
  10
3985.5874
  20
11933.88
  0
VERTEX
  5
103b
  8
Layer_0
  10
3976.0098
  20
11957.002
  0
VERTEX
  5
103c
  8
Layer_0
  10
3979.7712
  20
11958.258
  0
VERTEX
  5
103d
  8
Layer_0
  10
3983.5718
  20
11959.377
  0
VERTEX
  5
103e
  8
Layer_0
  10
3987.4077
  20
11960.357
  0
VERTEX
  5
103f
  8
Layer_0
  10
3991.2751
  20
11961.199
  0
VERTEX
  5
1040
  8
Layer_0
  10
3995.1704
  20
11961.902
  0
VERTEX
  5
1041
  8
Layer_0
  10
3999.0898
  20
11962.465
  0
VERTEX
  5
1042
  8
Layer_0
  10
4003.0293
  20
11962.885
  0
VERTEX
  5
1043
  8
Layer_0
  10
4006.9854
  20
11963.164
  0
VERTEX
  5
1044
  8
Layer_0
  10
4006.9854
  20
11938.136
  0
VERTEX
  5
1045
  8
Layer_0
  10
4018.4854
  20
11938.136
  0
VERTEX
  5
1046
  8
Layer_0
  10
4018.4854
  20
11963.164
  0
VERTEX
  5
1047
  8
Layer_0
  10
4022.4414
  20
11962.885
  0
VERTEX
  5
1048
  8
Layer_0
  10
4026.3809
  20
11962.465
  0
VERTEX
  5
1049
  8
Layer_0
  10
4030.3003
  20
11961.902
  0
VERTEX
  5
104a
  8
Layer_0
  10
4034.1956
  20
11961.199
  0
VERTEX
  5
104b
  8
Layer_0
  10
4038.063
  20
11960.357
  0
VERTEX
  5
104c
  8
Layer_0
  10
4041.8989
  20
11959.377
  0
VERTEX
  5
104d
  8
Layer_0
  10
4045.6995
  20
11958.258
  0
VERTEX
  5
104e
  8
Layer_0
  10
4049.4609
  20
11957.002
  0
VERTEX
  5
104f
  8
Layer_0
  10
4039.8833
  20
11933.88
  0
VERTEX
  5
1050
  8
Layer_0
  10
4050.5078
  20
11929.479
  0
VERTEX
  5
1051
  8
Layer_0
  10
4060.0854
  20
11952.602
  0
VERTEX
  5
1052
  8
Layer_0
  10
4063.6338
  20
11950.83
  0
VERTEX
  5
1053
  8
Layer_0
  10
4067.1123
  20
11948.934
  0
VERTEX
  5
1054
  8
Layer_0
  10
4070.5183
  20
11946.916
  0
VERTEX
  5
1055
  8
Layer_0
  10
4073.8484
  20
11944.775
  0
VERTEX
  5
1056
  8
Layer_0
  10
4077.0994
  20
11942.518
  0
VERTEX
  5
1057
  8
Layer_0
  10
4080.2678
  20
11940.145
  0
VERTEX
  5
1058
  8
Layer_0
  10
4083.3511
  20
11937.656
  0
VERTEX
  5
1059
  8
Layer_0
  10
4086.3452
  20
11935.056
  0
VERTEX
  5
105a
  8
Layer_0
  10
4068.6479
  20
11917.357
  0
VERTEX
  5
105b
  8
Layer_0
  10
4076.7798
  20
11909.227
  0
VERTEX
  5
105c
  8
Layer_0
  10
4094.4771
  20
11926.924
  0
VERTEX
  5
105d
  8
Layer_0
  10
4097.0771
  20
11923.93
  0
VERTEX
  5
105e
  8
Layer_0
  10
4099.5654
  20
11920.846
  0
VERTEX
  5
105f
  8
Layer_0
  10
4101.9395
  20
11917.678
  0
VERTEX
  5
1060
  8
Layer_0
  10
4104.1973
  20
11914.427
  0
VERTEX
  5
1061
  8
Layer_0
  10
4106.3369
  20
11911.098
  0
VERTEX
  5
1062
  8
Layer_0
  10
4108.3555
  20
11907.691
  0
VERTEX
  5
1063
  8
Layer_0
  10
4110.252
  20
11904.212
  0
VERTEX
  5
1064
  8
Layer_0
  10
4112.0234
  20
11900.664
  0
VERTEX
  5
1065
  8
Layer_0
  10
4088.9006
  20
11891.086
  0
VERTEX
  5
1066
  8
Layer_0
  10
4093.3013
  20
11880.461
  0
VERTEX
  5
1067
  8
Layer_0
  10
4116.4238
  20
11890.039
  0
VERTEX
  5
1068
  8
Layer_0
  10
4117.6802
  20
11886.277
  0
VERTEX
  5
1069
  8
Layer_0
  10
4118.7993
  20
11882.477
  0
VERTEX
  5
106a
  8
Layer_0
  10
4119.7803
  20
11878.641
  0
VERTEX
  5
106b
  8
Layer_0
  10
4120.6221
  20
11874.773
  0
VERTEX
  5
106c
  8
Layer_0
  10
4121.3242
  20
11870.879
  0
VERTEX
  5
106d
  8
Layer_0
  10
4121.8862
  20
11866.959
  0
VERTEX
  5
106e
  8
Layer_0
  10
4122.3066
  20
11863.02
  0
VERTEX
  5
106f
  8
Layer_0
  10
4122.5854
  20
11859.063
  0
VERTEX
  5
1070
  8
Layer_0
  10
4097.5576
  20
11859.063
  0
VERTEX
  5
1071
  8
Layer_0
  10
4097.5576
  20
11847.563
  0
VERTEX
  5
1072
  8
Layer_0
  10
4122.5854
  20
11847.563
  0
VERTEX
  5
1073
  8
Layer_0
  10
4122.3066
  20
11843.607
  0
VERTEX
  5
1074
  8
Layer_0
  10
4121.8862
  20
11839.668
  0
VERTEX
  5
1075
  8
Layer_0
  10
4121.3242
  20
11835.748
  0
VERTEX
  5
1076
  8
Layer_0
  10
4120.6221
  20
11831.854
  0
VERTEX
  5
1077
  8
Layer_0
  10
4119.7803
  20
11827.986
  0
VERTEX
  5
1078
  8
Layer_0
  10
4118.7993
  20
11824.15
  0
VERTEX
  5
1079
  8
Layer_0
  10
4117.6802
  20
11820.35
  0
VERTEX
  5
107a
  8
Layer_0
  10
4116.4238
  20
11816.588
  0
VERTEX
  5
107b
  8
Layer_0
  10
4093.3013
  20
11826.166
  0
VERTEX
  5
107c
  8
Layer_0
  10
4088.9006
  20
11815.541
  0
VERTEX
  5
107d
  8
Layer_0
  10
4112.0234
  20
11805.963
  0
VERTEX
  5
107e
  8
Layer_0
  10
4110.252
  20
11802.416
  0
VERTEX
  5
107f
  8
Layer_0
  10
4108.3555
  20
11798.938
  0
VERTEX
  5
1080
  8
Layer_0
  10
4106.3369
  20
11795.531
  0
VERTEX
  5
1081
  8
Layer_0
  10
4104.1973
  20
11792.201
  0
VERTEX
  5
1082
  8
Layer_0
  10
4101.9395
  20
11788.949
  0
VERTEX
  5
1083
  8
Layer_0
  10
4099.5654
  20
11785.781
  0
VERTEX
  5
1084
  8
Layer_0
  10
4097.0771
  20
11782.698
  0
VERTEX
  5
1085
  8
Layer_0
  10
4094.4771
  20
11779.704
  0
VERTEX
  5
1086
  8
Layer_0
  10
4076.7798
  20
11797.4
  0
VERTEX
  5
1087
  8
Layer_0
  10
4068.6479
  20
11789.27
  0
VERTEX
  5
1088
  8
Layer_0
  10
4086.3452
  20
11771.572
  0
VERTEX
  5
1089
  8
Layer_0
  10
4083.3511
  20
11768.972
  0
VERTEX
  5
108a
  8
Layer_0
  10
4080.2678
  20
11766.483
  0
VERTEX
  5
108b
  8
Layer_0
  10
4077.0994
  20
11764.109
  0
VERTEX
  5
108c
  8
Layer_0
  10
4073.8484
  20
11761.852
  0
VERTEX
  5
108d
  8
Layer_0
  10
4070.5183
  20
11759.711
  0
VERTEX
  5
108e
  8
Layer_0
  10
4067.1123
  20
11757.693
  0
VERTEX
  5
108f
  8
Layer_0
  10
4063.6338
  20
11755.797
  0
VERTEX
  5
1090
  8
Layer_0
  10
4060.0854
  20
11754.025
  0
VERTEX
  5
1091
  8
Layer_0
  10
4050.5078
  20
11777.148
  0
VERTEX
  5
1092
  8
Layer_0
  10
4039.8833
  20
11772.747
  0
VERTEX
  5
1093
  8
Layer_0
  10
4049.4609
  20
11749.625
  0
VERTEX
  5
1094
  8
Layer_0
  10
4045.6995
  20
11748.369
  0
VERTEX
  5
1095
  8
Layer_0
  10
4041.8989
  20
11747.25
  0
VERTEX
  5
1096
  8
Layer_0
  10
4038.063
  20
11746.27
  0
VERTEX
  5
1097
  8
Layer_0
  10
4034.1956
  20
11745.428
  0
VERTEX
  5
1098
  8
Layer_0
  10
4030.3003
  20
11744.725
  0
VERTEX
  5
1099
  8
Layer_0
  10
4026.3809
  20
11744.162
  0
VERTEX
  5
109a
  8
Layer_0
  10
4022.4414
  20
11743.742
  0
VERTEX
  5
109b
  8
Layer_0
  10
4018.4854
  20
11743.463
  0
VERTEX
  5
109c
  8
Layer_0
  10
4018.4854
  20
11768.491
  0
VERTEX
  5
109d
  8
Layer_0
  10
4006.9854
  20
11768.491
  0
VERTEX
  5
109e
  8
Layer_0
  10
4006.9854
  20
11743.463
  0
VERTEX
  5
109f
  8
Layer_0
  10
4003.0293
  20
11743.742
  0
VERTEX
  5
10a0
  8
Layer_0
  10
3999.0898
  20
11744.162
  0
VERTEX
  5
10a1
  8
Layer_0
  10
3995.1704
  20
11744.725
  0
VERTEX
  5
10a2
  8
Layer_0
  10
3991.2751
  20
11745.428
  0
VERTEX
  5
10a3
  8
Layer_0
  10
3987.4077
  20
11746.27
  0
VERTEX
  5
10a4
  8
Layer_0
  10
3983.5718
  20
11747.25
  0
VERTEX
  5
10a5
  8
Layer_0
  10
3979.7712
  20
11748.369
  0
VERTEX
  5
10a6
  8
Layer_0
  10
3976.0098
  20
11749.625
  0
VERTEX
  5
10a7
  8
Layer_0
  10
3985.5874
  20
11772.747
  0
VERTEX
  5
10a8
  8
Layer_0
  10
3974.9629
  20
11777.148
  0
VERTEX
  5
10a9
  8
Layer_0
  10
3965.3853
  20
11754.025
  0
SEQEND
  0
POLYLINE
  5
10ab
  8
Layer_10
  62
12
  70
1
  66
1
  10
0
  20
0
  30
0
  0
VERTEX
  5
10ab
  8
Layer_10
  10
3111.9983
  20
11661.371
  0
VERTEX
  5
10ac
  8
Layer_10
  10
4311.998
  20
11661.371
  0
VERTEX
  5
10ad
  8
Layer_10
  10
4311.998
  20
14061.371
  0
VERTEX
  5
10ae
  8
Layer_10
  10
3111.9983
  20
14061.371
  0
VERTEX
  5
10af
  8
Layer_10
  10
3111.9983
  20
11661.371
  0
SEQEND
  0
POLYLINE
  5
10b1
  8
Layer_0
  62
7
  70
1
  66
1
  10
0
  20
0
  30
0
  0
VERTEX
  5
10b1
  8
Layer_0
  10
3908.9761
  20
12302.59
  0
VERTEX
  5
10b2
  8
Layer_0
  10
3932.0986
  20
12312.167
  0
VERTEX
  5
10b3
  8
Layer_0
  10
3927.6978
  20
12322.792
  0
VERTEX
  5
10b4
  8
Layer_0
  10
3904.5752
  20
12313.214
  0
VERTEX
  5
10b5
  8
Layer_0
  10
3903.3188
  20
12316.975
  0
VERTEX
  5
10b6
  8
Layer_0
  10
3902.1997
  20
12320.775
  0
VERTEX
  5
10b7
  8
Layer_0
  10
3901.2188
  20
12324.612
  0
VERTEX
  5
10b8
  8
Layer_0
  10
3900.377
  20
12328.48
  0
VERTEX
  5
10b9
  8
Layer_0
  10
3899.6748
  20
12332.375
  0
VERTEX
  5
10ba
  8
Layer_0
  10
3899.1128
  20
12336.295
  0
VERTEX
  5
10bb
  8
Layer_0
  10
3898.6921
  20
12340.234
  0
VERTEX
  5
10bc
  8
Layer_0
  10
3898.4136
  20
12344.189
  0
VERTEX
  5
10bd
  8
Layer_0
  10
3923.4414
  20
12344.189
  0
VERTEX
  5
10be
  8
Layer_0
  10
3923.4414
  20
12355.689
  0
VERTEX
  5
10bf
  8
Layer_0
  10
3898.4136
  20
12355.689
  0
VERTEX
  5
10c0
  8
Layer_0
  10
3898.6921
  20
12359.646
  0
VERTEX
  5
10c1
  8
Layer_0
  10
3899.1128
  20
12363.586
  0
VERTEX
  5
10c2
  8
Layer_0
  10
3899.6748
  20
12367.506
  0
VERTEX
  5
10c3
  8
Layer_0
  10
3900.377
  20
12371.4
  0
VERTEX
  5
10c4
  8
Layer_0
  10
3901.2188
  20
12375.268
  0
VERTEX
  5
10c5
  8
Layer_0
  10
3902.1997
  20
12379.104
  0
VERTEX
  5
10c6
  8
Layer_0
  10
3903.3188
  20
12382.904
  0
VERTEX
  5
10c7
  8
Layer_0
  10
3904.5752
  20
12386.665
  0
VERTEX
  5
10c8
  8
Layer_0
  10
3927.6978
  20
12377.088
  0
VERTEX
  5
10c9
  8
Layer_0
  10
3932.0986
  20
12387.712
  0
VERTEX
  5
10ca
  8
Layer_0
  10
3908.9761
  20
12397.29
  0
VERTEX
  5
10cb
  8
Layer_0
  10
3910.7473
  20
12400.838
  0
VERTEX
  5
10cc
  8
Layer_0
  10
3912.6436
  20
12404.316
  0
VERTEX
  5
10cd
  8
Layer_0
  10
3914.6624
  20
12407.723
  0
VERTEX
  5
10ce
  8
Layer_0
  10
3916.8018
  20
12411.053
  0
VERTEX
  5
10cf
  8
Layer_0
  10
3919.0596
  20
12414.303
  0
VERTEX
  5
10d0
  8
Layer_0
  10
3921.4336
  20
12417.473
  0
VERTEX
  5
10d1
  8
Layer_0
  10
3923.9219
  20
12420.556
  0
VERTEX
  5
10d2
  8
Layer_0
  10
3926.5222
  20
12423.55
  0
VERTEX
  5
10d3
  8
Layer_0
  10
3944.2195
  20
12405.853
  0
VERTEX
  5
10d4
  8
Layer_0
  10
3952.3511
  20
12413.984
  0
VERTEX
  5
10d5
  8
Layer_0
  10
3934.6538
  20
12431.682
  0
VERTEX
  5
10d6
  8
Layer_0
  10
3937.6479
  20
12434.281
  0
VERTEX
  5
10d7
  8
Layer_0
  10
3940.7312
  20
12436.77
  0
VERTEX
  5
10d8
  8
Layer_0
  10
3943.8999
  20
12439.144
  0
VERTEX
  5
10d9
  8
Layer_0
  10
3947.1509
  20
12441.401
  0
VERTEX
  5
10da
  8
Layer_0
  10
3950.481
  20
12443.541
  0
VERTEX
  5
10db
  8
Layer_0
  10
3953.8867
  20
12445.559
  0
VERTEX
  5
10dc
  8
Layer_0
  10
3957.3657
  20
12447.455
  0
VERTEX
  5
10dd
  8
Layer_0
  10
3960.9136
  20
12449.228
  0
VERTEX
  5
10de
  8
Layer_0
  10
3970.4915
  20
12426.104
  0
VERTEX
  5
10df
  8
Layer_0
  10
3981.116
  20
12430.506
  0
VERTEX
  5
10e0
  8
Layer_0
  10
3971.5383
  20
12453.628
  0
VERTEX
  5
10e1
  8
Layer_0
  10
3975.2998
  20
12454.885
  0
VERTEX
  5
10e2
  8
Layer_0
  10
3979.1003
  20
12456.004
  0
VERTEX
  5
10e3
  8
Layer_0
  10
3982.9365
  20
12456.984
  0
VERTEX
  5
10e4
  8
Layer_0
  10
3986.8037
  20
12457.826
  0
VERTEX
  5
10e5
  8
Layer_0
  10
3990.6987
  20
12458.529
  0
VERTEX
  5
10e6
  8
Layer_0
  10
3994.6182
  20
12459.092
  0
VERTEX
  5
10e7
  8
Layer_0
  10
3998.5579
  20
12459.512
  0
VERTEX
  5
10e8
  8
Layer_0
  10
4002.5137
  20
12459.79
  0
VERTEX
  5
10e9
  8
Layer_0
  10
4002.5137
  20
12434.762
  0
VERTEX
  5
10ea
  8
Layer_0
  10
4014.0137
  20
12434.762
  0
VERTEX
  5
10eb
  8
Layer_0
  10
4014.0137
  20
12459.79
  0
VERTEX
  5
10ec
  8
Layer_0
  10
4017.9697
  20
12459.512
  0
VERTEX
  5
10ed
  8
Layer_0
  10
4021.9092
  20
12459.092
  0
VERTEX
  5
10ee
  8
Layer_0
  10
4025.8286
  20
12458.529
  0
VERTEX
  5
10ef
  8
Layer_0
  10
4029.7239
  20
12457.826
  0
VERTEX
  5
10f0
  8
Layer_0
  10
4033.5913
  20
12456.984
  0
VERTEX
  5
10f1
  8
Layer_0
  10
4037.4272
  20
12456.004
  0
VERTEX
  5
10f2
  8
Layer_0
  10
4041.2278
  20
12454.885
  0
VERTEX
  5
10f3
  8
Layer_0
  10
4044.9893
  20
12453.628
  0
VERTEX
  5
10f4
  8
Layer_0
  10
4035.4116
  20
12430.506
  0
VERTEX
  5
10f5
  8
Layer_0
  10
4046.0361
  20
12426.104
  0
VERTEX
  5
10f6
  8
Layer_0
  10
4055.614
  20
12449.228
  0
VERTEX
  5
10f7
  8
Layer_0
  10
4059.1621
  20
12447.455
  0
VERTEX
  5
10f8
  8
Layer_0
  10
4062.6409
  20
12445.559
  0
VERTEX
  5
10f9
  8
Layer_0
  10
4066.0469
  20
12443.541
  0
VERTEX
  5
10fa
  8
Layer_0
  10
4069.377
  20
12441.401
  0
VERTEX
  5
10fb
  8
Layer_0
  10
4072.6279
  20
12439.144
  0
VERTEX
  5
10fc
  8
Layer_0
  10
4075.7964
  20
12436.77
  0
VERTEX
  5
10fd
  8
Layer_0
  10
4078.8794
  20
12434.281
  0
VERTEX
  5
10fe
  8
Layer_0
  10
4081.8738
  20
12431.682
  0
VERTEX
  5
10ff
  8
Layer_0
  10
4064.1765
  20
12413.984
  0
VERTEX
  5
1100
  8
Layer_0
  10
4072.3081
  20
12405.853
  0
VERTEX
  5
1101
  8
Layer_0
  10
4090.0054
  20
12423.55
  0
VERTEX
  5
1102
  8
Layer_0
  10
4092.6057
  20
12420.556
  0
VERTEX
  5
1103
  8
Layer_0
  10
4095.0938
  20
12417.473
  0
VERTEX
  5
1104
  8
Layer_0
  10
4097.4678
  20
12414.303
  0
VERTEX
  5
1105
  8
Layer_0
  10
4099.7261
  20
12411.053
  0
VERTEX
  5
1106
  8
Layer_0
  10
4101.8652
  20
12407.723
  0
VERTEX
  5
1107
  8
Layer_0
  10
4103.8843
  20
12404.316
  0
VERTEX
  5
1108
  8
Layer_0
  10
4105.7803
  20
12400.838
  0
VERTEX
  5
1109
  8
Layer_0
  10
4107.5518
  20
12397.29
  0
VERTEX
  5
110a
  8
Layer_0
  10
4084.4292
  20
12387.712
  0
VERTEX
  5
110b
  8
Layer_0
  10
4088.8301
  20
12377.088
  0
VERTEX
  5
110c
  8
Layer_0
  10
4111.9526
  20
12386.665
  0
VERTEX
  5
110d
  8
Layer_0
  10
4113.209
  20
12382.904
  0
VERTEX
  5
110e
  8
Layer_0
  10
4114.3281
  20
12379.104
  0
VERTEX
  5
110f
  8
Layer_0
  10
4115.3086
  20
12375.268
  0
VERTEX
  5
1110
  8
Layer_0
  10
4116.1504
  20
12371.4
  0
VERTEX
  5
1111
  8
Layer_0
  10
4116.853
  20
12367.506
  0
VERTEX
  5
1112
  8
Layer_0
  10
4117.4146
  20
12363.586
  0
VERTEX
  5
1113
  8
Layer_0
  10
4117.8354
  20
12359.646
  0
VERTEX
  5
1114
  8
Layer_0
  10
4118.1143
  20
12355.689
  0
VERTEX
  5
1115
  8
Layer_0
  10
4093.0862
  20
12355.689
  0
VERTEX
  5
1116
  8
Layer_0
  10
4093.0862
  20
12344.189
  0
VERTEX
  5
1117
  8
Layer_0
  10
4118.1143
  20
12344.189
  0
VERTEX
  5
1118
  8
Layer_0
  10
4117.8354
  20
12340.234
  0
VERTEX
  5
1119
  8
Layer_0
  10
4117.4146
  20
12336.295
  0
VERTEX
  5
111a
  8
Layer_0
  10
4116.853
  20
12332.375
  0
VERTEX
  5
111b
  8
Layer_0
  10
4116.1504
  20
12328.48
  0
VERTEX
  5
111c
  8
Layer_0
  10
4115.3086
  20
12324.612
  0
VERTEX
  5
111d
  8
Layer_0
  10
4114.3281
  20
12320.775
  0
VERTEX
  5
111e
  8
Layer_0
  10
4113.209
  20
12316.975
  0
VERTEX
  5
111f
  8
Layer_0
  10
4111.9526
  20
12313.214
  0
VERTEX
  5
1120
  8
Layer_0
  10
4088.8301
  20
12322.792
  0
VERTEX
  5
1121
  8
Layer_0
  10
4084.4292
  20
12312.167
  0
VERTEX
  5
1122
  8
Layer_0
  10
4107.5518
  20
12302.59
  0
VERTEX
  5
1123
  8
Layer_0
  10
4105.7803
  20
12299.042
  0
VERTEX
  5
1124
  8
Layer_0
  10
4103.8843
  20
12295.563
  0
VERTEX
  5
1125
  8
Layer_0
  10
4101.8652
  20
12292.156
  0
VERTEX
  5
1126
  8
Layer_0
  10
4099.7261
  20
12288.826
  0
VERTEX
  5
1127
  8
Layer_0
  10
4097.4678
  20
12285.576
  0
VERTEX
  5
1128
  8
Layer_0
  10
4095.0938
  20
12282.406
  0
VERTEX
  5
1129
  8
Layer_0
  10
4092.6057
  20
12279.323
  0
VERTEX
  5
112a
  8
Layer_0
  10
4090.0054
  20
12276.33
  0
VERTEX
  5
112b
  8
Layer_0
  10
4072.3081
  20
12294.027
  0
VERTEX
  5
112c
  8
Layer_0
  10
4064.1765
  20
12285.896
  0
VERTEX
  5
112d
  8
Layer_0
  10
4081.8738
  20
12268.198
  0
VERTEX
  5
112e
  8
Layer_0
  10
4078.8794
  20
12265.598
  0
VERTEX
  5
112f
  8
Layer_0
  10
4075.7964
  20
12263.109
  0
VERTEX
  5
1130
  8
Layer_0
  10
4072.6279
  20
12260.736
  0
VERTEX
  5
1131
  8
Layer_0
  10
4069.377
  20
12258.479
  0
VERTEX
  5
1132
  8
Layer_0
  10
4066.0469
  20
12256.338
  0
VERTEX
  5
1133
  8
Layer_0
  10
4062.6409
  20
12254.32
  0
VERTEX
  5
1134
  8
Layer_0
  10
4059.1621
  20
12252.424
  0
VERTEX
  5
1135
  8
Layer_0
  10
4055.614
  20
12250.651
  0
VERTEX
  5
1136
  8
Layer_0
  10
4046.0361
  20
12273.774
  0
VERTEX
  5
1137
  8
Layer_0
  10
4035.4116
  20
12269.373
  0
VERTEX
  5
1138
  8
Layer_0
  10
4044.9893
  20
12246.251
  0
VERTEX
  5
1139
  8
Layer_0
  10
4041.2278
  20
12244.994
  0
VERTEX
  5
113a
  8
Layer_0
  10
4037.4272
  20
12243.875
  0
VERTEX
  5
113b
  8
Layer_0
  10
4033.5913
  20
12242.895
  0
VERTEX
  5
113c
  8
Layer_0
  10
4029.7239
  20
12242.053
  0
VERTEX
  5
113d
  8
Layer_0
  10
4025.8286
  20
12241.352
  0
VERTEX
  5
113e
  8
Layer_0
  10
4021.9092
  20
12240.789
  0
VERTEX
  5
113f
  8
Layer_0
  10
4017.9697
  20
12240.369
  0
VERTEX
  5
1140
  8
Layer_0
  10
4014.0139
  20
12240.09
  0
VERTEX
  5
1141
  8
Layer_0
  10
4014.0137
  20
12265.117
  0
VERTEX
  5
1142
  8
Layer_0
  10
4002.5137
  20
12265.117
  0
VERTEX
  5
1143
  8
Layer_0
  10
4002.5137
  20
12240.09
  0
VERTEX
  5
1144
  8
Layer_0
  10
3998.5576
  20
12240.369
  0
VERTEX
  5
1145
  8
Layer_0
  10
3994.6182
  20
12240.789
  0
VERTEX
  5
1146
  8
Layer_0
  10
3990.6987
  20
12241.352
  0
VERTEX
  5
1147
  8
Layer_0
  10
3986.8035
  20
12242.053
  0
VERTEX
  5
1148
  8
Layer_0
  10
3982.936
  20
12242.895
  0
VERTEX
  5
1149
  8
Layer_0
  10
3979.1001
  20
12243.875
  0
VERTEX
  5
114a
  8
Layer_0
  10
3975.2996
  20
12244.994
  0
VERTEX
  5
114b
  8
Layer_0
  10
3971.5381
  20
12246.251
  0
VERTEX
  5
114c
  8
Layer_0
  10
3981.116
  20
12269.373
  0
VERTEX
  5
114d
  8
Layer_0
  10
3970.4915
  20
12273.774
  0
VERTEX
  5
114e
  8
Layer_0
  10
3960.9136
  20
12250.651
  0
VERTEX
  5
114f
  8
Layer_0
  10
3957.3652
  20
12252.424
  0
VERTEX
  5
1150
  8
Layer_0
  10
3953.8867
  20
12254.32
  0
VERTEX
  5
1151
  8
Layer_0
  10
3950.4807
  20
12256.338
  0
VERTEX
  5
1152
  8
Layer_0
  10
3947.1506
  20
12258.479
  0
VERTEX
  5
1153
  8
Layer_0
  10
3943.8997
  20
12260.736
  0
VERTEX
  5
1154
  8
Layer_0
  10
3940.7312
  20
12263.109
  0
VERTEX
  5
1155
  8
Layer_0
  10
3937.6479
  20
12265.598
  0
VERTEX
  5
1156
  8
Layer_0
  10
3934.6538
  20
12268.198
  0
VERTEX
  5
1157
  8
Layer_0
  10
3952.3511
  20
12285.896
  0
VERTEX
  5
1158
  8
Layer_0
  10
3944.2195
  20
12294.027
  0
VERTEX
  5
1159
  8
Layer_0
  10
3926.5222
  20
12276.33
  0
VERTEX
  5
115a
  8
Layer_0
  10
3923.9219
  20
12279.323
  0
VERTEX
  5
115b
  8
Layer_0
  10
3921.4336
  20
12282.406
  0
VERTEX
  5
115c
  8
Layer_0
  10
3919.0596
  20
12285.576
  0
VERTEX
  5
115d
  8
Layer_0
  10
3916.8018
  20
12288.826
  0
VERTEX
  5
115e
  8
Layer_0
  10
3914.6624
  20
12292.156
  0
VERTEX
  5
115f
  8
Layer_0
  10
3912.6436
  20
12295.563
  0
VERTEX
  5
1160
  8
Layer_0
  10
3910.7473
  20
12299.042
  0
VERTEX
  5
1161
  8
Layer_0
  10
3908.9761
  20
12302.59
  0
SEQEND
  0
POLYLINE
  5
1163
  8
Layer_10
  62
12
  70
1
  66
1
  10
0
  20
0
  30
0
  0
VERTEX
  5
1163
  8
Layer_10
  10
3504.6738
  20
14164.109
  0
VERTEX
  5
1164
  8
Layer_10
  10
3540.6372
  20
14164.109
  0
VERTEX
  5
1165
  8
Layer_10
  10
3540.6372
  20
14157.818
  0
VERTEX
  5
1166
  8
Layer_10
  10
3511.7283
  20
14157.818
  0
VERTEX
  5
1167
  8
Layer_10
  10
3511.7283
  20
14141.309
  0
VERTEX
  5
1168
  8
Layer_10
  10
3536.7463
  20
14141.309
  0
VERTEX
  5
1169
  8
Layer_10
  10
3536.7463
  20
14135.019
  0
VERTEX
  5
116a
  8
Layer_10
  10
3511.7283
  20
14135.019
  0
VERTEX
  5
116b
  8
Layer_10
  10
3511.7283
  20
14110.801
  0
VERTEX
  5
116c
  8
Layer_10
  10
3504.6738
  20
14110.801
  0
VERTEX
  5
116d
  8
Layer_10
  10
3504.6738
  20
14164.109
  0
SEQEND
  0
POLYLINE
  5
116f
  8
Layer_10
  62
12
  70
1
  66
1
  10
0
  20
0
  30
0
  0
VERTEX
  5
116f
  8
Layer_10
  10
3549.5098
  20
14164.109
  0
VERTEX
  5
1170
  8
Layer_10
  10
3556.5645
  20
14164.109
  0
VERTEX
  5
1171
  8
Layer_10
  10
3556.5645
  20
14117.092
  0
VERTEX
  5
1172
  8
Layer_10
  10
3582.8188
  20
14117.092
  0
VERTEX
  5
1173
  8
Layer_10
  10
3582.8188
  20
14110.801
  0
VERTEX
  5
1174
  8
Layer_10
  10
3549.5098
  20
14110.801
  0
VERTEX
  5
1175
  8
Layer_10
  10
3549.5098
  20
14164.109
  0
SEQEND
  0
POLYLINE
  5
1177
  8
Layer_10
  62
12
  70
1
  66
1
  10
0
  20
0
  30
0
  0
VERTEX
  5
1177
  8
Layer_10
  10
3626.2002
  20
14164.109
  0
VERTEX
  5
1178
  8
Layer_10
  10
3626.2002
  20
14133.346
  0
VERTEX
  5
1179
  8
Layer_10
  10
3626.1875
  20
14132.116
  0
VERTEX
  5
117a
  8
Layer_10
  10
3626.1487
  20
14130.938
  0
VERTEX
  5
117b
  8
Layer_10
  10
3626.084
  20
14129.811
  0
VERTEX
  5
117c
  8
Layer_10
  10
3625.9937
  20
14128.734
  0
VERTEX
  5
117d
  8
Layer_10
  10
3625.877
  20
14127.708
  0
VERTEX
  5
117e
  8
Layer_10
  10
3625.7349
  20
14126.733
  0
VERTEX
  5
117f
  8
Layer_10
  10
3625.5669
  20
14125.81
  0
VERTEX
  5
1180
  8
Layer_10
  10
3625.373
  20
14124.937
  0
VERTEX
  5
1181
  8
Layer_10
  10
3625.1533
  20
14124.114
  0
VERTEX
  5
1182
  8
Layer_10
  10
3624.9077
  20
14123.343
  0
VERTEX
  5
1183
  8
Layer_10
  10
3624.6362
  20
14122.622
  0
VERTEX
  5
1184
  8
Layer_10
  10
3624.3389
  20
14121.953
  0
VERTEX
  5
1185
  8
Layer_10
  10
3624.0156
  20
14121.334
  0
VERTEX
  5
1186
  8
Layer_10
  10
3623.6667
  20
14120.766
  0
VERTEX
  5
1187
  8
Layer_10
  10
3623.292
  20
14120.248
  0
VERTEX
  5
1188
  8
Layer_10
  10
3622.8911
  20
14119.782
  0
VERTEX
  5
1189
  8
Layer_10
  10
3621.9941
  20
14118.955
  0
VERTEX
  5
118a
  8
Layer_10
  10
3620.957
  20
14118.239
  0
VERTEX
  5
118b
  8
Layer_10
  10
3619.7803
  20
14117.633
  0
VERTEX
  5
118c
  8
Layer_10
  10
3618.4639
  20
14117.137
  0
VERTEX
  5
118d
  8
Layer_10
  10
3617.0078
  20
14116.751
  0
VERTEX
  5
118e
  8
Layer_10
  10
3615.4116
  20
14116.476
  0
VERTEX
  5
118f
  8
Layer_10
  10
3613.676
  20
14116.311
  0
VERTEX
  5
1190
  8
Layer_10
  10
3611.8003
  20
14116.255
  0
VERTEX
  5
1191
  8
Layer_10
  10
3610.686
  20
14116.283
  0
VERTEX
  5
1192
  8
Layer_10
  10
3609.6152
  20
14116.367
  0
VERTEX
  5
1193
  8
Layer_10
  10
3608.5881
  20
14116.507
  0
VERTEX
  5
1194
  8
Layer_10
  10
3607.605
  20
14116.701
  0
VERTEX
  5
1195
  8
Layer_10
  10
3606.6655
  20
14116.952
  0
VERTEX
  5
1196
  8
Layer_10
  10
3605.7698
  20
14117.258
  0
VERTEX
  5
1197
  8
Layer_10
  10
3604.9177
  20
14117.62
  0
VERTEX
  5
1198
  8
Layer_10
  10
3604.1094
  20
14118.037
  0
VERTEX
  5
1199
  8
Layer_10
  10
3603.3521
  20
14118.506
  0
VERTEX
  5
119a
  8
Layer_10
  10
3602.6526
  20
14119.021
  0
VERTEX
  5
119b
  8
Layer_10
  10
3602.0112
  20
14119.586
  0
VERTEX
  5
119c
  8
Layer_10
  10
3601.4277
  20
14120.195
  0
VERTEX
  5
119d
  8
Layer_10
  10
3600.9023
  20
14120.854
  0
VERTEX
  5
119e
  8
Layer_10
  10
3600.4346
  20
14121.559
  0
VERTEX
  5
119f
  8
Layer_10
  10
3600.0249
  20
14122.311
  0
VERTEX
  5
11a0
  8
Layer_10
  10
3599.6733
  20
14123.109
  0
VERTEX
  5
11a1
  8
Layer_10
  10
3599.3706
  20
14123.99
  0
VERTEX
  5
11a2
  8
Layer_10
  10
3599.1084
  20
14124.982
  0
VERTEX
  5
11a3
  8
Layer_10
  10
3598.8867
  20
14126.092
  0
VERTEX
  5
11a4
  8
Layer_10
  10
3598.7051
  20
14127.313
  0
VERTEX
  5
11a5
  8
Layer_10
  10
3598.564
  20
14128.65
  0
VERTEX
  5
11a6
  8
Layer_10
  10
3598.4629
  20
14130.102
  0
VERTEX
  5
11a7
  8
Layer_10
  10
3598.4023
  20
14131.666
  0
VERTEX
  5
11a8
  8
Layer_10
  10
3598.3823
  20
14133.346
  0
VERTEX
  5
11a9
  8
Layer_10
  10
3598.3823
  20
14164.109
  0
VERTEX
  5
11aa
  8
Layer_10
  10
3591.3276
  20
14164.109
  0
VERTEX
  5
11ab
  8
Layer_10
  10
3591.3276
  20
14133.309
  0
VERTEX
  5
11ac
  8
Layer_10
  10
3591.3596
  20
14131.246
  0
VERTEX
  5
11ad
  8
Layer_10
  10
3591.4551
  20
14129.296
  0
VERTEX
  5
11ae
  8
Layer_10
  10
3591.6143
  20
14127.458
  0
VERTEX
  5
11af
  8
Layer_10
  10
3591.8369
  20
14125.732
  0
VERTEX
  5
11b0
  8
Layer_10
  10
3592.1233
  20
14124.118
  0
VERTEX
  5
11b1
  8
Layer_10
  10
3592.4731
  20
14122.615
  0
VERTEX
  5
11b2
  8
Layer_10
  10
3592.8867
  20
14121.225
  0
VERTEX
  5
11b3
  8
Layer_10
  10
3593.3643
  20
14119.945
  0
VERTEX
  5
11b4
  8
Layer_10
  10
3593.916
  20
14118.759
  0
VERTEX
  5
11b5
  8
Layer_10
  10
3594.5527
  20
14117.645
  0
VERTEX
  5
11b6
  8
Layer_10
  10
3595.2749
  20
14116.602
  0
VERTEX
  5
11b7
  8
Layer_10
  10
3596.0823
  20
14115.632
  0
VERTEX
  5
11b8
  8
Layer_10
  10
3596.9749
  20
14114.734
  0
VERTEX
  5
11b9
  8
Layer_10
  10
3597.9526
  20
14113.908
  0
VERTEX
  5
11ba
  8
Layer_10
  10
3599.0156
  20
14113.154
  0
VERTEX
  5
11bb
  8
Layer_10
  10
3600.1641
  20
14112.473
  0
VERTEX
  5
11bc
  8
Layer_10
  10
3601.3975
  20
14111.868
  0
VERTEX
  5
11bd
  8
Layer_10
  10
3602.7163
  20
14111.344
  0
VERTEX
  5
11be
  8
Layer_10
  10
3604.1204
  20
14110.9
  0
VERTEX
  5
11bf
  8
Layer_10
  10
3605.6096
  20
14110.536
  0
VERTEX
  5
11c0
  8
Layer_10
  10
3607.1841
  20
14110.254
  0
VERTEX
  5
11c1
  8
Layer_10
  10
3608.8438
  20
14110.052
  0
VERTEX
  5
11c2
  8
Layer_10
  10
3610.5884
  20
14109.932
  0
VERTEX
  5
11c3
  8
Layer_10
  10
3612.4185
  20
14109.891
  0
VERTEX
  5
11c4
  8
Layer_10
  10
3614.2996
  20
14109.938
  0
VERTEX
  5
11c5
  8
Layer_10
  10
3616.0879
  20
14110.076
  0
VERTEX
  5
11c6
  8
Layer_10
  10
3617.7837
  20
14110.308
  0
VERTEX
  5
11c7
  8
Layer_10
  10
3619.3867
  20
14110.632
  0
VERTEX
  5
11c8
  8
Layer_10
  10
3620.8972
  20
14111.049
  0
VERTEX
  5
11c9
  8
Layer_10
  10
3622.3152
  20
14111.559
  0
VERTEX
  5
11ca
  8
Layer_10
  10
3623.6404
  20
14112.16
  0
VERTEX
  5
11cb
  8
Layer_10
  10
3624.873
  20
14112.855
  0
VERTEX
  5
11cc
  8
Layer_10
  10
3626.0137
  20
14113.625
  0
VERTEX
  5
11cd
  8
Layer_10
  10
3627.0627
  20
14114.447
  0
VERTEX
  5
11ce
  8
Layer_10
  10
3628.0205
  20
14115.326
  0
VERTEX
  5
11cf
  8
Layer_10
  10
3628.8867
  20
14116.26
  0
VERTEX
  5
11d0
  8
Layer_10
  10
3629.6614
  20
14117.249
  0
VERTEX
  5
11d1
  8
Layer_10
  10
3630.3445
  20
14118.293
  0
VERTEX
  5
11d2
  8
Layer_10
  10
3630.9363
  20
14119.393
  0
VERTEX
  5
11d3
  8
Layer_10
  10
3631.4365
  20
14120.546
  0
VERTEX
  5
11d4
  8
Layer_10
  10
3631.8628
  20
14121.779
  0
VERTEX
  5
11d5
  8
Layer_10
  10
3632.2322
  20
14123.115
  0
VERTEX
  5
11d6
  8
Layer_10
  10
3632.5447
  20
14124.557
  0
VERTEX
  5
11d7
  8
Layer_10
  10
3632.8003
  20
14126.1
  0
VERTEX
  5
11d8
  8
Layer_10
  10
3632.999
  20
14127.746
  0
VERTEX
  5
11d9
  8
Layer_10
  10
3633.1411
  20
14129.496
  0
VERTEX
  5
11da
  8
Layer_10
  10
3633.2266
  20
14131.352
  0
VERTEX
  5
11db
  8
Layer_10
  10
3633.2549
  20
14133.309
  0
VERTEX
  5
11dc
  8
Layer_10
  10
3633.2549
  20
14164.109
  0
VERTEX
  5
11dd
  8
Layer_10
  10
3626.2002
  20
14164.109
  0
SEQEND
  0
POLYLINE
  5
11df
  8
Layer_10
  62
12
  70
1
  66
1
  10
0
  20
0
  30
0
  0
VERTEX
  5
11df
  8
Layer_10
  10
3645.1458
  20
14164.109
  0
VERTEX
  5
11e0
  8
Layer_10
  10
3683.6909
  20
14164.109
  0
VERTEX
  5
11e1
  8
Layer_10
  10
3683.6909
  20
14157.818
  0
VERTEX
  5
11e2
  8
Layer_10
  10
3652.2002
  20
14157.818
  0
VERTEX
  5
11e3
  8
Layer_10
  10
3652.2002
  20
14141.491
  0
VERTEX
  5
11e4
  8
Layer_10
  10
3681.6909
  20
14141.491
  0
VERTEX
  5
11e5
  8
Layer_10
  10
3681.6909
  20
14135.236
  0
VERTEX
  5
11e6
  8
Layer_10
  10
3652.2002
  20
14135.236
  0
VERTEX
  5
11e7
  8
Layer_10
  10
3652.2002
  20
14117.092
  0
VERTEX
  5
11e8
  8
Layer_10
  10
3684.9272
  20
14117.092
  0
VERTEX
  5
11e9
  8
Layer_10
  10
3684.9272
  20
14110.801
  0
VERTEX
  5
11ea
  8
Layer_10
  10
3645.1458
  20
14110.801
  0
VERTEX
  5
11eb
  8
Layer_10
  10
3645.1458
  20
14164.109
  0
SEQEND
  0
POLYLINE
  5
11ed
  8
Layer_10
  62
12
  70
1
  66
1
  10
0
  20
0
  30
0
  0
VERTEX
  5
11ed
  8
Layer_10
  10
3729.3633
  20
14110.801
  0
VERTEX
  5
11ee
  8
Layer_10
  10
3736.5996
  20
14110.801
  0
VERTEX
  5
11ef
  8
Layer_10
  10
3736.5996
  20
14164.109
  0
VERTEX
  5
11f0
  8
Layer_10
  10
3729.8362
  20
14164.109
  0
VERTEX
  5
11f1
  8
Layer_10
  10
3729.8362
  20
14122.255
  0
VERTEX
  5
11f2
  8
Layer_10
  10
3701.8362
  20
14164.109
  0
VERTEX
  5
11f3
  8
Layer_10
  10
3694.5999
  20
14164.109
  0
VERTEX
  5
11f4
  8
Layer_10
  10
3694.5999
  20
14110.801
  0
VERTEX
  5
11f5
  8
Layer_10
  10
3701.3635
  20
14110.801
  0
VERTEX
  5
11f6
  8
Layer_10
  10
3701.3635
  20
14152.691
  0
VERTEX
  5
11f7
  8
Layer_10
  10
3729.3633
  20
14110.801
  0
SEQEND
  0
POLYLINE
  5
11f9
  8
Layer_10
  62
12
  70
1
  66
1
  10
0
  20
0
  30
0
  0
VERTEX
  5
11f9
  8
Layer_10
  10
3747.2905
  20
14157.818
  0
VERTEX
  5
11fa
  8
Layer_10
  10
3747.2905
  20
14164.109
  0
VERTEX
  5
11fb
  8
Layer_10
  10
3785.4722
  20
14164.109
  0
VERTEX
  5
11fc
  8
Layer_10
  10
3785.4722
  20
14157.818
  0
VERTEX
  5
11fd
  8
Layer_10
  10
3755.5449
  20
14120.836
  0
VERTEX
  5
11fe
  8
Layer_10
  10
3752.3086
  20
14117.092
  0
VERTEX
  5
11ff
  8
Layer_10
  10
3786.3447
  20
14117.092
  0
VERTEX
  5
1200
  8
Layer_10
  10
3786.3447
  20
14110.801
  0
VERTEX
  5
1201
  8
Layer_10
  10
3744.1997
  20
14110.801
  0
VERTEX
  5
1202
  8
Layer_10
  10
3744.1997
  20
14117.346
  0
VERTEX
  5
1203
  8
Layer_10
  10
3771.5085
  20
14151.491
  0
VERTEX
  5
1204
  8
Layer_10
  10
3772.9448
  20
14153.25
  0
VERTEX
  5
1205
  8
Layer_10
  10
3774.345
  20
14154.891
  0
VERTEX
  5
1206
  8
Layer_10
  10
3775.7087
  20
14156.414
  0
VERTEX
  5
1207
  8
Layer_10
  10
3777.0359
  20
14157.818
  0
VERTEX
  5
1208
  8
Layer_10
  10
3747.2905
  20
14157.818
  0
SEQEND
  0
POLYLINE
  5
120a
  8
Layer_10
  62
12
  70
1
  66
1
  10
0
  20
0
  30
0
  0
VERTEX
  5
120a
  8
Layer_10
  10
3837.9082
  20
14138.982
  0
VERTEX
  5
120b
  8
Layer_10
  10
3858.0898
  20
14110.801
  0
VERTEX
  5
120c
  8
Layer_10
  10
3849.3628
  20
14110.801
  0
VERTEX
  5
120d
  8
Layer_10
  10
3835.9446
  20
14129.818
  0
VERTEX
  5
120e
  8
Layer_10
  10
3834.7991
  20
14131.527
  0
VERTEX
  5
120f
  8
Layer_10
  10
3833.6172
  20
14133.382
  0
VERTEX
  5
1210
  8
Layer_10
  10
3833.188
  20
14132.683
  0
VERTEX
  5
1211
  8
Layer_10
  10
3832.79
  20
14132.041
  0
VERTEX
  5
1212
  8
Layer_10
  10
3832.4243
  20
14131.455
  0
VERTEX
  5
1213
  8
Layer_10
  10
3832.0903
  20
14130.928
  0
VERTEX
  5
1214
  8
Layer_10
  10
3831.7881
  20
14130.456
  0
VERTEX
  5
1215
  8
Layer_10
  10
3831.5173
  20
14130.041
  0
VERTEX
  5
1216
  8
Layer_10
  10
3831.2788
  20
14129.684
  0
VERTEX
  5
1217
  8
Layer_10
  10
3831.0718
  20
14129.382
  0
VERTEX
  5
1218
  8
Layer_10
  10
3817.6902
  20
14110.801
  0
VERTEX
  5
1219
  8
Layer_10
  10
3809.2175
  20
14110.801
  0
VERTEX
  5
121a
  8
Layer_10
  10
3829.8354
  20
14138.582
  0
VERTEX
  5
121b
  8
Layer_10
  10
3811.6538
  20
14164.109
  0
VERTEX
  5
121c
  8
Layer_10
  10
3820.0537
  20
14164.109
  0
VERTEX
  5
121d
  8
Layer_10
  10
3829.7266
  20
14150.437
  0
VERTEX
  5
121e
  8
Layer_10
  10
3830.4536
  20
14149.402
  0
VERTEX
  5
121f
  8
Layer_10
  10
3831.1265
  20
14148.432
  0
VERTEX
  5
1220
  8
Layer_10
  10
3831.7446
  20
14147.521
  0
VERTEX
  5
1221
  8
Layer_10
  10
3832.3081
  20
14146.673
  0
VERTEX
  5
1222
  8
Layer_10
  10
3832.8174
  20
14145.885
  0
VERTEX
  5
1223
  8
Layer_10
  10
3833.272
  20
14145.159
  0
VERTEX
  5
1224
  8
Layer_10
  10
3833.6719
  20
14144.494
  0
VERTEX
  5
1225
  8
Layer_10
  10
3834.0173
  20
14143.891
  0
VERTEX
  5
1226
  8
Layer_10
  10
3834.9492
  20
14145.361
  0
VERTEX
  5
1227
  8
Layer_10
  10
3835.9629
  20
14146.863
  0
VERTEX
  5
1228
  8
Layer_10
  10
3837.0581
  20
14148.397
  0
VERTEX
  5
1229
  8
Layer_10
  10
3838.2354
  20
14149.964
  0
VERTEX
  5
122a
  8
Layer_10
  10
3848.9626
  20
14164.109
  0
VERTEX
  5
122b
  8
Layer_10
  10
3856.6353
  20
14164.109
  0
VERTEX
  5
122c
  8
Layer_10
  10
3837.9082
  20
14138.982
  0
SEQEND
  0
POLYLINE
  5
122e
  8
Layer_10
  62
12
  70
1
  66
1
  10
0
  20
0
  30
0
  0
VERTEX
  5
122e
  8
Layer_10
  10
3864.0171
  20
14164.109
  0
VERTEX
  5
122f
  8
Layer_10
  10
3871.0718
  20
14164.109
  0
VERTEX
  5
1230
  8
Layer_10
  10
3871.0718
  20
14117.092
  0
VERTEX
  5
1231
  8
Layer_10
  10
3897.3262
  20
14117.092
  0
VERTEX
  5
1232
  8
Layer_10
  10
3897.3262
  20
14110.801
  0
VERTEX
  5
1233
  8
Layer_10
  10
3864.0171
  20
14110.801
  0
VERTEX
  5
1234
  8
Layer_10
  10
3864.0171
  20
14164.109
  0
SEQEND
  0
ENDSEC
  0
EOF
